[2026-04-27 00:01:39.619 +01:00] [INF] [100] Emby.Server.Implementations.Session.SessionWebSocketListener: Sending ForceKeepAlive message to 1 inactive WebSockets.
[2026-04-27 00:05:27.615 +01:00] [INF] [17] Emby.Server.Implementations.Session.SessionWebSocketListener: Sending ForceKeepAlive message to 1 inactive WebSockets.
[2026-04-27 00:09:51.617 +01:00] [INF] [41] Emby.Server.Implementations.Session.SessionWebSocketListener: Sending ForceKeepAlive message to 1 inactive WebSockets.
[2026-04-27 00:13:39.613 +01:00] [INF] [28] Emby.Server.Implementations.Session.SessionWebSocketListener: Sending ForceKeepAlive message to 1 inactive WebSockets.
[2026-04-27 00:16:09.968 +01:00] [INF] [21] Emby.Server.Implementations.IO.LibraryMonitor: "movies" ("/media_local/movies") will be refreshed.
[2026-04-27 00:16:10.008 +01:00] [INF] [33] Emby.Server.Implementations.Library.LibraryManager: Removing item, Type: "Movie", Name: "Avatar: Fire and Ash", Path: "/media_local/movies/Avatar.Fire.And.Ash.2025.2160p.AMZN.WEB-DL.DV.HDR10+.DDP5.1.Atmos.H265.MP4-BEN.THE.MEN/Avatar.Fire.And.Ash.2025.2160p.AMZN.WEB-DL.DV.HDR10+[Ben The Men].mp4", Id: d90c61dc-bc76-1a1e-af51-545aa0901f16
[2026-04-27 00:16:10.078 +01:00] [INF] [33] Emby.Server.Implementations.Library.LibraryManager: Removing item, Type: "Movie", Name: "Brief Encounter", Path: "/media_local/movies/Brief Encounter (1945) Criterion (1080p BluRay x265 HEVC 10bit AAC 1.0 Tigole)/Brief Encounter (1945) Criterion (1080p BluRay x265 10bit Tigole).mkv", Id: 0ac7bbc5-5078-66e2-4a4b-b896903a43a9
[2026-04-27 00:16:10.112 +01:00] [INF] [33] Emby.Server.Implementations.Library.LibraryManager: Removing item, Type: "Movie", Name: "The Classic", Path: "/media_local/movies/The Classic (2003) [KOREAN] [1080p] [BluRay] [5.1] [YTS.MX]/The.Classic.2003.KOREAN.1080p.BluRay.x264.AAC5.1-[YTS.MX].mp4", Id: cdfc25e5-7639-b9bc-8c32-91d16a751cde
[2026-04-27 00:16:10.141 +01:00] [INF] [33] Emby.Server.Implementations.Library.LibraryManager: Removing item, Type: "Movie", Name: "Flipped", Path: "/media_local/movies/Flipped (2010) (1080p BluRay x265 HEVC 10bit AAC 5.1 Tigole)/Flipped (2010) (1080p x265 10bit Tigole).mkv", Id: 4100f2d5-9a88-730c-6cbd-7d66d47852e6
[2026-04-27 00:16:10.186 +01:00] [INF] [21] MediaBrowser.Providers.Movies.MovieMetadataService: File changed, pruning extracted data: "/media_local/movies/A Moment to Remember (2004).mkv"
[2026-04-27 00:16:10.188 +01:00] [INF] [36] MediaBrowser.Providers.Movies.MovieMetadataService: File changed, pruning extracted data: "/media_local/movies/Love.Letter.1995.1080p.BluRay.x264.DTS-WiKi [PublicHD]/Love.Letter.1995.1080p.BluRay.x264.DTS-WiKi.mkv"
[2026-04-27 00:16:10.226 +01:00] [ERR] [14] MediaBrowser.Providers.Movies.MovieMetadataService: Error in "Probe Provider"
MediaBrowser.Common.FfmpegException: ffprobe failed - streams and format are both null.
   at MediaBrowser.MediaEncoding.Encoder.MediaEncoder.GetMediaInfoInternal(String inputPath, String primaryPath, MediaProtocol protocol, Boolean extractChapters, String probeSizeArgument, Boolean isAudio, Nullable`1 videoType, CancellationToken cancellationToken)
   at MediaBrowser.MediaEncoding.Encoder.MediaEncoder.GetMediaInfoInternal(String inputPath, String primaryPath, MediaProtocol protocol, Boolean extractChapters, String probeSizeArgument, Boolean isAudio, Nullable`1 videoType, CancellationToken cancellationToken)
   at MediaBrowser.Providers.MediaInfo.FFProbeVideoInfo.ProbeVideo[T](T item, MetadataRefreshOptions options, CancellationToken cancellationToken)
   at MediaBrowser.Providers.Manager.MetadataService`2.RunCustomProvider(ICustomMetadataProvider`1 provider, TItemType item, String logName, MetadataRefreshOptions options, RefreshResult refreshResult, CancellationToken cancellationToken)
[2026-04-27 00:16:10.443 +01:00] [ERR] [32] MediaBrowser.Providers.Movies.MovieMetadataService: Error in "Probe Provider"
MediaBrowser.Common.FfmpegException: ffprobe failed - streams and format are both null.
   at MediaBrowser.MediaEncoding.Encoder.MediaEncoder.GetMediaInfoInternal(String inputPath, String primaryPath, MediaProtocol protocol, Boolean extractChapters, String probeSizeArgument, Boolean isAudio, Nullable`1 videoType, CancellationToken cancellationToken)
   at MediaBrowser.MediaEncoding.Encoder.MediaEncoder.GetMediaInfoInternal(String inputPath, String primaryPath, MediaProtocol protocol, Boolean extractChapters, String probeSizeArgument, Boolean isAudio, Nullable`1 videoType, CancellationToken cancellationToken)
   at MediaBrowser.Providers.MediaInfo.FFProbeVideoInfo.ProbeVideo[T](T item, MetadataRefreshOptions options, CancellationToken cancellationToken)
   at MediaBrowser.Providers.Manager.MetadataService`2.RunCustomProvider(ICustomMetadataProvider`1 provider, TItemType item, String logName, MetadataRefreshOptions options, RefreshResult refreshResult, CancellationToken cancellationToken)
[2026-04-27 00:16:15.877 +01:00] [INF] [14] Emby.Server.Implementations.IO.LibraryMonitor: "movies" ("/movies") will be refreshed.
[2026-04-27 00:16:15.888 +01:00] [ERR] [35] MediaBrowser.Controller.Entities.BaseItem: Error refreshing owned items for "/movies"
System.UnauthorizedAccessException: Access to the path '/movies/._desktop.ini' is denied.
 ---> System.IO.IOException: Operation not permitted
   --- End of inner exception stack trace ---
   at System.IO.FileSystemInfo.Create(String fullPath, String fileName, Boolean asDirectory, FileStatus& fileStatus)
   at System.IO.Enumeration.FileSystemEnumerable`1.DelegateEnumerator.TransformEntry(FileSystemEntry& entry)
   at System.IO.Enumeration.FileSystemEnumerator`1.MoveNext()
   at System.Linq.Enumerable.IEnumerableSelectIterator`2.ToArray()
   at MediaBrowser.Controller.Providers.DirectoryService.GetFileSystemEntries(String path)
   at MediaBrowser.Controller.Entities.BaseItem.RefreshMetadata(MetadataRefreshOptions options, CancellationToken cancellationToken)
[2026-04-27 00:16:15.892 +01:00] [ERR] [35] MediaBrowser.Providers.Folders.FolderMetadataService: Error validating images for "/movies"
System.UnauthorizedAccessException: Access to the path '/movies/._desktop.ini' is denied.
 ---> System.IO.IOException: Operation not permitted
   --- End of inner exception stack trace ---
   at System.IO.FileSystemInfo.Create(String fullPath, String fileName, Boolean asDirectory, FileStatus& fileStatus)
   at System.IO.Enumeration.FileSystemEnumerable`1.DelegateEnumerator.TransformEntry(FileSystemEntry& entry)
   at System.IO.Enumeration.FileSystemEnumerator`1.MoveNext()
   at System.Linq.Enumerable.IEnumerableSelectIterator`2.ToArray()
   at System.Linq.Enumerable.SelectManySingleSelectorIterator`2.ToList()
   at MediaBrowser.Providers.Manager.MetadataService`2.RefreshMetadata(BaseItem item, MetadataRefreshOptions refreshOptions, CancellationToken cancellationToken)
[2026-04-27 00:16:15.895 +01:00] [ERR] [35] MediaBrowser.Controller.Entities.BaseItem: Error retrieving children
System.UnauthorizedAccessException: Access to the path '/movies/._desktop.ini' is denied.
 ---> System.IO.IOException: Operation not permitted
   --- End of inner exception stack trace ---
   at System.IO.FileSystemInfo.Create(String fullPath, String fileName, Boolean asDirectory, FileStatus& fileStatus)
   at System.IO.Enumeration.FileSystemEnumerable`1.DelegateEnumerator.TransformEntry(FileSystemEntry& entry)
   at System.IO.Enumeration.FileSystemEnumerator`1.MoveNext()
   at System.Linq.Enumerable.IEnumerableSelectIterator`2.ToArray()
   at MediaBrowser.Controller.Providers.DirectoryService.GetFileSystemEntries(String path)
   at MediaBrowser.Controller.Entities.Folder.GetNonCachedChildren(IDirectoryService directoryService)
   at MediaBrowser.Controller.Entities.Folder.ValidateChildrenInternal2(IProgress`1 progress, Boolean recursive, Boolean refreshChildMetadata, Boolean allowRemoveRoot, MetadataRefreshOptions refreshOptions, IDirectoryService directoryService, CancellationToken cancellationToken)
[2026-04-27 00:16:16.635 +01:00] [INF] [14] Jellyfin.Plugin.TMDbBoxSets.TMDbBoxSetManager: Minimum number of movies is 2, but there is/are only 1: "Avatar: Fire and Ash"
[2026-04-27 00:17:27.609 +01:00] [INF] [41] Emby.Server.Implementations.Session.SessionWebSocketListener: Sending ForceKeepAlive message to 1 inactive WebSockets.
[2026-04-27 00:20:34.254 +01:00] [INF] [47] Emby.Server.Implementations.IO.LibraryMonitor: "movies" ("/movies") will be refreshed.
[2026-04-27 00:20:34.259 +01:00] [ERR] [49] MediaBrowser.Controller.Entities.BaseItem: Error refreshing owned items for "/movies"
System.UnauthorizedAccessException: Access to the path '/movies/._desktop.ini' is denied.
 ---> System.IO.IOException: Operation not permitted
   --- End of inner exception stack trace ---
   at System.IO.FileSystemInfo.Create(String fullPath, String fileName, Boolean asDirectory, FileStatus& fileStatus)
   at System.IO.Enumeration.FileSystemEnumerable`1.DelegateEnumerator.TransformEntry(FileSystemEntry& entry)
   at System.IO.Enumeration.FileSystemEnumerator`1.MoveNext()
   at System.Linq.Enumerable.IEnumerableSelectIterator`2.ToArray()
   at MediaBrowser.Controller.Providers.DirectoryService.GetFileSystemEntries(String path)
   at MediaBrowser.Controller.Entities.BaseItem.RefreshMetadata(MetadataRefreshOptions options, CancellationToken cancellationToken)
[2026-04-27 00:20:34.261 +01:00] [ERR] [49] MediaBrowser.Providers.Folders.FolderMetadataService: Error validating images for "/movies"
System.UnauthorizedAccessException: Access to the path '/movies/._desktop.ini' is denied.
 ---> System.IO.IOException: Operation not permitted
   --- End of inner exception stack trace ---
   at System.IO.FileSystemInfo.Create(String fullPath, String fileName, Boolean asDirectory, FileStatus& fileStatus)
   at System.IO.Enumeration.FileSystemEnumerable`1.DelegateEnumerator.TransformEntry(FileSystemEntry& entry)
   at System.IO.Enumeration.FileSystemEnumerator`1.MoveNext()
   at System.Linq.Enumerable.IEnumerableSelectIterator`2.ToArray()
   at System.Linq.Enumerable.SelectManySingleSelectorIterator`2.ToList()
   at MediaBrowser.Providers.Manager.MetadataService`2.RefreshMetadata(BaseItem item, MetadataRefreshOptions refreshOptions, CancellationToken cancellationToken)
[2026-04-27 00:20:34.263 +01:00] [ERR] [49] MediaBrowser.Controller.Entities.BaseItem: Error retrieving children
System.UnauthorizedAccessException: Access to the path '/movies/._desktop.ini' is denied.
 ---> System.IO.IOException: Operation not permitted
   --- End of inner exception stack trace ---
   at System.IO.FileSystemInfo.Create(String fullPath, String fileName, Boolean asDirectory, FileStatus& fileStatus)
   at System.IO.Enumeration.FileSystemEnumerable`1.DelegateEnumerator.TransformEntry(FileSystemEntry& entry)
   at System.IO.Enumeration.FileSystemEnumerator`1.MoveNext()
   at System.Linq.Enumerable.IEnumerableSelectIterator`2.ToArray()
   at MediaBrowser.Controller.Providers.DirectoryService.GetFileSystemEntries(String path)
   at MediaBrowser.Controller.Entities.Folder.GetNonCachedChildren(IDirectoryService directoryService)
   at MediaBrowser.Controller.Entities.Folder.ValidateChildrenInternal2(IProgress`1 progress, Boolean recursive, Boolean refreshChildMetadata, Boolean allowRemoveRoot, MetadataRefreshOptions refreshOptions, IDirectoryService directoryService, CancellationToken cancellationToken)
[2026-04-27 00:20:34.905 +01:00] [INF] [49] Emby.Server.Implementations.IO.LibraryMonitor: "movies" ("/movies") will be refreshed.
[2026-04-27 00:20:34.910 +01:00] [ERR] [47] MediaBrowser.Controller.Entities.BaseItem: Error refreshing owned items for "/movies"
System.UnauthorizedAccessException: Access to the path '/movies/._desktop.ini' is denied.
 ---> System.IO.IOException: Operation not permitted
   --- End of inner exception stack trace ---
   at System.IO.FileSystemInfo.Create(String fullPath, String fileName, Boolean asDirectory, FileStatus& fileStatus)
   at System.IO.Enumeration.FileSystemEnumerable`1.DelegateEnumerator.TransformEntry(FileSystemEntry& entry)
   at System.IO.Enumeration.FileSystemEnumerator`1.MoveNext()
   at System.Linq.Enumerable.IEnumerableSelectIterator`2.ToArray()
   at MediaBrowser.Controller.Providers.DirectoryService.GetFileSystemEntries(String path)
   at MediaBrowser.Controller.Entities.BaseItem.RefreshMetadata(MetadataRefreshOptions options, CancellationToken cancellationToken)
[2026-04-27 00:20:34.911 +01:00] [ERR] [47] MediaBrowser.Providers.Folders.FolderMetadataService: Error validating images for "/movies"
System.UnauthorizedAccessException: Access to the path '/movies/._desktop.ini' is denied.
 ---> System.IO.IOException: Operation not permitted
   --- End of inner exception stack trace ---
   at System.IO.FileSystemInfo.Create(String fullPath, String fileName, Boolean asDirectory, FileStatus& fileStatus)
   at System.IO.Enumeration.FileSystemEnumerable`1.DelegateEnumerator.TransformEntry(FileSystemEntry& entry)
   at System.IO.Enumeration.FileSystemEnumerator`1.MoveNext()
   at System.Linq.Enumerable.IEnumerableSelectIterator`2.ToArray()
   at System.Linq.Enumerable.SelectManySingleSelectorIterator`2.ToList()
   at MediaBrowser.Providers.Manager.MetadataService`2.RefreshMetadata(BaseItem item, MetadataRefreshOptions refreshOptions, CancellationToken cancellationToken)
[2026-04-27 00:20:34.918 +01:00] [ERR] [47] MediaBrowser.Controller.Entities.BaseItem: Error retrieving children
System.UnauthorizedAccessException: Access to the path '/movies/._desktop.ini' is denied.
 ---> System.IO.IOException: Operation not permitted
   --- End of inner exception stack trace ---
   at System.IO.FileSystemInfo.Create(String fullPath, String fileName, Boolean asDirectory, FileStatus& fileStatus)
   at System.IO.Enumeration.FileSystemEnumerable`1.DelegateEnumerator.TransformEntry(FileSystemEntry& entry)
   at System.IO.Enumeration.FileSystemEnumerator`1.MoveNext()
   at System.Linq.Enumerable.IEnumerableSelectIterator`2.ToArray()
   at MediaBrowser.Controller.Providers.DirectoryService.GetFileSystemEntries(String path)
   at MediaBrowser.Controller.Entities.Folder.GetNonCachedChildren(IDirectoryService directoryService)
   at MediaBrowser.Controller.Entities.Folder.ValidateChildrenInternal2(IProgress`1 progress, Boolean recursive, Boolean refreshChildMetadata, Boolean allowRemoveRoot, MetadataRefreshOptions refreshOptions, IDirectoryService directoryService, CancellationToken cancellationToken)
[2026-04-27 00:20:35.216 +01:00] [INF] [47] Emby.Server.Implementations.IO.LibraryMonitor: "movies" ("/movies") will be refreshed.
[2026-04-27 00:20:35.220 +01:00] [ERR] [49] MediaBrowser.Controller.Entities.BaseItem: Error refreshing owned items for "/movies"
System.UnauthorizedAccessException: Access to the path '/movies/._desktop.ini' is denied.
 ---> System.IO.IOException: Operation not permitted
   --- End of inner exception stack trace ---
   at System.IO.FileSystemInfo.Create(String fullPath, String fileName, Boolean asDirectory, FileStatus& fileStatus)
   at System.IO.Enumeration.FileSystemEnumerable`1.DelegateEnumerator.TransformEntry(FileSystemEntry& entry)
   at System.IO.Enumeration.FileSystemEnumerator`1.MoveNext()
   at System.Linq.Enumerable.IEnumerableSelectIterator`2.ToArray()
   at MediaBrowser.Controller.Providers.DirectoryService.GetFileSystemEntries(String path)
   at MediaBrowser.Controller.Entities.BaseItem.RefreshMetadata(MetadataRefreshOptions options, CancellationToken cancellationToken)
[2026-04-27 00:20:35.222 +01:00] [ERR] [49] MediaBrowser.Providers.Folders.FolderMetadataService: Error validating images for "/movies"
System.UnauthorizedAccessException: Access to the path '/movies/._desktop.ini' is denied.
 ---> System.IO.IOException: Operation not permitted
   --- End of inner exception stack trace ---
   at System.IO.FileSystemInfo.Create(String fullPath, String fileName, Boolean asDirectory, FileStatus& fileStatus)
   at System.IO.Enumeration.FileSystemEnumerable`1.DelegateEnumerator.TransformEntry(FileSystemEntry& entry)
   at System.IO.Enumeration.FileSystemEnumerator`1.MoveNext()
   at System.Linq.Enumerable.IEnumerableSelectIterator`2.ToArray()
   at System.Linq.Enumerable.SelectManySingleSelectorIterator`2.ToList()
   at MediaBrowser.Providers.Manager.MetadataService`2.RefreshMetadata(BaseItem item, MetadataRefreshOptions refreshOptions, CancellationToken cancellationToken)
[2026-04-27 00:20:35.223 +01:00] [ERR] [49] MediaBrowser.Controller.Entities.BaseItem: Error retrieving children
System.UnauthorizedAccessException: Access to the path '/movies/._desktop.ini' is denied.
 ---> System.IO.IOException: Operation not permitted
   --- End of inner exception stack trace ---
   at System.IO.FileSystemInfo.Create(String fullPath, String fileName, Boolean asDirectory, FileStatus& fileStatus)
   at System.IO.Enumeration.FileSystemEnumerable`1.DelegateEnumerator.TransformEntry(FileSystemEntry& entry)
   at System.IO.Enumeration.FileSystemEnumerator`1.MoveNext()
   at System.Linq.Enumerable.IEnumerableSelectIterator`2.ToArray()
   at MediaBrowser.Controller.Providers.DirectoryService.GetFileSystemEntries(String path)
   at MediaBrowser.Controller.Entities.Folder.GetNonCachedChildren(IDirectoryService directoryService)
   at MediaBrowser.Controller.Entities.Folder.ValidateChildrenInternal2(IProgress`1 progress, Boolean recursive, Boolean refreshChildMetadata, Boolean allowRemoveRoot, MetadataRefreshOptions refreshOptions, IDirectoryService directoryService, CancellationToken cancellationToken)
[2026-04-27 00:20:35.593 +01:00] [INF] [47] Emby.Server.Implementations.IO.LibraryMonitor: "movies" ("/movies") will be refreshed.
[2026-04-27 00:20:35.599 +01:00] [ERR] [49] MediaBrowser.Controller.Entities.BaseItem: Error refreshing owned items for "/movies"
System.UnauthorizedAccessException: Access to the path '/movies/._desktop.ini' is denied.
 ---> System.IO.IOException: Operation not permitted
   --- End of inner exception stack trace ---
   at System.IO.FileSystemInfo.Create(String fullPath, String fileName, Boolean asDirectory, FileStatus& fileStatus)
   at System.IO.Enumeration.FileSystemEnumerable`1.DelegateEnumerator.TransformEntry(FileSystemEntry& entry)
   at System.IO.Enumeration.FileSystemEnumerator`1.MoveNext()
   at System.Linq.Enumerable.IEnumerableSelectIterator`2.ToArray()
   at MediaBrowser.Controller.Providers.DirectoryService.GetFileSystemEntries(String path)
   at MediaBrowser.Controller.Entities.BaseItem.RefreshMetadata(MetadataRefreshOptions options, CancellationToken cancellationToken)
[2026-04-27 00:20:35.600 +01:00] [ERR] [49] MediaBrowser.Providers.Folders.FolderMetadataService: Error validating images for "/movies"
System.UnauthorizedAccessException: Access to the path '/movies/._desktop.ini' is denied.
 ---> System.IO.IOException: Operation not permitted
   --- End of inner exception stack trace ---
   at System.IO.FileSystemInfo.Create(String fullPath, String fileName, Boolean asDirectory, FileStatus& fileStatus)
   at System.IO.Enumeration.FileSystemEnumerable`1.DelegateEnumerator.TransformEntry(FileSystemEntry& entry)
   at System.IO.Enumeration.FileSystemEnumerator`1.MoveNext()
   at System.Linq.Enumerable.IEnumerableSelectIterator`2.ToArray()
   at System.Linq.Enumerable.SelectManySingleSelectorIterator`2.ToList()
   at MediaBrowser.Providers.Manager.MetadataService`2.RefreshMetadata(BaseItem item, MetadataRefreshOptions refreshOptions, CancellationToken cancellationToken)
[2026-04-27 00:20:35.603 +01:00] [ERR] [49] MediaBrowser.Controller.Entities.BaseItem: Error retrieving children
System.UnauthorizedAccessException: Access to the path '/movies/._desktop.ini' is denied.
 ---> System.IO.IOException: Operation not permitted
   --- End of inner exception stack trace ---
   at System.IO.FileSystemInfo.Create(String fullPath, String fileName, Boolean asDirectory, FileStatus& fileStatus)
   at System.IO.Enumeration.FileSystemEnumerable`1.DelegateEnumerator.TransformEntry(FileSystemEntry& entry)
   at System.IO.Enumeration.FileSystemEnumerator`1.MoveNext()
   at System.Linq.Enumerable.IEnumerableSelectIterator`2.ToArray()
   at MediaBrowser.Controller.Providers.DirectoryService.GetFileSystemEntries(String path)
   at MediaBrowser.Controller.Entities.Folder.GetNonCachedChildren(IDirectoryService directoryService)
   at MediaBrowser.Controller.Entities.Folder.ValidateChildrenInternal2(IProgress`1 progress, Boolean recursive, Boolean refreshChildMetadata, Boolean allowRemoveRoot, MetadataRefreshOptions refreshOptions, IDirectoryService directoryService, CancellationToken cancellationToken)
[2026-04-27 00:20:35.916 +01:00] [INF] [47] Emby.Server.Implementations.IO.LibraryMonitor: "movies" ("/movies") will be refreshed.
[2026-04-27 00:20:35.919 +01:00] [ERR] [49] MediaBrowser.Controller.Entities.BaseItem: Error refreshing owned items for "/movies"
System.UnauthorizedAccessException: Access to the path '/movies/._desktop.ini' is denied.
 ---> System.IO.IOException: Operation not permitted
   --- End of inner exception stack trace ---
   at System.IO.FileSystemInfo.Create(String fullPath, String fileName, Boolean asDirectory, FileStatus& fileStatus)
   at System.IO.Enumeration.FileSystemEnumerable`1.DelegateEnumerator.TransformEntry(FileSystemEntry& entry)
   at System.IO.Enumeration.FileSystemEnumerator`1.MoveNext()
   at System.Linq.Enumerable.IEnumerableSelectIterator`2.ToArray()
   at MediaBrowser.Controller.Providers.DirectoryService.GetFileSystemEntries(String path)
   at MediaBrowser.Controller.Entities.BaseItem.RefreshMetadata(MetadataRefreshOptions options, CancellationToken cancellationToken)
[2026-04-27 00:20:35.921 +01:00] [ERR] [49] MediaBrowser.Providers.Folders.FolderMetadataService: Error validating images for "/movies"
System.UnauthorizedAccessException: Access to the path '/movies/._desktop.ini' is denied.
 ---> System.IO.IOException: Operation not permitted
   --- End of inner exception stack trace ---
   at System.IO.FileSystemInfo.Create(String fullPath, String fileName, Boolean asDirectory, FileStatus& fileStatus)
   at System.IO.Enumeration.FileSystemEnumerable`1.DelegateEnumerator.TransformEntry(FileSystemEntry& entry)
   at System.IO.Enumeration.FileSystemEnumerator`1.MoveNext()
   at System.Linq.Enumerable.IEnumerableSelectIterator`2.ToArray()
   at System.Linq.Enumerable.SelectManySingleSelectorIterator`2.ToList()
   at MediaBrowser.Providers.Manager.MetadataService`2.RefreshMetadata(BaseItem item, MetadataRefreshOptions refreshOptions, CancellationToken cancellationToken)
[2026-04-27 00:20:35.924 +01:00] [ERR] [49] MediaBrowser.Controller.Entities.BaseItem: Error retrieving children
System.UnauthorizedAccessException: Access to the path '/movies/._desktop.ini' is denied.
 ---> System.IO.IOException: Operation not permitted
   --- End of inner exception stack trace ---
   at System.IO.FileSystemInfo.Create(String fullPath, String fileName, Boolean asDirectory, FileStatus& fileStatus)
   at System.IO.Enumeration.FileSystemEnumerable`1.DelegateEnumerator.TransformEntry(FileSystemEntry& entry)
   at System.IO.Enumeration.FileSystemEnumerator`1.MoveNext()
   at System.Linq.Enumerable.IEnumerableSelectIterator`2.ToArray()
   at MediaBrowser.Controller.Providers.DirectoryService.GetFileSystemEntries(String path)
   at MediaBrowser.Controller.Entities.Folder.GetNonCachedChildren(IDirectoryService directoryService)
   at MediaBrowser.Controller.Entities.Folder.ValidateChildrenInternal2(IProgress`1 progress, Boolean recursive, Boolean refreshChildMetadata, Boolean allowRemoveRoot, MetadataRefreshOptions refreshOptions, IDirectoryService directoryService, CancellationToken cancellationToken)
[2026-04-27 00:20:36.233 +01:00] [INF] [47] Emby.Server.Implementations.IO.LibraryMonitor: "movies" ("/movies") will be refreshed.
[2026-04-27 00:20:36.236 +01:00] [ERR] [49] MediaBrowser.Controller.Entities.BaseItem: Error refreshing owned items for "/movies"
System.UnauthorizedAccessException: Access to the path '/movies/._desktop.ini' is denied.
 ---> System.IO.IOException: Operation not permitted
   --- End of inner exception stack trace ---
   at System.IO.FileSystemInfo.Create(String fullPath, String fileName, Boolean asDirectory, FileStatus& fileStatus)
   at System.IO.Enumeration.FileSystemEnumerable`1.DelegateEnumerator.TransformEntry(FileSystemEntry& entry)
   at System.IO.Enumeration.FileSystemEnumerator`1.MoveNext()
   at System.Linq.Enumerable.IEnumerableSelectIterator`2.ToArray()
   at MediaBrowser.Controller.Providers.DirectoryService.GetFileSystemEntries(String path)
   at MediaBrowser.Controller.Entities.BaseItem.RefreshMetadata(MetadataRefreshOptions options, CancellationToken cancellationToken)
[2026-04-27 00:20:36.240 +01:00] [ERR] [49] MediaBrowser.Providers.Folders.FolderMetadataService: Error validating images for "/movies"
System.UnauthorizedAccessException: Access to the path '/movies/._desktop.ini' is denied.
 ---> System.IO.IOException: Operation not permitted
   --- End of inner exception stack trace ---
   at System.IO.FileSystemInfo.Create(String fullPath, String fileName, Boolean asDirectory, FileStatus& fileStatus)
   at System.IO.Enumeration.FileSystemEnumerable`1.DelegateEnumerator.TransformEntry(FileSystemEntry& entry)
   at System.IO.Enumeration.FileSystemEnumerator`1.MoveNext()
   at System.Linq.Enumerable.IEnumerableSelectIterator`2.ToArray()
   at System.Linq.Enumerable.SelectManySingleSelectorIterator`2.ToList()
   at MediaBrowser.Providers.Manager.MetadataService`2.RefreshMetadata(BaseItem item, MetadataRefreshOptions refreshOptions, CancellationToken cancellationToken)
[2026-04-27 00:20:36.243 +01:00] [ERR] [49] MediaBrowser.Controller.Entities.BaseItem: Error retrieving children
System.UnauthorizedAccessException: Access to the path '/movies/._desktop.ini' is denied.
 ---> System.IO.IOException: Operation not permitted
   --- End of inner exception stack trace ---
   at System.IO.FileSystemInfo.Create(String fullPath, String fileName, Boolean asDirectory, FileStatus& fileStatus)
   at System.IO.Enumeration.FileSystemEnumerable`1.DelegateEnumerator.TransformEntry(FileSystemEntry& entry)
   at System.IO.Enumeration.FileSystemEnumerator`1.MoveNext()
   at System.Linq.Enumerable.IEnumerableSelectIterator`2.ToArray()
   at MediaBrowser.Controller.Providers.DirectoryService.GetFileSystemEntries(String path)
   at MediaBrowser.Controller.Entities.Folder.GetNonCachedChildren(IDirectoryService directoryService)
   at MediaBrowser.Controller.Entities.Folder.ValidateChildrenInternal2(IProgress`1 progress, Boolean recursive, Boolean refreshChildMetadata, Boolean allowRemoveRoot, MetadataRefreshOptions refreshOptions, IDirectoryService directoryService, CancellationToken cancellationToken)
[2026-04-27 00:20:36.588 +01:00] [INF] [47] Emby.Server.Implementations.IO.LibraryMonitor: "movies" ("/movies") will be refreshed.
[2026-04-27 00:20:36.594 +01:00] [ERR] [39] MediaBrowser.Controller.Entities.BaseItem: Error refreshing owned items for "/movies"
System.UnauthorizedAccessException: Access to the path '/movies/._desktop.ini' is denied.
 ---> System.IO.IOException: Operation not permitted
   --- End of inner exception stack trace ---
   at System.IO.FileSystemInfo.Create(String fullPath, String fileName, Boolean asDirectory, FileStatus& fileStatus)
   at System.IO.Enumeration.FileSystemEnumerable`1.DelegateEnumerator.TransformEntry(FileSystemEntry& entry)
   at System.IO.Enumeration.FileSystemEnumerator`1.MoveNext()
   at System.Linq.Enumerable.IEnumerableSelectIterator`2.ToArray()
   at MediaBrowser.Controller.Providers.DirectoryService.GetFileSystemEntries(String path)
   at MediaBrowser.Controller.Entities.BaseItem.RefreshMetadata(MetadataRefreshOptions options, CancellationToken cancellationToken)
[2026-04-27 00:20:36.596 +01:00] [ERR] [39] MediaBrowser.Providers.Folders.FolderMetadataService: Error validating images for "/movies"
System.UnauthorizedAccessException: Access to the path '/movies/._desktop.ini' is denied.
 ---> System.IO.IOException: Operation not permitted
   --- End of inner exception stack trace ---
   at System.IO.FileSystemInfo.Create(String fullPath, String fileName, Boolean asDirectory, FileStatus& fileStatus)
   at System.IO.Enumeration.FileSystemEnumerable`1.DelegateEnumerator.TransformEntry(FileSystemEntry& entry)
   at System.IO.Enumeration.FileSystemEnumerator`1.MoveNext()
   at System.Linq.Enumerable.IEnumerableSelectIterator`2.ToArray()
   at System.Linq.Enumerable.SelectManySingleSelectorIterator`2.ToList()
   at MediaBrowser.Providers.Manager.MetadataService`2.RefreshMetadata(BaseItem item, MetadataRefreshOptions refreshOptions, CancellationToken cancellationToken)
[2026-04-27 00:20:36.598 +01:00] [ERR] [39] MediaBrowser.Controller.Entities.BaseItem: Error retrieving children
System.UnauthorizedAccessException: Access to the path '/movies/._desktop.ini' is denied.
 ---> System.IO.IOException: Operation not permitted
   --- End of inner exception stack trace ---
   at System.IO.FileSystemInfo.Create(String fullPath, String fileName, Boolean asDirectory, FileStatus& fileStatus)
   at System.IO.Enumeration.FileSystemEnumerable`1.DelegateEnumerator.TransformEntry(FileSystemEntry& entry)
   at System.IO.Enumeration.FileSystemEnumerator`1.MoveNext()
   at System.Linq.Enumerable.IEnumerableSelectIterator`2.ToArray()
   at MediaBrowser.Controller.Providers.DirectoryService.GetFileSystemEntries(String path)
   at MediaBrowser.Controller.Entities.Folder.GetNonCachedChildren(IDirectoryService directoryService)
   at MediaBrowser.Controller.Entities.Folder.ValidateChildrenInternal2(IProgress`1 progress, Boolean recursive, Boolean refreshChildMetadata, Boolean allowRemoveRoot, MetadataRefreshOptions refreshOptions, IDirectoryService directoryService, CancellationToken cancellationToken)
[2026-04-27 00:20:36.942 +01:00] [INF] [47] Emby.Server.Implementations.IO.LibraryMonitor: "movies" ("/movies") will be refreshed.
[2026-04-27 00:20:36.946 +01:00] [ERR] [39] MediaBrowser.Controller.Entities.BaseItem: Error refreshing owned items for "/movies"
System.UnauthorizedAccessException: Access to the path '/movies/._desktop.ini' is denied.
 ---> System.IO.IOException: Operation not permitted
   --- End of inner exception stack trace ---
   at System.IO.FileSystemInfo.Create(String fullPath, String fileName, Boolean asDirectory, FileStatus& fileStatus)
   at System.IO.Enumeration.FileSystemEnumerable`1.DelegateEnumerator.TransformEntry(FileSystemEntry& entry)
   at System.IO.Enumeration.FileSystemEnumerator`1.MoveNext()
   at System.Linq.Enumerable.IEnumerableSelectIterator`2.ToArray()
   at MediaBrowser.Controller.Providers.DirectoryService.GetFileSystemEntries(String path)
   at MediaBrowser.Controller.Entities.BaseItem.RefreshMetadata(MetadataRefreshOptions options, CancellationToken cancellationToken)
[2026-04-27 00:20:36.948 +01:00] [ERR] [39] MediaBrowser.Providers.Folders.FolderMetadataService: Error validating images for "/movies"
System.UnauthorizedAccessException: Access to the path '/movies/._desktop.ini' is denied.
 ---> System.IO.IOException: Operation not permitted
   --- End of inner exception stack trace ---
   at System.IO.FileSystemInfo.Create(String fullPath, String fileName, Boolean asDirectory, FileStatus& fileStatus)
   at System.IO.Enumeration.FileSystemEnumerable`1.DelegateEnumerator.TransformEntry(FileSystemEntry& entry)
   at System.IO.Enumeration.FileSystemEnumerator`1.MoveNext()
   at System.Linq.Enumerable.IEnumerableSelectIterator`2.ToArray()
   at System.Linq.Enumerable.SelectManySingleSelectorIterator`2.ToList()
   at MediaBrowser.Providers.Manager.MetadataService`2.RefreshMetadata(BaseItem item, MetadataRefreshOptions refreshOptions, CancellationToken cancellationToken)
[2026-04-27 00:20:36.950 +01:00] [ERR] [39] MediaBrowser.Controller.Entities.BaseItem: Error retrieving children
System.UnauthorizedAccessException: Access to the path '/movies/._desktop.ini' is denied.
 ---> System.IO.IOException: Operation not permitted
   --- End of inner exception stack trace ---
   at System.IO.FileSystemInfo.Create(String fullPath, String fileName, Boolean asDirectory, FileStatus& fileStatus)
   at System.IO.Enumeration.FileSystemEnumerable`1.DelegateEnumerator.TransformEntry(FileSystemEntry& entry)
   at System.IO.Enumeration.FileSystemEnumerator`1.MoveNext()
   at System.Linq.Enumerable.IEnumerableSelectIterator`2.ToArray()
   at MediaBrowser.Controller.Providers.DirectoryService.GetFileSystemEntries(String path)
   at MediaBrowser.Controller.Entities.Folder.GetNonCachedChildren(IDirectoryService directoryService)
   at MediaBrowser.Controller.Entities.Folder.ValidateChildrenInternal2(IProgress`1 progress, Boolean recursive, Boolean refreshChildMetadata, Boolean allowRemoveRoot, MetadataRefreshOptions refreshOptions, IDirectoryService directoryService, CancellationToken cancellationToken)
[2026-04-27 00:20:37.277 +01:00] [INF] [47] Emby.Server.Implementations.IO.LibraryMonitor: "movies" ("/movies") will be refreshed.
[2026-04-27 00:20:37.283 +01:00] [ERR] [39] MediaBrowser.Controller.Entities.BaseItem: Error refreshing owned items for "/movies"
System.UnauthorizedAccessException: Access to the path '/movies/._desktop.ini' is denied.
 ---> System.IO.IOException: Operation not permitted
   --- End of inner exception stack trace ---
   at System.IO.FileSystemInfo.Create(String fullPath, String fileName, Boolean asDirectory, FileStatus& fileStatus)
   at System.IO.Enumeration.FileSystemEnumerable`1.DelegateEnumerator.TransformEntry(FileSystemEntry& entry)
   at System.IO.Enumeration.FileSystemEnumerator`1.MoveNext()
   at System.Linq.Enumerable.IEnumerableSelectIterator`2.ToArray()
   at MediaBrowser.Controller.Providers.DirectoryService.GetFileSystemEntries(String path)
   at MediaBrowser.Controller.Entities.BaseItem.RefreshMetadata(MetadataRefreshOptions options, CancellationToken cancellationToken)
[2026-04-27 00:20:37.285 +01:00] [ERR] [39] MediaBrowser.Providers.Folders.FolderMetadataService: Error validating images for "/movies"
System.UnauthorizedAccessException: Access to the path '/movies/._desktop.ini' is denied.
 ---> System.IO.IOException: Operation not permitted
   --- End of inner exception stack trace ---
   at System.IO.FileSystemInfo.Create(String fullPath, String fileName, Boolean asDirectory, FileStatus& fileStatus)
   at System.IO.Enumeration.FileSystemEnumerable`1.DelegateEnumerator.TransformEntry(FileSystemEntry& entry)
   at System.IO.Enumeration.FileSystemEnumerator`1.MoveNext()
   at System.Linq.Enumerable.IEnumerableSelectIterator`2.ToArray()
   at System.Linq.Enumerable.SelectManySingleSelectorIterator`2.ToList()
   at MediaBrowser.Providers.Manager.MetadataService`2.RefreshMetadata(BaseItem item, MetadataRefreshOptions refreshOptions, CancellationToken cancellationToken)
[2026-04-27 00:20:37.289 +01:00] [ERR] [39] MediaBrowser.Controller.Entities.BaseItem: Error retrieving children
System.UnauthorizedAccessException: Access to the path '/movies/._desktop.ini' is denied.
 ---> System.IO.IOException: Operation not permitted
   --- End of inner exception stack trace ---
   at System.IO.FileSystemInfo.Create(String fullPath, String fileName, Boolean asDirectory, FileStatus& fileStatus)
   at System.IO.Enumeration.FileSystemEnumerable`1.DelegateEnumerator.TransformEntry(FileSystemEntry& entry)
   at System.IO.Enumeration.FileSystemEnumerator`1.MoveNext()
   at System.Linq.Enumerable.IEnumerableSelectIterator`2.ToArray()
   at MediaBrowser.Controller.Providers.DirectoryService.GetFileSystemEntries(String path)
   at MediaBrowser.Controller.Entities.Folder.GetNonCachedChildren(IDirectoryService directoryService)
   at MediaBrowser.Controller.Entities.Folder.ValidateChildrenInternal2(IProgress`1 progress, Boolean recursive, Boolean refreshChildMetadata, Boolean allowRemoveRoot, MetadataRefreshOptions refreshOptions, IDirectoryService directoryService, CancellationToken cancellationToken)
[2026-04-27 00:20:37.637 +01:00] [INF] [39] Emby.Server.Implementations.IO.LibraryMonitor: "movies" ("/movies") will be refreshed.
[2026-04-27 00:20:37.638 +01:00] [ERR] [47] MediaBrowser.Controller.Entities.BaseItem: Error refreshing owned items for "/movies"
System.UnauthorizedAccessException: Access to the path '/movies/._desktop.ini' is denied.
 ---> System.IO.IOException: Operation not permitted
   --- End of inner exception stack trace ---
   at System.IO.FileSystemInfo.Create(String fullPath, String fileName, Boolean asDirectory, FileStatus& fileStatus)
   at System.IO.Enumeration.FileSystemEnumerable`1.DelegateEnumerator.TransformEntry(FileSystemEntry& entry)
   at System.IO.Enumeration.FileSystemEnumerator`1.MoveNext()
   at System.Linq.Enumerable.IEnumerableSelectIterator`2.ToArray()
   at MediaBrowser.Controller.Providers.DirectoryService.GetFileSystemEntries(String path)
   at MediaBrowser.Controller.Entities.BaseItem.RefreshMetadata(MetadataRefreshOptions options, CancellationToken cancellationToken)
[2026-04-27 00:20:37.640 +01:00] [ERR] [47] MediaBrowser.Providers.Folders.FolderMetadataService: Error validating images for "/movies"
System.UnauthorizedAccessException: Access to the path '/movies/._desktop.ini' is denied.
 ---> System.IO.IOException: Operation not permitted
   --- End of inner exception stack trace ---
   at System.IO.FileSystemInfo.Create(String fullPath, String fileName, Boolean asDirectory, FileStatus& fileStatus)
   at System.IO.Enumeration.FileSystemEnumerable`1.DelegateEnumerator.TransformEntry(FileSystemEntry& entry)
   at System.IO.Enumeration.FileSystemEnumerator`1.MoveNext()
   at System.Linq.Enumerable.IEnumerableSelectIterator`2.ToArray()
   at System.Linq.Enumerable.SelectManySingleSelectorIterator`2.ToList()
   at MediaBrowser.Providers.Manager.MetadataService`2.RefreshMetadata(BaseItem item, MetadataRefreshOptions refreshOptions, CancellationToken cancellationToken)
[2026-04-27 00:20:37.642 +01:00] [ERR] [47] MediaBrowser.Controller.Entities.BaseItem: Error retrieving children
System.UnauthorizedAccessException: Access to the path '/movies/._desktop.ini' is denied.
 ---> System.IO.IOException: Operation not permitted
   --- End of inner exception stack trace ---
   at System.IO.FileSystemInfo.Create(String fullPath, String fileName, Boolean asDirectory, FileStatus& fileStatus)
   at System.IO.Enumeration.FileSystemEnumerable`1.DelegateEnumerator.TransformEntry(FileSystemEntry& entry)
   at System.IO.Enumeration.FileSystemEnumerator`1.MoveNext()
   at System.Linq.Enumerable.IEnumerableSelectIterator`2.ToArray()
   at MediaBrowser.Controller.Providers.DirectoryService.GetFileSystemEntries(String path)
   at MediaBrowser.Controller.Entities.Folder.GetNonCachedChildren(IDirectoryService directoryService)
   at MediaBrowser.Controller.Entities.Folder.ValidateChildrenInternal2(IProgress`1 progress, Boolean recursive, Boolean refreshChildMetadata, Boolean allowRemoveRoot, MetadataRefreshOptions refreshOptions, IDirectoryService directoryService, CancellationToken cancellationToken)
[2026-04-27 00:20:37.970 +01:00] [INF] [39] Emby.Server.Implementations.IO.LibraryMonitor: "movies" ("/movies") will be refreshed.
[2026-04-27 00:20:37.973 +01:00] [ERR] [47] MediaBrowser.Controller.Entities.BaseItem: Error refreshing owned items for "/movies"
System.UnauthorizedAccessException: Access to the path '/movies/._desktop.ini' is denied.
 ---> System.IO.IOException: Operation not permitted
   --- End of inner exception stack trace ---
   at System.IO.FileSystemInfo.Create(String fullPath, String fileName, Boolean asDirectory, FileStatus& fileStatus)
   at System.IO.Enumeration.FileSystemEnumerable`1.DelegateEnumerator.TransformEntry(FileSystemEntry& entry)
   at System.IO.Enumeration.FileSystemEnumerator`1.MoveNext()
   at System.Linq.Enumerable.IEnumerableSelectIterator`2.ToArray()
   at MediaBrowser.Controller.Providers.DirectoryService.GetFileSystemEntries(String path)
   at MediaBrowser.Controller.Entities.BaseItem.RefreshMetadata(MetadataRefreshOptions options, CancellationToken cancellationToken)
[2026-04-27 00:20:37.975 +01:00] [ERR] [47] MediaBrowser.Providers.Folders.FolderMetadataService: Error validating images for "/movies"
System.UnauthorizedAccessException: Access to the path '/movies/._desktop.ini' is denied.
 ---> System.IO.IOException: Operation not permitted
   --- End of inner exception stack trace ---
   at System.IO.FileSystemInfo.Create(String fullPath, String fileName, Boolean asDirectory, FileStatus& fileStatus)
   at System.IO.Enumeration.FileSystemEnumerable`1.DelegateEnumerator.TransformEntry(FileSystemEntry& entry)
   at System.IO.Enumeration.FileSystemEnumerator`1.MoveNext()
   at System.Linq.Enumerable.IEnumerableSelectIterator`2.ToArray()
   at System.Linq.Enumerable.SelectManySingleSelectorIterator`2.ToList()
   at MediaBrowser.Providers.Manager.MetadataService`2.RefreshMetadata(BaseItem item, MetadataRefreshOptions refreshOptions, CancellationToken cancellationToken)
[2026-04-27 00:20:37.977 +01:00] [ERR] [47] MediaBrowser.Controller.Entities.BaseItem: Error retrieving children
System.UnauthorizedAccessException: Access to the path '/movies/._desktop.ini' is denied.
 ---> System.IO.IOException: Operation not permitted
   --- End of inner exception stack trace ---
   at System.IO.FileSystemInfo.Create(String fullPath, String fileName, Boolean asDirectory, FileStatus& fileStatus)
   at System.IO.Enumeration.FileSystemEnumerable`1.DelegateEnumerator.TransformEntry(FileSystemEntry& entry)
   at System.IO.Enumeration.FileSystemEnumerator`1.MoveNext()
   at System.Linq.Enumerable.IEnumerableSelectIterator`2.ToArray()
   at MediaBrowser.Controller.Providers.DirectoryService.GetFileSystemEntries(String path)
   at MediaBrowser.Controller.Entities.Folder.GetNonCachedChildren(IDirectoryService directoryService)
   at MediaBrowser.Controller.Entities.Folder.ValidateChildrenInternal2(IProgress`1 progress, Boolean recursive, Boolean refreshChildMetadata, Boolean allowRemoveRoot, MetadataRefreshOptions refreshOptions, IDirectoryService directoryService, CancellationToken cancellationToken)
[2026-04-27 00:20:38.331 +01:00] [INF] [39] Emby.Server.Implementations.IO.LibraryMonitor: "movies" ("/movies") will be refreshed.
[2026-04-27 00:20:38.337 +01:00] [ERR] [47] MediaBrowser.Controller.Entities.BaseItem: Error refreshing owned items for "/movies"
System.UnauthorizedAccessException: Access to the path '/movies/._desktop.ini' is denied.
 ---> System.IO.IOException: Operation not permitted
   --- End of inner exception stack trace ---
   at System.IO.FileSystemInfo.Create(String fullPath, String fileName, Boolean asDirectory, FileStatus& fileStatus)
   at System.IO.Enumeration.FileSystemEnumerable`1.DelegateEnumerator.TransformEntry(FileSystemEntry& entry)
   at System.IO.Enumeration.FileSystemEnumerator`1.MoveNext()
   at System.Linq.Enumerable.IEnumerableSelectIterator`2.ToArray()
   at MediaBrowser.Controller.Providers.DirectoryService.GetFileSystemEntries(String path)
   at MediaBrowser.Controller.Entities.BaseItem.RefreshMetadata(MetadataRefreshOptions options, CancellationToken cancellationToken)
[2026-04-27 00:20:38.338 +01:00] [ERR] [47] MediaBrowser.Providers.Folders.FolderMetadataService: Error validating images for "/movies"
System.UnauthorizedAccessException: Access to the path '/movies/._desktop.ini' is denied.
 ---> System.IO.IOException: Operation not permitted
   --- End of inner exception stack trace ---
   at System.IO.FileSystemInfo.Create(String fullPath, String fileName, Boolean asDirectory, FileStatus& fileStatus)
   at System.IO.Enumeration.FileSystemEnumerable`1.DelegateEnumerator.TransformEntry(FileSystemEntry& entry)
   at System.IO.Enumeration.FileSystemEnumerator`1.MoveNext()
   at System.Linq.Enumerable.IEnumerableSelectIterator`2.ToArray()
   at System.Linq.Enumerable.SelectManySingleSelectorIterator`2.ToList()
   at MediaBrowser.Providers.Manager.MetadataService`2.RefreshMetadata(BaseItem item, MetadataRefreshOptions refreshOptions, CancellationToken cancellationToken)
[2026-04-27 00:20:38.339 +01:00] [ERR] [47] MediaBrowser.Controller.Entities.BaseItem: Error retrieving children
System.UnauthorizedAccessException: Access to the path '/movies/._desktop.ini' is denied.
 ---> System.IO.IOException: Operation not permitted
   --- End of inner exception stack trace ---
   at System.IO.FileSystemInfo.Create(String fullPath, String fileName, Boolean asDirectory, FileStatus& fileStatus)
   at System.IO.Enumeration.FileSystemEnumerable`1.DelegateEnumerator.TransformEntry(FileSystemEntry& entry)
   at System.IO.Enumeration.FileSystemEnumerator`1.MoveNext()
   at System.Linq.Enumerable.IEnumerableSelectIterator`2.ToArray()
   at MediaBrowser.Controller.Providers.DirectoryService.GetFileSystemEntries(String path)
   at MediaBrowser.Controller.Entities.Folder.GetNonCachedChildren(IDirectoryService directoryService)
   at MediaBrowser.Controller.Entities.Folder.ValidateChildrenInternal2(IProgress`1 progress, Boolean recursive, Boolean refreshChildMetadata, Boolean allowRemoveRoot, MetadataRefreshOptions refreshOptions, IDirectoryService directoryService, CancellationToken cancellationToken)
[2026-04-27 00:20:38.700 +01:00] [INF] [47] Emby.Server.Implementations.IO.LibraryMonitor: "movies" ("/movies") will be refreshed.
[2026-04-27 00:20:38.702 +01:00] [ERR] [39] MediaBrowser.Controller.Entities.BaseItem: Error refreshing owned items for "/movies"
System.UnauthorizedAccessException: Access to the path '/movies/._desktop.ini' is denied.
 ---> System.IO.IOException: Operation not permitted
   --- End of inner exception stack trace ---
   at System.IO.FileSystemInfo.Create(String fullPath, String fileName, Boolean asDirectory, FileStatus& fileStatus)
   at System.IO.Enumeration.FileSystemEnumerable`1.DelegateEnumerator.TransformEntry(FileSystemEntry& entry)
   at System.IO.Enumeration.FileSystemEnumerator`1.MoveNext()
   at System.Linq.Enumerable.IEnumerableSelectIterator`2.ToArray()
   at MediaBrowser.Controller.Providers.DirectoryService.GetFileSystemEntries(String path)
   at MediaBrowser.Controller.Entities.BaseItem.RefreshMetadata(MetadataRefreshOptions options, CancellationToken cancellationToken)
[2026-04-27 00:20:38.704 +01:00] [ERR] [39] MediaBrowser.Providers.Folders.FolderMetadataService: Error validating images for "/movies"
System.UnauthorizedAccessException: Access to the path '/movies/._desktop.ini' is denied.
 ---> System.IO.IOException: Operation not permitted
   --- End of inner exception stack trace ---
   at System.IO.FileSystemInfo.Create(String fullPath, String fileName, Boolean asDirectory, FileStatus& fileStatus)
   at System.IO.Enumeration.FileSystemEnumerable`1.DelegateEnumerator.TransformEntry(FileSystemEntry& entry)
   at System.IO.Enumeration.FileSystemEnumerator`1.MoveNext()
   at System.Linq.Enumerable.IEnumerableSelectIterator`2.ToArray()
   at System.Linq.Enumerable.SelectManySingleSelectorIterator`2.ToList()
   at MediaBrowser.Providers.Manager.MetadataService`2.RefreshMetadata(BaseItem item, MetadataRefreshOptions refreshOptions, CancellationToken cancellationToken)
[2026-04-27 00:20:38.707 +01:00] [ERR] [39] MediaBrowser.Controller.Entities.BaseItem: Error retrieving children
System.UnauthorizedAccessException: Access to the path '/movies/._desktop.ini' is denied.
 ---> System.IO.IOException: Operation not permitted
   --- End of inner exception stack trace ---
   at System.IO.FileSystemInfo.Create(String fullPath, String fileName, Boolean asDirectory, FileStatus& fileStatus)
   at System.IO.Enumeration.FileSystemEnumerable`1.DelegateEnumerator.TransformEntry(FileSystemEntry& entry)
   at System.IO.Enumeration.FileSystemEnumerator`1.MoveNext()
   at System.Linq.Enumerable.IEnumerableSelectIterator`2.ToArray()
   at MediaBrowser.Controller.Providers.DirectoryService.GetFileSystemEntries(String path)
   at MediaBrowser.Controller.Entities.Folder.GetNonCachedChildren(IDirectoryService directoryService)
   at MediaBrowser.Controller.Entities.Folder.ValidateChildrenInternal2(IProgress`1 progress, Boolean recursive, Boolean refreshChildMetadata, Boolean allowRemoveRoot, MetadataRefreshOptions refreshOptions, IDirectoryService directoryService, CancellationToken cancellationToken)
[2026-04-27 00:20:39.058 +01:00] [INF] [47] Emby.Server.Implementations.IO.LibraryMonitor: "movies" ("/movies") will be refreshed.
[2026-04-27 00:20:39.061 +01:00] [ERR] [39] MediaBrowser.Controller.Entities.BaseItem: Error refreshing owned items for "/movies"
System.UnauthorizedAccessException: Access to the path '/movies/._desktop.ini' is denied.
 ---> System.IO.IOException: Operation not permitted
   --- End of inner exception stack trace ---
   at System.IO.FileSystemInfo.Create(String fullPath, String fileName, Boolean asDirectory, FileStatus& fileStatus)
   at System.IO.Enumeration.FileSystemEnumerable`1.DelegateEnumerator.TransformEntry(FileSystemEntry& entry)
   at System.IO.Enumeration.FileSystemEnumerator`1.MoveNext()
   at System.Linq.Enumerable.IEnumerableSelectIterator`2.ToArray()
   at MediaBrowser.Controller.Providers.DirectoryService.GetFileSystemEntries(String path)
   at MediaBrowser.Controller.Entities.BaseItem.RefreshMetadata(MetadataRefreshOptions options, CancellationToken cancellationToken)
[2026-04-27 00:20:39.063 +01:00] [ERR] [39] MediaBrowser.Providers.Folders.FolderMetadataService: Error validating images for "/movies"
System.UnauthorizedAccessException: Access to the path '/movies/._desktop.ini' is denied.
 ---> System.IO.IOException: Operation not permitted
   --- End of inner exception stack trace ---
   at System.IO.FileSystemInfo.Create(String fullPath, String fileName, Boolean asDirectory, FileStatus& fileStatus)
   at System.IO.Enumeration.FileSystemEnumerable`1.DelegateEnumerator.TransformEntry(FileSystemEntry& entry)
   at System.IO.Enumeration.FileSystemEnumerator`1.MoveNext()
   at System.Linq.Enumerable.IEnumerableSelectIterator`2.ToArray()
   at System.Linq.Enumerable.SelectManySingleSelectorIterator`2.ToList()
   at MediaBrowser.Providers.Manager.MetadataService`2.RefreshMetadata(BaseItem item, MetadataRefreshOptions refreshOptions, CancellationToken cancellationToken)
[2026-04-27 00:20:39.066 +01:00] [ERR] [39] MediaBrowser.Controller.Entities.BaseItem: Error retrieving children
System.UnauthorizedAccessException: Access to the path '/movies/._desktop.ini' is denied.
 ---> System.IO.IOException: Operation not permitted
   --- End of inner exception stack trace ---
   at System.IO.FileSystemInfo.Create(String fullPath, String fileName, Boolean asDirectory, FileStatus& fileStatus)
   at System.IO.Enumeration.FileSystemEnumerable`1.DelegateEnumerator.TransformEntry(FileSystemEntry& entry)
   at System.IO.Enumeration.FileSystemEnumerator`1.MoveNext()
   at System.Linq.Enumerable.IEnumerableSelectIterator`2.ToArray()
   at MediaBrowser.Controller.Providers.DirectoryService.GetFileSystemEntries(String path)
   at MediaBrowser.Controller.Entities.Folder.GetNonCachedChildren(IDirectoryService directoryService)
   at MediaBrowser.Controller.Entities.Folder.ValidateChildrenInternal2(IProgress`1 progress, Boolean recursive, Boolean refreshChildMetadata, Boolean allowRemoveRoot, MetadataRefreshOptions refreshOptions, IDirectoryService directoryService, CancellationToken cancellationToken)
[2026-04-27 00:20:39.506 +01:00] [INF] [47] Emby.Server.Implementations.IO.LibraryMonitor: "movies" ("/movies") will be refreshed.
[2026-04-27 00:20:39.508 +01:00] [ERR] [39] MediaBrowser.Controller.Entities.BaseItem: Error refreshing owned items for "/movies"
System.UnauthorizedAccessException: Access to the path '/movies/._desktop.ini' is denied.
 ---> System.IO.IOException: Operation not permitted
   --- End of inner exception stack trace ---
   at System.IO.FileSystemInfo.Create(String fullPath, String fileName, Boolean asDirectory, FileStatus& fileStatus)
   at System.IO.Enumeration.FileSystemEnumerable`1.DelegateEnumerator.TransformEntry(FileSystemEntry& entry)
   at System.IO.Enumeration.FileSystemEnumerator`1.MoveNext()
   at System.Linq.Enumerable.IEnumerableSelectIterator`2.ToArray()
   at MediaBrowser.Controller.Providers.DirectoryService.GetFileSystemEntries(String path)
   at MediaBrowser.Controller.Entities.BaseItem.RefreshMetadata(MetadataRefreshOptions options, CancellationToken cancellationToken)
[2026-04-27 00:20:39.510 +01:00] [ERR] [39] MediaBrowser.Providers.Folders.FolderMetadataService: Error validating images for "/movies"
System.UnauthorizedAccessException: Access to the path '/movies/._desktop.ini' is denied.
 ---> System.IO.IOException: Operation not permitted
   --- End of inner exception stack trace ---
   at System.IO.FileSystemInfo.Create(String fullPath, String fileName, Boolean asDirectory, FileStatus& fileStatus)
   at System.IO.Enumeration.FileSystemEnumerable`1.DelegateEnumerator.TransformEntry(FileSystemEntry& entry)
   at System.IO.Enumeration.FileSystemEnumerator`1.MoveNext()
   at System.Linq.Enumerable.IEnumerableSelectIterator`2.ToArray()
   at System.Linq.Enumerable.SelectManySingleSelectorIterator`2.ToList()
   at MediaBrowser.Providers.Manager.MetadataService`2.RefreshMetadata(BaseItem item, MetadataRefreshOptions refreshOptions, CancellationToken cancellationToken)
[2026-04-27 00:20:39.513 +01:00] [ERR] [39] MediaBrowser.Controller.Entities.BaseItem: Error retrieving children
System.UnauthorizedAccessException: Access to the path '/movies/._desktop.ini' is denied.
 ---> System.IO.IOException: Operation not permitted
   --- End of inner exception stack trace ---
   at System.IO.FileSystemInfo.Create(String fullPath, String fileName, Boolean asDirectory, FileStatus& fileStatus)
   at System.IO.Enumeration.FileSystemEnumerable`1.DelegateEnumerator.TransformEntry(FileSystemEntry& entry)
   at System.IO.Enumeration.FileSystemEnumerator`1.MoveNext()
   at System.Linq.Enumerable.IEnumerableSelectIterator`2.ToArray()
   at MediaBrowser.Controller.Providers.DirectoryService.GetFileSystemEntries(String path)
   at MediaBrowser.Controller.Entities.Folder.GetNonCachedChildren(IDirectoryService directoryService)
   at MediaBrowser.Controller.Entities.Folder.ValidateChildrenInternal2(IProgress`1 progress, Boolean recursive, Boolean refreshChildMetadata, Boolean allowRemoveRoot, MetadataRefreshOptions refreshOptions, IDirectoryService directoryService, CancellationToken cancellationToken)
[2026-04-27 00:20:39.849 +01:00] [INF] [39] Emby.Server.Implementations.IO.LibraryMonitor: "movies" ("/movies") will be refreshed.
[2026-04-27 00:20:39.855 +01:00] [ERR] [47] MediaBrowser.Controller.Entities.BaseItem: Error refreshing owned items for "/movies"
System.UnauthorizedAccessException: Access to the path '/movies/._desktop.ini' is denied.
 ---> System.IO.IOException: Operation not permitted
   --- End of inner exception stack trace ---
   at System.IO.FileSystemInfo.Create(String fullPath, String fileName, Boolean asDirectory, FileStatus& fileStatus)
   at System.IO.Enumeration.FileSystemEnumerable`1.DelegateEnumerator.TransformEntry(FileSystemEntry& entry)
   at System.IO.Enumeration.FileSystemEnumerator`1.MoveNext()
   at System.Linq.Enumerable.IEnumerableSelectIterator`2.ToArray()
   at MediaBrowser.Controller.Providers.DirectoryService.GetFileSystemEntries(String path)
   at MediaBrowser.Controller.Entities.BaseItem.RefreshMetadata(MetadataRefreshOptions options, CancellationToken cancellationToken)
[2026-04-27 00:20:39.857 +01:00] [ERR] [47] MediaBrowser.Providers.Folders.FolderMetadataService: Error validating images for "/movies"
System.UnauthorizedAccessException: Access to the path '/movies/._desktop.ini' is denied.
 ---> System.IO.IOException: Operation not permitted
   --- End of inner exception stack trace ---
   at System.IO.FileSystemInfo.Create(String fullPath, String fileName, Boolean asDirectory, FileStatus& fileStatus)
   at System.IO.Enumeration.FileSystemEnumerable`1.DelegateEnumerator.TransformEntry(FileSystemEntry& entry)
   at System.IO.Enumeration.FileSystemEnumerator`1.MoveNext()
   at System.Linq.Enumerable.IEnumerableSelectIterator`2.ToArray()
   at System.Linq.Enumerable.SelectManySingleSelectorIterator`2.ToList()
   at MediaBrowser.Providers.Manager.MetadataService`2.RefreshMetadata(BaseItem item, MetadataRefreshOptions refreshOptions, CancellationToken cancellationToken)
[2026-04-27 00:20:39.861 +01:00] [ERR] [47] MediaBrowser.Controller.Entities.BaseItem: Error retrieving children
System.UnauthorizedAccessException: Access to the path '/movies/._desktop.ini' is denied.
 ---> System.IO.IOException: Operation not permitted
   --- End of inner exception stack trace ---
   at System.IO.FileSystemInfo.Create(String fullPath, String fileName, Boolean asDirectory, FileStatus& fileStatus)
   at System.IO.Enumeration.FileSystemEnumerable`1.DelegateEnumerator.TransformEntry(FileSystemEntry& entry)
   at System.IO.Enumeration.FileSystemEnumerator`1.MoveNext()
   at System.Linq.Enumerable.IEnumerableSelectIterator`2.ToArray()
   at MediaBrowser.Controller.Providers.DirectoryService.GetFileSystemEntries(String path)
   at MediaBrowser.Controller.Entities.Folder.GetNonCachedChildren(IDirectoryService directoryService)
   at MediaBrowser.Controller.Entities.Folder.ValidateChildrenInternal2(IProgress`1 progress, Boolean recursive, Boolean refreshChildMetadata, Boolean allowRemoveRoot, MetadataRefreshOptions refreshOptions, IDirectoryService directoryService, CancellationToken cancellationToken)
[2026-04-27 00:20:40.195 +01:00] [INF] [39] Emby.Server.Implementations.IO.LibraryMonitor: "movies" ("/movies") will be refreshed.
[2026-04-27 00:20:40.199 +01:00] [ERR] [47] MediaBrowser.Controller.Entities.BaseItem: Error refreshing owned items for "/movies"
System.UnauthorizedAccessException: Access to the path '/movies/._desktop.ini' is denied.
 ---> System.IO.IOException: Operation not permitted
   --- End of inner exception stack trace ---
   at System.IO.FileSystemInfo.Create(String fullPath, String fileName, Boolean asDirectory, FileStatus& fileStatus)
   at System.IO.Enumeration.FileSystemEnumerable`1.DelegateEnumerator.TransformEntry(FileSystemEntry& entry)
   at System.IO.Enumeration.FileSystemEnumerator`1.MoveNext()
   at System.Linq.Enumerable.IEnumerableSelectIterator`2.ToArray()
   at MediaBrowser.Controller.Providers.DirectoryService.GetFileSystemEntries(String path)
   at MediaBrowser.Controller.Entities.BaseItem.RefreshMetadata(MetadataRefreshOptions options, CancellationToken cancellationToken)
[2026-04-27 00:20:40.200 +01:00] [ERR] [47] MediaBrowser.Providers.Folders.FolderMetadataService: Error validating images for "/movies"
System.UnauthorizedAccessException: Access to the path '/movies/._desktop.ini' is denied.
 ---> System.IO.IOException: Operation not permitted
   --- End of inner exception stack trace ---
   at System.IO.FileSystemInfo.Create(String fullPath, String fileName, Boolean asDirectory, FileStatus& fileStatus)
   at System.IO.Enumeration.FileSystemEnumerable`1.DelegateEnumerator.TransformEntry(FileSystemEntry& entry)
   at System.IO.Enumeration.FileSystemEnumerator`1.MoveNext()
   at System.Linq.Enumerable.IEnumerableSelectIterator`2.ToArray()
   at System.Linq.Enumerable.SelectManySingleSelectorIterator`2.ToList()
   at MediaBrowser.Providers.Manager.MetadataService`2.RefreshMetadata(BaseItem item, MetadataRefreshOptions refreshOptions, CancellationToken cancellationToken)
[2026-04-27 00:20:40.204 +01:00] [ERR] [47] MediaBrowser.Controller.Entities.BaseItem: Error retrieving children
System.UnauthorizedAccessException: Access to the path '/movies/._desktop.ini' is denied.
 ---> System.IO.IOException: Operation not permitted
   --- End of inner exception stack trace ---
   at System.IO.FileSystemInfo.Create(String fullPath, String fileName, Boolean asDirectory, FileStatus& fileStatus)
   at System.IO.Enumeration.FileSystemEnumerable`1.DelegateEnumerator.TransformEntry(FileSystemEntry& entry)
   at System.IO.Enumeration.FileSystemEnumerator`1.MoveNext()
   at System.Linq.Enumerable.IEnumerableSelectIterator`2.ToArray()
   at MediaBrowser.Controller.Providers.DirectoryService.GetFileSystemEntries(String path)
   at MediaBrowser.Controller.Entities.Folder.GetNonCachedChildren(IDirectoryService directoryService)
   at MediaBrowser.Controller.Entities.Folder.ValidateChildrenInternal2(IProgress`1 progress, Boolean recursive, Boolean refreshChildMetadata, Boolean allowRemoveRoot, MetadataRefreshOptions refreshOptions, IDirectoryService directoryService, CancellationToken cancellationToken)
[2026-04-27 00:20:40.560 +01:00] [INF] [39] Emby.Server.Implementations.IO.LibraryMonitor: "movies" ("/movies") will be refreshed.
[2026-04-27 00:20:40.564 +01:00] [ERR] [47] MediaBrowser.Controller.Entities.BaseItem: Error refreshing owned items for "/movies"
System.UnauthorizedAccessException: Access to the path '/movies/._desktop.ini' is denied.
 ---> System.IO.IOException: Operation not permitted
   --- End of inner exception stack trace ---
   at System.IO.FileSystemInfo.Create(String fullPath, String fileName, Boolean asDirectory, FileStatus& fileStatus)
   at System.IO.Enumeration.FileSystemEnumerable`1.DelegateEnumerator.TransformEntry(FileSystemEntry& entry)
   at System.IO.Enumeration.FileSystemEnumerator`1.MoveNext()
   at System.Linq.Enumerable.IEnumerableSelectIterator`2.ToArray()
   at MediaBrowser.Controller.Providers.DirectoryService.GetFileSystemEntries(String path)
   at MediaBrowser.Controller.Entities.BaseItem.RefreshMetadata(MetadataRefreshOptions options, CancellationToken cancellationToken)
[2026-04-27 00:20:40.565 +01:00] [ERR] [47] MediaBrowser.Providers.Folders.FolderMetadataService: Error validating images for "/movies"
System.UnauthorizedAccessException: Access to the path '/movies/._desktop.ini' is denied.
 ---> System.IO.IOException: Operation not permitted
   --- End of inner exception stack trace ---
   at System.IO.FileSystemInfo.Create(String fullPath, String fileName, Boolean asDirectory, FileStatus& fileStatus)
   at System.IO.Enumeration.FileSystemEnumerable`1.DelegateEnumerator.TransformEntry(FileSystemEntry& entry)
   at System.IO.Enumeration.FileSystemEnumerator`1.MoveNext()
   at System.Linq.Enumerable.IEnumerableSelectIterator`2.ToArray()
   at System.Linq.Enumerable.SelectManySingleSelectorIterator`2.ToList()
   at MediaBrowser.Providers.Manager.MetadataService`2.RefreshMetadata(BaseItem item, MetadataRefreshOptions refreshOptions, CancellationToken cancellationToken)
[2026-04-27 00:20:40.567 +01:00] [ERR] [47] MediaBrowser.Controller.Entities.BaseItem: Error retrieving children
System.UnauthorizedAccessException: Access to the path '/movies/._desktop.ini' is denied.
 ---> System.IO.IOException: Operation not permitted
   --- End of inner exception stack trace ---
   at System.IO.FileSystemInfo.Create(String fullPath, String fileName, Boolean asDirectory, FileStatus& fileStatus)
   at System.IO.Enumeration.FileSystemEnumerable`1.DelegateEnumerator.TransformEntry(FileSystemEntry& entry)
   at System.IO.Enumeration.FileSystemEnumerator`1.MoveNext()
   at System.Linq.Enumerable.IEnumerableSelectIterator`2.ToArray()
   at MediaBrowser.Controller.Providers.DirectoryService.GetFileSystemEntries(String path)
   at MediaBrowser.Controller.Entities.Folder.GetNonCachedChildren(IDirectoryService directoryService)
   at MediaBrowser.Controller.Entities.Folder.ValidateChildrenInternal2(IProgress`1 progress, Boolean recursive, Boolean refreshChildMetadata, Boolean allowRemoveRoot, MetadataRefreshOptions refreshOptions, IDirectoryService directoryService, CancellationToken cancellationToken)
[2026-04-27 00:20:40.935 +01:00] [INF] [47] Emby.Server.Implementations.IO.LibraryMonitor: "movies" ("/movies") will be refreshed.
[2026-04-27 00:20:40.937 +01:00] [ERR] [39] MediaBrowser.Controller.Entities.BaseItem: Error refreshing owned items for "/movies"
System.UnauthorizedAccessException: Access to the path '/movies/._desktop.ini' is denied.
 ---> System.IO.IOException: Operation not permitted
   --- End of inner exception stack trace ---
   at System.IO.FileSystemInfo.Create(String fullPath, String fileName, Boolean asDirectory, FileStatus& fileStatus)
   at System.IO.Enumeration.FileSystemEnumerable`1.DelegateEnumerator.TransformEntry(FileSystemEntry& entry)
   at System.IO.Enumeration.FileSystemEnumerator`1.MoveNext()
   at System.Linq.Enumerable.IEnumerableSelectIterator`2.ToArray()
   at MediaBrowser.Controller.Providers.DirectoryService.GetFileSystemEntries(String path)
   at MediaBrowser.Controller.Entities.BaseItem.RefreshMetadata(MetadataRefreshOptions options, CancellationToken cancellationToken)
[2026-04-27 00:20:40.939 +01:00] [ERR] [39] MediaBrowser.Providers.Folders.FolderMetadataService: Error validating images for "/movies"
System.UnauthorizedAccessException: Access to the path '/movies/._desktop.ini' is denied.
 ---> System.IO.IOException: Operation not permitted
   --- End of inner exception stack trace ---
   at System.IO.FileSystemInfo.Create(String fullPath, String fileName, Boolean asDirectory, FileStatus& fileStatus)
   at System.IO.Enumeration.FileSystemEnumerable`1.DelegateEnumerator.TransformEntry(FileSystemEntry& entry)
   at System.IO.Enumeration.FileSystemEnumerator`1.MoveNext()
   at System.Linq.Enumerable.IEnumerableSelectIterator`2.ToArray()
   at System.Linq.Enumerable.SelectManySingleSelectorIterator`2.ToList()
   at MediaBrowser.Providers.Manager.MetadataService`2.RefreshMetadata(BaseItem item, MetadataRefreshOptions refreshOptions, CancellationToken cancellationToken)
[2026-04-27 00:20:40.941 +01:00] [ERR] [39] MediaBrowser.Controller.Entities.BaseItem: Error retrieving children
System.UnauthorizedAccessException: Access to the path '/movies/._desktop.ini' is denied.
 ---> System.IO.IOException: Operation not permitted
   --- End of inner exception stack trace ---
   at System.IO.FileSystemInfo.Create(String fullPath, String fileName, Boolean asDirectory, FileStatus& fileStatus)
   at System.IO.Enumeration.FileSystemEnumerable`1.DelegateEnumerator.TransformEntry(FileSystemEntry& entry)
   at System.IO.Enumeration.FileSystemEnumerator`1.MoveNext()
   at System.Linq.Enumerable.IEnumerableSelectIterator`2.ToArray()
   at MediaBrowser.Controller.Providers.DirectoryService.GetFileSystemEntries(String path)
   at MediaBrowser.Controller.Entities.Folder.GetNonCachedChildren(IDirectoryService directoryService)
   at MediaBrowser.Controller.Entities.Folder.ValidateChildrenInternal2(IProgress`1 progress, Boolean recursive, Boolean refreshChildMetadata, Boolean allowRemoveRoot, MetadataRefreshOptions refreshOptions, IDirectoryService directoryService, CancellationToken cancellationToken)
[2026-04-27 00:20:41.298 +01:00] [INF] [47] Emby.Server.Implementations.IO.LibraryMonitor: "movies" ("/movies") will be refreshed.
[2026-04-27 00:20:41.302 +01:00] [ERR] [39] MediaBrowser.Controller.Entities.BaseItem: Error refreshing owned items for "/movies"
System.UnauthorizedAccessException: Access to the path '/movies/._desktop.ini' is denied.
 ---> System.IO.IOException: Operation not permitted
   --- End of inner exception stack trace ---
   at System.IO.FileSystemInfo.Create(String fullPath, String fileName, Boolean asDirectory, FileStatus& fileStatus)
   at System.IO.Enumeration.FileSystemEnumerable`1.DelegateEnumerator.TransformEntry(FileSystemEntry& entry)
   at System.IO.Enumeration.FileSystemEnumerator`1.MoveNext()
   at System.Linq.Enumerable.IEnumerableSelectIterator`2.ToArray()
   at MediaBrowser.Controller.Providers.DirectoryService.GetFileSystemEntries(String path)
   at MediaBrowser.Controller.Entities.BaseItem.RefreshMetadata(MetadataRefreshOptions options, CancellationToken cancellationToken)
[2026-04-27 00:20:41.304 +01:00] [ERR] [39] MediaBrowser.Providers.Folders.FolderMetadataService: Error validating images for "/movies"
System.UnauthorizedAccessException: Access to the path '/movies/._desktop.ini' is denied.
 ---> System.IO.IOException: Operation not permitted
   --- End of inner exception stack trace ---
   at System.IO.FileSystemInfo.Create(String fullPath, String fileName, Boolean asDirectory, FileStatus& fileStatus)
   at System.IO.Enumeration.FileSystemEnumerable`1.DelegateEnumerator.TransformEntry(FileSystemEntry& entry)
   at System.IO.Enumeration.FileSystemEnumerator`1.MoveNext()
   at System.Linq.Enumerable.IEnumerableSelectIterator`2.ToArray()
   at System.Linq.Enumerable.SelectManySingleSelectorIterator`2.ToList()
   at MediaBrowser.Providers.Manager.MetadataService`2.RefreshMetadata(BaseItem item, MetadataRefreshOptions refreshOptions, CancellationToken cancellationToken)
[2026-04-27 00:20:41.307 +01:00] [ERR] [39] MediaBrowser.Controller.Entities.BaseItem: Error retrieving children
System.UnauthorizedAccessException: Access to the path '/movies/._desktop.ini' is denied.
 ---> System.IO.IOException: Operation not permitted
   --- End of inner exception stack trace ---
   at System.IO.FileSystemInfo.Create(String fullPath, String fileName, Boolean asDirectory, FileStatus& fileStatus)
   at System.IO.Enumeration.FileSystemEnumerable`1.DelegateEnumerator.TransformEntry(FileSystemEntry& entry)
   at System.IO.Enumeration.FileSystemEnumerator`1.MoveNext()
   at System.Linq.Enumerable.IEnumerableSelectIterator`2.ToArray()
   at MediaBrowser.Controller.Providers.DirectoryService.GetFileSystemEntries(String path)
   at MediaBrowser.Controller.Entities.Folder.GetNonCachedChildren(IDirectoryService directoryService)
   at MediaBrowser.Controller.Entities.Folder.ValidateChildrenInternal2(IProgress`1 progress, Boolean recursive, Boolean refreshChildMetadata, Boolean allowRemoveRoot, MetadataRefreshOptions refreshOptions, IDirectoryService directoryService, CancellationToken cancellationToken)
[2026-04-27 00:20:41.642 +01:00] [INF] [47] Emby.Server.Implementations.IO.LibraryMonitor: "movies" ("/movies") will be refreshed.
[2026-04-27 00:20:41.645 +01:00] [ERR] [39] MediaBrowser.Controller.Entities.BaseItem: Error refreshing owned items for "/movies"
System.UnauthorizedAccessException: Access to the path '/movies/._desktop.ini' is denied.
 ---> System.IO.IOException: Operation not permitted
   --- End of inner exception stack trace ---
   at System.IO.FileSystemInfo.Create(String fullPath, String fileName, Boolean asDirectory, FileStatus& fileStatus)
   at System.IO.Enumeration.FileSystemEnumerable`1.DelegateEnumerator.TransformEntry(FileSystemEntry& entry)
   at System.IO.Enumeration.FileSystemEnumerator`1.MoveNext()
   at System.Linq.Enumerable.IEnumerableSelectIterator`2.ToArray()
   at MediaBrowser.Controller.Providers.DirectoryService.GetFileSystemEntries(String path)
   at MediaBrowser.Controller.Entities.BaseItem.RefreshMetadata(MetadataRefreshOptions options, CancellationToken cancellationToken)
[2026-04-27 00:20:41.648 +01:00] [ERR] [39] MediaBrowser.Providers.Folders.FolderMetadataService: Error validating images for "/movies"
System.UnauthorizedAccessException: Access to the path '/movies/._desktop.ini' is denied.
 ---> System.IO.IOException: Operation not permitted
   --- End of inner exception stack trace ---
   at System.IO.FileSystemInfo.Create(String fullPath, String fileName, Boolean asDirectory, FileStatus& fileStatus)
   at System.IO.Enumeration.FileSystemEnumerable`1.DelegateEnumerator.TransformEntry(FileSystemEntry& entry)
   at System.IO.Enumeration.FileSystemEnumerator`1.MoveNext()
   at System.Linq.Enumerable.IEnumerableSelectIterator`2.ToArray()
   at System.Linq.Enumerable.SelectManySingleSelectorIterator`2.ToList()
   at MediaBrowser.Providers.Manager.MetadataService`2.RefreshMetadata(BaseItem item, MetadataRefreshOptions refreshOptions, CancellationToken cancellationToken)
[2026-04-27 00:20:41.652 +01:00] [ERR] [39] MediaBrowser.Controller.Entities.BaseItem: Error retrieving children
System.UnauthorizedAccessException: Access to the path '/movies/._desktop.ini' is denied.
 ---> System.IO.IOException: Operation not permitted
   --- End of inner exception stack trace ---
   at System.IO.FileSystemInfo.Create(String fullPath, String fileName, Boolean asDirectory, FileStatus& fileStatus)
   at System.IO.Enumeration.FileSystemEnumerable`1.DelegateEnumerator.TransformEntry(FileSystemEntry& entry)
   at System.IO.Enumeration.FileSystemEnumerator`1.MoveNext()
   at System.Linq.Enumerable.IEnumerableSelectIterator`2.ToArray()
   at MediaBrowser.Controller.Providers.DirectoryService.GetFileSystemEntries(String path)
   at MediaBrowser.Controller.Entities.Folder.GetNonCachedChildren(IDirectoryService directoryService)
   at MediaBrowser.Controller.Entities.Folder.ValidateChildrenInternal2(IProgress`1 progress, Boolean recursive, Boolean refreshChildMetadata, Boolean allowRemoveRoot, MetadataRefreshOptions refreshOptions, IDirectoryService directoryService, CancellationToken cancellationToken)
[2026-04-27 00:20:42.006 +01:00] [INF] [39] Emby.Server.Implementations.IO.LibraryMonitor: "movies" ("/movies") will be refreshed.
[2026-04-27 00:20:42.010 +01:00] [ERR] [47] MediaBrowser.Controller.Entities.BaseItem: Error refreshing owned items for "/movies"
System.UnauthorizedAccessException: Access to the path '/movies/._desktop.ini' is denied.
 ---> System.IO.IOException: Operation not permitted
   --- End of inner exception stack trace ---
   at System.IO.FileSystemInfo.Create(String fullPath, String fileName, Boolean asDirectory, FileStatus& fileStatus)
   at System.IO.Enumeration.FileSystemEnumerable`1.DelegateEnumerator.TransformEntry(FileSystemEntry& entry)
   at System.IO.Enumeration.FileSystemEnumerator`1.MoveNext()
   at System.Linq.Enumerable.IEnumerableSelectIterator`2.ToArray()
   at MediaBrowser.Controller.Providers.DirectoryService.GetFileSystemEntries(String path)
   at MediaBrowser.Controller.Entities.BaseItem.RefreshMetadata(MetadataRefreshOptions options, CancellationToken cancellationToken)
[2026-04-27 00:20:42.012 +01:00] [ERR] [47] MediaBrowser.Providers.Folders.FolderMetadataService: Error validating images for "/movies"
System.UnauthorizedAccessException: Access to the path '/movies/._desktop.ini' is denied.
 ---> System.IO.IOException: Operation not permitted
   --- End of inner exception stack trace ---
   at System.IO.FileSystemInfo.Create(String fullPath, String fileName, Boolean asDirectory, FileStatus& fileStatus)
   at System.IO.Enumeration.FileSystemEnumerable`1.DelegateEnumerator.TransformEntry(FileSystemEntry& entry)
   at System.IO.Enumeration.FileSystemEnumerator`1.MoveNext()
   at System.Linq.Enumerable.IEnumerableSelectIterator`2.ToArray()
   at System.Linq.Enumerable.SelectManySingleSelectorIterator`2.ToList()
   at MediaBrowser.Providers.Manager.MetadataService`2.RefreshMetadata(BaseItem item, MetadataRefreshOptions refreshOptions, CancellationToken cancellationToken)
[2026-04-27 00:20:42.015 +01:00] [ERR] [47] MediaBrowser.Controller.Entities.BaseItem: Error retrieving children
System.UnauthorizedAccessException: Access to the path '/movies/._desktop.ini' is denied.
 ---> System.IO.IOException: Operation not permitted
   --- End of inner exception stack trace ---
   at System.IO.FileSystemInfo.Create(String fullPath, String fileName, Boolean asDirectory, FileStatus& fileStatus)
   at System.IO.Enumeration.FileSystemEnumerable`1.DelegateEnumerator.TransformEntry(FileSystemEntry& entry)
   at System.IO.Enumeration.FileSystemEnumerator`1.MoveNext()
   at System.Linq.Enumerable.IEnumerableSelectIterator`2.ToArray()
   at MediaBrowser.Controller.Providers.DirectoryService.GetFileSystemEntries(String path)
   at MediaBrowser.Controller.Entities.Folder.GetNonCachedChildren(IDirectoryService directoryService)
   at MediaBrowser.Controller.Entities.Folder.ValidateChildrenInternal2(IProgress`1 progress, Boolean recursive, Boolean refreshChildMetadata, Boolean allowRemoveRoot, MetadataRefreshOptions refreshOptions, IDirectoryService directoryService, CancellationToken cancellationToken)
[2026-04-27 00:20:42.364 +01:00] [INF] [39] Emby.Server.Implementations.IO.LibraryMonitor: "movies" ("/movies") will be refreshed.
[2026-04-27 00:20:42.368 +01:00] [ERR] [41] MediaBrowser.Controller.Entities.BaseItem: Error refreshing owned items for "/movies"
System.UnauthorizedAccessException: Access to the path '/movies/._desktop.ini' is denied.
 ---> System.IO.IOException: Operation not permitted
   --- End of inner exception stack trace ---
   at System.IO.FileSystemInfo.Create(String fullPath, String fileName, Boolean asDirectory, FileStatus& fileStatus)
   at System.IO.Enumeration.FileSystemEnumerable`1.DelegateEnumerator.TransformEntry(FileSystemEntry& entry)
   at System.IO.Enumeration.FileSystemEnumerator`1.MoveNext()
   at System.Linq.Enumerable.IEnumerableSelectIterator`2.ToArray()
   at MediaBrowser.Controller.Providers.DirectoryService.GetFileSystemEntries(String path)
   at MediaBrowser.Controller.Entities.BaseItem.RefreshMetadata(MetadataRefreshOptions options, CancellationToken cancellationToken)
[2026-04-27 00:20:42.370 +01:00] [ERR] [41] MediaBrowser.Providers.Folders.FolderMetadataService: Error validating images for "/movies"
System.UnauthorizedAccessException: Access to the path '/movies/._desktop.ini' is denied.
 ---> System.IO.IOException: Operation not permitted
   --- End of inner exception stack trace ---
   at System.IO.FileSystemInfo.Create(String fullPath, String fileName, Boolean asDirectory, FileStatus& fileStatus)
   at System.IO.Enumeration.FileSystemEnumerable`1.DelegateEnumerator.TransformEntry(FileSystemEntry& entry)
   at System.IO.Enumeration.FileSystemEnumerator`1.MoveNext()
   at System.Linq.Enumerable.IEnumerableSelectIterator`2.ToArray()
   at System.Linq.Enumerable.SelectManySingleSelectorIterator`2.ToList()
   at MediaBrowser.Providers.Manager.MetadataService`2.RefreshMetadata(BaseItem item, MetadataRefreshOptions refreshOptions, CancellationToken cancellationToken)
[2026-04-27 00:20:42.372 +01:00] [ERR] [41] MediaBrowser.Controller.Entities.BaseItem: Error retrieving children
System.UnauthorizedAccessException: Access to the path '/movies/._desktop.ini' is denied.
 ---> System.IO.IOException: Operation not permitted
   --- End of inner exception stack trace ---
   at System.IO.FileSystemInfo.Create(String fullPath, String fileName, Boolean asDirectory, FileStatus& fileStatus)
   at System.IO.Enumeration.FileSystemEnumerable`1.DelegateEnumerator.TransformEntry(FileSystemEntry& entry)
   at System.IO.Enumeration.FileSystemEnumerator`1.MoveNext()
   at System.Linq.Enumerable.IEnumerableSelectIterator`2.ToArray()
   at MediaBrowser.Controller.Providers.DirectoryService.GetFileSystemEntries(String path)
   at MediaBrowser.Controller.Entities.Folder.GetNonCachedChildren(IDirectoryService directoryService)
   at MediaBrowser.Controller.Entities.Folder.ValidateChildrenInternal2(IProgress`1 progress, Boolean recursive, Boolean refreshChildMetadata, Boolean allowRemoveRoot, MetadataRefreshOptions refreshOptions, IDirectoryService directoryService, CancellationToken cancellationToken)
[2026-04-27 00:20:42.693 +01:00] [INF] [39] Emby.Server.Implementations.IO.LibraryMonitor: "movies" ("/movies") will be refreshed.
[2026-04-27 00:20:42.697 +01:00] [ERR] [41] MediaBrowser.Controller.Entities.BaseItem: Error refreshing owned items for "/movies"
System.UnauthorizedAccessException: Access to the path '/movies/._desktop.ini' is denied.
 ---> System.IO.IOException: Operation not permitted
   --- End of inner exception stack trace ---
   at System.IO.FileSystemInfo.Create(String fullPath, String fileName, Boolean asDirectory, FileStatus& fileStatus)
   at System.IO.Enumeration.FileSystemEnumerable`1.DelegateEnumerator.TransformEntry(FileSystemEntry& entry)
   at System.IO.Enumeration.FileSystemEnumerator`1.MoveNext()
   at System.Linq.Enumerable.IEnumerableSelectIterator`2.ToArray()
   at MediaBrowser.Controller.Providers.DirectoryService.GetFileSystemEntries(String path)
   at MediaBrowser.Controller.Entities.BaseItem.RefreshMetadata(MetadataRefreshOptions options, CancellationToken cancellationToken)
[2026-04-27 00:20:42.698 +01:00] [ERR] [41] MediaBrowser.Providers.Folders.FolderMetadataService: Error validating images for "/movies"
System.UnauthorizedAccessException: Access to the path '/movies/._desktop.ini' is denied.
 ---> System.IO.IOException: Operation not permitted
   --- End of inner exception stack trace ---
   at System.IO.FileSystemInfo.Create(String fullPath, String fileName, Boolean asDirectory, FileStatus& fileStatus)
   at System.IO.Enumeration.FileSystemEnumerable`1.DelegateEnumerator.TransformEntry(FileSystemEntry& entry)
   at System.IO.Enumeration.FileSystemEnumerator`1.MoveNext()
   at System.Linq.Enumerable.IEnumerableSelectIterator`2.ToArray()
   at System.Linq.Enumerable.SelectManySingleSelectorIterator`2.ToList()
   at MediaBrowser.Providers.Manager.MetadataService`2.RefreshMetadata(BaseItem item, MetadataRefreshOptions refreshOptions, CancellationToken cancellationToken)
[2026-04-27 00:20:42.702 +01:00] [ERR] [41] MediaBrowser.Controller.Entities.BaseItem: Error retrieving children
System.UnauthorizedAccessException: Access to the path '/movies/._desktop.ini' is denied.
 ---> System.IO.IOException: Operation not permitted
   --- End of inner exception stack trace ---
   at System.IO.FileSystemInfo.Create(String fullPath, String fileName, Boolean asDirectory, FileStatus& fileStatus)
   at System.IO.Enumeration.FileSystemEnumerable`1.DelegateEnumerator.TransformEntry(FileSystemEntry& entry)
   at System.IO.Enumeration.FileSystemEnumerator`1.MoveNext()
   at System.Linq.Enumerable.IEnumerableSelectIterator`2.ToArray()
   at MediaBrowser.Controller.Providers.DirectoryService.GetFileSystemEntries(String path)
   at MediaBrowser.Controller.Entities.Folder.GetNonCachedChildren(IDirectoryService directoryService)
   at MediaBrowser.Controller.Entities.Folder.ValidateChildrenInternal2(IProgress`1 progress, Boolean recursive, Boolean refreshChildMetadata, Boolean allowRemoveRoot, MetadataRefreshOptions refreshOptions, IDirectoryService directoryService, CancellationToken cancellationToken)
[2026-04-27 00:20:43.357 +01:00] [INF] [39] Emby.Server.Implementations.IO.LibraryMonitor: "movies" ("/media_local/movies") will be refreshed.
[2026-04-27 00:20:43.398 +01:00] [INF] [41] Emby.Server.Implementations.Library.LibraryManager: Removing item, Type: "Movie", Name: "Avatar: Fire and Ash", Path: "/media_local/movies/Avatar - Fire and Ash (2025)/Avatar - Fire and Ash (2025) 2160p EAC3 Atmos.mp4", Id: b97ec58c-e7ae-9b10-f068-a17afdb8662f
[2026-04-27 00:20:43.417 +01:00] [INF] [39] Emby.Server.Implementations.IO.LibraryMonitor: "movies" ("/movies") will be refreshed.
[2026-04-27 00:20:43.451 +01:00] [INF] [41] Emby.Server.Implementations.Library.LibraryManager: Removing item, Type: "Movie", Name: "Brief Encounter", Path: "/media_local/movies/Brief Encounter - Criterion Collection (1945)/Brief Encounter - Criterion Collection (1945).mkv", Id: 56cdfcef-5dbe-df1e-c72c-571fea085e0c
[2026-04-27 00:20:43.484 +01:00] [INF] [41] Emby.Server.Implementations.Library.LibraryManager: Removing item, Type: "Movie", Name: "The Classic", Path: "/media_local/movies/The Classic (2003)/The Classic (2003).mp4", Id: 0719f9aa-360f-d57f-1cf5-2096bc312fe7
[2026-04-27 00:20:43.505 +01:00] [INF] [41] Emby.Server.Implementations.Library.LibraryManager: Removing item, Type: "Movie", Name: "Columbus", Path: "/media_local/movies/Columbus.2017.1080p.WEB-DL.H264.AC3-EVO[EtHD]/Columbus.2017.1080p.WEB-DL.H264.AC3-EVO[EtHD].mkv", Id: c991eeac-31ba-94d8-ea88-d8dc93ea982d
[2026-04-27 00:20:43.536 +01:00] [INF] [41] Emby.Server.Implementations.Library.LibraryManager: Removing item, Type: "Movie", Name: "Flipped", Path: "/media_local/movies/Flipped (2010)/Flipped (2010).mkv", Id: 3e4c8919-ceec-865d-31fa-541e81b6ea35
[2026-04-27 00:20:43.585 +01:00] [INF] [39] MediaBrowser.Providers.Movies.MovieMetadataService: File changed, pruning extracted data: "/media_local/movies/A Moment to Remember (2004).mkv"
[2026-04-27 00:20:43.624 +01:00] [ERR] [44] MediaBrowser.Providers.Movies.MovieMetadataService: Error in "Probe Provider"
MediaBrowser.Common.FfmpegException: ffprobe failed - streams and format are both null.
   at MediaBrowser.MediaEncoding.Encoder.MediaEncoder.GetMediaInfoInternal(String inputPath, String primaryPath, MediaProtocol protocol, Boolean extractChapters, String probeSizeArgument, Boolean isAudio, Nullable`1 videoType, CancellationToken cancellationToken)
   at MediaBrowser.MediaEncoding.Encoder.MediaEncoder.GetMediaInfoInternal(String inputPath, String primaryPath, MediaProtocol protocol, Boolean extractChapters, String probeSizeArgument, Boolean isAudio, Nullable`1 videoType, CancellationToken cancellationToken)
   at MediaBrowser.Providers.MediaInfo.FFProbeVideoInfo.ProbeVideo[T](T item, MetadataRefreshOptions options, CancellationToken cancellationToken)
   at MediaBrowser.Providers.Manager.MetadataService`2.RunCustomProvider(ICustomMetadataProvider`1 provider, TItemType item, String logName, MetadataRefreshOptions options, RefreshResult refreshResult, CancellationToken cancellationToken)
[2026-04-27 00:20:43.654 +01:00] [ERR] [44] MediaBrowser.Providers.Movies.MovieMetadataService: Error in "Probe Provider"
MediaBrowser.Common.FfmpegException: ffprobe failed - streams and format are both null.
   at MediaBrowser.MediaEncoding.Encoder.MediaEncoder.GetMediaInfoInternal(String inputPath, String primaryPath, MediaProtocol protocol, Boolean extractChapters, String probeSizeArgument, Boolean isAudio, Nullable`1 videoType, CancellationToken cancellationToken)
   at MediaBrowser.MediaEncoding.Encoder.MediaEncoder.GetMediaInfoInternal(String inputPath, String primaryPath, MediaProtocol protocol, Boolean extractChapters, String probeSizeArgument, Boolean isAudio, Nullable`1 videoType, CancellationToken cancellationToken)
   at MediaBrowser.Providers.MediaInfo.FFProbeVideoInfo.ProbeVideo[T](T item, MetadataRefreshOptions options, CancellationToken cancellationToken)
   at MediaBrowser.Providers.Manager.MetadataService`2.RunCustomProvider(ICustomMetadataProvider`1 provider, TItemType item, String logName, MetadataRefreshOptions options, RefreshResult refreshResult, CancellationToken cancellationToken)
[2026-04-27 00:20:43.780 +01:00] [INF] [44] Emby.Server.Implementations.IO.LibraryMonitor: "movies" ("/movies") will be refreshed.
[2026-04-27 00:20:44.180 +01:00] [INF] [48] Emby.Server.Implementations.IO.LibraryMonitor: "movies" ("/movies") will be refreshed.
[2026-04-27 00:20:44.520 +01:00] [INF] [53] Emby.Server.Implementations.IO.LibraryMonitor: "movies" ("/movies") will be refreshed.
[2026-04-27 00:20:44.671 +01:00] [ERR] [48] MediaBrowser.Controller.Entities.BaseItem: Error refreshing owned items for "/movies"
System.UnauthorizedAccessException: Access to the path '/movies/._desktop.ini' is denied.
 ---> System.IO.IOException: Operation not permitted
   --- End of inner exception stack trace ---
   at System.IO.FileSystemInfo.Create(String fullPath, String fileName, Boolean asDirectory, FileStatus& fileStatus)
   at System.IO.Enumeration.FileSystemEnumerable`1.DelegateEnumerator.TransformEntry(FileSystemEntry& entry)
   at System.IO.Enumeration.FileSystemEnumerator`1.MoveNext()
   at System.Linq.Enumerable.IEnumerableSelectIterator`2.ToArray()
   at MediaBrowser.Controller.Providers.DirectoryService.GetFileSystemEntries(String path)
   at MediaBrowser.Controller.Entities.BaseItem.RefreshMetadata(MetadataRefreshOptions options, CancellationToken cancellationToken)
[2026-04-27 00:20:44.673 +01:00] [ERR] [48] MediaBrowser.Providers.Folders.FolderMetadataService: Error validating images for "/movies"
System.UnauthorizedAccessException: Access to the path '/movies/._desktop.ini' is denied.
 ---> System.IO.IOException: Operation not permitted
   --- End of inner exception stack trace ---
   at System.IO.FileSystemInfo.Create(String fullPath, String fileName, Boolean asDirectory, FileStatus& fileStatus)
   at System.IO.Enumeration.FileSystemEnumerable`1.DelegateEnumerator.TransformEntry(FileSystemEntry& entry)
   at System.IO.Enumeration.FileSystemEnumerator`1.MoveNext()
   at System.Linq.Enumerable.IEnumerableSelectIterator`2.ToArray()
   at System.Linq.Enumerable.SelectManySingleSelectorIterator`2.ToList()
   at MediaBrowser.Providers.Manager.MetadataService`2.RefreshMetadata(BaseItem item, MetadataRefreshOptions refreshOptions, CancellationToken cancellationToken)
[2026-04-27 00:20:44.675 +01:00] [ERR] [48] MediaBrowser.Controller.Entities.BaseItem: Error retrieving children
System.UnauthorizedAccessException: Access to the path '/movies/._desktop.ini' is denied.
 ---> System.IO.IOException: Operation not permitted
   --- End of inner exception stack trace ---
   at System.IO.FileSystemInfo.Create(String fullPath, String fileName, Boolean asDirectory, FileStatus& fileStatus)
   at System.IO.Enumeration.FileSystemEnumerable`1.DelegateEnumerator.TransformEntry(FileSystemEntry& entry)
   at System.IO.Enumeration.FileSystemEnumerator`1.MoveNext()
   at System.Linq.Enumerable.IEnumerableSelectIterator`2.ToArray()
   at MediaBrowser.Controller.Providers.DirectoryService.GetFileSystemEntries(String path)
   at MediaBrowser.Controller.Entities.Folder.GetNonCachedChildren(IDirectoryService directoryService)
   at MediaBrowser.Controller.Entities.Folder.ValidateChildrenInternal2(IProgress`1 progress, Boolean recursive, Boolean refreshChildMetadata, Boolean allowRemoveRoot, MetadataRefreshOptions refreshOptions, IDirectoryService directoryService, CancellationToken cancellationToken)
[2026-04-27 00:20:44.676 +01:00] [ERR] [48] MediaBrowser.Controller.Entities.BaseItem: Error refreshing owned items for "/movies"
System.UnauthorizedAccessException: Access to the path '/movies/._desktop.ini' is denied.
 ---> System.IO.IOException: Operation not permitted
   --- End of inner exception stack trace ---
   at System.IO.FileSystemInfo.Create(String fullPath, String fileName, Boolean asDirectory, FileStatus& fileStatus)
   at System.IO.Enumeration.FileSystemEnumerable`1.DelegateEnumerator.TransformEntry(FileSystemEntry& entry)
   at System.IO.Enumeration.FileSystemEnumerator`1.MoveNext()
   at System.Linq.Enumerable.IEnumerableSelectIterator`2.ToArray()
   at MediaBrowser.Controller.Providers.DirectoryService.GetFileSystemEntries(String path)
   at MediaBrowser.Controller.Entities.BaseItem.RefreshMetadata(MetadataRefreshOptions options, CancellationToken cancellationToken)
[2026-04-27 00:20:44.677 +01:00] [ERR] [48] MediaBrowser.Providers.Folders.FolderMetadataService: Error validating images for "/movies"
System.UnauthorizedAccessException: Access to the path '/movies/._desktop.ini' is denied.
 ---> System.IO.IOException: Operation not permitted
   --- End of inner exception stack trace ---
   at System.IO.FileSystemInfo.Create(String fullPath, String fileName, Boolean asDirectory, FileStatus& fileStatus)
   at System.IO.Enumeration.FileSystemEnumerable`1.DelegateEnumerator.TransformEntry(FileSystemEntry& entry)
   at System.IO.Enumeration.FileSystemEnumerator`1.MoveNext()
   at System.Linq.Enumerable.IEnumerableSelectIterator`2.ToArray()
   at System.Linq.Enumerable.SelectManySingleSelectorIterator`2.ToList()
   at MediaBrowser.Providers.Manager.MetadataService`2.RefreshMetadata(BaseItem item, MetadataRefreshOptions refreshOptions, CancellationToken cancellationToken)
[2026-04-27 00:20:44.678 +01:00] [ERR] [48] MediaBrowser.Controller.Entities.BaseItem: Error retrieving children
System.UnauthorizedAccessException: Access to the path '/movies/._desktop.ini' is denied.
 ---> System.IO.IOException: Operation not permitted
   --- End of inner exception stack trace ---
   at System.IO.FileSystemInfo.Create(String fullPath, String fileName, Boolean asDirectory, FileStatus& fileStatus)
   at System.IO.Enumeration.FileSystemEnumerable`1.DelegateEnumerator.TransformEntry(FileSystemEntry& entry)
   at System.IO.Enumeration.FileSystemEnumerator`1.MoveNext()
   at System.Linq.Enumerable.IEnumerableSelectIterator`2.ToArray()
   at MediaBrowser.Controller.Providers.DirectoryService.GetFileSystemEntries(String path)
   at MediaBrowser.Controller.Entities.Folder.GetNonCachedChildren(IDirectoryService directoryService)
   at MediaBrowser.Controller.Entities.Folder.ValidateChildrenInternal2(IProgress`1 progress, Boolean recursive, Boolean refreshChildMetadata, Boolean allowRemoveRoot, MetadataRefreshOptions refreshOptions, IDirectoryService directoryService, CancellationToken cancellationToken)
[2026-04-27 00:20:44.679 +01:00] [ERR] [48] MediaBrowser.Controller.Entities.BaseItem: Error refreshing owned items for "/movies"
System.UnauthorizedAccessException: Access to the path '/movies/._desktop.ini' is denied.
 ---> System.IO.IOException: Operation not permitted
   --- End of inner exception stack trace ---
   at System.IO.FileSystemInfo.Create(String fullPath, String fileName, Boolean asDirectory, FileStatus& fileStatus)
   at System.IO.Enumeration.FileSystemEnumerable`1.DelegateEnumerator.TransformEntry(FileSystemEntry& entry)
   at System.IO.Enumeration.FileSystemEnumerator`1.MoveNext()
   at System.Linq.Enumerable.IEnumerableSelectIterator`2.ToArray()
   at MediaBrowser.Controller.Providers.DirectoryService.GetFileSystemEntries(String path)
   at MediaBrowser.Controller.Entities.BaseItem.RefreshMetadata(MetadataRefreshOptions options, CancellationToken cancellationToken)
[2026-04-27 00:20:44.680 +01:00] [ERR] [48] MediaBrowser.Providers.Folders.FolderMetadataService: Error validating images for "/movies"
System.UnauthorizedAccessException: Access to the path '/movies/._desktop.ini' is denied.
 ---> System.IO.IOException: Operation not permitted
   --- End of inner exception stack trace ---
   at System.IO.FileSystemInfo.Create(String fullPath, String fileName, Boolean asDirectory, FileStatus& fileStatus)
   at System.IO.Enumeration.FileSystemEnumerable`1.DelegateEnumerator.TransformEntry(FileSystemEntry& entry)
   at System.IO.Enumeration.FileSystemEnumerator`1.MoveNext()
   at System.Linq.Enumerable.IEnumerableSelectIterator`2.ToArray()
   at System.Linq.Enumerable.SelectManySingleSelectorIterator`2.ToList()
   at MediaBrowser.Providers.Manager.MetadataService`2.RefreshMetadata(BaseItem item, MetadataRefreshOptions refreshOptions, CancellationToken cancellationToken)
[2026-04-27 00:20:44.682 +01:00] [ERR] [48] MediaBrowser.Controller.Entities.BaseItem: Error retrieving children
System.UnauthorizedAccessException: Access to the path '/movies/._desktop.ini' is denied.
 ---> System.IO.IOException: Operation not permitted
   --- End of inner exception stack trace ---
   at System.IO.FileSystemInfo.Create(String fullPath, String fileName, Boolean asDirectory, FileStatus& fileStatus)
   at System.IO.Enumeration.FileSystemEnumerable`1.DelegateEnumerator.TransformEntry(FileSystemEntry& entry)
   at System.IO.Enumeration.FileSystemEnumerator`1.MoveNext()
   at System.Linq.Enumerable.IEnumerableSelectIterator`2.ToArray()
   at MediaBrowser.Controller.Providers.DirectoryService.GetFileSystemEntries(String path)
   at MediaBrowser.Controller.Entities.Folder.GetNonCachedChildren(IDirectoryService directoryService)
   at MediaBrowser.Controller.Entities.Folder.ValidateChildrenInternal2(IProgress`1 progress, Boolean recursive, Boolean refreshChildMetadata, Boolean allowRemoveRoot, MetadataRefreshOptions refreshOptions, IDirectoryService directoryService, CancellationToken cancellationToken)
[2026-04-27 00:20:44.683 +01:00] [ERR] [48] MediaBrowser.Controller.Entities.BaseItem: Error refreshing owned items for "/movies"
System.UnauthorizedAccessException: Access to the path '/movies/._desktop.ini' is denied.
 ---> System.IO.IOException: Operation not permitted
   --- End of inner exception stack trace ---
   at System.IO.FileSystemInfo.Create(String fullPath, String fileName, Boolean asDirectory, FileStatus& fileStatus)
   at System.IO.Enumeration.FileSystemEnumerable`1.DelegateEnumerator.TransformEntry(FileSystemEntry& entry)
   at System.IO.Enumeration.FileSystemEnumerator`1.MoveNext()
   at System.Linq.Enumerable.IEnumerableSelectIterator`2.ToArray()
   at MediaBrowser.Controller.Providers.DirectoryService.GetFileSystemEntries(String path)
   at MediaBrowser.Controller.Entities.BaseItem.RefreshMetadata(MetadataRefreshOptions options, CancellationToken cancellationToken)
[2026-04-27 00:20:44.684 +01:00] [ERR] [48] MediaBrowser.Providers.Folders.FolderMetadataService: Error validating images for "/movies"
System.UnauthorizedAccessException: Access to the path '/movies/._desktop.ini' is denied.
 ---> System.IO.IOException: Operation not permitted
   --- End of inner exception stack trace ---
   at System.IO.FileSystemInfo.Create(String fullPath, String fileName, Boolean asDirectory, FileStatus& fileStatus)
   at System.IO.Enumeration.FileSystemEnumerable`1.DelegateEnumerator.TransformEntry(FileSystemEntry& entry)
   at System.IO.Enumeration.FileSystemEnumerator`1.MoveNext()
   at System.Linq.Enumerable.IEnumerableSelectIterator`2.ToArray()
   at System.Linq.Enumerable.SelectManySingleSelectorIterator`2.ToList()
   at MediaBrowser.Providers.Manager.MetadataService`2.RefreshMetadata(BaseItem item, MetadataRefreshOptions refreshOptions, CancellationToken cancellationToken)
[2026-04-27 00:20:44.685 +01:00] [ERR] [48] MediaBrowser.Controller.Entities.BaseItem: Error retrieving children
System.UnauthorizedAccessException: Access to the path '/movies/._desktop.ini' is denied.
 ---> System.IO.IOException: Operation not permitted
   --- End of inner exception stack trace ---
   at System.IO.FileSystemInfo.Create(String fullPath, String fileName, Boolean asDirectory, FileStatus& fileStatus)
   at System.IO.Enumeration.FileSystemEnumerable`1.DelegateEnumerator.TransformEntry(FileSystemEntry& entry)
   at System.IO.Enumeration.FileSystemEnumerator`1.MoveNext()
   at System.Linq.Enumerable.IEnumerableSelectIterator`2.ToArray()
   at MediaBrowser.Controller.Providers.DirectoryService.GetFileSystemEntries(String path)
   at MediaBrowser.Controller.Entities.Folder.GetNonCachedChildren(IDirectoryService directoryService)
   at MediaBrowser.Controller.Entities.Folder.ValidateChildrenInternal2(IProgress`1 progress, Boolean recursive, Boolean refreshChildMetadata, Boolean allowRemoveRoot, MetadataRefreshOptions refreshOptions, IDirectoryService directoryService, CancellationToken cancellationToken)
[2026-04-27 00:20:49.639 +01:00] [INF] [48] Jellyfin.Plugin.TMDbBoxSets.TMDbBoxSetManager: Minimum number of movies is 2, but there is/are only 1: "Avatar: Fire and Ash"
[2026-04-27 00:21:51.607 +01:00] [INF] [46] Emby.Server.Implementations.Session.SessionWebSocketListener: Sending ForceKeepAlive message to 1 inactive WebSockets.
[2026-04-27 00:25:39.607 +01:00] [INF] [99] Emby.Server.Implementations.Session.SessionWebSocketListener: Sending ForceKeepAlive message to 1 inactive WebSockets.
[2026-04-27 00:27:16.420 +01:00] [INF] [97] Emby.Server.Implementations.IO.LibraryMonitor: "movies" ("/movies") will be refreshed.
[2026-04-27 00:27:16.429 +01:00] [ERR] [50] MediaBrowser.Controller.Entities.BaseItem: Error refreshing owned items for "/movies"
System.UnauthorizedAccessException: Access to the path '/movies/._desktop.ini' is denied.
 ---> System.IO.IOException: Operation not permitted
   --- End of inner exception stack trace ---
   at System.IO.FileSystemInfo.Create(String fullPath, String fileName, Boolean asDirectory, FileStatus& fileStatus)
   at System.IO.Enumeration.FileSystemEnumerable`1.DelegateEnumerator.TransformEntry(FileSystemEntry& entry)
   at System.IO.Enumeration.FileSystemEnumerator`1.MoveNext()
   at System.Linq.Enumerable.IEnumerableSelectIterator`2.ToArray()
   at MediaBrowser.Controller.Providers.DirectoryService.GetFileSystemEntries(String path)
   at MediaBrowser.Controller.Entities.BaseItem.RefreshMetadata(MetadataRefreshOptions options, CancellationToken cancellationToken)
[2026-04-27 00:27:16.431 +01:00] [ERR] [50] MediaBrowser.Providers.Folders.FolderMetadataService: Error validating images for "/movies"
System.UnauthorizedAccessException: Access to the path '/movies/._desktop.ini' is denied.
 ---> System.IO.IOException: Operation not permitted
   --- End of inner exception stack trace ---
   at System.IO.FileSystemInfo.Create(String fullPath, String fileName, Boolean asDirectory, FileStatus& fileStatus)
   at System.IO.Enumeration.FileSystemEnumerable`1.DelegateEnumerator.TransformEntry(FileSystemEntry& entry)
   at System.IO.Enumeration.FileSystemEnumerator`1.MoveNext()
   at System.Linq.Enumerable.IEnumerableSelectIterator`2.ToArray()
   at System.Linq.Enumerable.SelectManySingleSelectorIterator`2.ToList()
   at MediaBrowser.Providers.Manager.MetadataService`2.RefreshMetadata(BaseItem item, MetadataRefreshOptions refreshOptions, CancellationToken cancellationToken)
[2026-04-27 00:27:16.436 +01:00] [ERR] [50] MediaBrowser.Controller.Entities.BaseItem: Error retrieving children
System.UnauthorizedAccessException: Access to the path '/movies/._desktop.ini' is denied.
 ---> System.IO.IOException: Operation not permitted
   --- End of inner exception stack trace ---
   at System.IO.FileSystemInfo.Create(String fullPath, String fileName, Boolean asDirectory, FileStatus& fileStatus)
   at System.IO.Enumeration.FileSystemEnumerable`1.DelegateEnumerator.TransformEntry(FileSystemEntry& entry)
   at System.IO.Enumeration.FileSystemEnumerator`1.MoveNext()
   at System.Linq.Enumerable.IEnumerableSelectIterator`2.ToArray()
   at MediaBrowser.Controller.Providers.DirectoryService.GetFileSystemEntries(String path)
   at MediaBrowser.Controller.Entities.Folder.GetNonCachedChildren(IDirectoryService directoryService)
   at MediaBrowser.Controller.Entities.Folder.ValidateChildrenInternal2(IProgress`1 progress, Boolean recursive, Boolean refreshChildMetadata, Boolean allowRemoveRoot, MetadataRefreshOptions refreshOptions, IDirectoryService directoryService, CancellationToken cancellationToken)
[2026-04-27 00:27:16.497 +01:00] [INF] [97] Emby.Server.Implementations.IO.LibraryMonitor: "007.James.Bond.Complete.Set.1962-2015.1080p.BluRay.x264-ETRG" ("/movies/007.James.Bond.Complete.Set.1962-2015.1080p.BluRay.x264-ETRG") will be refreshed.
[2026-04-27 00:27:16.498 +01:00] [ERR] [50] MediaBrowser.Controller.Entities.BaseItem: Error refreshing owned items for "/movies/007.James.Bond.Complete.Set.1962-2015.1080p.BluRay.x264-ETRG"
System.UnauthorizedAccessException: Access to the path '/movies/007.James.Bond.Complete.Set.1962-2015.1080p.BluRay.x264-ETRG/._Torrent Downloaded From ExtraTorrent.cc.txt' is denied.
 ---> System.IO.IOException: Operation not permitted
   --- End of inner exception stack trace ---
   at System.IO.FileSystemInfo.Create(String fullPath, String fileName, Boolean asDirectory, FileStatus& fileStatus)
   at System.IO.Enumeration.FileSystemEnumerable`1.DelegateEnumerator.TransformEntry(FileSystemEntry& entry)
   at System.IO.Enumeration.FileSystemEnumerator`1.MoveNext()
   at System.Linq.Enumerable.IEnumerableSelectIterator`2.ToArray()
   at MediaBrowser.Controller.Providers.DirectoryService.GetFileSystemEntries(String path)
   at MediaBrowser.Controller.Entities.BaseItem.RefreshMetadata(MetadataRefreshOptions options, CancellationToken cancellationToken)
[2026-04-27 00:27:16.498 +01:00] [ERR] [50] MediaBrowser.Providers.Folders.FolderMetadataService: Error validating images for "/movies/007.James.Bond.Complete.Set.1962-2015.1080p.BluRay.x264-ETRG"
System.UnauthorizedAccessException: Access to the path '/movies/007.James.Bond.Complete.Set.1962-2015.1080p.BluRay.x264-ETRG/._Torrent Downloaded From ExtraTorrent.cc.txt' is denied.
 ---> System.IO.IOException: Operation not permitted
   --- End of inner exception stack trace ---
   at System.IO.FileSystemInfo.Create(String fullPath, String fileName, Boolean asDirectory, FileStatus& fileStatus)
   at System.IO.Enumeration.FileSystemEnumerable`1.DelegateEnumerator.TransformEntry(FileSystemEntry& entry)
   at System.IO.Enumeration.FileSystemEnumerator`1.MoveNext()
   at System.Linq.Enumerable.IEnumerableSelectIterator`2.ToArray()
   at System.Linq.Enumerable.SelectManySingleSelectorIterator`2.ToList()
   at MediaBrowser.Providers.Manager.MetadataService`2.RefreshMetadata(BaseItem item, MetadataRefreshOptions refreshOptions, CancellationToken cancellationToken)
[2026-04-27 00:27:16.500 +01:00] [ERR] [50] MediaBrowser.Controller.Entities.BaseItem: Error retrieving children
System.UnauthorizedAccessException: Access to the path '/movies/007.James.Bond.Complete.Set.1962-2015.1080p.BluRay.x264-ETRG/._Torrent Downloaded From ExtraTorrent.cc.txt' is denied.
 ---> System.IO.IOException: Operation not permitted
   --- End of inner exception stack trace ---
   at System.IO.FileSystemInfo.Create(String fullPath, String fileName, Boolean asDirectory, FileStatus& fileStatus)
   at System.IO.Enumeration.FileSystemEnumerable`1.DelegateEnumerator.TransformEntry(FileSystemEntry& entry)
   at System.IO.Enumeration.FileSystemEnumerator`1.MoveNext()
   at System.Linq.Enumerable.IEnumerableSelectIterator`2.ToArray()
   at MediaBrowser.Controller.Providers.DirectoryService.GetFileSystemEntries(String path)
   at MediaBrowser.Controller.Entities.Folder.GetNonCachedChildren(IDirectoryService directoryService)
   at MediaBrowser.Controller.Entities.Folder.ValidateChildrenInternal2(IProgress`1 progress, Boolean recursive, Boolean refreshChildMetadata, Boolean allowRemoveRoot, MetadataRefreshOptions refreshOptions, IDirectoryService directoryService, CancellationToken cancellationToken)
[2026-04-27 00:27:16.529 +01:00] [INF] [97] Emby.Server.Implementations.IO.LibraryMonitor: "movies" ("/media_local/movies") will be refreshed.
[2026-04-27 00:27:16.560 +01:00] [INF] [50] Emby.Server.Implementations.Library.LibraryManager: Removing item, Type: "Movie", Name: "Love Letter", Path: "/media_local/movies/Love.Letter.1995.1080p.BluRay.x264.DTS-WiKi [PublicHD]/Love.Letter.1995.1080p.BluRay.x264.DTS-WiKi.mkv", Id: 9dfcf9be-eb73-d791-3562-8a07e3e68d11
[2026-04-27 00:27:16.597 +01:00] [INF] [50] Emby.Server.Implementations.Library.LibraryManager: Removing item, Type: "Movie", Name: "Master and Commander: The Far Side of the World", Path: "/media_local/movies/Master and Commander The Far Side of the World (2003) MULTi VFI 2160p 10bit 4KLight DV HDR BluRay DDP 5.1 Atmos x265-QTZ.mkv", Id: d7c57aa3-9679-c3b4-2efa-0b8964e6d3a5
[2026-04-27 00:27:16.641 +01:00] [INF] [50] Emby.Server.Implementations.Library.LibraryManager: Removing item, Type: "Movie", Name: "A Moment to Remember", Path: "/media_local/movies/A Moment to Remember (2004).mkv", Id: 5a4d71f0-c556-aaa4-99ab-407eec89855e
[2026-04-27 00:27:16.670 +01:00] [INF] [50] Emby.Server.Implementations.Library.LibraryManager: Removing item, Type: "Movie", Name: "Portrait of a Lady on Fire", Path: "/media_local/movies/Portrait of A Lady on Fire.2019.1080p.Bluray.X264-EVO[TGx]/Portrait of A Lady on Fire.2019.1080p.Bluray.X264-EVO.mkv", Id: 130ace91-0443-1a4a-cb4a-911c7fe79094
[2026-04-27 00:27:16.710 +01:00] [INF] [50] Emby.Server.Implementations.Library.LibraryManager: Removing item, Type: "Movie", Name: "The Prestige", Path: "/media_local/movies/The Prestige (2006) [2160p] [4K] [BluRay] [5.1] [YTS.MX]/The.Prestige.2006.2160p.4K.BluRay.x265.10bit.AAC5.1-[YTS.MX].mkv", Id: df579536-48be-261e-75a9-171614f1e38f
[2026-04-27 00:27:16.770 +01:00] [INF] [50] Emby.Server.Implementations.Library.LibraryManager: Removing item, Type: "Movie", Name: "Whisper of the Heart", Path: "/media_local/movies/Whisper of the Heart (1995) (1080p BluRay x265 HEVC 10bit EAC3 5.1 Japanese Garshasp)/Whisper of the Heart (1995) (1080p BluRay x265 Garshasp).mkv", Id: 65bafe2f-64fe-7210-d56d-c5160e8fc7d3
[2026-04-27 00:27:16.924 +01:00] [ERR] [104] MediaBrowser.Providers.Movies.MovieMetadataService: Error in "Probe Provider"
MediaBrowser.Common.FfmpegException: ffprobe failed - streams and format are both null.
   at MediaBrowser.MediaEncoding.Encoder.MediaEncoder.GetMediaInfoInternal(String inputPath, String primaryPath, MediaProtocol protocol, Boolean extractChapters, String probeSizeArgument, Boolean isAudio, Nullable`1 videoType, CancellationToken cancellationToken)
   at MediaBrowser.MediaEncoding.Encoder.MediaEncoder.GetMediaInfoInternal(String inputPath, String primaryPath, MediaProtocol protocol, Boolean extractChapters, String probeSizeArgument, Boolean isAudio, Nullable`1 videoType, CancellationToken cancellationToken)
   at MediaBrowser.Providers.MediaInfo.FFProbeVideoInfo.ProbeVideo[T](T item, MetadataRefreshOptions options, CancellationToken cancellationToken)
   at MediaBrowser.Providers.Manager.MetadataService`2.RunCustomProvider(ICustomMetadataProvider`1 provider, TItemType item, String logName, MetadataRefreshOptions options, RefreshResult refreshResult, CancellationToken cancellationToken)
[2026-04-27 00:27:17.115 +01:00] [INF] [97] Emby.Server.Implementations.IO.LibraryMonitor: "World of Tomorrow - The First Three Episodes (2015) (1080p BluRay x265 HEVC 10bit AAC 2.0 afm72)" ("/movies/World of Tomorrow - The First Three Episodes (2015) (1080p BluRay x265 HEVC 10bit AAC 2.0 afm72)") will be refreshed.
[2026-04-27 00:27:17.566 +01:00] [ERR] [28] MediaBrowser.Providers.Movies.MovieMetadataService: Error in "Probe Provider"
MediaBrowser.Common.FfmpegException: ffprobe failed - streams and format are both null.
   at MediaBrowser.MediaEncoding.Encoder.MediaEncoder.GetMediaInfoInternal(String inputPath, String primaryPath, MediaProtocol protocol, Boolean extractChapters, String probeSizeArgument, Boolean isAudio, Nullable`1 videoType, CancellationToken cancellationToken)
   at MediaBrowser.MediaEncoding.Encoder.MediaEncoder.GetMediaInfoInternal(String inputPath, String primaryPath, MediaProtocol protocol, Boolean extractChapters, String probeSizeArgument, Boolean isAudio, Nullable`1 videoType, CancellationToken cancellationToken)
   at MediaBrowser.Providers.MediaInfo.FFProbeVideoInfo.ProbeVideo[T](T item, MetadataRefreshOptions options, CancellationToken cancellationToken)
   at MediaBrowser.Providers.Manager.MetadataService`2.RunCustomProvider(ICustomMetadataProvider`1 provider, TItemType item, String logName, MetadataRefreshOptions options, RefreshResult refreshResult, CancellationToken cancellationToken)
[2026-04-27 00:27:18.388 +01:00] [INF] [103] Emby.Server.Implementations.Library.LibraryManager: Removing item, Type: "Movie", Name: "World of Tomorrow", Path: "/movies/World of Tomorrow - The First Three Episodes (2015) (1080p BluRay x265 HEVC 10bit AAC 2.0 afm72)/World of Tomorrow (2015) (1080p BluRay x265 afm72).mkv", Id: 3fb80cc0-4612-ead9-9007-fc8722f4b551
[2026-04-27 00:27:18.421 +01:00] [INF] [103] Emby.Server.Implementations.Library.LibraryManager: Removing item, Type: "Movie", Name: "World of Tomorrow Episode Three: The Absent Destinations of David Prime", Path: "/movies/World of Tomorrow - The First Three Episodes (2015) (1080p BluRay x265 HEVC 10bit AAC 2.0 afm72)/Episode Three - The Absent Destinations of David Prime (2020)  (1080p BluRay x265 afm72).mkv", Id: 24f1dc24-31a7-3e99-172c-6cedbc4b3c81
[2026-04-27 00:27:18.442 +01:00] [INF] [103] Emby.Server.Implementations.Library.LibraryManager: Removing item, Type: "Movie", Name: "World of Tomorrow Episode Two: The Burden of Other People's Thoughts", Path: "/movies/World of Tomorrow - The First Three Episodes (2015) (1080p BluRay x265 HEVC 10bit AAC 2.0 afm72)/Episode Two - The Burden of Other People's Thoughts (2017) (1080p BluRay x265 afm72).mkv", Id: 3dab1da7-54e2-b54e-8128-8b78cbc83d44
[2026-04-27 00:29:27.603 +01:00] [INF] [108] Emby.Server.Implementations.Session.SessionWebSocketListener: Sending ForceKeepAlive message to 1 inactive WebSockets.
