[2026-04-28 17:37:36.927 +01:00] [INF] [1] Emby.Server.Implementations.AppBase.BaseConfigurationManager: Setting cache path: "/config/cache"
[2026-04-28 17:37:37.087 +01:00] [INF] [10] Jellyfin.Server.ServerSetupApp.SetupServer: Kestrel is listening on "all interfaces"
[2026-04-28 17:37:37.103 +01:00] [INF] [10] Main: Jellyfin version: "10.11.8"
[2026-04-28 17:37:37.104 +01:00] [INF] [10] Main: Environment Variables: ["[JELLYFIN_CONFIG_DIR, /config]", "[JELLYFIN_CACHE_DIR, /config/cache]", "[JELLYFIN_DATA_DIR, /config/data]", "[JELLYFIN_LOG_DIR, /config/log]", "[JELLYFIN_WEB_DIR, /usr/share/jellyfin/web]"]
[2026-04-28 17:37:37.105 +01:00] [INF] [10] Main: Arguments: ["/usr/lib/jellyfin/bin/jellyfin.dll", "--ffmpeg=/usr/lib/jellyfin-ffmpeg/ffmpeg"]
[2026-04-28 17:37:37.105 +01:00] [INF] [10] Main: Operating system: "Ubuntu 24.04.4 LTS"
[2026-04-28 17:37:37.105 +01:00] [INF] [10] Main: Architecture: Arm64
[2026-04-28 17:37:37.106 +01:00] [INF] [10] Main: 64-Bit Process: True
[2026-04-28 17:37:37.106 +01:00] [INF] [10] Main: User Interactive: True
[2026-04-28 17:37:37.106 +01:00] [INF] [10] Main: Processor count: 16
[2026-04-28 17:37:37.106 +01:00] [INF] [10] Main: Program data path: "/config/data"
[2026-04-28 17:37:37.106 +01:00] [INF] [10] Main: Log directory path: "/config/log"
[2026-04-28 17:37:37.106 +01:00] [INF] [10] Main: Config directory path: "/config"
[2026-04-28 17:37:37.106 +01:00] [INF] [10] Main: Cache path: "/config/cache"
[2026-04-28 17:37:37.106 +01:00] [INF] [10] Main: Temp directory path: "/tmp/jellyfin"
[2026-04-28 17:37:37.106 +01:00] [INF] [10] Main: Web resources path: "/usr/share/jellyfin/web"
[2026-04-28 17:37:37.106 +01:00] [INF] [10] Main: Application directory: "/usr/lib/jellyfin/bin/"
[2026-04-28 17:37:37.118 +01:00] [INF] [10] Jellyfin.Server.Startup: Storage path `"/config/data/data"` (Unknown) successfully checked with "40.7TiB" free which is over the minimum of "2GiB".
[2026-04-28 17:37:37.118 +01:00] [INF] [10] Jellyfin.Server.Startup: Storage path `"/config/cache"` (Unknown) successfully checked with "40.7TiB" free which is over the minimum of "2GiB".
[2026-04-28 17:37:37.119 +01:00] [INF] [10] Jellyfin.Server.Startup: Storage path `"/config/data"` (Unknown) successfully checked with "40.7TiB" free which is over the minimum of "2GiB".
[2026-04-28 17:37:37.122 +01:00] [INF] [10] Emby.Server.Implementations.AppBase.BaseConfigurationManager: Setting cache path: "/config/cache"
[2026-04-28 17:37:37.179 +01:00] [INF] [10] Jellyfin.Database.Providers.Sqlite.SqliteDatabaseProvider: SQLite connection string: "Data Source=/config/data/data/jellyfin.db;Cache=Default;Default Timeout=30;Pooling=True"
[2026-04-28 17:37:37.181 +01:00] [INF] [10] Jellyfin.Database.Providers.Sqlite.SqliteDatabaseProvider: SQLITE connection pragma command set to: 
"PRAGMA locking_mode=NORMAL;
PRAGMA journal_size_limit=134217728;
PRAGMA synchronous=1;
PRAGMA temp_store=2;
"
[2026-04-28 17:37:37.181 +01:00] [INF] [10] Jellyfin.Database.Implementations.Locking.NoLockBehavior: The database locking mode has been set to: NoLock.
[2026-04-28 17:37:37.206 +01:00] [INF] [10] Jellyfin.Server.Migrations.JellyfinMigrationService: Initialise Migration service.
[2026-04-28 17:37:37.397 +01:00] [WRN] [7] Microsoft.Extensions.Diagnostics.HealthChecks.DefaultHealthCheckService: Health check "StartupCheck" with status Degraded completed after 0.3267ms with message '"Server is still starting up."'
[2026-04-28 17:37:37.573 +01:00] [INF] [10] Jellyfin.Server.Migrations.JellyfinMigrationService: There are 0 migrations for stage PreInitialisation.
[2026-04-28 17:37:37.578 +01:00] [INF] [10] Emby.Server.Implementations.AppBase.BaseConfigurationManager: Setting cache path: "/config/cache"
[2026-04-28 17:37:38.410 +01:00] [WRN] [16] Microsoft.Extensions.Diagnostics.HealthChecks.DefaultHealthCheckService: Health check "StartupCheck" with status Degraded completed after 0.0175ms with message '"Server is still starting up."'
[2026-04-28 17:37:39.422 +01:00] [WRN] [17] Microsoft.Extensions.Diagnostics.HealthChecks.DefaultHealthCheckService: Health check "StartupCheck" with status Degraded completed after 0.0027ms with message '"Server is still starting up."'
[2026-04-28 17:37:40.434 +01:00] [WRN] [17] Microsoft.Extensions.Diagnostics.HealthChecks.DefaultHealthCheckService: Health check "StartupCheck" with status Degraded completed after 0.0021ms with message '"Server is still starting up."'
[2026-04-28 17:37:41.150 +01:00] [INF] [10] Emby.Server.Implementations.ApplicationHost: Loading assemblies
[2026-04-28 17:37:41.160 +01:00] [INF] [10] Emby.Server.Implementations.Plugins.PluginManager: Loaded assembly "MetaBrainz.MusicBrainz.CoverArt, Version=6.0.0.0, Culture=neutral, PublicKeyToken=be12cbb629c03021" from "/config/data/plugins/Cover Art Archive_9.0.0.0/MetaBrainz.MusicBrainz.CoverArt.dll"
[2026-04-28 17:37:41.160 +01:00] [INF] [10] Emby.Server.Implementations.Plugins.PluginManager: Loaded assembly "Jellyfin.Plugin.CoverArtArchive, Version=9.0.0.0, Culture=neutral, PublicKeyToken=null" from "/config/data/plugins/Cover Art Archive_9.0.0.0/Jellyfin.Plugin.CoverArtArchive.dll"
[2026-04-28 17:37:41.160 +01:00] [INF] [10] Emby.Server.Implementations.Plugins.PluginManager: Loaded assembly "MetaBrainz.Common.Json, Version=6.0.0.0, Culture=neutral, PublicKeyToken=be12cbb629c03021" from "/config/data/plugins/Cover Art Archive_9.0.0.0/MetaBrainz.Common.Json.dll"
[2026-04-28 17:37:41.162 +01:00] [INF] [10] Emby.Server.Implementations.Plugins.PluginManager: Loaded assembly "Jellyfin.Plugin.TMDbBoxSets, Version=12.0.0.0, Culture=neutral, PublicKeyToken=null" from "/config/data/plugins/TMDb Box Sets_12.0.0.0/Jellyfin.Plugin.TMDbBoxSets.dll"
[2026-04-28 17:37:41.174 +01:00] [INF] [10] Jellyfin.Networking.Manager.NetworkManager: Defined LAN subnets: ["::1/128", "fe80::/10", "fc00::/7", "127.0.0.1/8", "10.0.0.0/8", "172.16.0.0/12", "192.168.0.0/16"]
[2026-04-28 17:37:41.174 +01:00] [INF] [10] Jellyfin.Networking.Manager.NetworkManager: Defined LAN exclusions: []
[2026-04-28 17:37:41.174 +01:00] [INF] [10] Jellyfin.Networking.Manager.NetworkManager: Used LAN subnets: ["::1/128", "fe80::/10", "fc00::/7", "127.0.0.1/8", "10.0.0.0/8", "172.16.0.0/12", "192.168.0.0/16"]
[2026-04-28 17:37:41.174 +01:00] [INF] [10] Jellyfin.Networking.Manager.NetworkManager: Filtered interface addresses: []
[2026-04-28 17:37:41.175 +01:00] [INF] [10] Jellyfin.Networking.Manager.NetworkManager: Bind Addresses ["::"]
[2026-04-28 17:37:41.175 +01:00] [INF] [10] Jellyfin.Networking.Manager.NetworkManager: Remote IP filter is "Allowlist"
[2026-04-28 17:37:41.175 +01:00] [INF] [10] Jellyfin.Networking.Manager.NetworkManager: Filtered subnets: []
[2026-04-28 17:37:41.232 +01:00] [INF] [10] Jellyfin.Database.Providers.Sqlite.SqliteDatabaseProvider: SQLite connection string: "Data Source=/config/data/data/jellyfin.db;Cache=Default;Default Timeout=30;Pooling=True"
[2026-04-28 17:37:41.232 +01:00] [INF] [10] Jellyfin.Database.Providers.Sqlite.SqliteDatabaseProvider: SQLITE connection pragma command set to: 
"PRAGMA locking_mode=NORMAL;
PRAGMA journal_size_limit=134217728;
PRAGMA synchronous=1;
PRAGMA temp_store=2;
"
[2026-04-28 17:37:41.232 +01:00] [INF] [10] Jellyfin.Database.Implementations.Locking.NoLockBehavior: The database locking mode has been set to: NoLock.
[2026-04-28 17:37:41.234 +01:00] [INF] [10] Main: Prepare system for possible migrations
[2026-04-28 17:37:41.247 +01:00] [INF] [10] Jellyfin.Server.Migrations.JellyfinMigrationService: There are 0 migrations for stage CoreInitialisation.
[2026-04-28 17:37:41.441 +01:00] [WRN] [16] Microsoft.Extensions.Diagnostics.HealthChecks.DefaultHealthCheckService: Health check "StartupCheck" with status Degraded completed after 0.0022ms with message '"Server is still starting up."'
[2026-04-28 17:37:41.463 +01:00] [INF] [10] Emby.Server.Implementations.Plugins.PluginManager: Loaded plugin: "Cover Art Archive" "9.0.0.0"
[2026-04-28 17:37:41.464 +01:00] [INF] [10] Emby.Server.Implementations.Plugins.PluginManager: Loaded plugin: "TMDb Box Sets" "12.0.0.0"
[2026-04-28 17:37:41.464 +01:00] [INF] [10] Emby.Server.Implementations.Plugins.PluginManager: Loaded plugin: "TMDb" "10.11.8.0"
[2026-04-28 17:37:41.464 +01:00] [INF] [10] Emby.Server.Implementations.Plugins.PluginManager: Loaded plugin: "Studio Images" "10.11.8.0"
[2026-04-28 17:37:41.464 +01:00] [INF] [10] Emby.Server.Implementations.Plugins.PluginManager: Loaded plugin: "OMDb" "10.11.8.0"
[2026-04-28 17:37:41.469 +01:00] [INF] [10] Emby.Server.Implementations.Plugins.PluginManager: Loaded plugin: "MusicBrainz" "10.11.8.0"
[2026-04-28 17:37:41.469 +01:00] [INF] [10] Emby.Server.Implementations.Plugins.PluginManager: Loaded plugin: "AudioDB" "10.11.8.0"
[2026-04-28 17:37:41.490 +01:00] [INF] [10] Jellyfin.Server.Migrations.JellyfinMigrationService: There are 0 migrations for stage AppInitialisation.
[2026-04-28 17:37:41.508 +01:00] [INF] [9] Main: Kestrel is listening on "all interfaces"
[2026-04-28 17:37:41.787 +01:00] [WRN] [9] Microsoft.AspNetCore.StaticFiles.StaticFileMiddleware: The WebRootPath was not found: "/run/s6-rc:s6-rc-init:ENggLg/servicedirs/svc-jellyfin/wwwroot". Static files may be unavailable.
[2026-04-28 17:37:41.805 +01:00] [INF] [9] Emby.Server.Implementations.ApplicationHost: Running startup tasks
[2026-04-28 17:37:41.805 +01:00] [INF] [16] Emby.Server.Implementations.IO.LibraryMonitor: Watching directory "/media_local/shows"
[2026-04-28 17:37:41.822 +01:00] [INF] [9] Emby.Server.Implementations.ScheduledTasks.TaskManager: Daily trigger for "Generate Trickplay Images" set to fire at 2026-04-29 03:00:00.000 +01:00, which is 09:22:18.1771702 from now.
[2026-04-28 17:37:41.831 +01:00] [INF] [9] Emby.Server.Implementations.ScheduledTasks.TaskManager: Daily trigger for "Extract Chapter Images" set to fire at 2026-04-29 02:00:00.000 +01:00, which is 08:22:18.1688343 from now.
[2026-04-28 17:37:41.860 +01:00] [INF] [10] Emby.Server.Implementations.IO.LibraryMonitor: Watching directory "/media_local/movies"
[2026-04-28 17:37:41.982 +01:00] [INF] [9] MediaBrowser.MediaEncoding.Encoder.MediaEncoder: Found ffmpeg version "7.1.3"
[2026-04-28 17:37:41.994 +01:00] [INF] [7] Emby.Server.Implementations.IO.LibraryMonitor: Watching directory "/movies"
[2026-04-28 17:37:42.004 +01:00] [INF] [9] MediaBrowser.MediaEncoding.Encoder.MediaEncoder: Available "decoders": ["libdav1d", "av1", "av1_cuvid", "av1_rkmpp", "h264", "h264_rkmpp", "h264_cuvid", "hevc", "hevc_rkmpp", "hevc_cuvid", "mpeg1_rkmpp", "mpeg2video", "mpeg2_rkmpp", "mpeg2_cuvid", "mpeg4", "mpeg4_rkmpp", "mpeg4_cuvid", "msmpeg4", "vc1_cuvid", "vp8", "vp8_rkmpp", "libvpx", "vp8_cuvid", "vp9", "vp9_rkmpp", "libvpx-vp9", "vp9_cuvid", "aac", "ac3", "ac4", "dca", "flac", "mp3", "truehd"]
[2026-04-28 17:37:42.012 +01:00] [INF] [9] MediaBrowser.MediaEncoding.Encoder.MediaEncoder: Available "encoders": ["libsvtav1", "av1_nvenc", "libx264", "h264_nvenc", "h264_v4l2m2m", "h264_rkmpp", "libx265", "hevc_nvenc", "hevc_rkmpp", "mjpeg_rkmpp", "aac", "libfdk_aac", "ac3", "alac", "dca", "flac", "libmp3lame", "libopus", "truehd", "libvorbis", "srt"]
[2026-04-28 17:37:42.020 +01:00] [INF] [9] MediaBrowser.MediaEncoding.Encoder.MediaEncoder: Available filters: ["bwdif_cuda", "bwdif_opencl", "hwupload_cuda", "overlay_opencl", "overlay_cuda", "overlay_rkrga", "scale_cuda", "scale_opencl", "scale_rkrga", "tonemapx", "tonemap_cuda", "tonemap_opencl", "transpose_cuda", "transpose_opencl", "vpp_rkrga", "yadif_cuda", "yadif_opencl", "zscale", "alphasrc"]
[2026-04-28 17:37:42.049 +01:00] [WRN] [9] MediaBrowser.MediaEncoding.Encoder.MediaEncoder: Filter: "overlay_vaapi" with option "Action to take when encountering EOF from secondary input" is not available
[2026-04-28 17:37:42.054 +01:00] [WRN] [9] MediaBrowser.MediaEncoding.Encoder.MediaEncoder: Filter: "overlay_vulkan" with option "Action to take when encountering EOF from secondary input" is not available
[2026-04-28 17:37:42.107 +01:00] [INF] [9] MediaBrowser.MediaEncoding.Encoder.MediaEncoder: Available hwaccel types: ["cuda", "drm", "opencl", "rkmpp"]
[2026-04-28 17:37:42.754 +01:00] [INF] [14] Emby.Server.Implementations.IO.LibraryMonitor: Watching directory "/shows"
[2026-04-28 17:37:42.852 +01:00] [ERR] [17] Emby.Server.Implementations.IO.LibraryMonitor: Error in Directory watcher for: "/audiobooks"
System.IO.PathTooLongException: The path '/audiobooks/The YouTube Formula [B09XY17D9S]' is too long, or a component of the specified path is too long.
   at System.IO.Enumeration.FileSystemEnumerator`1.MoveNext()
   at System.IO.FileSystemWatcher.RunningInstance.AddDirectoryWatchUnlocked(WatchedDirectory parent, String directoryName)
[2026-04-28 17:37:42.855 +01:00] [INF] [17] Emby.Server.Implementations.IO.LibraryMonitor: Stopping directory watching for path "/audiobooks"
[2026-04-28 17:37:42.947 +01:00] [INF] [17] Emby.Server.Implementations.IO.LibraryMonitor: Watching directory "/audiobooks"
[2026-04-28 17:37:44.857 +01:00] [INF] [14] Emby.Server.Implementations.ScheduledTasks.TaskManager: "Clean Transcode Directory" Completed after 0 minute(s) and 0 seconds
[2026-04-28 17:37:44.870 +01:00] [INF] [17] Emby.Server.Implementations.ScheduledTasks.Tasks.CleanupCollectionAndPlaylistPathsTask: Item in "Avatar Collection" cannot be found at "/movies/Avatar Fire And Ash (2025) [2160p] [4K] [WEB] [5.1] [YTS.BZ]/Avatar.Fire.And.Ash.2025.2160p.4K.WEB.x265.10bit.AAC5.1-[YTS.BZ].mkv"
[2026-04-28 17:37:44.870 +01:00] [INF] [17] Emby.Server.Implementations.ScheduledTasks.Tasks.CleanupCollectionAndPlaylistPathsTask: Item in "Avatar Collection" cannot be found at "/media_local/movies/Avatar.Fire.And.Ash.2025.2160p.AMZN.WEB-DL.DV.HDR10+.DDP5.1.Atmos.H265.MP4-BEN.THE.MEN/Avatar.Fire.And.Ash.2025.2160p.AMZN.WEB-DL.DV.HDR10+[Ben The Men].mp4"
[2026-04-28 17:37:45.177 +01:00] [INF] [17] Emby.Server.Implementations.ScheduledTasks.Tasks.CleanupCollectionAndPlaylistPathsTask: Item in "Before... Collection" cannot be found at "/movies/Before Midnight (2013) [1080p]/Before.Midnight.2013.1080p.BluRay.x264.YIFY.mp4"
[2026-04-28 17:37:45.178 +01:00] [INF] [17] Emby.Server.Implementations.ScheduledTasks.Tasks.CleanupCollectionAndPlaylistPathsTask: Item in "Before... Collection" cannot be found at "/movies/Before.Sunrise.1995.1080p.WEB-DL.H264-fiend [PublicHD]/Before.Sunrise.1995.1080p.WEB-DL.AAC2.0.h.264-fiend.mkv"
[2026-04-28 17:37:45.178 +01:00] [INF] [17] Emby.Server.Implementations.ScheduledTasks.Tasks.CleanupCollectionAndPlaylistPathsTask: Item in "Before... Collection" cannot be found at "/movies/Before.Sunset.2004.1080p.BluRay.x264-DEPTH[rarbg]/Before.Sunset.2004.1080p.BluRay.x264-DEPTH.mkv"
[2026-04-28 17:37:45.243 +01:00] [INF] [7] Emby.Server.Implementations.ScheduledTasks.Tasks.CleanupCollectionAndPlaylistPathsTask: Item in "Dune Collection" cannot be found at "/movies/Dune (2021) [2160p] [4K] [WEB] [HDR] [5.1] [YTS.MX]/Dune.2021.2160p.4K.WEB.x265.10bit.HDR.AAC5.1-[YTS.MX].mkv"
[2026-04-28 17:37:45.243 +01:00] [INF] [7] Emby.Server.Implementations.ScheduledTasks.Tasks.CleanupCollectionAndPlaylistPathsTask: Item in "Dune Collection" cannot be found at "/movies/Dune.Part.Two.2024.2160p.WEB-DL.DDP5.1.Atmos.DV.HDR.H.265-FLUX[TGx]/Dune.Part.Two.2024.2160p.WEB-DL.DDP5.1.Atmos.DV.HDR.H.265-FLUX.mkv"
[2026-04-28 17:37:45.355 +01:00] [INF] [7] Emby.Server.Implementations.ScheduledTasks.Tasks.CleanupCollectionAndPlaylistPathsTask: Item in "Gladiator Collection" cannot be found at "/movies/Gladiator.2000.Bluray.2160p.AV1.HDR10.OPUS.7.1-UH.mkv"
[2026-04-28 17:37:45.355 +01:00] [INF] [7] Emby.Server.Implementations.ScheduledTasks.Tasks.CleanupCollectionAndPlaylistPathsTask: Item in "Gladiator Collection" cannot be found at "/movies/Gladiator.II.2024.UHD.BluRay.2160p.TrueHD.Atmos.7.1.DV.HEVC.REMUX-FraMeSToR/Gladiator.II.2024.UHD.BluRay.2160p.TrueHD.Atmos.7.1.DV.HEVC.REMUX-FraMeSToR.mkv"
[2026-04-28 17:37:45.431 +01:00] [INF] [7] Emby.Server.Implementations.ScheduledTasks.Tasks.CleanupCollectionAndPlaylistPathsTask: Item in "The Godfather Collection" cannot be found at "/movies/The Godfather (1972) [2160p] [4K] [WEB] [5.1] [YTS.MX]/The.Godfather.1972.2160p.4K.WEB.x265.10bit.AAC5.1-[YTS.MX].mkv"
[2026-04-28 17:37:45.432 +01:00] [INF] [7] Emby.Server.Implementations.ScheduledTasks.Tasks.CleanupCollectionAndPlaylistPathsTask: Item in "The Godfather Collection" cannot be found at "/movies/The Godfather - Part II (1974) RM4K (1080p BluRay x265 HEVC 10bit AAC 5.1 Tigole)/The Godfather - Part II (1974) RM4K (1080p BluRay x265 10bit Tigole).mkv"
[2026-04-28 17:37:45.502 +01:00] [INF] [17] Emby.Server.Implementations.ScheduledTasks.Tasks.CleanupCollectionAndPlaylistPathsTask: Item in "Harry Potter Collection" cannot be found at "/movies/Harry.Potter.and.the.Chamber.of.Secrets.2002.THEATRICAL.2160p.UHD.BluRay.x265-DEPTH/Harry.Potter.and.the.Chamber.of.Secrets.2002.THEATRICAL.2160p.UHD.BluRay.x265-DEPTH.mkv"
[2026-04-28 17:37:45.503 +01:00] [INF] [17] Emby.Server.Implementations.ScheduledTasks.Tasks.CleanupCollectionAndPlaylistPathsTask: Item in "Harry Potter Collection" cannot be found at "/movies/Harry.Potter.and.the.Deathly.Hallows.Part.1.2010.2160p.MAX.WEB-DL.DDP.5.1.DV.HDR.H.265-PiRaTeS[TGx]/Harry.Potter.and.the.Deathly.Hallows.Part.1.2010.2160p.MAX.WEB-DL.DDP.5.1.DV.HDR.H.265-PiRaTeS.mkv"
[2026-04-28 17:37:45.504 +01:00] [INF] [17] Emby.Server.Implementations.ScheduledTasks.Tasks.CleanupCollectionAndPlaylistPathsTask: Item in "Harry Potter Collection" cannot be found at "/movies/Harry.Potter.and.the.Deathly.Hallows.Part.2.2011.2160p.MAX.WEB-DL.DDP.5.1.DV.HDR.H.265-PiRaTeS[TGx]/Harry.Potter.and.the.Deathly.Hallows.Part.2.2011.2160p.MAX.WEB-DL.DDP.5.1.DV.HDR.H.265-PiRaTeS.mkv"
[2026-04-28 17:37:45.504 +01:00] [INF] [17] Emby.Server.Implementations.ScheduledTasks.Tasks.CleanupCollectionAndPlaylistPathsTask: Item in "Harry Potter Collection" cannot be found at "/movies/Harry.Potter.and.the.Goblet.of.Fire.2005.2160p.UHD.BluRay.x265-DEPTH/Harry.Potter.and.the.Goblet.of.Fire.2005.2160p.UHD.BluRay.x265-DEPTH.mkv"
[2026-04-28 17:37:45.504 +01:00] [INF] [17] Emby.Server.Implementations.ScheduledTasks.Tasks.CleanupCollectionAndPlaylistPathsTask: Item in "Harry Potter Collection" cannot be found at "/movies/Harry.Potter.and.the.Half-Blood.Prince.2009.2160p.MAX.WEB-DL.DDP.5.1.DV.HDR.H.265-PiRaTeS[TGx]/Harry.Potter.and.the.Half-Blood.Prince.2009.2160p.MAX.WEB-DL.DDP.5.1.DV.HDR.H.265-PiRaTeS.mkv"
[2026-04-28 17:37:45.505 +01:00] [INF] [17] Emby.Server.Implementations.ScheduledTasks.Tasks.CleanupCollectionAndPlaylistPathsTask: Item in "Harry Potter Collection" cannot be found at "/movies/Harry.Potter.and.the.Order.of.the.Phoenix.2007.2160p.UHD.BluRay.x265-DEPTH/Harry.Potter.and.the.Order.of.the.Phoenix.2007.2160p.UHD.BluRay.x265-DEPTH.mkv"
[2026-04-28 17:37:45.505 +01:00] [INF] [17] Emby.Server.Implementations.ScheduledTasks.Tasks.CleanupCollectionAndPlaylistPathsTask: Item in "Harry Potter Collection" cannot be found at "/movies/Harry.Potter.and.the.Sorcerers.Stone.2001.2160p.UHD.BluRay.x265-TERMiNAL/harry.potter.and.the.sorcerers.stone.2001.2160p.uhd.bluray.x265-terminal.mkv"
[2026-04-28 17:37:45.505 +01:00] [INF] [17] Emby.Server.Implementations.ScheduledTasks.Tasks.CleanupCollectionAndPlaylistPathsTask: Item in "Harry Potter Collection" cannot be found at "/movies/Harry Potter And The Prisoner Of Azkaban (2004) [2160p] [4K] [BluRay] [5.1] [YTS.MX]/Harry.Potter.And.The.Prisoner.Of.Azkaban.2004.2160p.4K.BluRay.x265.10bit.AAC5.1-[YTS.MX].mkv"
[2026-04-28 17:37:45.614 +01:00] [INF] [17] Emby.Server.Implementations.ScheduledTasks.Tasks.CleanupCollectionAndPlaylistPathsTask: Item in "How to Train Your Dragon Collection" cannot be found at "/movies/How To Train Your Dragon (2010) [1080p]/How.To.Train.Your.Dragon.2010.1080p.BrRip.x264.YIFY.mp4"
[2026-04-28 17:37:45.614 +01:00] [INF] [17] Emby.Server.Implementations.ScheduledTasks.Tasks.CleanupCollectionAndPlaylistPathsTask: Item in "How to Train Your Dragon Collection" cannot be found at "/movies/How to Train Your Dragon 2 (2014) [1080p]/How.to.Train.Your.Dragon.2.2014.1080p.BluRay.x264.YIFY.mp4"
[2026-04-28 17:37:45.615 +01:00] [INF] [17] Emby.Server.Implementations.ScheduledTasks.Tasks.CleanupCollectionAndPlaylistPathsTask: Item in "How to Train Your Dragon Collection" cannot be found at "/movies/How To Train Your Dragon The Hidden World (2019) [BluRay] [1080p] [YTS.AM]/How.To.Train.Your.Dragon.The.Hidden.World.2019.1080p.BluRay.x264-[YTS.AM].mp4"
[2026-04-28 17:37:45.651 +01:00] [INF] [17] Emby.Server.Implementations.ScheduledTasks.Tasks.CleanupCollectionAndPlaylistPathsTask: Item in "The Human Condition Collection" cannot be found at "/movies/The Human Condition I No Greater Love (1959) [1080p] [BluRay] [YTS.MX]/The.Human.Condition.I.No.Greater.Love.1959.1080p.BluRay.x264.AAC-[YTS.MX].mp4"
[2026-04-28 17:37:45.651 +01:00] [INF] [17] Emby.Server.Implementations.ScheduledTasks.Tasks.CleanupCollectionAndPlaylistPathsTask: Item in "The Human Condition Collection" cannot be found at "/movies/The Human Condition II Road To Eternity (1959) [1080p] [BluRay] [YTS.MX]/The.Human.Condition.II.Road.To.Eternity.1959.1080p.BluRay.x264.AAC-[YTS.MX].mp4"
[2026-04-28 17:37:45.651 +01:00] [INF] [17] Emby.Server.Implementations.ScheduledTasks.Tasks.CleanupCollectionAndPlaylistPathsTask: Item in "The Human Condition Collection" cannot be found at "/movies/The Human Condition III A Soldier's Prayer (1961) [1080p] [BluRay] [YTS.MX]/The.Human.Condition.III.A.Soldier's.Prayer.1961.1080p.BluRay.x264.AAC-[YTS.MX].mp4"
[2026-04-28 17:37:45.673 +01:00] [INF] [26] Emby.Server.Implementations.ScheduledTasks.Tasks.CleanupCollectionAndPlaylistPathsTask: Item in "The Hunger Games Collection" cannot be found at "/movies/The Hunger Games (2012) [1080p]/The.Hunger.Games.1080p.BluRay.x264.YIFY.mp4"
[2026-04-28 17:37:45.673 +01:00] [INF] [26] Emby.Server.Implementations.ScheduledTasks.Tasks.CleanupCollectionAndPlaylistPathsTask: Item in "The Hunger Games Collection" cannot be found at "/movies/The Hunger Games Catching Fire (2013) [1080p]/The.Hunger.Games.Catching.Fire.2013.1080p.BluRay.x264.YIFY.mp4"
[2026-04-28 17:37:45.673 +01:00] [INF] [26] Emby.Server.Implementations.ScheduledTasks.Tasks.CleanupCollectionAndPlaylistPathsTask: Item in "The Hunger Games Collection" cannot be found at "/movies/The Hunger.Games.Mockingjay.Part.1.2014.Multi.2160p.UHD.BluRay.x265.HDR.Atmos.7.1.[En+Hi]-DTOne/The.Hunger.Games.Mockingjay.Part.1.2014.Multi.2160p.UHD.BluRay.x265.HDR.Atmos.7.1.[En+Hi]-DTOne.mkv"
[2026-04-28 17:37:45.673 +01:00] [INF] [26] Emby.Server.Implementations.ScheduledTasks.Tasks.CleanupCollectionAndPlaylistPathsTask: Item in "The Hunger Games Collection" cannot be found at "/movies/The Hunger.Games.Mockingjay.Part.2.2015.2160p.UHD.BluRay.x265.HDR.Atmos.7.1.[En+Hi]-DTOne/The.Hunger.Games.Mockingjay.Part.2.2015.2160p.UHD.BluRay.x265.HDR.Atmos.7.1.[En+Hi]-DTOne.mkv"
[2026-04-28 17:37:45.726 +01:00] [INF] [26] Emby.Server.Implementations.ScheduledTasks.Tasks.CleanupCollectionAndPlaylistPathsTask: Item in "James Bond Collection" cannot be found at "/movies/007.James.Bond.Complete.Set.1962-2015.1080p.BluRay.x264-ETRG/Casino Royale (2006) [2160p] [4K] [BluRay] [5.1] [YTS.MX]/Casino.Royale.2006.2160p.4K.BluRay.x265.10bit.AAC5.1-[YTS.MX].mkv"
[2026-04-28 17:37:45.726 +01:00] [INF] [26] Emby.Server.Implementations.ScheduledTasks.Tasks.CleanupCollectionAndPlaylistPathsTask: Item in "James Bond Collection" cannot be found at "/movies/007.James.Bond.Complete.Set.1962-2015.1080p.BluRay.x264-ETRG/7.Diamonds.Are.Forever.1971/Diamonds.Are.Forever.1971.1080p.BluRay.x264.AAC-ETRG.mp4"
[2026-04-28 17:37:45.726 +01:00] [INF] [26] Emby.Server.Implementations.ScheduledTasks.Tasks.CleanupCollectionAndPlaylistPathsTask: Item in "James Bond Collection" cannot be found at "/movies/007.James.Bond.Complete.Set.1962-2015.1080p.BluRay.x264-ETRG/Die Another Day (2002) [2160p] [4K] [WEB] [5.1] [YTS.MX]/Die.Another.Day.2002.2160p.4K.WEB.x265.10bit.AAC5.1-[YTS.MX].mkv"
[2026-04-28 17:37:45.726 +01:00] [INF] [26] Emby.Server.Implementations.ScheduledTasks.Tasks.CleanupCollectionAndPlaylistPathsTask: Item in "James Bond Collection" cannot be found at "/movies/007.James.Bond.Complete.Set.1962-2015.1080p.BluRay.x264-ETRG/1.Dr. No.1962/DR.No.1962.1080p.BluRay.x264.AC3-Ozlem.mp4"
[2026-04-28 17:37:45.727 +01:00] [INF] [26] Emby.Server.Implementations.ScheduledTasks.Tasks.CleanupCollectionAndPlaylistPathsTask: Item in "James Bond Collection" cannot be found at "/movies/007.James.Bond.Complete.Set.1962-2015.1080p.BluRay.x264-ETRG/12.For.Your.Eyes.Only.1981/007.James.Bond.For.Your.Eyes.Only.1981.1080p.BluRay.x264.AC3-Ozlem.mp4"
[2026-04-28 17:37:45.727 +01:00] [INF] [26] Emby.Server.Implementations.ScheduledTasks.Tasks.CleanupCollectionAndPlaylistPathsTask: Item in "James Bond Collection" cannot be found at "/movies/007.James.Bond.Complete.Set.1962-2015.1080p.BluRay.x264-ETRG/2.From.Russia.With.Love.1963/From.Russia.With.Love.1963.1080p.BluRay.x264.AC3-Ozlem.mp4"
[2026-04-28 17:37:45.727 +01:00] [INF] [26] Emby.Server.Implementations.ScheduledTasks.Tasks.CleanupCollectionAndPlaylistPathsTask: Item in "James Bond Collection" cannot be found at "/movies/007.James.Bond.Complete.Set.1962-2015.1080p.BluRay.x264-ETRG/18.GoldenEye.1995/GoldenEye.1995.1080p.BluRay.x264.AAC-Ozlem.mp4"
[2026-04-28 17:37:45.727 +01:00] [INF] [26] Emby.Server.Implementations.ScheduledTasks.Tasks.CleanupCollectionAndPlaylistPathsTask: Item in "James Bond Collection" cannot be found at "/movies/007.James.Bond.Complete.Set.1962-2015.1080p.BluRay.x264-ETRG/3.Goldfinger.1964/007.James.Bond.Goldfinger.1964.1080p.BluRay.x264.AC3-Ozlem.mp4"
[2026-04-28 17:37:45.729 +01:00] [INF] [26] Emby.Server.Implementations.ScheduledTasks.Tasks.CleanupCollectionAndPlaylistPathsTask: Item in "James Bond Collection" cannot be found at "/movies/007.James.Bond.Complete.Set.1962-2015.1080p.BluRay.x264-ETRG/17.Licence.to.Kill.1989/007.James.Bond.Licence.to.Kill.1989.1080p.BluRay.x264.AAC-Ozlem.mp4"
[2026-04-28 17:37:45.729 +01:00] [INF] [26] Emby.Server.Implementations.ScheduledTasks.Tasks.CleanupCollectionAndPlaylistPathsTask: Item in "James Bond Collection" cannot be found at "/movies/007.James.Bond.Complete.Set.1962-2015.1080p.BluRay.x264-ETRG/8.Live.and.Let.Die.1973/007.James.Bond.Live.and.Let.Die.1973.1080p.BluRay.x264.AC3-Ozlem.mp4"
[2026-04-28 17:37:45.729 +01:00] [INF] [26] Emby.Server.Implementations.ScheduledTasks.Tasks.CleanupCollectionAndPlaylistPathsTask: Item in "James Bond Collection" cannot be found at "/movies/007.James.Bond.Complete.Set.1962-2015.1080p.BluRay.x264-ETRG/16.The.Living.Daylights.1987/007.James.Bond.The.Living.Daylights.1987.1080p.BluRay.x264.AAC-Ozlem.mp4"
[2026-04-28 17:37:45.729 +01:00] [INF] [26] Emby.Server.Implementations.ScheduledTasks.Tasks.CleanupCollectionAndPlaylistPathsTask: Item in "James Bond Collection" cannot be found at "/movies/007.James.Bond.Complete.Set.1962-2015.1080p.BluRay.x264-ETRG/9.The.Man.with.the.Golden.Gun.1974/007.James.Bond.The.with.the.Golden.Gun.1974.1080p.BluRay.x264.AC3-Ozlem.mp4"
[2026-04-28 17:37:45.730 +01:00] [INF] [26] Emby.Server.Implementations.ScheduledTasks.Tasks.CleanupCollectionAndPlaylistPathsTask: Item in "James Bond Collection" cannot be found at "/movies/007.James.Bond.Complete.Set.1962-2015.1080p.BluRay.x264-ETRG/11.Moonraker.1979/007.James.Bond.Moonraker.1979.1080p.BluRay.x264.AC3-Ozlem.mp4"
[2026-04-28 17:37:45.730 +01:00] [INF] [26] Emby.Server.Implementations.ScheduledTasks.Tasks.CleanupCollectionAndPlaylistPathsTask: Item in "James Bond Collection" cannot be found at "/movies/007.James.Bond.Complete.Set.1962-2015.1080p.BluRay.x264-ETRG/13.Never.Say.Never.Again.1983/007.James.Bond.Never.Say.Never.Again.1983.1080p.BluRay.x264.AC3-Ozlem.mp4"
[2026-04-28 17:37:45.730 +01:00] [INF] [26] Emby.Server.Implementations.ScheduledTasks.Tasks.CleanupCollectionAndPlaylistPathsTask: Item in "James Bond Collection" cannot be found at "/movies/007.James.Bond.Complete.Set.1962-2015.1080p.BluRay.x264-ETRG/No.Time.to.Die.2021.2160p.WEB-DL.DDP5.1.Atmos.HDR.HEVC-EVO[TGx]/No.Time.to.Die.2021.2160p.WEB-DL.DDP5.1.Atmos.HDR.HEVC-EVO.mkv"
[2026-04-28 17:37:45.730 +01:00] [INF] [26] Emby.Server.Implementations.ScheduledTasks.Tasks.CleanupCollectionAndPlaylistPathsTask: Item in "James Bond Collection" cannot be found at "/movies/007.James.Bond.Complete.Set.1962-2015.1080p.BluRay.x264-ETRG/14.Octopussy.1983/James.Bond.007.Octopussy.1983.1080p.BluRay.x264.AAC-Ozlem.mp4"
[2026-04-28 17:37:45.730 +01:00] [INF] [26] Emby.Server.Implementations.ScheduledTasks.Tasks.CleanupCollectionAndPlaylistPathsTask: Item in "James Bond Collection" cannot be found at "/movies/007.James.Bond.Complete.Set.1962-2015.1080p.BluRay.x264-ETRG/6.On.Her.Majesty's.Secret.Service.1969/007.James.Bond.On.Her.Majesty's.Secret.Service.1969.1080p.BluRay.x264.AC3-Ozlem.mp4"
[2026-04-28 17:37:45.730 +01:00] [INF] [26] Emby.Server.Implementations.ScheduledTasks.Tasks.CleanupCollectionAndPlaylistPathsTask: Item in "James Bond Collection" cannot be found at "/movies/007.James.Bond.Complete.Set.1962-2015.1080p.BluRay.x264-ETRG/Quantum Of Solace (2008) [2160p] [4K] [BluRay] [5.1] [YTS.MX]/Quantum.Of.Solace.2008.2160p.4K.BluRay.x265.10bit.AAC5.1-[YTS.MX].mkv"
[2026-04-28 17:37:45.731 +01:00] [INF] [26] Emby.Server.Implementations.ScheduledTasks.Tasks.CleanupCollectionAndPlaylistPathsTask: Item in "James Bond Collection" cannot be found at "/movies/007.James.Bond.Complete.Set.1962-2015.1080p.BluRay.x264-ETRG/Skyfall (2012) [2160p] [4K] [BluRay] [5.1] [YTS.MX]/Skyfall.2012.2160p.4K.BluRay.x265.10bit.AAC5.1-[YTS.MX].mkv"
[2026-04-28 17:37:45.731 +01:00] [INF] [26] Emby.Server.Implementations.ScheduledTasks.Tasks.CleanupCollectionAndPlaylistPathsTask: Item in "James Bond Collection" cannot be found at "/movies/007.James.Bond.Complete.Set.1962-2015.1080p.BluRay.x264-ETRG/Spectre (2015) [2160p] [4K] [BluRay] [5.1] [YTS.MX]/Spectre.2015.2160p.4K.BluRay.x265.10bit.AAC5.1-[YTS.MX].mkv"
[2026-04-28 17:37:45.731 +01:00] [INF] [26] Emby.Server.Implementations.ScheduledTasks.Tasks.CleanupCollectionAndPlaylistPathsTask: Item in "James Bond Collection" cannot be found at "/movies/007.James.Bond.Complete.Set.1962-2015.1080p.BluRay.x264-ETRG/10.The.Spy.Who.Loved.Me.1977/007.James.Bond.The.Spy.Who.Loved.Me.1977.1080p.BluRay.x264.AC3-Ozlem.mp4"
[2026-04-28 17:37:45.731 +01:00] [INF] [26] Emby.Server.Implementations.ScheduledTasks.Tasks.CleanupCollectionAndPlaylistPathsTask: Item in "James Bond Collection" cannot be found at "/movies/007.James.Bond.Complete.Set.1962-2015.1080p.BluRay.x264-ETRG/4.Thunderball.1965/007.James.Bond.Thunderball.1965.1080p.BluRay.x264.AC3-Ozlem.mp4"
[2026-04-28 17:37:45.731 +01:00] [INF] [26] Emby.Server.Implementations.ScheduledTasks.Tasks.CleanupCollectionAndPlaylistPathsTask: Item in "James Bond Collection" cannot be found at "/movies/007.James.Bond.Complete.Set.1962-2015.1080p.BluRay.x264-ETRG/19.Tomorrow.Never.Dies.1997/007.James.Bond.Tomorrow.Never.Dies.1997.1080p.BluRay.x264.AAC-Ozlem.mp4"
[2026-04-28 17:37:45.731 +01:00] [INF] [26] Emby.Server.Implementations.ScheduledTasks.Tasks.CleanupCollectionAndPlaylistPathsTask: Item in "James Bond Collection" cannot be found at "/movies/007.James.Bond.Complete.Set.1962-2015.1080p.BluRay.x264-ETRG/15.A.View.to.a.Kill.1985/007.James.Bond.A.View.to.a.Kill.1985.1080p.BluRay.x264.AAC-Ozlem.mp4"
[2026-04-28 17:37:45.732 +01:00] [INF] [26] Emby.Server.Implementations.ScheduledTasks.Tasks.CleanupCollectionAndPlaylistPathsTask: Item in "James Bond Collection" cannot be found at "/movies/007.James.Bond.Complete.Set.1962-2015.1080p.BluRay.x264-ETRG/20.The.World.Is.Not.Enough.1999/The.World.Is.Not.Enough.1999.1080p.BluRay.x264.AAC-Ozlem.mp4"
[2026-04-28 17:37:45.732 +01:00] [INF] [26] Emby.Server.Implementations.ScheduledTasks.Tasks.CleanupCollectionAndPlaylistPathsTask: Item in "James Bond Collection" cannot be found at "/movies/007.James.Bond.Complete.Set.1962-2015.1080p.BluRay.x264-ETRG/5.You.Only.Live.Twice.1967/You.Only.Live.Twice.1967.1080p.BluRay.x264.AC3-Ozlem.mp4"
[2026-04-28 17:37:45.766 +01:00] [INF] [26] Emby.Server.Implementations.ScheduledTasks.Tasks.CleanupCollectionAndPlaylistPathsTask: Item in "Joker Collection" cannot be found at "/movies/Joker 2019 UHD 4K BluRay 2160p DoVi HDR10 TrueHD 7.1 Atmos H.265-MgB/Joker 2019 UHD 4K BluRay 2160p DoVi HDR10 TrueHD 7.1 Atmos H.265-MgB.mkv"
[2026-04-28 17:37:45.766 +01:00] [INF] [26] Emby.Server.Implementations.ScheduledTasks.Tasks.CleanupCollectionAndPlaylistPathsTask: Item in "Joker Collection" cannot be found at "/movies/Joker 2019 UHD 4K BluRay 2160p DoVi HDR10 TrueHD 7.1 Atmos H.265-MgB/Sample,Screens/Joker 2019 UHD 4K BluRay 2160p DoVi HDR10 TrueHD 7.1 Atmos H.265-MgB (Sample).mkv"
[2026-04-28 17:37:45.880 +01:00] [INF] [26] Emby.Server.Implementations.ScheduledTasks.Tasks.CleanupCollectionAndPlaylistPathsTask: Item in "Kill Bill Collection" cannot be found at "/movies/Kill Bill Vol 1 (2003) [1080p]/Kill.Bill.Vol.1.2003.1080p.BrRIp.x264.YIFY.mp4"
[2026-04-28 17:37:45.881 +01:00] [INF] [26] Emby.Server.Implementations.ScheduledTasks.Tasks.CleanupCollectionAndPlaylistPathsTask: Item in "Kill Bill Collection" cannot be found at "/movies/Kill Bill Vol 2 (2004) [1080p]/Kill.Bill.Vol.2.2004.1080p.BrRIp.x264.YIFY.mp4"
[2026-04-28 17:37:45.963 +01:00] [INF] [7] Emby.Server.Implementations.ScheduledTasks.Tasks.CleanupCollectionAndPlaylistPathsTask: Item in "Sex and the City Collection" cannot be found at "/movies/Sex.and.the.City.2008.TUBI.WEB-DL.AAC.2.0.H.264-PiRaTeS[TGx]/Sex.and.the.City.2008.TUBI.WEB-DL.AAC.2.0.H.264-PiRaTeS.mkv"
[2026-04-28 17:37:45.964 +01:00] [INF] [7] Emby.Server.Implementations.ScheduledTasks.Tasks.CleanupCollectionAndPlaylistPathsTask: Item in "Sex and the City Collection" cannot be found at "/movies/Sex and the City 2 (2010) [1080p]/Sex.and.the.City.2.2010.1080p.BrRip.x264.YIFY.mp4"
[2026-04-28 17:37:45.999 +01:00] [INF] [16] Emby.Server.Implementations.ScheduledTasks.Tasks.CleanupCollectionAndPlaylistPathsTask: Item in "Spider-Man: Spider-Verse Collection" cannot be found at "/movies/Spider-Man Across The Spider-Verse (2023) [2160p] [4K] [WEB] [5.1] [YTS.MX]/Spider-Man.Across.The.Spider-Verse.2023.2160p.4K.WEB.x265.10bit.AAC5.1-[YTS.MX].mkv"
[2026-04-28 17:37:45.999 +01:00] [INF] [16] Emby.Server.Implementations.ScheduledTasks.Tasks.CleanupCollectionAndPlaylistPathsTask: Item in "Spider-Man: Spider-Verse Collection" cannot be found at "/movies/Spider-Man Into The Spider-Verse (2018) [2160p] [4K] [BluRay] [5.1] [YTS.MX]/Spider-Man.Into.The.Spider-Verse.2018.2160p.4K.BluRay.x265.10bit.AAC5.1-[YTS.MX].mkv"
[2026-04-28 17:37:46.012 +01:00] [INF] [26] Emby.Server.Implementations.ScheduledTasks.TaskManager: "Update Plugins" Completed after 0 minute(s) and 1 seconds
[2026-04-28 17:37:46.129 +01:00] [INF] [16] Emby.Server.Implementations.ScheduledTasks.Tasks.CleanupCollectionAndPlaylistPathsTask: Item in "Three Colors Collection" cannot be found at "/movies/Three Colors - Blue (1993) Criterion (1080p BluRay x265 HEVC 10bit AAC 2.0 French Tigole)/Three Colors - Blue (1993) Criterion (1080p x265 10bit Tigole).mkv"
[2026-04-28 17:37:46.130 +01:00] [INF] [16] Emby.Server.Implementations.ScheduledTasks.Tasks.CleanupCollectionAndPlaylistPathsTask: Item in "Three Colors Collection" cannot be found at "/movies/Three Colors Red (1994) [2160p] [4K] [BluRay] [5.1] [YTS.MX]/Three.Colors.Red.1994.2160p.4K.BluRay.x265.10bit.AAC5.1-[YTS.MX].mkv"
[2026-04-28 17:37:46.130 +01:00] [INF] [16] Emby.Server.Implementations.ScheduledTasks.Tasks.CleanupCollectionAndPlaylistPathsTask: Item in "Three Colors Collection" cannot be found at "/movies/Three Colors White (1994) [BluRay] [1080p] [YTS.AM]/Three.Colors.White.1994.1080p.BluRay.x264-[YTS.AM].mp4"
[2026-04-28 17:37:46.157 +01:00] [INF] [16] Emby.Server.Implementations.ScheduledTasks.Tasks.CleanupCollectionAndPlaylistPathsTask: Item in "World of Tomorrow Collection" cannot be found at "/movies/World of Tomorrow - The First Three Episodes (2015) (1080p BluRay x265 HEVC 10bit AAC 2.0 afm72)/World of Tomorrow (2015) (1080p BluRay x265 afm72).mkv"
[2026-04-28 17:37:46.157 +01:00] [INF] [16] Emby.Server.Implementations.ScheduledTasks.Tasks.CleanupCollectionAndPlaylistPathsTask: Item in "World of Tomorrow Collection" cannot be found at "/movies/World of Tomorrow - The First Three Episodes (2015) (1080p BluRay x265 HEVC 10bit AAC 2.0 afm72)/Episode Three - The Absent Destinations of David Prime (2020)  (1080p BluRay x265 afm72).mkv"
[2026-04-28 17:37:46.157 +01:00] [INF] [16] Emby.Server.Implementations.ScheduledTasks.Tasks.CleanupCollectionAndPlaylistPathsTask: Item in "World of Tomorrow Collection" cannot be found at "/movies/World of Tomorrow - The First Three Episodes (2015) (1080p BluRay x265 HEVC 10bit AAC 2.0 afm72)/Episode Two - The Burden of Other People's Thoughts (2017) (1080p BluRay x265 afm72).mkv"
[2026-04-28 17:37:46.182 +01:00] [INF] [16] Emby.Server.Implementations.ScheduledTasks.TaskManager: "Clean up collections and playlists" Completed after 0 minute(s) and 1 seconds
[2026-04-28 17:37:51.192 +01:00] [INF] [9] MediaBrowser.MediaEncoding.Encoder.MediaEncoder: FFmpeg: "/usr/lib/jellyfin-ffmpeg/ffmpeg"
[2026-04-28 17:37:51.193 +01:00] [INF] [9] Emby.Server.Implementations.ApplicationHost: ServerId: "e52bfaac3d6d4d919b57f5dab6e1f580"
[2026-04-28 17:37:51.193 +01:00] [INF] [9] Emby.Server.Implementations.ApplicationHost: Core startup complete
[2026-04-28 17:37:51.193 +01:00] [INF] [9] Main: Startup complete 0:00:25.8123012
[2026-04-28 17:37:52.450 +01:00] [INF] [16] Jellyfin.Api.Auth.CustomAuthenticationHandler: "CustomAuthentication" was not authenticated. Failure message: "Invalid token."
[2026-04-28 17:37:52.452 +01:00] [INF] [16] Jellyfin.Api.Auth.CustomAuthenticationHandler: "CustomAuthentication" was not authenticated. Failure message: "Invalid token."
[2026-04-28 17:37:52.455 +01:00] [INF] [16] Jellyfin.Api.Auth.CustomAuthenticationHandler: AuthenticationScheme: "CustomAuthentication" was challenged.
[2026-04-28 17:37:55.136 +01:00] [INF] [26] Jellyfin.Server.Implementations.Users.UserManager: Authentication request for "bill" has succeeded.
[2026-04-28 17:37:55.137 +01:00] [INF] [26] Emby.Server.Implementations.Session.SessionManager: Current/Max sessions for user "bill": 0/0
[2026-04-28 17:37:55.137 +01:00] [INF] [26] Emby.Server.Implementations.Session.SessionManager: Logging out access token "4637f124cf0648c1a90426fe633614c3"
[2026-04-28 17:37:55.143 +01:00] [INF] [26] Emby.Server.Implementations.Session.SessionManager: Creating new access token for user dd66cf8d-c616-4ca1-b2c2-6df5ba8890ef
[2026-04-28 17:38:00.110 +01:00] [INF] [9] Jellyfin.Server.Implementations.Users.UserManager: Authentication request for "bill" has succeeded.
[2026-04-28 17:38:00.110 +01:00] [INF] [9] Emby.Server.Implementations.Session.SessionManager: Current/Max sessions for user "bill": 1/0
[2026-04-28 17:38:00.110 +01:00] [INF] [9] Emby.Server.Implementations.Session.SessionManager: Logging out access token "d227ab072ab544d4844c1f8a1d9b915e"
[2026-04-28 17:38:00.113 +01:00] [INF] [9] Emby.Server.Implementations.Session.SessionManager: Creating new access token for user dd66cf8d-c616-4ca1-b2c2-6df5ba8890ef
[2026-04-28 17:38:05.085 +01:00] [INF] [9] Jellyfin.Server.Implementations.Users.UserManager: Authentication request for "bill" has succeeded.
[2026-04-28 17:38:05.085 +01:00] [INF] [9] Emby.Server.Implementations.Session.SessionManager: Current/Max sessions for user "bill": 1/0
[2026-04-28 17:38:05.085 +01:00] [INF] [9] Emby.Server.Implementations.Session.SessionManager: Logging out access token "a0c47500255a437a8fd032bc5ea06c8b"
[2026-04-28 17:38:05.088 +01:00] [INF] [9] Emby.Server.Implementations.Session.SessionManager: Creating new access token for user dd66cf8d-c616-4ca1-b2c2-6df5ba8890ef
[2026-04-28 17:38:10.083 +01:00] [INF] [16] Jellyfin.Server.Implementations.Users.UserManager: Authentication request for "bill" has succeeded.
[2026-04-28 17:38:10.083 +01:00] [INF] [16] Emby.Server.Implementations.Session.SessionManager: Current/Max sessions for user "bill": 1/0
[2026-04-28 17:38:10.083 +01:00] [INF] [16] Emby.Server.Implementations.Session.SessionManager: Logging out access token "699a3e41e78e4f75b1f75acb96dac8b5"
[2026-04-28 17:38:10.087 +01:00] [INF] [16] Emby.Server.Implementations.Session.SessionManager: Creating new access token for user dd66cf8d-c616-4ca1-b2c2-6df5ba8890ef
[2026-04-28 17:38:13.841 +01:00] [INF] [26] Jellyfin.Server.Implementations.Users.UserManager: Authentication request for "bill" has succeeded.
[2026-04-28 17:38:13.841 +01:00] [INF] [26] Emby.Server.Implementations.Session.SessionManager: Current/Max sessions for user "bill": 1/0
[2026-04-28 17:38:13.841 +01:00] [INF] [26] Emby.Server.Implementations.Session.SessionManager: Logging out access token "4a8c759de5954c57957c3f45939f9f6c"
[2026-04-28 17:38:13.844 +01:00] [INF] [26] Emby.Server.Implementations.Session.SessionManager: Creating new access token for user dd66cf8d-c616-4ca1-b2c2-6df5ba8890ef
[2026-04-28 17:38:15.082 +01:00] [INF] [16] Jellyfin.Server.Implementations.Users.UserManager: Authentication request for "bill" has succeeded.
[2026-04-28 17:38:15.082 +01:00] [INF] [16] Emby.Server.Implementations.Session.SessionManager: Current/Max sessions for user "bill": 1/0
[2026-04-28 17:38:15.082 +01:00] [INF] [16] Emby.Server.Implementations.Session.SessionManager: Logging out access token "75e2e7f8fbee4bd78af26cd375c0e66b"
[2026-04-28 17:38:15.085 +01:00] [INF] [16] Emby.Server.Implementations.Session.SessionManager: Creating new access token for user dd66cf8d-c616-4ca1-b2c2-6df5ba8890ef
[2026-04-28 17:38:20.083 +01:00] [INF] [16] Jellyfin.Server.Implementations.Users.UserManager: Authentication request for "bill" has succeeded.
[2026-04-28 17:38:20.083 +01:00] [INF] [16] Emby.Server.Implementations.Session.SessionManager: Current/Max sessions for user "bill": 1/0
[2026-04-28 17:38:20.083 +01:00] [INF] [16] Emby.Server.Implementations.Session.SessionManager: Logging out access token "38ba84b05bf74d3eb269e850ad508256"
[2026-04-28 17:38:20.086 +01:00] [INF] [16] Emby.Server.Implementations.Session.SessionManager: Creating new access token for user dd66cf8d-c616-4ca1-b2c2-6df5ba8890ef
[2026-04-28 17:38:25.089 +01:00] [INF] [31] Jellyfin.Server.Implementations.Users.UserManager: Authentication request for "bill" has succeeded.
[2026-04-28 17:38:25.089 +01:00] [INF] [31] Emby.Server.Implementations.Session.SessionManager: Current/Max sessions for user "bill": 1/0
[2026-04-28 17:38:25.089 +01:00] [INF] [31] Emby.Server.Implementations.Session.SessionManager: Logging out access token "13667ce6a4a24226ac942eabb868f1b1"
[2026-04-28 17:38:25.091 +01:00] [INF] [31] Emby.Server.Implementations.Session.SessionManager: Creating new access token for user dd66cf8d-c616-4ca1-b2c2-6df5ba8890ef
[2026-04-28 17:38:30.116 +01:00] [INF] [16] Jellyfin.Server.Implementations.Users.UserManager: Authentication request for "bill" has succeeded.
[2026-04-28 17:38:30.116 +01:00] [INF] [16] Emby.Server.Implementations.Session.SessionManager: Current/Max sessions for user "bill": 1/0
[2026-04-28 17:38:30.116 +01:00] [INF] [16] Emby.Server.Implementations.Session.SessionManager: Logging out access token "1d4f3f4562a9434eb9ef33566a43a6e4"
[2026-04-28 17:38:30.118 +01:00] [INF] [16] Emby.Server.Implementations.Session.SessionManager: Creating new access token for user dd66cf8d-c616-4ca1-b2c2-6df5ba8890ef
[2026-04-28 17:38:35.086 +01:00] [INF] [31] Jellyfin.Server.Implementations.Users.UserManager: Authentication request for "bill" has succeeded.
[2026-04-28 17:38:35.086 +01:00] [INF] [31] Emby.Server.Implementations.Session.SessionManager: Current/Max sessions for user "bill": 1/0
[2026-04-28 17:38:35.086 +01:00] [INF] [31] Emby.Server.Implementations.Session.SessionManager: Logging out access token "6271fb1548844d0387084b8714e33431"
[2026-04-28 17:38:35.088 +01:00] [INF] [31] Emby.Server.Implementations.Session.SessionManager: Creating new access token for user dd66cf8d-c616-4ca1-b2c2-6df5ba8890ef
[2026-04-28 17:38:40.083 +01:00] [INF] [30] Jellyfin.Server.Implementations.Users.UserManager: Authentication request for "bill" has succeeded.
[2026-04-28 17:38:40.083 +01:00] [INF] [30] Emby.Server.Implementations.Session.SessionManager: Current/Max sessions for user "bill": 1/0
[2026-04-28 17:38:40.083 +01:00] [INF] [30] Emby.Server.Implementations.Session.SessionManager: Logging out access token "f96584c3500b4acc8633569c8e2b11ab"
[2026-04-28 17:38:40.085 +01:00] [INF] [30] Emby.Server.Implementations.Session.SessionManager: Creating new access token for user dd66cf8d-c616-4ca1-b2c2-6df5ba8890ef
[2026-04-28 17:38:45.095 +01:00] [INF] [30] Jellyfin.Server.Implementations.Users.UserManager: Authentication request for "bill" has succeeded.
[2026-04-28 17:38:45.095 +01:00] [INF] [30] Emby.Server.Implementations.Session.SessionManager: Current/Max sessions for user "bill": 1/0
[2026-04-28 17:38:45.095 +01:00] [INF] [30] Emby.Server.Implementations.Session.SessionManager: Logging out access token "f8aa1cfcdb774b3181ff14a94b23f974"
[2026-04-28 17:38:45.097 +01:00] [INF] [30] Emby.Server.Implementations.Session.SessionManager: Creating new access token for user dd66cf8d-c616-4ca1-b2c2-6df5ba8890ef
[2026-04-28 17:38:50.097 +01:00] [INF] [16] Jellyfin.Server.Implementations.Users.UserManager: Authentication request for "bill" has succeeded.
[2026-04-28 17:38:50.097 +01:00] [INF] [16] Emby.Server.Implementations.Session.SessionManager: Current/Max sessions for user "bill": 1/0
[2026-04-28 17:38:50.097 +01:00] [INF] [16] Emby.Server.Implementations.Session.SessionManager: Logging out access token "699d656fed75452f9c1a7d85a8da4b38"
[2026-04-28 17:38:50.099 +01:00] [INF] [16] Emby.Server.Implementations.Session.SessionManager: Creating new access token for user dd66cf8d-c616-4ca1-b2c2-6df5ba8890ef
[2026-04-28 17:38:52.383 +01:00] [WRN] [31] Jellyfin.Networking.Manager.NetworkManager: "::ffff:192.168.65.1": Only loopback "::1" returned, using that as bind address.
[2026-04-28 17:38:52.439 +01:00] [INF] [31] Jellyfin.Api.Auth.CustomAuthenticationHandler: "CustomAuthentication" was not authenticated. Failure message: "Invalid token."
[2026-04-28 17:38:55.103 +01:00] [INF] [31] Jellyfin.Server.Implementations.Users.UserManager: Authentication request for "bill" has succeeded.
[2026-04-28 17:38:55.103 +01:00] [INF] [31] Emby.Server.Implementations.Session.SessionManager: Current/Max sessions for user "bill": 1/0
[2026-04-28 17:38:55.103 +01:00] [INF] [31] Emby.Server.Implementations.Session.SessionManager: Logging out access token "7a04e7b082f74e589f8e3d6ae359cd85"
[2026-04-28 17:38:55.105 +01:00] [INF] [31] Emby.Server.Implementations.Session.SessionManager: Creating new access token for user dd66cf8d-c616-4ca1-b2c2-6df5ba8890ef
[2026-04-28 17:38:59.383 +01:00] [INF] [31] Jellyfin.Api.Auth.CustomAuthenticationHandler: "CustomAuthentication" was not authenticated. Failure message: "Invalid token."
[2026-04-28 17:38:59.385 +01:00] [INF] [31] Jellyfin.Api.Auth.CustomAuthenticationHandler: "CustomAuthentication" was not authenticated. Failure message: "Invalid token."
[2026-04-28 17:38:59.386 +01:00] [INF] [31] Jellyfin.Api.Auth.CustomAuthenticationHandler: AuthenticationScheme: "CustomAuthentication" was challenged.
[2026-04-28 17:38:59.441 +01:00] [INF] [31] Jellyfin.Api.Auth.CustomAuthenticationHandler: "CustomAuthentication" was not authenticated. Failure message: "Invalid token."
[2026-04-28 17:38:59.442 +01:00] [INF] [31] Jellyfin.Api.Auth.CustomAuthenticationHandler: "CustomAuthentication" was not authenticated. Failure message: "Invalid token."
[2026-04-28 17:38:59.442 +01:00] [INF] [31] Jellyfin.Api.Auth.CustomAuthenticationHandler: AuthenticationScheme: "CustomAuthentication" was challenged.
[2026-04-28 17:39:00.110 +01:00] [INF] [31] Jellyfin.Server.Implementations.Users.UserManager: Authentication request for "bill" has succeeded.
[2026-04-28 17:39:00.110 +01:00] [INF] [31] Emby.Server.Implementations.Session.SessionManager: Current/Max sessions for user "bill": 1/0
[2026-04-28 17:39:00.110 +01:00] [INF] [31] Emby.Server.Implementations.Session.SessionManager: Logging out access token "d6a7c509743c4ae7b3ff16a63e9be164"
[2026-04-28 17:39:00.112 +01:00] [INF] [31] Emby.Server.Implementations.Session.SessionManager: Creating new access token for user dd66cf8d-c616-4ca1-b2c2-6df5ba8890ef
[2026-04-28 17:39:04.788 +01:00] [INF] [31] Emby.Server.Implementations.IO.LibraryMonitor: "movies" ("/movies") will be refreshed.
[2026-04-28 17:39:04.795 +01:00] [ERR] [31] MediaBrowser.Controller.Entities.BaseItem: Error refreshing owned items for "/movies"
System.UnauthorizedAccessException: Access to the path '/movies/._Lawrence of Arabia 1962 UHD BluRay 2160p HDR10 DV HEVC TrueHD Atmos 7.1 x265-E' is denied.
 ---> System.IO.IOException: Operation not permitted
   --- End of inner exception stack trace ---
   at System.IO.FileStatus.ThrowOnCacheInitializationError(ReadOnlySpan`1 path)
   at System.IO.FileSystemInfo.Create(String fullPath, String fileName, Boolean asDirectory, FileStatus& fileStatus)
   at System.IO.Enumeration.FileSystemEnumerator`1.MoveNext()
   at System.Linq.Enumerable.IEnumerableSelectIterator`2.ToArray()
   at MediaBrowser.Controller.Providers.DirectoryService.<>c.<GetFileSystemEntries>b__5_0(String p, IFileSystem fileSystem)
   at System.Collections.Concurrent.ConcurrentDictionary`2.GetOrAdd[TArg](TKey key, Func`3 valueFactory, TArg factoryArgument)
   at MediaBrowser.Controller.Providers.DirectoryService.GetFileSystemEntries(String path)
   at MediaBrowser.Controller.Entities.BaseItem.GetFileSystemChildren(IDirectoryService directoryService)
   at MediaBrowser.Controller.Entities.BaseItem.RefreshMetadata(MetadataRefreshOptions options, CancellationToken cancellationToken)
[2026-04-28 17:39:04.800 +01:00] [ERR] [31] MediaBrowser.Providers.Folders.FolderMetadataService: Error validating images for "/movies"
System.UnauthorizedAccessException: Access to the path '/movies/._Lawrence of Arabia 1962 UHD BluRay 2160p HDR10 DV HEVC TrueHD Atmos 7.1 x265-E' is denied.
 ---> System.IO.IOException: Operation not permitted
   --- End of inner exception stack trace ---
   at System.IO.FileStatus.ThrowOnCacheInitializationError(ReadOnlySpan`1 path)
   at System.IO.FileSystemInfo.Create(String fullPath, String fileName, Boolean asDirectory, FileStatus& fileStatus)
   at System.IO.Enumeration.FileSystemEnumerator`1.MoveNext()
   at System.Linq.Enumerable.IEnumerableSelectIterator`2.ToArray()
   at MediaBrowser.Controller.Providers.DirectoryService.<>c.<GetFileSystemEntries>b__5_0(String p, IFileSystem fileSystem)
   at System.Collections.Concurrent.ConcurrentDictionary`2.GetOrAdd[TArg](TKey key, Func`3 valueFactory, TArg factoryArgument)
   at MediaBrowser.Controller.Providers.DirectoryService.GetFileSystemEntries(String path)
   at MediaBrowser.LocalMetadata.Images.LocalImageProvider.GetFiles(BaseItem item, Boolean includeDirectories, IDirectoryService directoryService)
   at MediaBrowser.LocalMetadata.Images.LocalImageProvider.GetImages(BaseItem item, IDirectoryService directoryService)
   at MediaBrowser.Providers.Manager.ItemImageProvider.<>c__DisplayClass7_0.<ValidateImages>b__0(ILocalImageProvider i)
   at System.Linq.Enumerable.SelectManySingleSelectorIterator`2.ToList()
   at System.Linq.Enumerable.ToList[TSource](IEnumerable`1 source)
   at MediaBrowser.Providers.Manager.ItemImageProvider.ValidateImages(BaseItem item, IEnumerable`1 providers, ImageRefreshOptions refreshOptions)
   at MediaBrowser.Providers.Manager.MetadataService`2.RefreshMetadata(BaseItem item, MetadataRefreshOptions refreshOptions, CancellationToken cancellationToken)
[2026-04-28 17:39:04.811 +01:00] [ERR] [31] MediaBrowser.Controller.Entities.BaseItem: Error retrieving children
System.UnauthorizedAccessException: Access to the path '/movies/._Lawrence of Arabia 1962 UHD BluRay 2160p HDR10 DV HEVC TrueHD Atmos 7.1 x265-E' is denied.
 ---> System.IO.IOException: Operation not permitted
   --- End of inner exception stack trace ---
   at System.IO.FileStatus.ThrowOnCacheInitializationError(ReadOnlySpan`1 path)
   at System.IO.FileSystemInfo.Create(String fullPath, String fileName, Boolean asDirectory, FileStatus& fileStatus)
   at System.IO.Enumeration.FileSystemEnumerator`1.MoveNext()
   at System.Linq.Enumerable.IEnumerableSelectIterator`2.ToArray()
   at MediaBrowser.Controller.Providers.DirectoryService.<>c.<GetFileSystemEntries>b__5_0(String p, IFileSystem fileSystem)
   at System.Collections.Concurrent.ConcurrentDictionary`2.GetOrAdd[TArg](TKey key, Func`3 valueFactory, TArg factoryArgument)
   at MediaBrowser.Controller.Providers.DirectoryService.GetFileSystemEntries(String path)
   at MediaBrowser.Controller.Entities.BaseItem.GetFileSystemChildren(IDirectoryService directoryService)
   at MediaBrowser.Controller.Entities.Folder.GetNonCachedChildren(IDirectoryService directoryService)
   at MediaBrowser.Controller.Entities.Folder.ValidateChildrenInternal2(IProgress`1 progress, Boolean recursive, Boolean refreshChildMetadata, Boolean allowRemoveRoot, MetadataRefreshOptions refreshOptions, IDirectoryService directoryService, CancellationToken cancellationToken)
[2026-04-28 17:39:05.083 +01:00] [INF] [16] Jellyfin.Server.Implementations.Users.UserManager: Authentication request for "bill" has succeeded.
[2026-04-28 17:39:05.084 +01:00] [INF] [16] Emby.Server.Implementations.Session.SessionManager: Current/Max sessions for user "bill": 1/0
[2026-04-28 17:39:05.084 +01:00] [INF] [16] Emby.Server.Implementations.Session.SessionManager: Logging out access token "52f2359428b94029be79814b0db33ca6"
[2026-04-28 17:39:05.085 +01:00] [INF] [16] Emby.Server.Implementations.Session.SessionManager: Creating new access token for user dd66cf8d-c616-4ca1-b2c2-6df5ba8890ef
[2026-04-28 17:39:05.831 +01:00] [INF] [16] Emby.Server.Implementations.IO.LibraryMonitor: "movies" ("/movies") will be refreshed.
[2026-04-28 17:39:05.833 +01:00] [ERR] [31] MediaBrowser.Controller.Entities.BaseItem: Error refreshing owned items for "/movies"
System.UnauthorizedAccessException: Access to the path '/movies/._Lawrence of Arabia 1962 UHD BluRay 2160p HDR10 DV HEVC TrueHD Atmos 7.1 x265-E' is denied.
 ---> System.IO.IOException: Operation not permitted
   --- End of inner exception stack trace ---
   at System.IO.FileStatus.ThrowOnCacheInitializationError(ReadOnlySpan`1 path)
   at System.IO.FileSystemInfo.Create(String fullPath, String fileName, Boolean asDirectory, FileStatus& fileStatus)
   at System.IO.Enumeration.FileSystemEnumerator`1.MoveNext()
   at System.Linq.Enumerable.IEnumerableSelectIterator`2.ToArray()
   at MediaBrowser.Controller.Providers.DirectoryService.<>c.<GetFileSystemEntries>b__5_0(String p, IFileSystem fileSystem)
   at System.Collections.Concurrent.ConcurrentDictionary`2.GetOrAdd[TArg](TKey key, Func`3 valueFactory, TArg factoryArgument)
   at MediaBrowser.Controller.Providers.DirectoryService.GetFileSystemEntries(String path)
   at MediaBrowser.Controller.Entities.BaseItem.GetFileSystemChildren(IDirectoryService directoryService)
   at MediaBrowser.Controller.Entities.BaseItem.RefreshMetadata(MetadataRefreshOptions options, CancellationToken cancellationToken)
[2026-04-28 17:39:05.834 +01:00] [ERR] [31] MediaBrowser.Providers.Folders.FolderMetadataService: Error validating images for "/movies"
System.UnauthorizedAccessException: Access to the path '/movies/._Lawrence of Arabia 1962 UHD BluRay 2160p HDR10 DV HEVC TrueHD Atmos 7.1 x265-E' is denied.
 ---> System.IO.IOException: Operation not permitted
   --- End of inner exception stack trace ---
   at System.IO.FileStatus.ThrowOnCacheInitializationError(ReadOnlySpan`1 path)
   at System.IO.FileSystemInfo.Create(String fullPath, String fileName, Boolean asDirectory, FileStatus& fileStatus)
   at System.IO.Enumeration.FileSystemEnumerator`1.MoveNext()
   at System.Linq.Enumerable.IEnumerableSelectIterator`2.ToArray()
   at MediaBrowser.Controller.Providers.DirectoryService.<>c.<GetFileSystemEntries>b__5_0(String p, IFileSystem fileSystem)
   at System.Collections.Concurrent.ConcurrentDictionary`2.GetOrAdd[TArg](TKey key, Func`3 valueFactory, TArg factoryArgument)
   at MediaBrowser.Controller.Providers.DirectoryService.GetFileSystemEntries(String path)
   at MediaBrowser.LocalMetadata.Images.LocalImageProvider.GetFiles(BaseItem item, Boolean includeDirectories, IDirectoryService directoryService)
   at MediaBrowser.LocalMetadata.Images.LocalImageProvider.GetImages(BaseItem item, IDirectoryService directoryService)
   at MediaBrowser.Providers.Manager.ItemImageProvider.<>c__DisplayClass7_0.<ValidateImages>b__0(ILocalImageProvider i)
   at System.Linq.Enumerable.SelectManySingleSelectorIterator`2.ToList()
   at System.Linq.Enumerable.ToList[TSource](IEnumerable`1 source)
   at MediaBrowser.Providers.Manager.ItemImageProvider.ValidateImages(BaseItem item, IEnumerable`1 providers, ImageRefreshOptions refreshOptions)
   at MediaBrowser.Providers.Manager.MetadataService`2.RefreshMetadata(BaseItem item, MetadataRefreshOptions refreshOptions, CancellationToken cancellationToken)
[2026-04-28 17:39:05.836 +01:00] [ERR] [31] MediaBrowser.Controller.Entities.BaseItem: Error retrieving children
System.UnauthorizedAccessException: Access to the path '/movies/._Lawrence of Arabia 1962 UHD BluRay 2160p HDR10 DV HEVC TrueHD Atmos 7.1 x265-E' is denied.
 ---> System.IO.IOException: Operation not permitted
   --- End of inner exception stack trace ---
   at System.IO.FileSystemInfo.Create(String fullPath, String fileName, Boolean asDirectory, FileStatus& fileStatus)
   at System.IO.Enumeration.FileSystemEnumerable`1.DelegateEnumerator.TransformEntry(FileSystemEntry& entry)
   at System.IO.Enumeration.FileSystemEnumerator`1.MoveNext()
   at System.Linq.Enumerable.IEnumerableSelectIterator`2.ToArray()
   at MediaBrowser.Controller.Providers.DirectoryService.<>c.<GetFileSystemEntries>b__5_0(String p, IFileSystem fileSystem)
   at System.Collections.Concurrent.ConcurrentDictionary`2.GetOrAdd[TArg](TKey key, Func`3 valueFactory, TArg factoryArgument)
   at MediaBrowser.Controller.Providers.DirectoryService.GetFileSystemEntries(String path)
   at MediaBrowser.Controller.Entities.BaseItem.GetFileSystemChildren(IDirectoryService directoryService)
   at MediaBrowser.Controller.Entities.Folder.GetNonCachedChildren(IDirectoryService directoryService)
   at MediaBrowser.Controller.Entities.Folder.ValidateChildrenInternal2(IProgress`1 progress, Boolean recursive, Boolean refreshChildMetadata, Boolean allowRemoveRoot, MetadataRefreshOptions refreshOptions, IDirectoryService directoryService, CancellationToken cancellationToken)
[2026-04-28 17:39:07.690 +01:00] [INF] [31] Emby.Server.Implementations.IO.LibraryMonitor: "movies" ("/movies") will be refreshed.
[2026-04-28 17:39:07.691 +01:00] [ERR] [31] MediaBrowser.Controller.Entities.BaseItem: Error refreshing owned items for "/movies"
System.UnauthorizedAccessException: Access to the path '/movies/._Lawrence of Arabia 1962 UHD BluRay 2160p HDR10 DV HEVC TrueHD Atmos 7.1 x265-E' is denied.
 ---> System.IO.IOException: Operation not permitted
   --- End of inner exception stack trace ---
   at System.IO.FileSystemInfo.Create(String fullPath, String fileName, Boolean asDirectory, FileStatus& fileStatus)
   at System.IO.Enumeration.FileSystemEnumerable`1.DelegateEnumerator.TransformEntry(FileSystemEntry& entry)
   at System.IO.Enumeration.FileSystemEnumerator`1.MoveNext()
   at System.Linq.Enumerable.IEnumerableSelectIterator`2.ToArray()
   at MediaBrowser.Controller.Providers.DirectoryService.<>c.<GetFileSystemEntries>b__5_0(String p, IFileSystem fileSystem)
   at System.Collections.Concurrent.ConcurrentDictionary`2.GetOrAdd[TArg](TKey key, Func`3 valueFactory, TArg factoryArgument)
   at MediaBrowser.Controller.Providers.DirectoryService.GetFileSystemEntries(String path)
   at MediaBrowser.Controller.Entities.BaseItem.GetFileSystemChildren(IDirectoryService directoryService)
   at MediaBrowser.Controller.Entities.BaseItem.RefreshMetadata(MetadataRefreshOptions options, CancellationToken cancellationToken)
[2026-04-28 17:39:07.692 +01:00] [ERR] [31] MediaBrowser.Providers.Folders.FolderMetadataService: Error validating images for "/movies"
System.UnauthorizedAccessException: Access to the path '/movies/._Lawrence of Arabia 1962 UHD BluRay 2160p HDR10 DV HEVC TrueHD Atmos 7.1 x265-E' is denied.
 ---> System.IO.IOException: Operation not permitted
   --- End of inner exception stack trace ---
   at System.IO.FileSystemInfo.Create(String fullPath, String fileName, Boolean asDirectory, FileStatus& fileStatus)
   at System.IO.Enumeration.FileSystemEnumerable`1.DelegateEnumerator.TransformEntry(FileSystemEntry& entry)
   at System.IO.Enumeration.FileSystemEnumerator`1.MoveNext()
   at System.Linq.Enumerable.IEnumerableSelectIterator`2.ToArray()
   at MediaBrowser.Controller.Providers.DirectoryService.<>c.<GetFileSystemEntries>b__5_0(String p, IFileSystem fileSystem)
   at System.Collections.Concurrent.ConcurrentDictionary`2.GetOrAdd[TArg](TKey key, Func`3 valueFactory, TArg factoryArgument)
   at MediaBrowser.Controller.Providers.DirectoryService.GetFileSystemEntries(String path)
   at MediaBrowser.LocalMetadata.Images.LocalImageProvider.GetFiles(BaseItem item, Boolean includeDirectories, IDirectoryService directoryService)
   at MediaBrowser.LocalMetadata.Images.LocalImageProvider.GetImages(BaseItem item, IDirectoryService directoryService)
   at MediaBrowser.Providers.Manager.ItemImageProvider.<>c__DisplayClass7_0.<ValidateImages>b__0(ILocalImageProvider i)
   at System.Linq.Enumerable.SelectManySingleSelectorIterator`2.ToList()
   at System.Linq.Enumerable.ToList[TSource](IEnumerable`1 source)
   at MediaBrowser.Providers.Manager.ItemImageProvider.ValidateImages(BaseItem item, IEnumerable`1 providers, ImageRefreshOptions refreshOptions)
   at MediaBrowser.Providers.Manager.MetadataService`2.RefreshMetadata(BaseItem item, MetadataRefreshOptions refreshOptions, CancellationToken cancellationToken)
[2026-04-28 17:39:07.694 +01:00] [ERR] [31] MediaBrowser.Controller.Entities.BaseItem: Error retrieving children
System.UnauthorizedAccessException: Access to the path '/movies/._Lawrence of Arabia 1962 UHD BluRay 2160p HDR10 DV HEVC TrueHD Atmos 7.1 x265-E' is denied.
 ---> System.IO.IOException: Operation not permitted
   --- End of inner exception stack trace ---
   at System.IO.FileSystemInfo.Create(String fullPath, String fileName, Boolean asDirectory, FileStatus& fileStatus)
   at System.IO.Enumeration.FileSystemEnumerable`1.DelegateEnumerator.TransformEntry(FileSystemEntry& entry)
   at System.IO.Enumeration.FileSystemEnumerator`1.MoveNext()
   at System.Linq.Enumerable.IEnumerableSelectIterator`2.ToArray()
   at MediaBrowser.Controller.Providers.DirectoryService.<>c.<GetFileSystemEntries>b__5_0(String p, IFileSystem fileSystem)
   at System.Collections.Concurrent.ConcurrentDictionary`2.GetOrAdd[TArg](TKey key, Func`3 valueFactory, TArg factoryArgument)
   at MediaBrowser.Controller.Providers.DirectoryService.GetFileSystemEntries(String path)
   at MediaBrowser.Controller.Entities.BaseItem.GetFileSystemChildren(IDirectoryService directoryService)
   at MediaBrowser.Controller.Entities.Folder.GetNonCachedChildren(IDirectoryService directoryService)
   at MediaBrowser.Controller.Entities.Folder.ValidateChildrenInternal2(IProgress`1 progress, Boolean recursive, Boolean refreshChildMetadata, Boolean allowRemoveRoot, MetadataRefreshOptions refreshOptions, IDirectoryService directoryService, CancellationToken cancellationToken)
[2026-04-28 17:39:07.810 +01:00] [INF] [31] Emby.Server.Implementations.IO.LibraryMonitor: "movies" ("/movies") will be refreshed.
[2026-04-28 17:39:07.811 +01:00] [ERR] [31] MediaBrowser.Controller.Entities.BaseItem: Error refreshing owned items for "/movies"
System.UnauthorizedAccessException: Access to the path '/movies/._Lawrence of Arabia 1962 UHD BluRay 2160p HDR10 DV HEVC TrueHD Atmos 7.1 x265-E' is denied.
 ---> System.IO.IOException: Operation not permitted
   --- End of inner exception stack trace ---
   at System.IO.FileSystemInfo.Create(String fullPath, String fileName, Boolean asDirectory, FileStatus& fileStatus)
   at System.IO.Enumeration.FileSystemEnumerable`1.DelegateEnumerator.TransformEntry(FileSystemEntry& entry)
   at System.IO.Enumeration.FileSystemEnumerator`1.MoveNext()
   at System.Linq.Enumerable.IEnumerableSelectIterator`2.ToArray()
   at MediaBrowser.Controller.Providers.DirectoryService.<>c.<GetFileSystemEntries>b__5_0(String p, IFileSystem fileSystem)
   at System.Collections.Concurrent.ConcurrentDictionary`2.GetOrAdd[TArg](TKey key, Func`3 valueFactory, TArg factoryArgument)
   at MediaBrowser.Controller.Providers.DirectoryService.GetFileSystemEntries(String path)
   at MediaBrowser.Controller.Entities.BaseItem.GetFileSystemChildren(IDirectoryService directoryService)
   at MediaBrowser.Controller.Entities.BaseItem.RefreshMetadata(MetadataRefreshOptions options, CancellationToken cancellationToken)
[2026-04-28 17:39:07.812 +01:00] [ERR] [31] MediaBrowser.Providers.Folders.FolderMetadataService: Error validating images for "/movies"
System.UnauthorizedAccessException: Access to the path '/movies/._Lawrence of Arabia 1962 UHD BluRay 2160p HDR10 DV HEVC TrueHD Atmos 7.1 x265-E' is denied.
 ---> System.IO.IOException: Operation not permitted
   --- End of inner exception stack trace ---
   at System.IO.FileSystemInfo.Create(String fullPath, String fileName, Boolean asDirectory, FileStatus& fileStatus)
   at System.IO.Enumeration.FileSystemEnumerable`1.DelegateEnumerator.TransformEntry(FileSystemEntry& entry)
   at System.IO.Enumeration.FileSystemEnumerator`1.MoveNext()
   at System.Linq.Enumerable.IEnumerableSelectIterator`2.ToArray()
   at MediaBrowser.Controller.Providers.DirectoryService.<>c.<GetFileSystemEntries>b__5_0(String p, IFileSystem fileSystem)
   at System.Collections.Concurrent.ConcurrentDictionary`2.GetOrAdd[TArg](TKey key, Func`3 valueFactory, TArg factoryArgument)
   at MediaBrowser.Controller.Providers.DirectoryService.GetFileSystemEntries(String path)
   at MediaBrowser.LocalMetadata.Images.LocalImageProvider.GetFiles(BaseItem item, Boolean includeDirectories, IDirectoryService directoryService)
   at MediaBrowser.LocalMetadata.Images.LocalImageProvider.GetImages(BaseItem item, IDirectoryService directoryService)
   at MediaBrowser.Providers.Manager.ItemImageProvider.<>c__DisplayClass7_0.<ValidateImages>b__0(ILocalImageProvider i)
   at System.Linq.Enumerable.SelectManySingleSelectorIterator`2.ToList()
   at System.Linq.Enumerable.ToList[TSource](IEnumerable`1 source)
   at MediaBrowser.Providers.Manager.ItemImageProvider.ValidateImages(BaseItem item, IEnumerable`1 providers, ImageRefreshOptions refreshOptions)
   at MediaBrowser.Providers.Manager.MetadataService`2.RefreshMetadata(BaseItem item, MetadataRefreshOptions refreshOptions, CancellationToken cancellationToken)
[2026-04-28 17:39:07.814 +01:00] [ERR] [31] MediaBrowser.Controller.Entities.BaseItem: Error retrieving children
System.UnauthorizedAccessException: Access to the path '/movies/._Lawrence of Arabia 1962 UHD BluRay 2160p HDR10 DV HEVC TrueHD Atmos 7.1 x265-E' is denied.
 ---> System.IO.IOException: Operation not permitted
   --- End of inner exception stack trace ---
   at System.IO.FileSystemInfo.Create(String fullPath, String fileName, Boolean asDirectory, FileStatus& fileStatus)
   at System.IO.Enumeration.FileSystemEnumerable`1.DelegateEnumerator.TransformEntry(FileSystemEntry& entry)
   at System.IO.Enumeration.FileSystemEnumerator`1.MoveNext()
   at System.Linq.Enumerable.IEnumerableSelectIterator`2.ToArray()
   at MediaBrowser.Controller.Providers.DirectoryService.<>c.<GetFileSystemEntries>b__5_0(String p, IFileSystem fileSystem)
   at System.Collections.Concurrent.ConcurrentDictionary`2.GetOrAdd[TArg](TKey key, Func`3 valueFactory, TArg factoryArgument)
   at MediaBrowser.Controller.Providers.DirectoryService.GetFileSystemEntries(String path)
   at MediaBrowser.Controller.Entities.BaseItem.GetFileSystemChildren(IDirectoryService directoryService)
   at MediaBrowser.Controller.Entities.Folder.GetNonCachedChildren(IDirectoryService directoryService)
   at MediaBrowser.Controller.Entities.Folder.ValidateChildrenInternal2(IProgress`1 progress, Boolean recursive, Boolean refreshChildMetadata, Boolean allowRemoveRoot, MetadataRefreshOptions refreshOptions, IDirectoryService directoryService, CancellationToken cancellationToken)
[2026-04-28 17:39:10.104 +01:00] [INF] [16] Jellyfin.Server.Implementations.Users.UserManager: Authentication request for "bill" has succeeded.
[2026-04-28 17:39:10.104 +01:00] [INF] [16] Emby.Server.Implementations.Session.SessionManager: Current/Max sessions for user "bill": 1/0
[2026-04-28 17:39:10.104 +01:00] [INF] [16] Emby.Server.Implementations.Session.SessionManager: Logging out access token "687a681401644a5d95549984547f3331"
[2026-04-28 17:39:10.106 +01:00] [INF] [16] Emby.Server.Implementations.Session.SessionManager: Creating new access token for user dd66cf8d-c616-4ca1-b2c2-6df5ba8890ef
[2026-04-28 17:39:15.094 +01:00] [INF] [33] Jellyfin.Server.Implementations.Users.UserManager: Authentication request for "bill" has succeeded.
[2026-04-28 17:39:15.096 +01:00] [INF] [33] Emby.Server.Implementations.Session.SessionManager: Current/Max sessions for user "bill": 1/0
[2026-04-28 17:39:15.096 +01:00] [INF] [33] Emby.Server.Implementations.Session.SessionManager: Logging out access token "b01ae54b7e1b4c5684c53ff5054a85af"
[2026-04-28 17:39:15.098 +01:00] [INF] [33] Emby.Server.Implementations.Session.SessionManager: Creating new access token for user dd66cf8d-c616-4ca1-b2c2-6df5ba8890ef
[2026-04-28 17:39:20.109 +01:00] [INF] [16] Jellyfin.Server.Implementations.Users.UserManager: Authentication request for "bill" has succeeded.
[2026-04-28 17:39:20.109 +01:00] [INF] [16] Emby.Server.Implementations.Session.SessionManager: Current/Max sessions for user "bill": 1/0
[2026-04-28 17:39:20.110 +01:00] [INF] [16] Emby.Server.Implementations.Session.SessionManager: Logging out access token "60d675be43854d68b2f407deacd9d6e7"
[2026-04-28 17:39:20.111 +01:00] [INF] [16] Emby.Server.Implementations.Session.SessionManager: Creating new access token for user dd66cf8d-c616-4ca1-b2c2-6df5ba8890ef
[2026-04-28 17:39:20.836 +01:00] [INF] [33] Emby.Server.Implementations.IO.LibraryMonitor: "movies" ("/movies") will be refreshed.
[2026-04-28 17:39:20.840 +01:00] [ERR] [33] MediaBrowser.Controller.Entities.BaseItem: Error refreshing owned items for "/movies"
System.UnauthorizedAccessException: Access to the path '/movies/._Lawrence of Arabia 1962 UHD BluRay 2160p HDR10 DV HEVC TrueHD Atmos 7.1 x265-E' is denied.
 ---> System.IO.IOException: Operation not permitted
   --- End of inner exception stack trace ---
   at System.IO.FileSystemInfo.Create(String fullPath, String fileName, Boolean asDirectory, FileStatus& fileStatus)
   at System.IO.Enumeration.FileSystemEnumerable`1.DelegateEnumerator.TransformEntry(FileSystemEntry& entry)
   at System.IO.Enumeration.FileSystemEnumerator`1.MoveNext()
   at System.Linq.Enumerable.IEnumerableSelectIterator`2.ToArray()
   at MediaBrowser.Controller.Providers.DirectoryService.<>c.<GetFileSystemEntries>b__5_0(String p, IFileSystem fileSystem)
   at System.Collections.Concurrent.ConcurrentDictionary`2.GetOrAdd[TArg](TKey key, Func`3 valueFactory, TArg factoryArgument)
   at MediaBrowser.Controller.Providers.DirectoryService.GetFileSystemEntries(String path)
   at MediaBrowser.Controller.Entities.BaseItem.GetFileSystemChildren(IDirectoryService directoryService)
   at MediaBrowser.Controller.Entities.BaseItem.RefreshMetadata(MetadataRefreshOptions options, CancellationToken cancellationToken)
[2026-04-28 17:39:20.842 +01:00] [ERR] [33] MediaBrowser.Providers.Folders.FolderMetadataService: Error validating images for "/movies"
System.UnauthorizedAccessException: Access to the path '/movies/._Lawrence of Arabia 1962 UHD BluRay 2160p HDR10 DV HEVC TrueHD Atmos 7.1 x265-E' is denied.
 ---> System.IO.IOException: Operation not permitted
   --- End of inner exception stack trace ---
   at System.IO.FileSystemInfo.Create(String fullPath, String fileName, Boolean asDirectory, FileStatus& fileStatus)
   at System.IO.Enumeration.FileSystemEnumerable`1.DelegateEnumerator.TransformEntry(FileSystemEntry& entry)
   at System.IO.Enumeration.FileSystemEnumerator`1.MoveNext()
   at System.Linq.Enumerable.IEnumerableSelectIterator`2.ToArray()
   at MediaBrowser.Controller.Providers.DirectoryService.<>c.<GetFileSystemEntries>b__5_0(String p, IFileSystem fileSystem)
   at System.Collections.Concurrent.ConcurrentDictionary`2.GetOrAdd[TArg](TKey key, Func`3 valueFactory, TArg factoryArgument)
   at MediaBrowser.Controller.Providers.DirectoryService.GetFileSystemEntries(String path)
   at MediaBrowser.LocalMetadata.Images.LocalImageProvider.GetFiles(BaseItem item, Boolean includeDirectories, IDirectoryService directoryService)
   at MediaBrowser.LocalMetadata.Images.LocalImageProvider.GetImages(BaseItem item, IDirectoryService directoryService)
   at MediaBrowser.Providers.Manager.ItemImageProvider.<>c__DisplayClass7_0.<ValidateImages>b__0(ILocalImageProvider i)
   at System.Linq.Enumerable.SelectManySingleSelectorIterator`2.ToList()
   at System.Linq.Enumerable.ToList[TSource](IEnumerable`1 source)
   at MediaBrowser.Providers.Manager.ItemImageProvider.ValidateImages(BaseItem item, IEnumerable`1 providers, ImageRefreshOptions refreshOptions)
   at MediaBrowser.Providers.Manager.MetadataService`2.RefreshMetadata(BaseItem item, MetadataRefreshOptions refreshOptions, CancellationToken cancellationToken)
[2026-04-28 17:39:20.845 +01:00] [ERR] [33] MediaBrowser.Controller.Entities.BaseItem: Error retrieving children
System.UnauthorizedAccessException: Access to the path '/movies/._Lawrence of Arabia 1962 UHD BluRay 2160p HDR10 DV HEVC TrueHD Atmos 7.1 x265-E' is denied.
 ---> System.IO.IOException: Operation not permitted
   --- End of inner exception stack trace ---
   at System.IO.FileSystemInfo.Create(String fullPath, String fileName, Boolean asDirectory, FileStatus& fileStatus)
   at System.IO.Enumeration.FileSystemEnumerable`1.DelegateEnumerator.TransformEntry(FileSystemEntry& entry)
   at System.IO.Enumeration.FileSystemEnumerator`1.MoveNext()
   at System.Linq.Enumerable.IEnumerableSelectIterator`2.ToArray()
   at MediaBrowser.Controller.Providers.DirectoryService.<>c.<GetFileSystemEntries>b__5_0(String p, IFileSystem fileSystem)
   at System.Collections.Concurrent.ConcurrentDictionary`2.GetOrAdd[TArg](TKey key, Func`3 valueFactory, TArg factoryArgument)
   at MediaBrowser.Controller.Providers.DirectoryService.GetFileSystemEntries(String path)
   at MediaBrowser.Controller.Entities.BaseItem.GetFileSystemChildren(IDirectoryService directoryService)
   at MediaBrowser.Controller.Entities.Folder.GetNonCachedChildren(IDirectoryService directoryService)
   at MediaBrowser.Controller.Entities.Folder.ValidateChildrenInternal2(IProgress`1 progress, Boolean recursive, Boolean refreshChildMetadata, Boolean allowRemoveRoot, MetadataRefreshOptions refreshOptions, IDirectoryService directoryService, CancellationToken cancellationToken)
[2026-04-28 17:39:20.958 +01:00] [INF] [33] Emby.Server.Implementations.IO.LibraryMonitor: "movies" ("/movies") will be refreshed.
[2026-04-28 17:39:20.959 +01:00] [ERR] [33] MediaBrowser.Controller.Entities.BaseItem: Error refreshing owned items for "/movies"
System.UnauthorizedAccessException: Access to the path '/movies/._Lawrence of Arabia 1962 UHD BluRay 2160p HDR10 DV HEVC TrueHD Atmos 7.1 x265-E' is denied.
 ---> System.IO.IOException: Operation not permitted
   --- End of inner exception stack trace ---
   at System.IO.FileSystemInfo.Create(String fullPath, String fileName, Boolean asDirectory, FileStatus& fileStatus)
   at System.IO.Enumeration.FileSystemEnumerable`1.DelegateEnumerator.TransformEntry(FileSystemEntry& entry)
   at System.IO.Enumeration.FileSystemEnumerator`1.MoveNext()
   at System.Linq.Enumerable.IEnumerableSelectIterator`2.ToArray()
   at MediaBrowser.Controller.Providers.DirectoryService.<>c.<GetFileSystemEntries>b__5_0(String p, IFileSystem fileSystem)
   at System.Collections.Concurrent.ConcurrentDictionary`2.GetOrAdd[TArg](TKey key, Func`3 valueFactory, TArg factoryArgument)
   at MediaBrowser.Controller.Providers.DirectoryService.GetFileSystemEntries(String path)
   at MediaBrowser.Controller.Entities.BaseItem.GetFileSystemChildren(IDirectoryService directoryService)
   at MediaBrowser.Controller.Entities.BaseItem.RefreshMetadata(MetadataRefreshOptions options, CancellationToken cancellationToken)
[2026-04-28 17:39:20.960 +01:00] [ERR] [33] MediaBrowser.Providers.Folders.FolderMetadataService: Error validating images for "/movies"
System.UnauthorizedAccessException: Access to the path '/movies/._Lawrence of Arabia 1962 UHD BluRay 2160p HDR10 DV HEVC TrueHD Atmos 7.1 x265-E' is denied.
 ---> System.IO.IOException: Operation not permitted
   --- End of inner exception stack trace ---
   at System.IO.FileSystemInfo.Create(String fullPath, String fileName, Boolean asDirectory, FileStatus& fileStatus)
   at System.IO.Enumeration.FileSystemEnumerable`1.DelegateEnumerator.TransformEntry(FileSystemEntry& entry)
   at System.IO.Enumeration.FileSystemEnumerator`1.MoveNext()
   at System.Linq.Enumerable.IEnumerableSelectIterator`2.ToArray()
   at MediaBrowser.Controller.Providers.DirectoryService.<>c.<GetFileSystemEntries>b__5_0(String p, IFileSystem fileSystem)
   at System.Collections.Concurrent.ConcurrentDictionary`2.GetOrAdd[TArg](TKey key, Func`3 valueFactory, TArg factoryArgument)
   at MediaBrowser.Controller.Providers.DirectoryService.GetFileSystemEntries(String path)
   at MediaBrowser.LocalMetadata.Images.LocalImageProvider.GetFiles(BaseItem item, Boolean includeDirectories, IDirectoryService directoryService)
   at MediaBrowser.LocalMetadata.Images.LocalImageProvider.GetImages(BaseItem item, IDirectoryService directoryService)
   at MediaBrowser.Providers.Manager.ItemImageProvider.<>c__DisplayClass7_0.<ValidateImages>b__0(ILocalImageProvider i)
   at System.Linq.Enumerable.SelectManySingleSelectorIterator`2.ToList()
   at System.Linq.Enumerable.ToList[TSource](IEnumerable`1 source)
   at MediaBrowser.Providers.Manager.ItemImageProvider.ValidateImages(BaseItem item, IEnumerable`1 providers, ImageRefreshOptions refreshOptions)
   at MediaBrowser.Providers.Manager.MetadataService`2.RefreshMetadata(BaseItem item, MetadataRefreshOptions refreshOptions, CancellationToken cancellationToken)
[2026-04-28 17:39:20.962 +01:00] [ERR] [33] MediaBrowser.Controller.Entities.BaseItem: Error retrieving children
System.UnauthorizedAccessException: Access to the path '/movies/._Lawrence of Arabia 1962 UHD BluRay 2160p HDR10 DV HEVC TrueHD Atmos 7.1 x265-E' is denied.
 ---> System.IO.IOException: Operation not permitted
   --- End of inner exception stack trace ---
   at System.IO.FileSystemInfo.Create(String fullPath, String fileName, Boolean asDirectory, FileStatus& fileStatus)
   at System.IO.Enumeration.FileSystemEnumerable`1.DelegateEnumerator.TransformEntry(FileSystemEntry& entry)
   at System.IO.Enumeration.FileSystemEnumerator`1.MoveNext()
   at System.Linq.Enumerable.IEnumerableSelectIterator`2.ToArray()
   at MediaBrowser.Controller.Providers.DirectoryService.<>c.<GetFileSystemEntries>b__5_0(String p, IFileSystem fileSystem)
   at System.Collections.Concurrent.ConcurrentDictionary`2.GetOrAdd[TArg](TKey key, Func`3 valueFactory, TArg factoryArgument)
   at MediaBrowser.Controller.Providers.DirectoryService.GetFileSystemEntries(String path)
   at MediaBrowser.Controller.Entities.BaseItem.GetFileSystemChildren(IDirectoryService directoryService)
   at MediaBrowser.Controller.Entities.Folder.GetNonCachedChildren(IDirectoryService directoryService)
   at MediaBrowser.Controller.Entities.Folder.ValidateChildrenInternal2(IProgress`1 progress, Boolean recursive, Boolean refreshChildMetadata, Boolean allowRemoveRoot, MetadataRefreshOptions refreshOptions, IDirectoryService directoryService, CancellationToken cancellationToken)
[2026-04-28 17:39:25.088 +01:00] [INF] [16] Jellyfin.Server.Implementations.Users.UserManager: Authentication request for "bill" has succeeded.
[2026-04-28 17:39:25.088 +01:00] [INF] [16] Emby.Server.Implementations.Session.SessionManager: Current/Max sessions for user "bill": 1/0
[2026-04-28 17:39:25.088 +01:00] [INF] [16] Emby.Server.Implementations.Session.SessionManager: Logging out access token "4a0268e9acd44def8cd491352976e41f"
[2026-04-28 17:39:25.092 +01:00] [INF] [16] Emby.Server.Implementations.Session.SessionManager: Creating new access token for user dd66cf8d-c616-4ca1-b2c2-6df5ba8890ef
[2026-04-28 17:39:30.091 +01:00] [INF] [16] Jellyfin.Server.Implementations.Users.UserManager: Authentication request for "bill" has succeeded.
[2026-04-28 17:39:30.091 +01:00] [INF] [16] Emby.Server.Implementations.Session.SessionManager: Current/Max sessions for user "bill": 1/0
[2026-04-28 17:39:30.091 +01:00] [INF] [16] Emby.Server.Implementations.Session.SessionManager: Logging out access token "f6538c63b5e74a689591f96452aef099"
[2026-04-28 17:39:30.092 +01:00] [INF] [16] Emby.Server.Implementations.Session.SessionManager: Creating new access token for user dd66cf8d-c616-4ca1-b2c2-6df5ba8890ef
[2026-04-28 17:39:35.085 +01:00] [INF] [31] Jellyfin.Server.Implementations.Users.UserManager: Authentication request for "bill" has succeeded.
[2026-04-28 17:39:35.085 +01:00] [INF] [31] Emby.Server.Implementations.Session.SessionManager: Current/Max sessions for user "bill": 1/0
[2026-04-28 17:39:35.085 +01:00] [INF] [31] Emby.Server.Implementations.Session.SessionManager: Logging out access token "b1ace51b139346529cc8f768c6306ede"
[2026-04-28 17:39:35.087 +01:00] [INF] [31] Emby.Server.Implementations.Session.SessionManager: Creating new access token for user dd66cf8d-c616-4ca1-b2c2-6df5ba8890ef
[2026-04-28 17:39:40.086 +01:00] [INF] [31] Jellyfin.Server.Implementations.Users.UserManager: Authentication request for "bill" has succeeded.
[2026-04-28 17:39:40.086 +01:00] [INF] [31] Emby.Server.Implementations.Session.SessionManager: Current/Max sessions for user "bill": 1/0
[2026-04-28 17:39:40.086 +01:00] [INF] [31] Emby.Server.Implementations.Session.SessionManager: Logging out access token "8aa78fbe54d44818974232018d1e6d6f"
[2026-04-28 17:39:40.087 +01:00] [INF] [31] Emby.Server.Implementations.Session.SessionManager: Creating new access token for user dd66cf8d-c616-4ca1-b2c2-6df5ba8890ef
[2026-04-28 17:39:45.081 +01:00] [INF] [35] Jellyfin.Server.Implementations.Users.UserManager: Authentication request for "bill" has succeeded.
[2026-04-28 17:39:45.081 +01:00] [INF] [35] Emby.Server.Implementations.Session.SessionManager: Current/Max sessions for user "bill": 1/0
[2026-04-28 17:39:45.082 +01:00] [INF] [35] Emby.Server.Implementations.Session.SessionManager: Logging out access token "236964293fa640b7b779869da737219a"
[2026-04-28 17:39:45.083 +01:00] [INF] [35] Emby.Server.Implementations.Session.SessionManager: Creating new access token for user dd66cf8d-c616-4ca1-b2c2-6df5ba8890ef
[2026-04-28 17:39:50.113 +01:00] [INF] [35] Jellyfin.Server.Implementations.Users.UserManager: Authentication request for "bill" has succeeded.
[2026-04-28 17:39:50.113 +01:00] [INF] [35] Emby.Server.Implementations.Session.SessionManager: Current/Max sessions for user "bill": 1/0
[2026-04-28 17:39:50.113 +01:00] [INF] [35] Emby.Server.Implementations.Session.SessionManager: Logging out access token "4a11a92a984b4991abb82bb45575629e"
[2026-04-28 17:39:50.117 +01:00] [INF] [35] Emby.Server.Implementations.Session.SessionManager: Creating new access token for user dd66cf8d-c616-4ca1-b2c2-6df5ba8890ef
[2026-04-28 17:39:52.386 +01:00] [INF] [35] Jellyfin.Api.Auth.CustomAuthenticationHandler: "CustomAuthentication" was not authenticated. Failure message: "Invalid token."
[2026-04-28 17:39:52.390 +01:00] [INF] [35] Jellyfin.Api.Auth.CustomAuthenticationHandler: "CustomAuthentication" was not authenticated. Failure message: "Invalid token."
[2026-04-28 17:39:52.390 +01:00] [INF] [35] Jellyfin.Api.Auth.CustomAuthenticationHandler: AuthenticationScheme: "CustomAuthentication" was challenged.
[2026-04-28 17:39:53.387 +01:00] [INF] [35] Jellyfin.Api.Auth.CustomAuthenticationHandler: "CustomAuthentication" was not authenticated. Failure message: "Invalid token."
[2026-04-28 17:39:55.100 +01:00] [INF] [16] Jellyfin.Server.Implementations.Users.UserManager: Authentication request for "bill" has succeeded.
[2026-04-28 17:39:55.100 +01:00] [INF] [16] Emby.Server.Implementations.Session.SessionManager: Current/Max sessions for user "bill": 1/0
[2026-04-28 17:39:55.100 +01:00] [INF] [16] Emby.Server.Implementations.Session.SessionManager: Logging out access token "ad723eebd36b4f2c9a1df7ba4564cf07"
[2026-04-28 17:39:55.102 +01:00] [INF] [16] Emby.Server.Implementations.Session.SessionManager: Creating new access token for user dd66cf8d-c616-4ca1-b2c2-6df5ba8890ef
[2026-04-28 17:40:00.123 +01:00] [INF] [35] Jellyfin.Server.Implementations.Users.UserManager: Authentication request for "bill" has succeeded.
[2026-04-28 17:40:00.123 +01:00] [INF] [35] Emby.Server.Implementations.Session.SessionManager: Current/Max sessions for user "bill": 1/0
[2026-04-28 17:40:00.123 +01:00] [INF] [35] Emby.Server.Implementations.Session.SessionManager: Logging out access token "3ed9e07fcf704f32a843dc77629db539"
[2026-04-28 17:40:00.125 +01:00] [INF] [35] Emby.Server.Implementations.Session.SessionManager: Creating new access token for user dd66cf8d-c616-4ca1-b2c2-6df5ba8890ef
[2026-04-28 17:40:05.102 +01:00] [INF] [16] Jellyfin.Server.Implementations.Users.UserManager: Authentication request for "bill" has succeeded.
[2026-04-28 17:40:05.102 +01:00] [INF] [16] Emby.Server.Implementations.Session.SessionManager: Current/Max sessions for user "bill": 1/0
[2026-04-28 17:40:05.102 +01:00] [INF] [16] Emby.Server.Implementations.Session.SessionManager: Logging out access token "1f4a0584608a450881d7879c05a9c4c3"
[2026-04-28 17:40:05.104 +01:00] [INF] [16] Emby.Server.Implementations.Session.SessionManager: Creating new access token for user dd66cf8d-c616-4ca1-b2c2-6df5ba8890ef
[2026-04-28 17:40:10.116 +01:00] [INF] [16] Jellyfin.Server.Implementations.Users.UserManager: Authentication request for "bill" has succeeded.
[2026-04-28 17:40:10.116 +01:00] [INF] [16] Emby.Server.Implementations.Session.SessionManager: Current/Max sessions for user "bill": 1/0
[2026-04-28 17:40:10.116 +01:00] [INF] [16] Emby.Server.Implementations.Session.SessionManager: Logging out access token "fc4a4d9cbd8e49dcab8499757beadd81"
[2026-04-28 17:40:10.118 +01:00] [INF] [16] Emby.Server.Implementations.Session.SessionManager: Creating new access token for user dd66cf8d-c616-4ca1-b2c2-6df5ba8890ef
[2026-04-28 17:40:15.101 +01:00] [INF] [35] Jellyfin.Server.Implementations.Users.UserManager: Authentication request for "bill" has succeeded.
[2026-04-28 17:40:15.101 +01:00] [INF] [35] Emby.Server.Implementations.Session.SessionManager: Current/Max sessions for user "bill": 1/0
[2026-04-28 17:40:15.101 +01:00] [INF] [35] Emby.Server.Implementations.Session.SessionManager: Logging out access token "bdd1558c3d134b848f70f28808cc21fb"
[2026-04-28 17:40:15.103 +01:00] [INF] [35] Emby.Server.Implementations.Session.SessionManager: Creating new access token for user dd66cf8d-c616-4ca1-b2c2-6df5ba8890ef
[2026-04-28 17:40:15.825 +01:00] [INF] [16] Emby.Server.Implementations.IO.LibraryMonitor: "movies" ("/movies") will be refreshed.
[2026-04-28 17:40:15.832 +01:00] [ERR] [16] MediaBrowser.Controller.Entities.BaseItem: Error refreshing owned items for "/movies"
System.UnauthorizedAccessException: Access to the path '/movies/._Lawrence of Arabia 1962 UHD BluRay 2160p HDR10 DV HEVC TrueHD Atmos 7.1 x265-E' is denied.
 ---> System.IO.IOException: Operation not permitted
   --- End of inner exception stack trace ---
   at System.IO.FileSystemInfo.Create(String fullPath, String fileName, Boolean asDirectory, FileStatus& fileStatus)
   at System.IO.Enumeration.FileSystemEnumerable`1.DelegateEnumerator.TransformEntry(FileSystemEntry& entry)
   at System.IO.Enumeration.FileSystemEnumerator`1.MoveNext()
   at System.Linq.Enumerable.IEnumerableSelectIterator`2.ToArray()
   at MediaBrowser.Controller.Providers.DirectoryService.<>c.<GetFileSystemEntries>b__5_0(String p, IFileSystem fileSystem)
   at System.Collections.Concurrent.ConcurrentDictionary`2.GetOrAdd[TArg](TKey key, Func`3 valueFactory, TArg factoryArgument)
   at MediaBrowser.Controller.Providers.DirectoryService.GetFileSystemEntries(String path)
   at MediaBrowser.Controller.Entities.BaseItem.GetFileSystemChildren(IDirectoryService directoryService)
   at MediaBrowser.Controller.Entities.BaseItem.RefreshMetadata(MetadataRefreshOptions options, CancellationToken cancellationToken)
[2026-04-28 17:40:15.834 +01:00] [ERR] [16] MediaBrowser.Providers.Folders.FolderMetadataService: Error validating images for "/movies"
System.UnauthorizedAccessException: Access to the path '/movies/._Lawrence of Arabia 1962 UHD BluRay 2160p HDR10 DV HEVC TrueHD Atmos 7.1 x265-E' is denied.
 ---> System.IO.IOException: Operation not permitted
   --- End of inner exception stack trace ---
   at System.IO.FileSystemInfo.Create(String fullPath, String fileName, Boolean asDirectory, FileStatus& fileStatus)
   at System.IO.Enumeration.FileSystemEnumerable`1.DelegateEnumerator.TransformEntry(FileSystemEntry& entry)
   at System.IO.Enumeration.FileSystemEnumerator`1.MoveNext()
   at System.Linq.Enumerable.IEnumerableSelectIterator`2.ToArray()
   at MediaBrowser.Controller.Providers.DirectoryService.<>c.<GetFileSystemEntries>b__5_0(String p, IFileSystem fileSystem)
   at System.Collections.Concurrent.ConcurrentDictionary`2.GetOrAdd[TArg](TKey key, Func`3 valueFactory, TArg factoryArgument)
   at MediaBrowser.Controller.Providers.DirectoryService.GetFileSystemEntries(String path)
   at MediaBrowser.LocalMetadata.Images.LocalImageProvider.GetFiles(BaseItem item, Boolean includeDirectories, IDirectoryService directoryService)
   at MediaBrowser.LocalMetadata.Images.LocalImageProvider.GetImages(BaseItem item, IDirectoryService directoryService)
   at MediaBrowser.Providers.Manager.ItemImageProvider.<>c__DisplayClass7_0.<ValidateImages>b__0(ILocalImageProvider i)
   at System.Linq.Enumerable.SelectManySingleSelectorIterator`2.ToList()
   at System.Linq.Enumerable.ToList[TSource](IEnumerable`1 source)
   at MediaBrowser.Providers.Manager.ItemImageProvider.ValidateImages(BaseItem item, IEnumerable`1 providers, ImageRefreshOptions refreshOptions)
   at MediaBrowser.Providers.Manager.MetadataService`2.RefreshMetadata(BaseItem item, MetadataRefreshOptions refreshOptions, CancellationToken cancellationToken)
[2026-04-28 17:40:15.837 +01:00] [ERR] [16] MediaBrowser.Controller.Entities.BaseItem: Error retrieving children
System.UnauthorizedAccessException: Access to the path '/movies/._Lawrence of Arabia 1962 UHD BluRay 2160p HDR10 DV HEVC TrueHD Atmos 7.1 x265-E' is denied.
 ---> System.IO.IOException: Operation not permitted
   --- End of inner exception stack trace ---
   at System.IO.FileSystemInfo.Create(String fullPath, String fileName, Boolean asDirectory, FileStatus& fileStatus)
   at System.IO.Enumeration.FileSystemEnumerable`1.DelegateEnumerator.TransformEntry(FileSystemEntry& entry)
   at System.IO.Enumeration.FileSystemEnumerator`1.MoveNext()
   at System.Linq.Enumerable.IEnumerableSelectIterator`2.ToArray()
   at MediaBrowser.Controller.Providers.DirectoryService.<>c.<GetFileSystemEntries>b__5_0(String p, IFileSystem fileSystem)
   at System.Collections.Concurrent.ConcurrentDictionary`2.GetOrAdd[TArg](TKey key, Func`3 valueFactory, TArg factoryArgument)
   at MediaBrowser.Controller.Providers.DirectoryService.GetFileSystemEntries(String path)
   at MediaBrowser.Controller.Entities.BaseItem.GetFileSystemChildren(IDirectoryService directoryService)
   at MediaBrowser.Controller.Entities.Folder.GetNonCachedChildren(IDirectoryService directoryService)
   at MediaBrowser.Controller.Entities.Folder.ValidateChildrenInternal2(IProgress`1 progress, Boolean recursive, Boolean refreshChildMetadata, Boolean allowRemoveRoot, MetadataRefreshOptions refreshOptions, IDirectoryService directoryService, CancellationToken cancellationToken)
[2026-04-28 17:40:20.111 +01:00] [INF] [16] Jellyfin.Server.Implementations.Users.UserManager: Authentication request for "bill" has succeeded.
[2026-04-28 17:40:20.111 +01:00] [INF] [16] Emby.Server.Implementations.Session.SessionManager: Current/Max sessions for user "bill": 1/0
[2026-04-28 17:40:20.111 +01:00] [INF] [16] Emby.Server.Implementations.Session.SessionManager: Logging out access token "f73c63ace55647dca826bb15fb2a0106"
[2026-04-28 17:40:20.113 +01:00] [INF] [16] Emby.Server.Implementations.Session.SessionManager: Creating new access token for user dd66cf8d-c616-4ca1-b2c2-6df5ba8890ef
[2026-04-28 17:40:25.099 +01:00] [INF] [16] Jellyfin.Server.Implementations.Users.UserManager: Authentication request for "bill" has succeeded.
[2026-04-28 17:40:25.099 +01:00] [INF] [16] Emby.Server.Implementations.Session.SessionManager: Current/Max sessions for user "bill": 1/0
[2026-04-28 17:40:25.099 +01:00] [INF] [16] Emby.Server.Implementations.Session.SessionManager: Logging out access token "ab7cb3eb56eb440b96ede29e41d7eb74"
[2026-04-28 17:40:25.101 +01:00] [INF] [16] Emby.Server.Implementations.Session.SessionManager: Creating new access token for user dd66cf8d-c616-4ca1-b2c2-6df5ba8890ef
[2026-04-28 17:40:30.113 +01:00] [INF] [34] Jellyfin.Server.Implementations.Users.UserManager: Authentication request for "bill" has succeeded.
[2026-04-28 17:40:30.113 +01:00] [INF] [34] Emby.Server.Implementations.Session.SessionManager: Current/Max sessions for user "bill": 1/0
[2026-04-28 17:40:30.113 +01:00] [INF] [34] Emby.Server.Implementations.Session.SessionManager: Logging out access token "c9c89044367a46d6907b983740a218c9"
[2026-04-28 17:40:30.115 +01:00] [INF] [34] Emby.Server.Implementations.Session.SessionManager: Creating new access token for user dd66cf8d-c616-4ca1-b2c2-6df5ba8890ef
[2026-04-28 17:40:35.110 +01:00] [INF] [34] Jellyfin.Server.Implementations.Users.UserManager: Authentication request for "bill" has succeeded.
[2026-04-28 17:40:35.110 +01:00] [INF] [34] Emby.Server.Implementations.Session.SessionManager: Current/Max sessions for user "bill": 1/0
[2026-04-28 17:40:35.110 +01:00] [INF] [34] Emby.Server.Implementations.Session.SessionManager: Logging out access token "583e5e6c4596486fa60ec047a7c96639"
[2026-04-28 17:40:35.112 +01:00] [INF] [34] Emby.Server.Implementations.Session.SessionManager: Creating new access token for user dd66cf8d-c616-4ca1-b2c2-6df5ba8890ef
[2026-04-28 17:40:40.111 +01:00] [INF] [35] Jellyfin.Server.Implementations.Users.UserManager: Authentication request for "bill" has succeeded.
[2026-04-28 17:40:40.111 +01:00] [INF] [35] Emby.Server.Implementations.Session.SessionManager: Current/Max sessions for user "bill": 1/0
[2026-04-28 17:40:40.111 +01:00] [INF] [35] Emby.Server.Implementations.Session.SessionManager: Logging out access token "10f85bea13df4604ac2d7c81992e369c"
[2026-04-28 17:40:40.113 +01:00] [INF] [35] Emby.Server.Implementations.Session.SessionManager: Creating new access token for user dd66cf8d-c616-4ca1-b2c2-6df5ba8890ef
[2026-04-28 17:40:45.104 +01:00] [INF] [35] Jellyfin.Server.Implementations.Users.UserManager: Authentication request for "bill" has succeeded.
[2026-04-28 17:40:45.104 +01:00] [INF] [35] Emby.Server.Implementations.Session.SessionManager: Current/Max sessions for user "bill": 1/0
[2026-04-28 17:40:45.104 +01:00] [INF] [35] Emby.Server.Implementations.Session.SessionManager: Logging out access token "441a6628cca64ffb846a47edfbc9ea1f"
[2026-04-28 17:40:45.105 +01:00] [INF] [35] Emby.Server.Implementations.Session.SessionManager: Creating new access token for user dd66cf8d-c616-4ca1-b2c2-6df5ba8890ef
[2026-04-28 17:40:50.108 +01:00] [INF] [35] Jellyfin.Server.Implementations.Users.UserManager: Authentication request for "bill" has succeeded.
[2026-04-28 17:40:50.108 +01:00] [INF] [35] Emby.Server.Implementations.Session.SessionManager: Current/Max sessions for user "bill": 1/0
[2026-04-28 17:40:50.108 +01:00] [INF] [35] Emby.Server.Implementations.Session.SessionManager: Logging out access token "a58894902e834940a659b7d89f8cfe00"
[2026-04-28 17:40:50.110 +01:00] [INF] [35] Emby.Server.Implementations.Session.SessionManager: Creating new access token for user dd66cf8d-c616-4ca1-b2c2-6df5ba8890ef
[2026-04-28 17:40:54.384 +01:00] [INF] [35] Jellyfin.Api.Auth.CustomAuthenticationHandler: "CustomAuthentication" was not authenticated. Failure message: "Invalid token."
[2026-04-28 17:40:55.106 +01:00] [INF] [34] Jellyfin.Server.Implementations.Users.UserManager: Authentication request for "bill" has succeeded.
[2026-04-28 17:40:55.106 +01:00] [INF] [34] Emby.Server.Implementations.Session.SessionManager: Current/Max sessions for user "bill": 1/0
[2026-04-28 17:40:55.106 +01:00] [INF] [34] Emby.Server.Implementations.Session.SessionManager: Logging out access token "f12f8f4386b7438f8f842ee9f361ebdf"
[2026-04-28 17:40:55.108 +01:00] [INF] [34] Emby.Server.Implementations.Session.SessionManager: Creating new access token for user dd66cf8d-c616-4ca1-b2c2-6df5ba8890ef
[2026-04-28 17:41:00.128 +01:00] [INF] [35] Jellyfin.Server.Implementations.Users.UserManager: Authentication request for "bill" has succeeded.
[2026-04-28 17:41:00.128 +01:00] [INF] [35] Emby.Server.Implementations.Session.SessionManager: Current/Max sessions for user "bill": 1/0
[2026-04-28 17:41:00.128 +01:00] [INF] [35] Emby.Server.Implementations.Session.SessionManager: Logging out access token "b24eb07d34694222b2b9b6df3edd30fd"
[2026-04-28 17:41:00.130 +01:00] [INF] [35] Emby.Server.Implementations.Session.SessionManager: Creating new access token for user dd66cf8d-c616-4ca1-b2c2-6df5ba8890ef
[2026-04-28 17:41:05.107 +01:00] [INF] [35] Jellyfin.Server.Implementations.Users.UserManager: Authentication request for "bill" has succeeded.
[2026-04-28 17:41:05.107 +01:00] [INF] [35] Emby.Server.Implementations.Session.SessionManager: Current/Max sessions for user "bill": 1/0
[2026-04-28 17:41:05.107 +01:00] [INF] [35] Emby.Server.Implementations.Session.SessionManager: Logging out access token "8c156636be4449269247536032ba49f1"
[2026-04-28 17:41:05.109 +01:00] [INF] [35] Emby.Server.Implementations.Session.SessionManager: Creating new access token for user dd66cf8d-c616-4ca1-b2c2-6df5ba8890ef
[2026-04-28 17:41:10.109 +01:00] [INF] [35] Jellyfin.Server.Implementations.Users.UserManager: Authentication request for "bill" has succeeded.
[2026-04-28 17:41:10.109 +01:00] [INF] [35] Emby.Server.Implementations.Session.SessionManager: Current/Max sessions for user "bill": 1/0
[2026-04-28 17:41:10.109 +01:00] [INF] [35] Emby.Server.Implementations.Session.SessionManager: Logging out access token "6bb61750038a40e1b29679907565ac92"
[2026-04-28 17:41:10.110 +01:00] [INF] [35] Emby.Server.Implementations.Session.SessionManager: Creating new access token for user dd66cf8d-c616-4ca1-b2c2-6df5ba8890ef
[2026-04-28 17:41:15.106 +01:00] [INF] [34] Jellyfin.Server.Implementations.Users.UserManager: Authentication request for "bill" has succeeded.
[2026-04-28 17:41:15.106 +01:00] [INF] [34] Emby.Server.Implementations.Session.SessionManager: Current/Max sessions for user "bill": 1/0
[2026-04-28 17:41:15.106 +01:00] [INF] [34] Emby.Server.Implementations.Session.SessionManager: Logging out access token "9d07b9456fba4ad9aeb7404b77a8486b"
[2026-04-28 17:41:15.107 +01:00] [INF] [34] Emby.Server.Implementations.Session.SessionManager: Creating new access token for user dd66cf8d-c616-4ca1-b2c2-6df5ba8890ef
[2026-04-28 17:41:20.111 +01:00] [INF] [35] Jellyfin.Server.Implementations.Users.UserManager: Authentication request for "bill" has succeeded.
[2026-04-28 17:41:20.111 +01:00] [INF] [35] Emby.Server.Implementations.Session.SessionManager: Current/Max sessions for user "bill": 1/0
[2026-04-28 17:41:20.111 +01:00] [INF] [35] Emby.Server.Implementations.Session.SessionManager: Logging out access token "7f198a9d02014212a2bc0663ebf46597"
[2026-04-28 17:41:20.113 +01:00] [INF] [35] Emby.Server.Implementations.Session.SessionManager: Creating new access token for user dd66cf8d-c616-4ca1-b2c2-6df5ba8890ef
[2026-04-28 17:41:25.093 +01:00] [INF] [35] Jellyfin.Server.Implementations.Users.UserManager: Authentication request for "bill" has succeeded.
[2026-04-28 17:41:25.093 +01:00] [INF] [35] Emby.Server.Implementations.Session.SessionManager: Current/Max sessions for user "bill": 1/0
[2026-04-28 17:41:25.093 +01:00] [INF] [35] Emby.Server.Implementations.Session.SessionManager: Logging out access token "442b3399d6fb48919221737df3ae3b59"
[2026-04-28 17:41:25.094 +01:00] [INF] [35] Emby.Server.Implementations.Session.SessionManager: Creating new access token for user dd66cf8d-c616-4ca1-b2c2-6df5ba8890ef
[2026-04-28 17:41:30.109 +01:00] [INF] [35] Jellyfin.Server.Implementations.Users.UserManager: Authentication request for "bill" has succeeded.
[2026-04-28 17:41:30.109 +01:00] [INF] [35] Emby.Server.Implementations.Session.SessionManager: Current/Max sessions for user "bill": 1/0
[2026-04-28 17:41:30.109 +01:00] [INF] [35] Emby.Server.Implementations.Session.SessionManager: Logging out access token "62ef8dc2e5ce47c5a3b7ad5d2c4c0ecd"
[2026-04-28 17:41:30.111 +01:00] [INF] [35] Emby.Server.Implementations.Session.SessionManager: Creating new access token for user dd66cf8d-c616-4ca1-b2c2-6df5ba8890ef
[2026-04-28 17:41:35.106 +01:00] [INF] [3] Jellyfin.Server.Implementations.Users.UserManager: Authentication request for "bill" has succeeded.
[2026-04-28 17:41:35.106 +01:00] [INF] [3] Emby.Server.Implementations.Session.SessionManager: Current/Max sessions for user "bill": 1/0
[2026-04-28 17:41:35.106 +01:00] [INF] [3] Emby.Server.Implementations.Session.SessionManager: Logging out access token "93ae26bf626f44e3b8680cf58a0f95fb"
[2026-04-28 17:41:35.107 +01:00] [INF] [3] Emby.Server.Implementations.Session.SessionManager: Creating new access token for user dd66cf8d-c616-4ca1-b2c2-6df5ba8890ef
[2026-04-28 17:41:40.104 +01:00] [INF] [3] Jellyfin.Server.Implementations.Users.UserManager: Authentication request for "bill" has succeeded.
[2026-04-28 17:41:40.105 +01:00] [INF] [3] Emby.Server.Implementations.Session.SessionManager: Current/Max sessions for user "bill": 1/0
[2026-04-28 17:41:40.105 +01:00] [INF] [3] Emby.Server.Implementations.Session.SessionManager: Logging out access token "6698c79a2cbd4de2bf986b847e3f35d4"
[2026-04-28 17:41:40.106 +01:00] [INF] [3] Emby.Server.Implementations.Session.SessionManager: Creating new access token for user dd66cf8d-c616-4ca1-b2c2-6df5ba8890ef
[2026-04-28 17:41:45.106 +01:00] [INF] [3] Jellyfin.Server.Implementations.Users.UserManager: Authentication request for "bill" has succeeded.
[2026-04-28 17:41:45.106 +01:00] [INF] [3] Emby.Server.Implementations.Session.SessionManager: Current/Max sessions for user "bill": 1/0
[2026-04-28 17:41:45.106 +01:00] [INF] [3] Emby.Server.Implementations.Session.SessionManager: Logging out access token "f75e4579beac4753a7c8a6dfc8f12514"
[2026-04-28 17:41:45.108 +01:00] [INF] [3] Emby.Server.Implementations.Session.SessionManager: Creating new access token for user dd66cf8d-c616-4ca1-b2c2-6df5ba8890ef
[2026-04-28 17:41:50.097 +01:00] [INF] [34] Jellyfin.Server.Implementations.Users.UserManager: Authentication request for "bill" has succeeded.
[2026-04-28 17:41:50.097 +01:00] [INF] [34] Emby.Server.Implementations.Session.SessionManager: Current/Max sessions for user "bill": 1/0
[2026-04-28 17:41:50.097 +01:00] [INF] [34] Emby.Server.Implementations.Session.SessionManager: Logging out access token "2613cbcdedba4991883db6b3d9d834f0"
[2026-04-28 17:41:50.098 +01:00] [INF] [34] Emby.Server.Implementations.Session.SessionManager: Creating new access token for user dd66cf8d-c616-4ca1-b2c2-6df5ba8890ef
[2026-04-28 17:41:52.382 +01:00] [INF] [3] Jellyfin.Api.Auth.CustomAuthenticationHandler: "CustomAuthentication" was not authenticated. Failure message: "Invalid token."
[2026-04-28 17:41:52.382 +01:00] [INF] [3] Jellyfin.Api.Auth.CustomAuthenticationHandler: "CustomAuthentication" was not authenticated. Failure message: "Invalid token."
[2026-04-28 17:41:52.382 +01:00] [INF] [3] Jellyfin.Api.Auth.CustomAuthenticationHandler: AuthenticationScheme: "CustomAuthentication" was challenged.
[2026-04-28 17:41:55.088 +01:00] [INF] [3] Jellyfin.Server.Implementations.Users.UserManager: Authentication request for "bill" has succeeded.
[2026-04-28 17:41:55.088 +01:00] [INF] [3] Emby.Server.Implementations.Session.SessionManager: Current/Max sessions for user "bill": 1/0
[2026-04-28 17:41:55.088 +01:00] [INF] [3] Emby.Server.Implementations.Session.SessionManager: Logging out access token "9a1a8266a9aa4f2bb04796f5830e06a6"
[2026-04-28 17:41:55.093 +01:00] [INF] [3] Emby.Server.Implementations.Session.SessionManager: Creating new access token for user dd66cf8d-c616-4ca1-b2c2-6df5ba8890ef
[2026-04-28 17:41:55.375 +01:00] [INF] [34] Jellyfin.Api.Auth.CustomAuthenticationHandler: "CustomAuthentication" was not authenticated. Failure message: "Invalid token."
[2026-04-28 17:42:00.129 +01:00] [INF] [35] Jellyfin.Server.Implementations.Users.UserManager: Authentication request for "bill" has succeeded.
[2026-04-28 17:42:00.130 +01:00] [INF] [35] Emby.Server.Implementations.Session.SessionManager: Current/Max sessions for user "bill": 1/0
[2026-04-28 17:42:00.130 +01:00] [INF] [35] Emby.Server.Implementations.Session.SessionManager: Logging out access token "3393ae759982495b8a63a2630071f718"
[2026-04-28 17:42:00.131 +01:00] [INF] [35] Emby.Server.Implementations.Session.SessionManager: Creating new access token for user dd66cf8d-c616-4ca1-b2c2-6df5ba8890ef
[2026-04-28 17:42:05.101 +01:00] [INF] [34] Jellyfin.Server.Implementations.Users.UserManager: Authentication request for "bill" has succeeded.
[2026-04-28 17:42:05.101 +01:00] [INF] [34] Emby.Server.Implementations.Session.SessionManager: Current/Max sessions for user "bill": 1/0
[2026-04-28 17:42:05.102 +01:00] [INF] [34] Emby.Server.Implementations.Session.SessionManager: Logging out access token "879059f93e4e4c30aa37f0cf75ebd8c4"
[2026-04-28 17:42:05.103 +01:00] [INF] [34] Emby.Server.Implementations.Session.SessionManager: Creating new access token for user dd66cf8d-c616-4ca1-b2c2-6df5ba8890ef
[2026-04-28 17:42:10.112 +01:00] [INF] [34] Jellyfin.Server.Implementations.Users.UserManager: Authentication request for "bill" has succeeded.
[2026-04-28 17:42:10.112 +01:00] [INF] [34] Emby.Server.Implementations.Session.SessionManager: Current/Max sessions for user "bill": 1/0
[2026-04-28 17:42:10.112 +01:00] [INF] [34] Emby.Server.Implementations.Session.SessionManager: Logging out access token "5f59fad15028435599617675a88f4f5e"
[2026-04-28 17:42:10.114 +01:00] [INF] [34] Emby.Server.Implementations.Session.SessionManager: Creating new access token for user dd66cf8d-c616-4ca1-b2c2-6df5ba8890ef
[2026-04-28 17:42:15.119 +01:00] [INF] [34] Jellyfin.Server.Implementations.Users.UserManager: Authentication request for "bill" has succeeded.
[2026-04-28 17:42:15.119 +01:00] [INF] [34] Emby.Server.Implementations.Session.SessionManager: Current/Max sessions for user "bill": 1/0
[2026-04-28 17:42:15.119 +01:00] [INF] [34] Emby.Server.Implementations.Session.SessionManager: Logging out access token "3d0558cf1c4d4aedb6d91e82944fb843"
[2026-04-28 17:42:15.121 +01:00] [INF] [34] Emby.Server.Implementations.Session.SessionManager: Creating new access token for user dd66cf8d-c616-4ca1-b2c2-6df5ba8890ef
[2026-04-28 17:42:20.114 +01:00] [INF] [3] Jellyfin.Server.Implementations.Users.UserManager: Authentication request for "bill" has succeeded.
[2026-04-28 17:42:20.114 +01:00] [INF] [3] Emby.Server.Implementations.Session.SessionManager: Current/Max sessions for user "bill": 1/0
[2026-04-28 17:42:20.114 +01:00] [INF] [3] Emby.Server.Implementations.Session.SessionManager: Logging out access token "6d169bed90de4f8798d3eb8fde25e84b"
[2026-04-28 17:42:20.116 +01:00] [INF] [3] Emby.Server.Implementations.Session.SessionManager: Creating new access token for user dd66cf8d-c616-4ca1-b2c2-6df5ba8890ef
[2026-04-28 17:42:25.083 +01:00] [INF] [3] Jellyfin.Server.Implementations.Users.UserManager: Authentication request for "bill" has succeeded.
[2026-04-28 17:42:25.083 +01:00] [INF] [3] Emby.Server.Implementations.Session.SessionManager: Current/Max sessions for user "bill": 1/0
[2026-04-28 17:42:25.084 +01:00] [INF] [3] Emby.Server.Implementations.Session.SessionManager: Logging out access token "90058088809e49289df50feaba9c664a"
[2026-04-28 17:42:25.086 +01:00] [INF] [3] Emby.Server.Implementations.Session.SessionManager: Creating new access token for user dd66cf8d-c616-4ca1-b2c2-6df5ba8890ef
[2026-04-28 17:42:30.105 +01:00] [INF] [35] Jellyfin.Server.Implementations.Users.UserManager: Authentication request for "bill" has succeeded.
[2026-04-28 17:42:30.105 +01:00] [INF] [35] Emby.Server.Implementations.Session.SessionManager: Current/Max sessions for user "bill": 1/0
[2026-04-28 17:42:30.105 +01:00] [INF] [35] Emby.Server.Implementations.Session.SessionManager: Logging out access token "501e95ac5ad94b159ba760234691191f"
[2026-04-28 17:42:30.106 +01:00] [INF] [35] Emby.Server.Implementations.Session.SessionManager: Creating new access token for user dd66cf8d-c616-4ca1-b2c2-6df5ba8890ef
[2026-04-28 17:42:35.103 +01:00] [INF] [3] Jellyfin.Server.Implementations.Users.UserManager: Authentication request for "bill" has succeeded.
[2026-04-28 17:42:35.103 +01:00] [INF] [3] Emby.Server.Implementations.Session.SessionManager: Current/Max sessions for user "bill": 1/0
[2026-04-28 17:42:35.103 +01:00] [INF] [3] Emby.Server.Implementations.Session.SessionManager: Logging out access token "9a5a4bdec07840c0ac105c0c698242f8"
[2026-04-28 17:42:35.105 +01:00] [INF] [3] Emby.Server.Implementations.Session.SessionManager: Creating new access token for user dd66cf8d-c616-4ca1-b2c2-6df5ba8890ef
[2026-04-28 17:42:40.109 +01:00] [INF] [3] Jellyfin.Server.Implementations.Users.UserManager: Authentication request for "bill" has succeeded.
[2026-04-28 17:42:40.109 +01:00] [INF] [3] Emby.Server.Implementations.Session.SessionManager: Current/Max sessions for user "bill": 1/0
[2026-04-28 17:42:40.109 +01:00] [INF] [3] Emby.Server.Implementations.Session.SessionManager: Logging out access token "42d283366fd7470e96c8cabc904f026b"
[2026-04-28 17:42:40.110 +01:00] [INF] [3] Emby.Server.Implementations.Session.SessionManager: Creating new access token for user dd66cf8d-c616-4ca1-b2c2-6df5ba8890ef
[2026-04-28 17:42:45.111 +01:00] [INF] [34] Jellyfin.Server.Implementations.Users.UserManager: Authentication request for "bill" has succeeded.
[2026-04-28 17:42:45.111 +01:00] [INF] [34] Emby.Server.Implementations.Session.SessionManager: Current/Max sessions for user "bill": 1/0
[2026-04-28 17:42:45.111 +01:00] [INF] [34] Emby.Server.Implementations.Session.SessionManager: Logging out access token "d75ad94b692b4d4da1abb71303e96423"
[2026-04-28 17:42:45.113 +01:00] [INF] [34] Emby.Server.Implementations.Session.SessionManager: Creating new access token for user dd66cf8d-c616-4ca1-b2c2-6df5ba8890ef
[2026-04-28 17:42:50.113 +01:00] [INF] [35] Jellyfin.Server.Implementations.Users.UserManager: Authentication request for "bill" has succeeded.
[2026-04-28 17:42:50.113 +01:00] [INF] [35] Emby.Server.Implementations.Session.SessionManager: Current/Max sessions for user "bill": 1/0
[2026-04-28 17:42:50.113 +01:00] [INF] [35] Emby.Server.Implementations.Session.SessionManager: Logging out access token "8861a47181d4482e8b9864bd357e38f3"
[2026-04-28 17:42:50.115 +01:00] [INF] [35] Emby.Server.Implementations.Session.SessionManager: Creating new access token for user dd66cf8d-c616-4ca1-b2c2-6df5ba8890ef
[2026-04-28 17:42:55.107 +01:00] [INF] [3] Jellyfin.Server.Implementations.Users.UserManager: Authentication request for "bill" has succeeded.
[2026-04-28 17:42:55.107 +01:00] [INF] [3] Emby.Server.Implementations.Session.SessionManager: Current/Max sessions for user "bill": 1/0
[2026-04-28 17:42:55.107 +01:00] [INF] [3] Emby.Server.Implementations.Session.SessionManager: Logging out access token "bc45bdd2e3bd48bda14c187d26b652cf"
[2026-04-28 17:42:55.112 +01:00] [INF] [3] Emby.Server.Implementations.Session.SessionManager: Creating new access token for user dd66cf8d-c616-4ca1-b2c2-6df5ba8890ef
[2026-04-28 17:42:56.382 +01:00] [INF] [35] Jellyfin.Api.Auth.CustomAuthenticationHandler: "CustomAuthentication" was not authenticated. Failure message: "Invalid token."
[2026-04-28 17:43:00.128 +01:00] [INF] [35] Jellyfin.Server.Implementations.Users.UserManager: Authentication request for "bill" has succeeded.
[2026-04-28 17:43:00.128 +01:00] [INF] [35] Emby.Server.Implementations.Session.SessionManager: Current/Max sessions for user "bill": 1/0
[2026-04-28 17:43:00.128 +01:00] [INF] [35] Emby.Server.Implementations.Session.SessionManager: Logging out access token "66e0cdaf3ff24384a02ac9c07a842cd5"
[2026-04-28 17:43:00.129 +01:00] [INF] [35] Emby.Server.Implementations.Session.SessionManager: Creating new access token for user dd66cf8d-c616-4ca1-b2c2-6df5ba8890ef
[2026-04-28 17:43:05.104 +01:00] [INF] [30] Jellyfin.Server.Implementations.Users.UserManager: Authentication request for "bill" has succeeded.
[2026-04-28 17:43:05.104 +01:00] [INF] [30] Emby.Server.Implementations.Session.SessionManager: Current/Max sessions for user "bill": 1/0
[2026-04-28 17:43:05.104 +01:00] [INF] [30] Emby.Server.Implementations.Session.SessionManager: Logging out access token "f0cbfb00053d48c9824f2ff8fec47651"
[2026-04-28 17:43:05.106 +01:00] [INF] [30] Emby.Server.Implementations.Session.SessionManager: Creating new access token for user dd66cf8d-c616-4ca1-b2c2-6df5ba8890ef
[2026-04-28 17:43:10.108 +01:00] [INF] [30] Jellyfin.Server.Implementations.Users.UserManager: Authentication request for "bill" has succeeded.
[2026-04-28 17:43:10.108 +01:00] [INF] [30] Emby.Server.Implementations.Session.SessionManager: Current/Max sessions for user "bill": 1/0
[2026-04-28 17:43:10.108 +01:00] [INF] [30] Emby.Server.Implementations.Session.SessionManager: Logging out access token "45feb333abe64403a024d16cd2ad6b01"
[2026-04-28 17:43:10.109 +01:00] [INF] [30] Emby.Server.Implementations.Session.SessionManager: Creating new access token for user dd66cf8d-c616-4ca1-b2c2-6df5ba8890ef
[2026-04-28 17:43:15.093 +01:00] [INF] [35] Jellyfin.Server.Implementations.Users.UserManager: Authentication request for "bill" has succeeded.
[2026-04-28 17:43:15.093 +01:00] [INF] [35] Emby.Server.Implementations.Session.SessionManager: Current/Max sessions for user "bill": 1/0
[2026-04-28 17:43:15.093 +01:00] [INF] [35] Emby.Server.Implementations.Session.SessionManager: Logging out access token "71bb1ed132e04a45937b93dd2b4632b0"
[2026-04-28 17:43:15.096 +01:00] [INF] [35] Emby.Server.Implementations.Session.SessionManager: Creating new access token for user dd66cf8d-c616-4ca1-b2c2-6df5ba8890ef
[2026-04-28 17:43:20.109 +01:00] [INF] [35] Jellyfin.Server.Implementations.Users.UserManager: Authentication request for "bill" has succeeded.
[2026-04-28 17:43:20.109 +01:00] [INF] [35] Emby.Server.Implementations.Session.SessionManager: Current/Max sessions for user "bill": 1/0
[2026-04-28 17:43:20.109 +01:00] [INF] [35] Emby.Server.Implementations.Session.SessionManager: Logging out access token "037febf25d714596880fd815081c4bd9"
[2026-04-28 17:43:20.111 +01:00] [INF] [35] Emby.Server.Implementations.Session.SessionManager: Creating new access token for user dd66cf8d-c616-4ca1-b2c2-6df5ba8890ef
[2026-04-28 17:43:22.418 +01:00] [INF] [3] Jellyfin.Server.Implementations.Users.UserManager: Authentication request for "bill" has succeeded.
[2026-04-28 17:43:22.418 +01:00] [INF] [3] Emby.Server.Implementations.Session.SessionManager: Current/Max sessions for user "bill": 1/0
[2026-04-28 17:43:22.418 +01:00] [INF] [3] Emby.Server.Implementations.Session.SessionManager: Logging out access token "9f80f8de90374ab182e7d11ea062a024"
[2026-04-28 17:43:22.420 +01:00] [INF] [3] Emby.Server.Implementations.Session.SessionManager: Creating new access token for user dd66cf8d-c616-4ca1-b2c2-6df5ba8890ef
[2026-04-28 17:43:25.095 +01:00] [INF] [29] Jellyfin.Server.Implementations.Users.UserManager: Authentication request for "bill" has succeeded.
[2026-04-28 17:43:25.095 +01:00] [INF] [29] Emby.Server.Implementations.Session.SessionManager: Current/Max sessions for user "bill": 1/0
[2026-04-28 17:43:25.095 +01:00] [INF] [29] Emby.Server.Implementations.Session.SessionManager: Logging out access token "74864eb8b9504d9fa1d4747ec9db26fa"
[2026-04-28 17:43:25.098 +01:00] [INF] [29] Emby.Server.Implementations.Session.SessionManager: Creating new access token for user dd66cf8d-c616-4ca1-b2c2-6df5ba8890ef
[2026-04-28 17:43:30.109 +01:00] [INF] [36] Jellyfin.Server.Implementations.Users.UserManager: Authentication request for "bill" has succeeded.
[2026-04-28 17:43:30.109 +01:00] [INF] [36] Emby.Server.Implementations.Session.SessionManager: Current/Max sessions for user "bill": 1/0
[2026-04-28 17:43:30.109 +01:00] [INF] [36] Emby.Server.Implementations.Session.SessionManager: Logging out access token "917c4a2ae3d1406faa524899dd776e5c"
[2026-04-28 17:43:30.111 +01:00] [INF] [36] Emby.Server.Implementations.Session.SessionManager: Creating new access token for user dd66cf8d-c616-4ca1-b2c2-6df5ba8890ef
[2026-04-28 17:43:35.095 +01:00] [INF] [36] Jellyfin.Server.Implementations.Users.UserManager: Authentication request for "bill" has succeeded.
[2026-04-28 17:43:35.095 +01:00] [INF] [36] Emby.Server.Implementations.Session.SessionManager: Current/Max sessions for user "bill": 1/0
[2026-04-28 17:43:35.095 +01:00] [INF] [36] Emby.Server.Implementations.Session.SessionManager: Logging out access token "3770476a7f15463893faf6970a270fd8"
[2026-04-28 17:43:35.098 +01:00] [INF] [36] Emby.Server.Implementations.Session.SessionManager: Creating new access token for user dd66cf8d-c616-4ca1-b2c2-6df5ba8890ef
[2026-04-28 17:43:40.112 +01:00] [INF] [36] Jellyfin.Server.Implementations.Users.UserManager: Authentication request for "bill" has succeeded.
[2026-04-28 17:43:40.112 +01:00] [INF] [36] Emby.Server.Implementations.Session.SessionManager: Current/Max sessions for user "bill": 1/0
[2026-04-28 17:43:40.112 +01:00] [INF] [36] Emby.Server.Implementations.Session.SessionManager: Logging out access token "236e822d2e2e4f5bbebe294b01bf0342"
[2026-04-28 17:43:40.113 +01:00] [INF] [36] Emby.Server.Implementations.Session.SessionManager: Creating new access token for user dd66cf8d-c616-4ca1-b2c2-6df5ba8890ef
[2026-04-28 17:43:45.090 +01:00] [INF] [36] Jellyfin.Server.Implementations.Users.UserManager: Authentication request for "bill" has succeeded.
[2026-04-28 17:43:45.090 +01:00] [INF] [36] Emby.Server.Implementations.Session.SessionManager: Current/Max sessions for user "bill": 1/0
[2026-04-28 17:43:45.090 +01:00] [INF] [36] Emby.Server.Implementations.Session.SessionManager: Logging out access token "773e3484d204432787ab7c138f0f6b4f"
[2026-04-28 17:43:45.093 +01:00] [INF] [36] Emby.Server.Implementations.Session.SessionManager: Creating new access token for user dd66cf8d-c616-4ca1-b2c2-6df5ba8890ef
[2026-04-28 17:43:50.090 +01:00] [INF] [36] Jellyfin.Server.Implementations.Users.UserManager: Authentication request for "bill" has succeeded.
[2026-04-28 17:43:50.090 +01:00] [INF] [36] Emby.Server.Implementations.Session.SessionManager: Current/Max sessions for user "bill": 1/0
[2026-04-28 17:43:50.090 +01:00] [INF] [36] Emby.Server.Implementations.Session.SessionManager: Logging out access token "1d61c0254ac14ff28d48bfbfb9ab8668"
[2026-04-28 17:43:50.091 +01:00] [INF] [36] Emby.Server.Implementations.Session.SessionManager: Creating new access token for user dd66cf8d-c616-4ca1-b2c2-6df5ba8890ef
[2026-04-28 17:43:55.115 +01:00] [INF] [29] Jellyfin.Server.Implementations.Users.UserManager: Authentication request for "bill" has succeeded.
[2026-04-28 17:43:55.115 +01:00] [INF] [29] Emby.Server.Implementations.Session.SessionManager: Current/Max sessions for user "bill": 1/0
[2026-04-28 17:43:55.115 +01:00] [INF] [29] Emby.Server.Implementations.Session.SessionManager: Logging out access token "419bd31c54e5445c8b7ca1b418630171"
[2026-04-28 17:43:55.116 +01:00] [INF] [29] Emby.Server.Implementations.Session.SessionManager: Creating new access token for user dd66cf8d-c616-4ca1-b2c2-6df5ba8890ef
[2026-04-28 17:44:00.113 +01:00] [INF] [29] Jellyfin.Server.Implementations.Users.UserManager: Authentication request for "bill" has succeeded.
[2026-04-28 17:44:00.113 +01:00] [INF] [29] Emby.Server.Implementations.Session.SessionManager: Current/Max sessions for user "bill": 1/0
[2026-04-28 17:44:00.113 +01:00] [INF] [29] Emby.Server.Implementations.Session.SessionManager: Logging out access token "206377cdd31c41dca4e9d57a3341776f"
[2026-04-28 17:44:00.116 +01:00] [INF] [29] Emby.Server.Implementations.Session.SessionManager: Creating new access token for user dd66cf8d-c616-4ca1-b2c2-6df5ba8890ef
[2026-04-28 17:44:05.090 +01:00] [INF] [29] Jellyfin.Server.Implementations.Users.UserManager: Authentication request for "bill" has succeeded.
[2026-04-28 17:44:05.090 +01:00] [INF] [29] Emby.Server.Implementations.Session.SessionManager: Current/Max sessions for user "bill": 1/0
[2026-04-28 17:44:05.090 +01:00] [INF] [29] Emby.Server.Implementations.Session.SessionManager: Logging out access token "fdf227716f7740ce8ec71947147845e1"
[2026-04-28 17:44:05.093 +01:00] [INF] [29] Emby.Server.Implementations.Session.SessionManager: Creating new access token for user dd66cf8d-c616-4ca1-b2c2-6df5ba8890ef
[2026-04-28 17:44:10.106 +01:00] [INF] [34] Jellyfin.Server.Implementations.Users.UserManager: Authentication request for "bill" has succeeded.
[2026-04-28 17:44:10.106 +01:00] [INF] [34] Emby.Server.Implementations.Session.SessionManager: Current/Max sessions for user "bill": 1/0
[2026-04-28 17:44:10.106 +01:00] [INF] [34] Emby.Server.Implementations.Session.SessionManager: Logging out access token "5e6f0aa2ad68437aa299368894df1113"
[2026-04-28 17:44:10.107 +01:00] [INF] [34] Emby.Server.Implementations.Session.SessionManager: Creating new access token for user dd66cf8d-c616-4ca1-b2c2-6df5ba8890ef
[2026-04-28 17:44:15.099 +01:00] [INF] [29] Jellyfin.Server.Implementations.Users.UserManager: Authentication request for "bill" has succeeded.
[2026-04-28 17:44:15.099 +01:00] [INF] [29] Emby.Server.Implementations.Session.SessionManager: Current/Max sessions for user "bill": 1/0
[2026-04-28 17:44:15.099 +01:00] [INF] [29] Emby.Server.Implementations.Session.SessionManager: Logging out access token "5cc74b4ab72246d1873de75fae9e4a34"
[2026-04-28 17:44:15.102 +01:00] [INF] [29] Emby.Server.Implementations.Session.SessionManager: Creating new access token for user dd66cf8d-c616-4ca1-b2c2-6df5ba8890ef
[2026-04-28 17:44:20.088 +01:00] [INF] [29] Jellyfin.Server.Implementations.Users.UserManager: Authentication request for "bill" has succeeded.
[2026-04-28 17:44:20.088 +01:00] [INF] [29] Emby.Server.Implementations.Session.SessionManager: Current/Max sessions for user "bill": 1/0
[2026-04-28 17:44:20.088 +01:00] [INF] [29] Emby.Server.Implementations.Session.SessionManager: Logging out access token "3d2f25ed3c1e429f87e95031e510b557"
[2026-04-28 17:44:20.090 +01:00] [INF] [29] Emby.Server.Implementations.Session.SessionManager: Creating new access token for user dd66cf8d-c616-4ca1-b2c2-6df5ba8890ef
[2026-04-28 17:44:25.087 +01:00] [INF] [34] Jellyfin.Server.Implementations.Users.UserManager: Authentication request for "bill" has succeeded.
[2026-04-28 17:44:25.087 +01:00] [INF] [34] Emby.Server.Implementations.Session.SessionManager: Current/Max sessions for user "bill": 1/0
[2026-04-28 17:44:25.087 +01:00] [INF] [34] Emby.Server.Implementations.Session.SessionManager: Logging out access token "6f2e60c7637e4a0d8b117d476801b521"
[2026-04-28 17:44:25.090 +01:00] [INF] [34] Emby.Server.Implementations.Session.SessionManager: Creating new access token for user dd66cf8d-c616-4ca1-b2c2-6df5ba8890ef
[2026-04-28 17:44:30.089 +01:00] [INF] [34] Jellyfin.Server.Implementations.Users.UserManager: Authentication request for "bill" has succeeded.
[2026-04-28 17:44:30.089 +01:00] [INF] [34] Emby.Server.Implementations.Session.SessionManager: Current/Max sessions for user "bill": 1/0
[2026-04-28 17:44:30.089 +01:00] [INF] [34] Emby.Server.Implementations.Session.SessionManager: Logging out access token "a1ed69d71f32452eb15a9a3baf12df6f"
[2026-04-28 17:44:30.090 +01:00] [INF] [34] Emby.Server.Implementations.Session.SessionManager: Creating new access token for user dd66cf8d-c616-4ca1-b2c2-6df5ba8890ef
[2026-04-28 17:44:35.092 +01:00] [INF] [34] Jellyfin.Server.Implementations.Users.UserManager: Authentication request for "bill" has succeeded.
[2026-04-28 17:44:35.092 +01:00] [INF] [34] Emby.Server.Implementations.Session.SessionManager: Current/Max sessions for user "bill": 1/0
[2026-04-28 17:44:35.092 +01:00] [INF] [34] Emby.Server.Implementations.Session.SessionManager: Logging out access token "b2bcc98d0dc143fe9fe5ee375c4ca8d1"
[2026-04-28 17:44:35.094 +01:00] [INF] [34] Emby.Server.Implementations.Session.SessionManager: Creating new access token for user dd66cf8d-c616-4ca1-b2c2-6df5ba8890ef
[2026-04-28 17:44:40.111 +01:00] [INF] [34] Jellyfin.Server.Implementations.Users.UserManager: Authentication request for "bill" has succeeded.
[2026-04-28 17:44:40.111 +01:00] [INF] [34] Emby.Server.Implementations.Session.SessionManager: Current/Max sessions for user "bill": 1/0
[2026-04-28 17:44:40.111 +01:00] [INF] [34] Emby.Server.Implementations.Session.SessionManager: Logging out access token "fa87e89a79b64fdd82a02b74287412eb"
[2026-04-28 17:44:40.116 +01:00] [INF] [34] Emby.Server.Implementations.Session.SessionManager: Creating new access token for user dd66cf8d-c616-4ca1-b2c2-6df5ba8890ef
[2026-04-28 17:44:45.106 +01:00] [INF] [34] Jellyfin.Server.Implementations.Users.UserManager: Authentication request for "bill" has succeeded.
[2026-04-28 17:44:45.106 +01:00] [INF] [34] Emby.Server.Implementations.Session.SessionManager: Current/Max sessions for user "bill": 1/0
[2026-04-28 17:44:45.106 +01:00] [INF] [34] Emby.Server.Implementations.Session.SessionManager: Logging out access token "dc66b1400830417c9e53aedf6a437175"
[2026-04-28 17:44:45.109 +01:00] [INF] [34] Emby.Server.Implementations.Session.SessionManager: Creating new access token for user dd66cf8d-c616-4ca1-b2c2-6df5ba8890ef
[2026-04-28 17:44:50.109 +01:00] [INF] [34] Jellyfin.Server.Implementations.Users.UserManager: Authentication request for "bill" has succeeded.
[2026-04-28 17:44:50.109 +01:00] [INF] [34] Emby.Server.Implementations.Session.SessionManager: Current/Max sessions for user "bill": 1/0
[2026-04-28 17:44:50.109 +01:00] [INF] [34] Emby.Server.Implementations.Session.SessionManager: Logging out access token "c13b74f60dbc48f4a6b3cf1a7ec3a0e4"
[2026-04-28 17:44:50.111 +01:00] [INF] [34] Emby.Server.Implementations.Session.SessionManager: Creating new access token for user dd66cf8d-c616-4ca1-b2c2-6df5ba8890ef
[2026-04-28 17:44:55.115 +01:00] [INF] [34] Jellyfin.Server.Implementations.Users.UserManager: Authentication request for "bill" has succeeded.
[2026-04-28 17:44:55.115 +01:00] [INF] [34] Emby.Server.Implementations.Session.SessionManager: Current/Max sessions for user "bill": 1/0
[2026-04-28 17:44:55.115 +01:00] [INF] [34] Emby.Server.Implementations.Session.SessionManager: Logging out access token "8e50081510fb4a24b63cf237cc5d402a"
[2026-04-28 17:44:55.118 +01:00] [INF] [34] Emby.Server.Implementations.Session.SessionManager: Creating new access token for user dd66cf8d-c616-4ca1-b2c2-6df5ba8890ef
[2026-04-28 17:45:00.134 +01:00] [INF] [36] Jellyfin.Server.Implementations.Users.UserManager: Authentication request for "bill" has succeeded.
[2026-04-28 17:45:00.134 +01:00] [INF] [36] Emby.Server.Implementations.Session.SessionManager: Current/Max sessions for user "bill": 1/0
[2026-04-28 17:45:00.134 +01:00] [INF] [36] Emby.Server.Implementations.Session.SessionManager: Logging out access token "a8239894ef794868864dc6d45105ee4b"
[2026-04-28 17:45:00.136 +01:00] [INF] [36] Emby.Server.Implementations.Session.SessionManager: Creating new access token for user dd66cf8d-c616-4ca1-b2c2-6df5ba8890ef
[2026-04-28 17:45:05.107 +01:00] [INF] [29] Jellyfin.Server.Implementations.Users.UserManager: Authentication request for "bill" has succeeded.
[2026-04-28 17:45:05.107 +01:00] [INF] [29] Emby.Server.Implementations.Session.SessionManager: Current/Max sessions for user "bill": 1/0
[2026-04-28 17:45:05.107 +01:00] [INF] [29] Emby.Server.Implementations.Session.SessionManager: Logging out access token "6820e4b9e38a4232bd1b86aa7cc9958c"
[2026-04-28 17:45:05.110 +01:00] [INF] [29] Emby.Server.Implementations.Session.SessionManager: Creating new access token for user dd66cf8d-c616-4ca1-b2c2-6df5ba8890ef
[2026-04-28 17:45:10.107 +01:00] [INF] [34] Jellyfin.Server.Implementations.Users.UserManager: Authentication request for "bill" has succeeded.
[2026-04-28 17:45:10.107 +01:00] [INF] [34] Emby.Server.Implementations.Session.SessionManager: Current/Max sessions for user "bill": 1/0
[2026-04-28 17:45:10.107 +01:00] [INF] [34] Emby.Server.Implementations.Session.SessionManager: Logging out access token "08122fd65e3d44dd94404025151c89e0"
[2026-04-28 17:45:10.109 +01:00] [INF] [34] Emby.Server.Implementations.Session.SessionManager: Creating new access token for user dd66cf8d-c616-4ca1-b2c2-6df5ba8890ef
[2026-04-28 17:45:15.115 +01:00] [INF] [34] Jellyfin.Server.Implementations.Users.UserManager: Authentication request for "bill" has succeeded.
[2026-04-28 17:45:15.115 +01:00] [INF] [34] Emby.Server.Implementations.Session.SessionManager: Current/Max sessions for user "bill": 1/0
[2026-04-28 17:45:15.115 +01:00] [INF] [34] Emby.Server.Implementations.Session.SessionManager: Logging out access token "f27611760697451dbb8cf5e99d78e5b9"
[2026-04-28 17:45:15.119 +01:00] [INF] [34] Emby.Server.Implementations.Session.SessionManager: Creating new access token for user dd66cf8d-c616-4ca1-b2c2-6df5ba8890ef
[2026-04-28 17:45:20.106 +01:00] [INF] [34] Jellyfin.Server.Implementations.Users.UserManager: Authentication request for "bill" has succeeded.
[2026-04-28 17:45:20.106 +01:00] [INF] [34] Emby.Server.Implementations.Session.SessionManager: Current/Max sessions for user "bill": 1/0
[2026-04-28 17:45:20.107 +01:00] [INF] [34] Emby.Server.Implementations.Session.SessionManager: Logging out access token "7898eb8485104c1586dd1236b71a49b0"
[2026-04-28 17:45:20.108 +01:00] [INF] [34] Emby.Server.Implementations.Session.SessionManager: Creating new access token for user dd66cf8d-c616-4ca1-b2c2-6df5ba8890ef
[2026-04-28 17:45:25.096 +01:00] [INF] [32] Jellyfin.Server.Implementations.Users.UserManager: Authentication request for "bill" has succeeded.
[2026-04-28 17:45:25.096 +01:00] [INF] [32] Emby.Server.Implementations.Session.SessionManager: Current/Max sessions for user "bill": 1/0
[2026-04-28 17:45:25.096 +01:00] [INF] [32] Emby.Server.Implementations.Session.SessionManager: Logging out access token "24e8dd51ff13484bb999fcd0d0fb6984"
[2026-04-28 17:45:25.097 +01:00] [INF] [32] Emby.Server.Implementations.Session.SessionManager: Creating new access token for user dd66cf8d-c616-4ca1-b2c2-6df5ba8890ef
[2026-04-28 17:45:30.113 +01:00] [INF] [32] Jellyfin.Server.Implementations.Users.UserManager: Authentication request for "bill" has succeeded.
[2026-04-28 17:45:30.113 +01:00] [INF] [32] Emby.Server.Implementations.Session.SessionManager: Current/Max sessions for user "bill": 1/0
[2026-04-28 17:45:30.113 +01:00] [INF] [32] Emby.Server.Implementations.Session.SessionManager: Logging out access token "b4970824bf3d46378cf5799c84fd425b"
[2026-04-28 17:45:30.115 +01:00] [INF] [32] Emby.Server.Implementations.Session.SessionManager: Creating new access token for user dd66cf8d-c616-4ca1-b2c2-6df5ba8890ef
[2026-04-28 17:45:35.107 +01:00] [INF] [29] Jellyfin.Server.Implementations.Users.UserManager: Authentication request for "bill" has succeeded.
[2026-04-28 17:45:35.107 +01:00] [INF] [29] Emby.Server.Implementations.Session.SessionManager: Current/Max sessions for user "bill": 1/0
[2026-04-28 17:45:35.107 +01:00] [INF] [29] Emby.Server.Implementations.Session.SessionManager: Logging out access token "fc82acab8fab4aca8ae672850c52b982"
[2026-04-28 17:45:35.108 +01:00] [INF] [29] Emby.Server.Implementations.Session.SessionManager: Creating new access token for user dd66cf8d-c616-4ca1-b2c2-6df5ba8890ef
[2026-04-28 17:45:40.115 +01:00] [INF] [34] Jellyfin.Server.Implementations.Users.UserManager: Authentication request for "bill" has succeeded.
[2026-04-28 17:45:40.115 +01:00] [INF] [34] Emby.Server.Implementations.Session.SessionManager: Current/Max sessions for user "bill": 1/0
[2026-04-28 17:45:40.116 +01:00] [INF] [34] Emby.Server.Implementations.Session.SessionManager: Logging out access token "c2fe3939ca1b47e7825e4f6179923419"
[2026-04-28 17:45:40.117 +01:00] [INF] [34] Emby.Server.Implementations.Session.SessionManager: Creating new access token for user dd66cf8d-c616-4ca1-b2c2-6df5ba8890ef
[2026-04-28 17:45:44.736 +01:00] [INF] [29] Emby.Server.Implementations.IO.LibraryMonitor: "movies" ("/movies") will be refreshed.
[2026-04-28 17:45:44.747 +01:00] [ERR] [34] MediaBrowser.Controller.Entities.BaseItem: Error refreshing owned items for "/movies"
System.UnauthorizedAccessException: Access to the path '/movies/._Lawrence of Arabia 1962 UHD BluRay 2160p HDR10 DV HEVC TrueHD Atmos 7.1 x265-E' is denied.
 ---> System.IO.IOException: Operation not permitted
   --- End of inner exception stack trace ---
   at System.IO.FileSystemInfo.Create(String fullPath, String fileName, Boolean asDirectory, FileStatus& fileStatus)
   at System.IO.Enumeration.FileSystemEnumerable`1.DelegateEnumerator.TransformEntry(FileSystemEntry& entry)
   at System.IO.Enumeration.FileSystemEnumerator`1.MoveNext()
   at System.Linq.Enumerable.IEnumerableSelectIterator`2.ToArray()
   at MediaBrowser.Controller.Providers.DirectoryService.<>c.<GetFileSystemEntries>b__5_0(String p, IFileSystem fileSystem)
   at System.Collections.Concurrent.ConcurrentDictionary`2.GetOrAdd[TArg](TKey key, Func`3 valueFactory, TArg factoryArgument)
   at MediaBrowser.Controller.Providers.DirectoryService.GetFileSystemEntries(String path)
   at MediaBrowser.Controller.Entities.BaseItem.GetFileSystemChildren(IDirectoryService directoryService)
   at MediaBrowser.Controller.Entities.BaseItem.RefreshMetadata(MetadataRefreshOptions options, CancellationToken cancellationToken)
[2026-04-28 17:45:44.750 +01:00] [ERR] [34] MediaBrowser.Providers.Folders.FolderMetadataService: Error validating images for "/movies"
System.UnauthorizedAccessException: Access to the path '/movies/._Lawrence of Arabia 1962 UHD BluRay 2160p HDR10 DV HEVC TrueHD Atmos 7.1 x265-E' is denied.
 ---> System.IO.IOException: Operation not permitted
   --- End of inner exception stack trace ---
   at System.IO.FileSystemInfo.Create(String fullPath, String fileName, Boolean asDirectory, FileStatus& fileStatus)
   at System.IO.Enumeration.FileSystemEnumerable`1.DelegateEnumerator.TransformEntry(FileSystemEntry& entry)
   at System.IO.Enumeration.FileSystemEnumerator`1.MoveNext()
   at System.Linq.Enumerable.IEnumerableSelectIterator`2.ToArray()
   at MediaBrowser.Controller.Providers.DirectoryService.<>c.<GetFileSystemEntries>b__5_0(String p, IFileSystem fileSystem)
   at System.Collections.Concurrent.ConcurrentDictionary`2.GetOrAdd[TArg](TKey key, Func`3 valueFactory, TArg factoryArgument)
   at MediaBrowser.Controller.Providers.DirectoryService.GetFileSystemEntries(String path)
   at MediaBrowser.LocalMetadata.Images.LocalImageProvider.GetFiles(BaseItem item, Boolean includeDirectories, IDirectoryService directoryService)
   at MediaBrowser.LocalMetadata.Images.LocalImageProvider.GetImages(BaseItem item, IDirectoryService directoryService)
   at MediaBrowser.Providers.Manager.ItemImageProvider.<>c__DisplayClass7_0.<ValidateImages>b__0(ILocalImageProvider i)
   at System.Linq.Enumerable.SelectManySingleSelectorIterator`2.ToList()
   at System.Linq.Enumerable.ToList[TSource](IEnumerable`1 source)
   at MediaBrowser.Providers.Manager.ItemImageProvider.ValidateImages(BaseItem item, IEnumerable`1 providers, ImageRefreshOptions refreshOptions)
   at MediaBrowser.Providers.Manager.MetadataService`2.RefreshMetadata(BaseItem item, MetadataRefreshOptions refreshOptions, CancellationToken cancellationToken)
[2026-04-28 17:45:44.754 +01:00] [ERR] [34] MediaBrowser.Controller.Entities.BaseItem: Error retrieving children
System.UnauthorizedAccessException: Access to the path '/movies/._Lawrence of Arabia 1962 UHD BluRay 2160p HDR10 DV HEVC TrueHD Atmos 7.1 x265-E' is denied.
 ---> System.IO.IOException: Operation not permitted
   --- End of inner exception stack trace ---
   at System.IO.FileSystemInfo.Create(String fullPath, String fileName, Boolean asDirectory, FileStatus& fileStatus)
   at System.IO.Enumeration.FileSystemEnumerable`1.DelegateEnumerator.TransformEntry(FileSystemEntry& entry)
   at System.IO.Enumeration.FileSystemEnumerator`1.MoveNext()
   at System.Linq.Enumerable.IEnumerableSelectIterator`2.ToArray()
   at MediaBrowser.Controller.Providers.DirectoryService.<>c.<GetFileSystemEntries>b__5_0(String p, IFileSystem fileSystem)
   at System.Collections.Concurrent.ConcurrentDictionary`2.GetOrAdd[TArg](TKey key, Func`3 valueFactory, TArg factoryArgument)
   at MediaBrowser.Controller.Providers.DirectoryService.GetFileSystemEntries(String path)
   at MediaBrowser.Controller.Entities.BaseItem.GetFileSystemChildren(IDirectoryService directoryService)
   at MediaBrowser.Controller.Entities.Folder.GetNonCachedChildren(IDirectoryService directoryService)
   at MediaBrowser.Controller.Entities.Folder.ValidateChildrenInternal2(IProgress`1 progress, Boolean recursive, Boolean refreshChildMetadata, Boolean allowRemoveRoot, MetadataRefreshOptions refreshOptions, IDirectoryService directoryService, CancellationToken cancellationToken)
[2026-04-28 17:45:45.112 +01:00] [INF] [29] Jellyfin.Server.Implementations.Users.UserManager: Authentication request for "bill" has succeeded.
[2026-04-28 17:45:45.112 +01:00] [INF] [29] Emby.Server.Implementations.Session.SessionManager: Current/Max sessions for user "bill": 1/0
[2026-04-28 17:45:45.112 +01:00] [INF] [29] Emby.Server.Implementations.Session.SessionManager: Logging out access token "8243a127608f42e380ebdc3a68e2eee6"
[2026-04-28 17:45:45.113 +01:00] [INF] [29] Emby.Server.Implementations.Session.SessionManager: Creating new access token for user dd66cf8d-c616-4ca1-b2c2-6df5ba8890ef
[2026-04-28 17:45:50.112 +01:00] [INF] [34] Jellyfin.Server.Implementations.Users.UserManager: Authentication request for "bill" has succeeded.
[2026-04-28 17:45:50.112 +01:00] [INF] [34] Emby.Server.Implementations.Session.SessionManager: Current/Max sessions for user "bill": 1/0
[2026-04-28 17:45:50.112 +01:00] [INF] [34] Emby.Server.Implementations.Session.SessionManager: Logging out access token "aafed60ebc604927836ccf197b2b077d"
[2026-04-28 17:45:50.114 +01:00] [INF] [34] Emby.Server.Implementations.Session.SessionManager: Creating new access token for user dd66cf8d-c616-4ca1-b2c2-6df5ba8890ef
[2026-04-28 17:45:55.107 +01:00] [INF] [34] Jellyfin.Server.Implementations.Users.UserManager: Authentication request for "bill" has succeeded.
[2026-04-28 17:45:55.107 +01:00] [INF] [34] Emby.Server.Implementations.Session.SessionManager: Current/Max sessions for user "bill": 1/0
[2026-04-28 17:45:55.107 +01:00] [INF] [34] Emby.Server.Implementations.Session.SessionManager: Logging out access token "080f10d5734f4aa2ab849e4df3b12e7a"
[2026-04-28 17:45:55.109 +01:00] [INF] [34] Emby.Server.Implementations.Session.SessionManager: Creating new access token for user dd66cf8d-c616-4ca1-b2c2-6df5ba8890ef
[2026-04-28 17:46:00.127 +01:00] [INF] [29] Jellyfin.Server.Implementations.Users.UserManager: Authentication request for "bill" has succeeded.
[2026-04-28 17:46:00.127 +01:00] [INF] [29] Emby.Server.Implementations.Session.SessionManager: Current/Max sessions for user "bill": 1/0
[2026-04-28 17:46:00.127 +01:00] [INF] [29] Emby.Server.Implementations.Session.SessionManager: Logging out access token "a3e161fd586d4f528514fc23f6ef01b1"
[2026-04-28 17:46:00.129 +01:00] [INF] [29] Emby.Server.Implementations.Session.SessionManager: Creating new access token for user dd66cf8d-c616-4ca1-b2c2-6df5ba8890ef
[2026-04-28 17:46:05.110 +01:00] [INF] [38] Jellyfin.Server.Implementations.Users.UserManager: Authentication request for "bill" has succeeded.
[2026-04-28 17:46:05.110 +01:00] [INF] [38] Emby.Server.Implementations.Session.SessionManager: Current/Max sessions for user "bill": 1/0
[2026-04-28 17:46:05.110 +01:00] [INF] [38] Emby.Server.Implementations.Session.SessionManager: Logging out access token "288843e9e3d04fceb103c2142534b70a"
[2026-04-28 17:46:05.111 +01:00] [INF] [38] Emby.Server.Implementations.Session.SessionManager: Creating new access token for user dd66cf8d-c616-4ca1-b2c2-6df5ba8890ef
[2026-04-28 17:46:10.081 +01:00] [INF] [38] Jellyfin.Server.Implementations.Users.UserManager: Authentication request for "bill" has succeeded.
[2026-04-28 17:46:10.081 +01:00] [INF] [38] Emby.Server.Implementations.Session.SessionManager: Current/Max sessions for user "bill": 1/0
[2026-04-28 17:46:10.081 +01:00] [INF] [38] Emby.Server.Implementations.Session.SessionManager: Logging out access token "8f55e07186d54721a67d3c7fd3d8afb3"
[2026-04-28 17:46:10.082 +01:00] [INF] [38] Emby.Server.Implementations.Session.SessionManager: Creating new access token for user dd66cf8d-c616-4ca1-b2c2-6df5ba8890ef
[2026-04-28 17:46:15.111 +01:00] [INF] [38] Jellyfin.Server.Implementations.Users.UserManager: Authentication request for "bill" has succeeded.
[2026-04-28 17:46:15.111 +01:00] [INF] [38] Emby.Server.Implementations.Session.SessionManager: Current/Max sessions for user "bill": 1/0
[2026-04-28 17:46:15.111 +01:00] [INF] [38] Emby.Server.Implementations.Session.SessionManager: Logging out access token "019858ad2bdd442c93d614053683d0e7"
[2026-04-28 17:46:15.112 +01:00] [INF] [38] Emby.Server.Implementations.Session.SessionManager: Creating new access token for user dd66cf8d-c616-4ca1-b2c2-6df5ba8890ef
[2026-04-28 17:46:20.111 +01:00] [INF] [38] Jellyfin.Server.Implementations.Users.UserManager: Authentication request for "bill" has succeeded.
[2026-04-28 17:46:20.111 +01:00] [INF] [38] Emby.Server.Implementations.Session.SessionManager: Current/Max sessions for user "bill": 1/0
[2026-04-28 17:46:20.111 +01:00] [INF] [38] Emby.Server.Implementations.Session.SessionManager: Logging out access token "132c0fa755c547ff96ec6275aa7eb33f"
[2026-04-28 17:46:20.113 +01:00] [INF] [38] Emby.Server.Implementations.Session.SessionManager: Creating new access token for user dd66cf8d-c616-4ca1-b2c2-6df5ba8890ef
[2026-04-28 17:46:25.093 +01:00] [INF] [38] Jellyfin.Server.Implementations.Users.UserManager: Authentication request for "bill" has succeeded.
[2026-04-28 17:46:25.093 +01:00] [INF] [38] Emby.Server.Implementations.Session.SessionManager: Current/Max sessions for user "bill": 1/0
[2026-04-28 17:46:25.094 +01:00] [INF] [38] Emby.Server.Implementations.Session.SessionManager: Logging out access token "176e86d74c9446feadbbca54378f3a2e"
[2026-04-28 17:46:25.095 +01:00] [INF] [38] Emby.Server.Implementations.Session.SessionManager: Creating new access token for user dd66cf8d-c616-4ca1-b2c2-6df5ba8890ef
[2026-04-28 17:46:30.112 +01:00] [INF] [34] Jellyfin.Server.Implementations.Users.UserManager: Authentication request for "bill" has succeeded.
[2026-04-28 17:46:30.112 +01:00] [INF] [34] Emby.Server.Implementations.Session.SessionManager: Current/Max sessions for user "bill": 1/0
[2026-04-28 17:46:30.112 +01:00] [INF] [34] Emby.Server.Implementations.Session.SessionManager: Logging out access token "285900b8ef234a70be056ced3be4382b"
[2026-04-28 17:46:30.114 +01:00] [INF] [34] Emby.Server.Implementations.Session.SessionManager: Creating new access token for user dd66cf8d-c616-4ca1-b2c2-6df5ba8890ef
[2026-04-28 17:46:35.110 +01:00] [INF] [34] Jellyfin.Server.Implementations.Users.UserManager: Authentication request for "bill" has succeeded.
[2026-04-28 17:46:35.111 +01:00] [INF] [34] Emby.Server.Implementations.Session.SessionManager: Current/Max sessions for user "bill": 1/0
[2026-04-28 17:46:35.111 +01:00] [INF] [34] Emby.Server.Implementations.Session.SessionManager: Logging out access token "32cf9b94567d4b19af13d25eef37a188"
[2026-04-28 17:46:35.113 +01:00] [INF] [34] Emby.Server.Implementations.Session.SessionManager: Creating new access token for user dd66cf8d-c616-4ca1-b2c2-6df5ba8890ef
[2026-04-28 17:46:40.110 +01:00] [INF] [34] Jellyfin.Server.Implementations.Users.UserManager: Authentication request for "bill" has succeeded.
[2026-04-28 17:46:40.110 +01:00] [INF] [34] Emby.Server.Implementations.Session.SessionManager: Current/Max sessions for user "bill": 1/0
[2026-04-28 17:46:40.110 +01:00] [INF] [34] Emby.Server.Implementations.Session.SessionManager: Logging out access token "d4c8124ee11b4a20a68d8ad335f68202"
[2026-04-28 17:46:40.112 +01:00] [INF] [34] Emby.Server.Implementations.Session.SessionManager: Creating new access token for user dd66cf8d-c616-4ca1-b2c2-6df5ba8890ef
[2026-04-28 17:46:45.110 +01:00] [INF] [39] Jellyfin.Server.Implementations.Users.UserManager: Authentication request for "bill" has succeeded.
[2026-04-28 17:46:45.110 +01:00] [INF] [39] Emby.Server.Implementations.Session.SessionManager: Current/Max sessions for user "bill": 1/0
[2026-04-28 17:46:45.110 +01:00] [INF] [39] Emby.Server.Implementations.Session.SessionManager: Logging out access token "a64ce518833a4b90aa4460bc5359687f"
[2026-04-28 17:46:45.111 +01:00] [INF] [39] Emby.Server.Implementations.Session.SessionManager: Creating new access token for user dd66cf8d-c616-4ca1-b2c2-6df5ba8890ef
[2026-04-28 17:46:50.113 +01:00] [INF] [39] Jellyfin.Server.Implementations.Users.UserManager: Authentication request for "bill" has succeeded.
[2026-04-28 17:46:50.113 +01:00] [INF] [39] Emby.Server.Implementations.Session.SessionManager: Current/Max sessions for user "bill": 1/0
[2026-04-28 17:46:50.113 +01:00] [INF] [39] Emby.Server.Implementations.Session.SessionManager: Logging out access token "206e54620ece46869b0a1ac45ebaaf76"
[2026-04-28 17:46:50.115 +01:00] [INF] [39] Emby.Server.Implementations.Session.SessionManager: Creating new access token for user dd66cf8d-c616-4ca1-b2c2-6df5ba8890ef
[2026-04-28 17:46:55.111 +01:00] [INF] [34] Jellyfin.Server.Implementations.Users.UserManager: Authentication request for "bill" has succeeded.
[2026-04-28 17:46:55.111 +01:00] [INF] [34] Emby.Server.Implementations.Session.SessionManager: Current/Max sessions for user "bill": 1/0
[2026-04-28 17:46:55.111 +01:00] [INF] [34] Emby.Server.Implementations.Session.SessionManager: Logging out access token "378c72076cc949efa712b7cdd182c920"
[2026-04-28 17:46:55.113 +01:00] [INF] [34] Emby.Server.Implementations.Session.SessionManager: Creating new access token for user dd66cf8d-c616-4ca1-b2c2-6df5ba8890ef
[2026-04-28 17:47:00.124 +01:00] [INF] [34] Jellyfin.Server.Implementations.Users.UserManager: Authentication request for "bill" has succeeded.
[2026-04-28 17:47:00.124 +01:00] [INF] [34] Emby.Server.Implementations.Session.SessionManager: Current/Max sessions for user "bill": 1/0
[2026-04-28 17:47:00.124 +01:00] [INF] [34] Emby.Server.Implementations.Session.SessionManager: Logging out access token "b86cbc754e114021b311e5849048beb5"
[2026-04-28 17:47:00.126 +01:00] [INF] [34] Emby.Server.Implementations.Session.SessionManager: Creating new access token for user dd66cf8d-c616-4ca1-b2c2-6df5ba8890ef
[2026-04-28 17:47:05.094 +01:00] [INF] [34] Jellyfin.Server.Implementations.Users.UserManager: Authentication request for "bill" has succeeded.
[2026-04-28 17:47:05.094 +01:00] [INF] [34] Emby.Server.Implementations.Session.SessionManager: Current/Max sessions for user "bill": 1/0
[2026-04-28 17:47:05.094 +01:00] [INF] [34] Emby.Server.Implementations.Session.SessionManager: Logging out access token "47feb8f4dbda4ccea311be360598d390"
[2026-04-28 17:47:05.096 +01:00] [INF] [34] Emby.Server.Implementations.Session.SessionManager: Creating new access token for user dd66cf8d-c616-4ca1-b2c2-6df5ba8890ef
[2026-04-28 17:47:10.093 +01:00] [INF] [38] Jellyfin.Server.Implementations.Users.UserManager: Authentication request for "bill" has succeeded.
[2026-04-28 17:47:10.093 +01:00] [INF] [38] Emby.Server.Implementations.Session.SessionManager: Current/Max sessions for user "bill": 1/0
[2026-04-28 17:47:10.093 +01:00] [INF] [38] Emby.Server.Implementations.Session.SessionManager: Logging out access token "a56e232c11164ccca3898c0973d41ca6"
[2026-04-28 17:47:10.095 +01:00] [INF] [38] Emby.Server.Implementations.Session.SessionManager: Creating new access token for user dd66cf8d-c616-4ca1-b2c2-6df5ba8890ef
[2026-04-28 17:47:15.100 +01:00] [INF] [38] Jellyfin.Server.Implementations.Users.UserManager: Authentication request for "bill" has succeeded.
[2026-04-28 17:47:15.100 +01:00] [INF] [38] Emby.Server.Implementations.Session.SessionManager: Current/Max sessions for user "bill": 1/0
[2026-04-28 17:47:15.100 +01:00] [INF] [38] Emby.Server.Implementations.Session.SessionManager: Logging out access token "2d61773b7bdf47ac8e452034bcef5e32"
[2026-04-28 17:47:15.103 +01:00] [INF] [38] Emby.Server.Implementations.Session.SessionManager: Creating new access token for user dd66cf8d-c616-4ca1-b2c2-6df5ba8890ef
[2026-04-28 17:47:20.093 +01:00] [INF] [39] Jellyfin.Server.Implementations.Users.UserManager: Authentication request for "bill" has succeeded.
[2026-04-28 17:47:20.093 +01:00] [INF] [39] Emby.Server.Implementations.Session.SessionManager: Current/Max sessions for user "bill": 1/0
[2026-04-28 17:47:20.093 +01:00] [INF] [39] Emby.Server.Implementations.Session.SessionManager: Logging out access token "3f60eecdc6e24c84a95294afc73c8acc"
[2026-04-28 17:47:20.094 +01:00] [INF] [39] Emby.Server.Implementations.Session.SessionManager: Creating new access token for user dd66cf8d-c616-4ca1-b2c2-6df5ba8890ef
[2026-04-28 17:47:25.091 +01:00] [INF] [39] Jellyfin.Server.Implementations.Users.UserManager: Authentication request for "bill" has succeeded.
[2026-04-28 17:47:25.091 +01:00] [INF] [39] Emby.Server.Implementations.Session.SessionManager: Current/Max sessions for user "bill": 1/0
[2026-04-28 17:47:25.091 +01:00] [INF] [39] Emby.Server.Implementations.Session.SessionManager: Logging out access token "441e75631e1a403b88b6719a39340f0f"
[2026-04-28 17:47:25.093 +01:00] [INF] [39] Emby.Server.Implementations.Session.SessionManager: Creating new access token for user dd66cf8d-c616-4ca1-b2c2-6df5ba8890ef
[2026-04-28 17:47:30.093 +01:00] [INF] [38] Jellyfin.Server.Implementations.Users.UserManager: Authentication request for "bill" has succeeded.
[2026-04-28 17:47:30.093 +01:00] [INF] [38] Emby.Server.Implementations.Session.SessionManager: Current/Max sessions for user "bill": 1/0
[2026-04-28 17:47:30.093 +01:00] [INF] [38] Emby.Server.Implementations.Session.SessionManager: Logging out access token "b26ed636032245dd96ca4ec856dad8d6"
[2026-04-28 17:47:30.095 +01:00] [INF] [38] Emby.Server.Implementations.Session.SessionManager: Creating new access token for user dd66cf8d-c616-4ca1-b2c2-6df5ba8890ef
[2026-04-28 17:47:35.091 +01:00] [INF] [34] Jellyfin.Server.Implementations.Users.UserManager: Authentication request for "bill" has succeeded.
[2026-04-28 17:47:35.091 +01:00] [INF] [34] Emby.Server.Implementations.Session.SessionManager: Current/Max sessions for user "bill": 1/0
[2026-04-28 17:47:35.091 +01:00] [INF] [34] Emby.Server.Implementations.Session.SessionManager: Logging out access token "cfea8ecf5afe40e8afa0a05eddc5d038"
[2026-04-28 17:47:35.093 +01:00] [INF] [34] Emby.Server.Implementations.Session.SessionManager: Creating new access token for user dd66cf8d-c616-4ca1-b2c2-6df5ba8890ef
[2026-04-28 17:47:40.096 +01:00] [INF] [39] Jellyfin.Server.Implementations.Users.UserManager: Authentication request for "bill" has succeeded.
[2026-04-28 17:47:40.096 +01:00] [INF] [39] Emby.Server.Implementations.Session.SessionManager: Current/Max sessions for user "bill": 1/0
[2026-04-28 17:47:40.096 +01:00] [INF] [39] Emby.Server.Implementations.Session.SessionManager: Logging out access token "9b6c6e09b8724a3ab64b9fb0b0d728a4"
[2026-04-28 17:47:40.098 +01:00] [INF] [39] Emby.Server.Implementations.Session.SessionManager: Creating new access token for user dd66cf8d-c616-4ca1-b2c2-6df5ba8890ef
[2026-04-28 17:47:45.090 +01:00] [INF] [34] Jellyfin.Server.Implementations.Users.UserManager: Authentication request for "bill" has succeeded.
[2026-04-28 17:47:45.090 +01:00] [INF] [34] Emby.Server.Implementations.Session.SessionManager: Current/Max sessions for user "bill": 1/0
[2026-04-28 17:47:45.090 +01:00] [INF] [34] Emby.Server.Implementations.Session.SessionManager: Logging out access token "43a0bb4b08004db9935436fa06be6dd9"
[2026-04-28 17:47:45.092 +01:00] [INF] [34] Emby.Server.Implementations.Session.SessionManager: Creating new access token for user dd66cf8d-c616-4ca1-b2c2-6df5ba8890ef
[2026-04-28 17:47:50.095 +01:00] [INF] [38] Jellyfin.Server.Implementations.Users.UserManager: Authentication request for "bill" has succeeded.
[2026-04-28 17:47:50.095 +01:00] [INF] [38] Emby.Server.Implementations.Session.SessionManager: Current/Max sessions for user "bill": 1/0
[2026-04-28 17:47:50.095 +01:00] [INF] [38] Emby.Server.Implementations.Session.SessionManager: Logging out access token "6888a7bd6f6247138644d40077e216e5"
[2026-04-28 17:47:50.097 +01:00] [INF] [38] Emby.Server.Implementations.Session.SessionManager: Creating new access token for user dd66cf8d-c616-4ca1-b2c2-6df5ba8890ef
[2026-04-28 17:47:55.096 +01:00] [INF] [34] Jellyfin.Server.Implementations.Users.UserManager: Authentication request for "bill" has succeeded.
[2026-04-28 17:47:55.096 +01:00] [INF] [34] Emby.Server.Implementations.Session.SessionManager: Current/Max sessions for user "bill": 1/0
[2026-04-28 17:47:55.096 +01:00] [INF] [34] Emby.Server.Implementations.Session.SessionManager: Logging out access token "9e46aac0cc0f44e4abde68ae9eaf7fa3"
[2026-04-28 17:47:55.098 +01:00] [INF] [34] Emby.Server.Implementations.Session.SessionManager: Creating new access token for user dd66cf8d-c616-4ca1-b2c2-6df5ba8890ef
[2026-04-28 17:48:00.114 +01:00] [INF] [38] Jellyfin.Server.Implementations.Users.UserManager: Authentication request for "bill" has succeeded.
[2026-04-28 17:48:00.114 +01:00] [INF] [38] Emby.Server.Implementations.Session.SessionManager: Current/Max sessions for user "bill": 1/0
[2026-04-28 17:48:00.114 +01:00] [INF] [38] Emby.Server.Implementations.Session.SessionManager: Logging out access token "e4a4c359b10d451396a2c75a4f07c4aa"
[2026-04-28 17:48:00.116 +01:00] [INF] [38] Emby.Server.Implementations.Session.SessionManager: Creating new access token for user dd66cf8d-c616-4ca1-b2c2-6df5ba8890ef
[2026-04-28 17:48:05.089 +01:00] [INF] [34] Jellyfin.Server.Implementations.Users.UserManager: Authentication request for "bill" has succeeded.
[2026-04-28 17:48:05.089 +01:00] [INF] [34] Emby.Server.Implementations.Session.SessionManager: Current/Max sessions for user "bill": 1/0
[2026-04-28 17:48:05.089 +01:00] [INF] [34] Emby.Server.Implementations.Session.SessionManager: Logging out access token "a8cf16eaca484bed8c0185f18e0bd312"
[2026-04-28 17:48:05.091 +01:00] [INF] [34] Emby.Server.Implementations.Session.SessionManager: Creating new access token for user dd66cf8d-c616-4ca1-b2c2-6df5ba8890ef
[2026-04-28 17:48:10.087 +01:00] [INF] [38] Jellyfin.Server.Implementations.Users.UserManager: Authentication request for "bill" has succeeded.
[2026-04-28 17:48:10.088 +01:00] [INF] [38] Emby.Server.Implementations.Session.SessionManager: Current/Max sessions for user "bill": 1/0
[2026-04-28 17:48:10.088 +01:00] [INF] [38] Emby.Server.Implementations.Session.SessionManager: Logging out access token "2489d22550384c39a5d6deba4ec61154"
[2026-04-28 17:48:10.089 +01:00] [INF] [38] Emby.Server.Implementations.Session.SessionManager: Creating new access token for user dd66cf8d-c616-4ca1-b2c2-6df5ba8890ef
[2026-04-28 17:48:15.087 +01:00] [INF] [34] Jellyfin.Server.Implementations.Users.UserManager: Authentication request for "bill" has succeeded.
[2026-04-28 17:48:15.087 +01:00] [INF] [34] Emby.Server.Implementations.Session.SessionManager: Current/Max sessions for user "bill": 1/0
[2026-04-28 17:48:15.087 +01:00] [INF] [34] Emby.Server.Implementations.Session.SessionManager: Logging out access token "6bc9077921a4411389e9f6623400849a"
[2026-04-28 17:48:15.089 +01:00] [INF] [34] Emby.Server.Implementations.Session.SessionManager: Creating new access token for user dd66cf8d-c616-4ca1-b2c2-6df5ba8890ef
[2026-04-28 17:48:20.094 +01:00] [INF] [34] Jellyfin.Server.Implementations.Users.UserManager: Authentication request for "bill" has succeeded.
[2026-04-28 17:48:20.094 +01:00] [INF] [34] Emby.Server.Implementations.Session.SessionManager: Current/Max sessions for user "bill": 1/0
[2026-04-28 17:48:20.094 +01:00] [INF] [34] Emby.Server.Implementations.Session.SessionManager: Logging out access token "3e65a0f070a141238f2a2f288eb53230"
[2026-04-28 17:48:20.095 +01:00] [INF] [34] Emby.Server.Implementations.Session.SessionManager: Creating new access token for user dd66cf8d-c616-4ca1-b2c2-6df5ba8890ef
[2026-04-28 17:48:25.080 +01:00] [INF] [34] Jellyfin.Server.Implementations.Users.UserManager: Authentication request for "bill" has succeeded.
[2026-04-28 17:48:25.080 +01:00] [INF] [34] Emby.Server.Implementations.Session.SessionManager: Current/Max sessions for user "bill": 1/0
[2026-04-28 17:48:25.080 +01:00] [INF] [34] Emby.Server.Implementations.Session.SessionManager: Logging out access token "5ec430b20620440c9cb928dda7021be8"
[2026-04-28 17:48:25.082 +01:00] [INF] [34] Emby.Server.Implementations.Session.SessionManager: Creating new access token for user dd66cf8d-c616-4ca1-b2c2-6df5ba8890ef
[2026-04-28 17:48:30.094 +01:00] [INF] [34] Jellyfin.Server.Implementations.Users.UserManager: Authentication request for "bill" has succeeded.
[2026-04-28 17:48:30.094 +01:00] [INF] [34] Emby.Server.Implementations.Session.SessionManager: Current/Max sessions for user "bill": 1/0
[2026-04-28 17:48:30.094 +01:00] [INF] [34] Emby.Server.Implementations.Session.SessionManager: Logging out access token "c157bf8a998d4f20b1d1138f44398d1f"
[2026-04-28 17:48:30.095 +01:00] [INF] [34] Emby.Server.Implementations.Session.SessionManager: Creating new access token for user dd66cf8d-c616-4ca1-b2c2-6df5ba8890ef
[2026-04-28 17:48:35.089 +01:00] [INF] [38] Jellyfin.Server.Implementations.Users.UserManager: Authentication request for "bill" has succeeded.
[2026-04-28 17:48:35.089 +01:00] [INF] [38] Emby.Server.Implementations.Session.SessionManager: Current/Max sessions for user "bill": 1/0
[2026-04-28 17:48:35.089 +01:00] [INF] [38] Emby.Server.Implementations.Session.SessionManager: Logging out access token "3bd224a069a94c76bb3f560148899fff"
[2026-04-28 17:48:35.092 +01:00] [INF] [38] Emby.Server.Implementations.Session.SessionManager: Creating new access token for user dd66cf8d-c616-4ca1-b2c2-6df5ba8890ef
[2026-04-28 17:48:40.095 +01:00] [INF] [39] Jellyfin.Server.Implementations.Users.UserManager: Authentication request for "bill" has succeeded.
[2026-04-28 17:48:40.095 +01:00] [INF] [39] Emby.Server.Implementations.Session.SessionManager: Current/Max sessions for user "bill": 1/0
[2026-04-28 17:48:40.095 +01:00] [INF] [39] Emby.Server.Implementations.Session.SessionManager: Logging out access token "b4ada000dd3f4317a86a44a2131e07ab"
[2026-04-28 17:48:40.097 +01:00] [INF] [39] Emby.Server.Implementations.Session.SessionManager: Creating new access token for user dd66cf8d-c616-4ca1-b2c2-6df5ba8890ef
[2026-04-28 17:48:45.100 +01:00] [INF] [34] Jellyfin.Server.Implementations.Users.UserManager: Authentication request for "bill" has succeeded.
[2026-04-28 17:48:45.100 +01:00] [INF] [34] Emby.Server.Implementations.Session.SessionManager: Current/Max sessions for user "bill": 1/0
[2026-04-28 17:48:45.100 +01:00] [INF] [34] Emby.Server.Implementations.Session.SessionManager: Logging out access token "3593c37edbcf4b019b0baaeb4bb296a6"
[2026-04-28 17:48:45.102 +01:00] [INF] [34] Emby.Server.Implementations.Session.SessionManager: Creating new access token for user dd66cf8d-c616-4ca1-b2c2-6df5ba8890ef
[2026-04-28 17:48:50.092 +01:00] [INF] [38] Jellyfin.Server.Implementations.Users.UserManager: Authentication request for "bill" has succeeded.
[2026-04-28 17:48:50.092 +01:00] [INF] [38] Emby.Server.Implementations.Session.SessionManager: Current/Max sessions for user "bill": 1/0
[2026-04-28 17:48:50.092 +01:00] [INF] [38] Emby.Server.Implementations.Session.SessionManager: Logging out access token "c96c4c6495d640eaa35da04db949df36"
[2026-04-28 17:48:50.094 +01:00] [INF] [38] Emby.Server.Implementations.Session.SessionManager: Creating new access token for user dd66cf8d-c616-4ca1-b2c2-6df5ba8890ef
[2026-04-28 17:48:55.093 +01:00] [INF] [38] Jellyfin.Server.Implementations.Users.UserManager: Authentication request for "bill" has succeeded.
[2026-04-28 17:48:55.093 +01:00] [INF] [38] Emby.Server.Implementations.Session.SessionManager: Current/Max sessions for user "bill": 1/0
[2026-04-28 17:48:55.093 +01:00] [INF] [38] Emby.Server.Implementations.Session.SessionManager: Logging out access token "fe94bbace71442adbf873707caa824d0"
[2026-04-28 17:48:55.095 +01:00] [INF] [38] Emby.Server.Implementations.Session.SessionManager: Creating new access token for user dd66cf8d-c616-4ca1-b2c2-6df5ba8890ef
[2026-04-28 17:49:00.112 +01:00] [INF] [39] Jellyfin.Server.Implementations.Users.UserManager: Authentication request for "bill" has succeeded.
[2026-04-28 17:49:00.112 +01:00] [INF] [39] Emby.Server.Implementations.Session.SessionManager: Current/Max sessions for user "bill": 1/0
[2026-04-28 17:49:00.112 +01:00] [INF] [39] Emby.Server.Implementations.Session.SessionManager: Logging out access token "47ef778f286d4b81b9fa18bb167c9980"
[2026-04-28 17:49:00.114 +01:00] [INF] [39] Emby.Server.Implementations.Session.SessionManager: Creating new access token for user dd66cf8d-c616-4ca1-b2c2-6df5ba8890ef
[2026-04-28 17:49:05.089 +01:00] [INF] [39] Jellyfin.Server.Implementations.Users.UserManager: Authentication request for "bill" has succeeded.
[2026-04-28 17:49:05.089 +01:00] [INF] [39] Emby.Server.Implementations.Session.SessionManager: Current/Max sessions for user "bill": 1/0
[2026-04-28 17:49:05.089 +01:00] [INF] [39] Emby.Server.Implementations.Session.SessionManager: Logging out access token "c8eaeabbd0574c48b6169477091c8133"
[2026-04-28 17:49:05.091 +01:00] [INF] [39] Emby.Server.Implementations.Session.SessionManager: Creating new access token for user dd66cf8d-c616-4ca1-b2c2-6df5ba8890ef
[2026-04-28 17:49:10.081 +01:00] [INF] [39] Jellyfin.Server.Implementations.Users.UserManager: Authentication request for "bill" has succeeded.
[2026-04-28 17:49:10.081 +01:00] [INF] [39] Emby.Server.Implementations.Session.SessionManager: Current/Max sessions for user "bill": 1/0
[2026-04-28 17:49:10.081 +01:00] [INF] [39] Emby.Server.Implementations.Session.SessionManager: Logging out access token "b7126c891f434fa4a8525ef05012e805"
[2026-04-28 17:49:10.083 +01:00] [INF] [39] Emby.Server.Implementations.Session.SessionManager: Creating new access token for user dd66cf8d-c616-4ca1-b2c2-6df5ba8890ef
[2026-04-28 17:49:15.091 +01:00] [INF] [34] Jellyfin.Server.Implementations.Users.UserManager: Authentication request for "bill" has succeeded.
[2026-04-28 17:49:15.091 +01:00] [INF] [34] Emby.Server.Implementations.Session.SessionManager: Current/Max sessions for user "bill": 1/0
[2026-04-28 17:49:15.091 +01:00] [INF] [34] Emby.Server.Implementations.Session.SessionManager: Logging out access token "a35aa8fcdcb54dc3ad38f74db8d16e6d"
[2026-04-28 17:49:15.093 +01:00] [INF] [34] Emby.Server.Implementations.Session.SessionManager: Creating new access token for user dd66cf8d-c616-4ca1-b2c2-6df5ba8890ef
[2026-04-28 17:49:20.094 +01:00] [INF] [39] Jellyfin.Server.Implementations.Users.UserManager: Authentication request for "bill" has succeeded.
[2026-04-28 17:49:20.094 +01:00] [INF] [39] Emby.Server.Implementations.Session.SessionManager: Current/Max sessions for user "bill": 1/0
[2026-04-28 17:49:20.094 +01:00] [INF] [39] Emby.Server.Implementations.Session.SessionManager: Logging out access token "952fab846e1c42ae9e32c261377c1514"
[2026-04-28 17:49:20.096 +01:00] [INF] [39] Emby.Server.Implementations.Session.SessionManager: Creating new access token for user dd66cf8d-c616-4ca1-b2c2-6df5ba8890ef
[2026-04-28 17:49:25.089 +01:00] [INF] [38] Jellyfin.Server.Implementations.Users.UserManager: Authentication request for "bill" has succeeded.
[2026-04-28 17:49:25.089 +01:00] [INF] [38] Emby.Server.Implementations.Session.SessionManager: Current/Max sessions for user "bill": 1/0
[2026-04-28 17:49:25.089 +01:00] [INF] [38] Emby.Server.Implementations.Session.SessionManager: Logging out access token "45cb772b047f4b66b2532a10bdc88d05"
[2026-04-28 17:49:25.091 +01:00] [INF] [38] Emby.Server.Implementations.Session.SessionManager: Creating new access token for user dd66cf8d-c616-4ca1-b2c2-6df5ba8890ef
[2026-04-28 17:49:30.096 +01:00] [INF] [34] Jellyfin.Server.Implementations.Users.UserManager: Authentication request for "bill" has succeeded.
[2026-04-28 17:49:30.096 +01:00] [INF] [34] Emby.Server.Implementations.Session.SessionManager: Current/Max sessions for user "bill": 1/0
[2026-04-28 17:49:30.096 +01:00] [INF] [34] Emby.Server.Implementations.Session.SessionManager: Logging out access token "0c991f70dee3480b9b594b58fd81c763"
[2026-04-28 17:49:30.098 +01:00] [INF] [34] Emby.Server.Implementations.Session.SessionManager: Creating new access token for user dd66cf8d-c616-4ca1-b2c2-6df5ba8890ef
[2026-04-28 17:49:35.108 +01:00] [INF] [37] Jellyfin.Server.Implementations.Users.UserManager: Authentication request for "bill" has succeeded.
[2026-04-28 17:49:35.108 +01:00] [INF] [37] Emby.Server.Implementations.Session.SessionManager: Current/Max sessions for user "bill": 1/0
[2026-04-28 17:49:35.108 +01:00] [INF] [37] Emby.Server.Implementations.Session.SessionManager: Logging out access token "0d33aed56fe54c359b6d85a57ae22d71"
[2026-04-28 17:49:35.110 +01:00] [INF] [37] Emby.Server.Implementations.Session.SessionManager: Creating new access token for user dd66cf8d-c616-4ca1-b2c2-6df5ba8890ef
[2026-04-28 17:49:40.100 +01:00] [INF] [34] Jellyfin.Server.Implementations.Users.UserManager: Authentication request for "bill" has succeeded.
[2026-04-28 17:49:40.100 +01:00] [INF] [34] Emby.Server.Implementations.Session.SessionManager: Current/Max sessions for user "bill": 1/0
[2026-04-28 17:49:40.100 +01:00] [INF] [34] Emby.Server.Implementations.Session.SessionManager: Logging out access token "5955ec0315934a5680b7dbc2a5209f9d"
[2026-04-28 17:49:40.102 +01:00] [INF] [34] Emby.Server.Implementations.Session.SessionManager: Creating new access token for user dd66cf8d-c616-4ca1-b2c2-6df5ba8890ef
[2026-04-28 17:49:45.109 +01:00] [INF] [34] Jellyfin.Server.Implementations.Users.UserManager: Authentication request for "bill" has succeeded.
[2026-04-28 17:49:45.109 +01:00] [INF] [34] Emby.Server.Implementations.Session.SessionManager: Current/Max sessions for user "bill": 1/0
[2026-04-28 17:49:45.109 +01:00] [INF] [34] Emby.Server.Implementations.Session.SessionManager: Logging out access token "ab3c821427a5453392d00e2526af8687"
[2026-04-28 17:49:45.110 +01:00] [INF] [34] Emby.Server.Implementations.Session.SessionManager: Creating new access token for user dd66cf8d-c616-4ca1-b2c2-6df5ba8890ef
[2026-04-28 17:49:50.094 +01:00] [INF] [34] Jellyfin.Server.Implementations.Users.UserManager: Authentication request for "bill" has succeeded.
[2026-04-28 17:49:50.094 +01:00] [INF] [34] Emby.Server.Implementations.Session.SessionManager: Current/Max sessions for user "bill": 1/0
[2026-04-28 17:49:50.094 +01:00] [INF] [34] Emby.Server.Implementations.Session.SessionManager: Logging out access token "1d3640e60c7447f495377a9b000255a0"
[2026-04-28 17:49:50.096 +01:00] [INF] [34] Emby.Server.Implementations.Session.SessionManager: Creating new access token for user dd66cf8d-c616-4ca1-b2c2-6df5ba8890ef
[2026-04-28 17:49:55.112 +01:00] [INF] [34] Jellyfin.Server.Implementations.Users.UserManager: Authentication request for "bill" has succeeded.
[2026-04-28 17:49:55.112 +01:00] [INF] [34] Emby.Server.Implementations.Session.SessionManager: Current/Max sessions for user "bill": 1/0
[2026-04-28 17:49:55.112 +01:00] [INF] [34] Emby.Server.Implementations.Session.SessionManager: Logging out access token "5fe56f5acb28407c8127002d9f03492a"
[2026-04-28 17:49:55.113 +01:00] [INF] [34] Emby.Server.Implementations.Session.SessionManager: Creating new access token for user dd66cf8d-c616-4ca1-b2c2-6df5ba8890ef
[2026-04-28 17:50:00.125 +01:00] [INF] [39] Jellyfin.Server.Implementations.Users.UserManager: Authentication request for "bill" has succeeded.
[2026-04-28 17:50:00.125 +01:00] [INF] [39] Emby.Server.Implementations.Session.SessionManager: Current/Max sessions for user "bill": 1/0
[2026-04-28 17:50:00.125 +01:00] [INF] [39] Emby.Server.Implementations.Session.SessionManager: Logging out access token "356399c78ae44665aa7c31f71cf85b87"
[2026-04-28 17:50:00.126 +01:00] [INF] [39] Emby.Server.Implementations.Session.SessionManager: Creating new access token for user dd66cf8d-c616-4ca1-b2c2-6df5ba8890ef
[2026-04-28 17:50:05.095 +01:00] [INF] [38] Jellyfin.Server.Implementations.Users.UserManager: Authentication request for "bill" has succeeded.
[2026-04-28 17:50:05.095 +01:00] [INF] [38] Emby.Server.Implementations.Session.SessionManager: Current/Max sessions for user "bill": 1/0
[2026-04-28 17:50:05.095 +01:00] [INF] [38] Emby.Server.Implementations.Session.SessionManager: Logging out access token "b9019d58d664416d9bd97b79dcd4d2a4"
[2026-04-28 17:50:05.096 +01:00] [INF] [38] Emby.Server.Implementations.Session.SessionManager: Creating new access token for user dd66cf8d-c616-4ca1-b2c2-6df5ba8890ef
[2026-04-28 17:50:10.112 +01:00] [INF] [39] Jellyfin.Server.Implementations.Users.UserManager: Authentication request for "bill" has succeeded.
[2026-04-28 17:50:10.112 +01:00] [INF] [39] Emby.Server.Implementations.Session.SessionManager: Current/Max sessions for user "bill": 1/0
[2026-04-28 17:50:10.112 +01:00] [INF] [39] Emby.Server.Implementations.Session.SessionManager: Logging out access token "a2d56e60d7324fa5bb18d5531e702929"
[2026-04-28 17:50:10.113 +01:00] [INF] [39] Emby.Server.Implementations.Session.SessionManager: Creating new access token for user dd66cf8d-c616-4ca1-b2c2-6df5ba8890ef
[2026-04-28 17:50:15.095 +01:00] [INF] [39] Jellyfin.Server.Implementations.Users.UserManager: Authentication request for "bill" has succeeded.
[2026-04-28 17:50:15.095 +01:00] [INF] [39] Emby.Server.Implementations.Session.SessionManager: Current/Max sessions for user "bill": 1/0
[2026-04-28 17:50:15.095 +01:00] [INF] [39] Emby.Server.Implementations.Session.SessionManager: Logging out access token "7e63e475884541a994ecb4b0d4401ebe"
[2026-04-28 17:50:15.097 +01:00] [INF] [39] Emby.Server.Implementations.Session.SessionManager: Creating new access token for user dd66cf8d-c616-4ca1-b2c2-6df5ba8890ef
[2026-04-28 17:50:20.102 +01:00] [INF] [39] Jellyfin.Server.Implementations.Users.UserManager: Authentication request for "bill" has succeeded.
[2026-04-28 17:50:20.102 +01:00] [INF] [39] Emby.Server.Implementations.Session.SessionManager: Current/Max sessions for user "bill": 1/0
[2026-04-28 17:50:20.102 +01:00] [INF] [39] Emby.Server.Implementations.Session.SessionManager: Logging out access token "3ecc75f5db3f4da2b0d64dbd7126aa2a"
[2026-04-28 17:50:20.104 +01:00] [INF] [39] Emby.Server.Implementations.Session.SessionManager: Creating new access token for user dd66cf8d-c616-4ca1-b2c2-6df5ba8890ef
[2026-04-28 17:50:25.095 +01:00] [INF] [34] Jellyfin.Server.Implementations.Users.UserManager: Authentication request for "bill" has succeeded.
[2026-04-28 17:50:25.095 +01:00] [INF] [34] Emby.Server.Implementations.Session.SessionManager: Current/Max sessions for user "bill": 1/0
[2026-04-28 17:50:25.095 +01:00] [INF] [34] Emby.Server.Implementations.Session.SessionManager: Logging out access token "c8ddb2b1460b4dae964a897d92807a11"
[2026-04-28 17:50:25.096 +01:00] [INF] [34] Emby.Server.Implementations.Session.SessionManager: Creating new access token for user dd66cf8d-c616-4ca1-b2c2-6df5ba8890ef
[2026-04-28 17:50:30.101 +01:00] [INF] [34] Jellyfin.Server.Implementations.Users.UserManager: Authentication request for "bill" has succeeded.
[2026-04-28 17:50:30.101 +01:00] [INF] [34] Emby.Server.Implementations.Session.SessionManager: Current/Max sessions for user "bill": 1/0
[2026-04-28 17:50:30.101 +01:00] [INF] [34] Emby.Server.Implementations.Session.SessionManager: Logging out access token "a7fd98aef7cc434fbbdd816389b554fc"
[2026-04-28 17:50:30.104 +01:00] [INF] [34] Emby.Server.Implementations.Session.SessionManager: Creating new access token for user dd66cf8d-c616-4ca1-b2c2-6df5ba8890ef
[2026-04-28 17:50:35.097 +01:00] [INF] [39] Jellyfin.Server.Implementations.Users.UserManager: Authentication request for "bill" has succeeded.
[2026-04-28 17:50:35.097 +01:00] [INF] [39] Emby.Server.Implementations.Session.SessionManager: Current/Max sessions for user "bill": 1/0
[2026-04-28 17:50:35.097 +01:00] [INF] [39] Emby.Server.Implementations.Session.SessionManager: Logging out access token "d36ea55f2cb3403b87a1951d2e2ad88a"
[2026-04-28 17:50:35.098 +01:00] [INF] [39] Emby.Server.Implementations.Session.SessionManager: Creating new access token for user dd66cf8d-c616-4ca1-b2c2-6df5ba8890ef
[2026-04-28 17:50:40.112 +01:00] [INF] [39] Jellyfin.Server.Implementations.Users.UserManager: Authentication request for "bill" has succeeded.
[2026-04-28 17:50:40.112 +01:00] [INF] [39] Emby.Server.Implementations.Session.SessionManager: Current/Max sessions for user "bill": 1/0
[2026-04-28 17:50:40.112 +01:00] [INF] [39] Emby.Server.Implementations.Session.SessionManager: Logging out access token "9a46200862b94acfa3d3138c4857f107"
[2026-04-28 17:50:40.114 +01:00] [INF] [39] Emby.Server.Implementations.Session.SessionManager: Creating new access token for user dd66cf8d-c616-4ca1-b2c2-6df5ba8890ef
[2026-04-28 17:50:45.108 +01:00] [INF] [34] Jellyfin.Server.Implementations.Users.UserManager: Authentication request for "bill" has succeeded.
[2026-04-28 17:50:45.108 +01:00] [INF] [34] Emby.Server.Implementations.Session.SessionManager: Current/Max sessions for user "bill": 1/0
[2026-04-28 17:50:45.108 +01:00] [INF] [34] Emby.Server.Implementations.Session.SessionManager: Logging out access token "f41651b1cf49474d9aaa5bafc43a7c93"
[2026-04-28 17:50:45.110 +01:00] [INF] [34] Emby.Server.Implementations.Session.SessionManager: Creating new access token for user dd66cf8d-c616-4ca1-b2c2-6df5ba8890ef
[2026-04-28 17:50:50.105 +01:00] [INF] [34] Jellyfin.Server.Implementations.Users.UserManager: Authentication request for "bill" has succeeded.
[2026-04-28 17:50:50.105 +01:00] [INF] [34] Emby.Server.Implementations.Session.SessionManager: Current/Max sessions for user "bill": 1/0
[2026-04-28 17:50:50.105 +01:00] [INF] [34] Emby.Server.Implementations.Session.SessionManager: Logging out access token "df92ee64a2fa4a05b7d833f05dc06658"
[2026-04-28 17:50:50.107 +01:00] [INF] [34] Emby.Server.Implementations.Session.SessionManager: Creating new access token for user dd66cf8d-c616-4ca1-b2c2-6df5ba8890ef
[2026-04-28 17:50:55.090 +01:00] [INF] [39] Jellyfin.Server.Implementations.Users.UserManager: Authentication request for "bill" has succeeded.
[2026-04-28 17:50:55.090 +01:00] [INF] [39] Emby.Server.Implementations.Session.SessionManager: Current/Max sessions for user "bill": 1/0
[2026-04-28 17:50:55.090 +01:00] [INF] [39] Emby.Server.Implementations.Session.SessionManager: Logging out access token "6b007d4d33b5493ebad9082ee703e940"
[2026-04-28 17:50:55.092 +01:00] [INF] [39] Emby.Server.Implementations.Session.SessionManager: Creating new access token for user dd66cf8d-c616-4ca1-b2c2-6df5ba8890ef
[2026-04-28 17:51:00.115 +01:00] [INF] [39] Jellyfin.Server.Implementations.Users.UserManager: Authentication request for "bill" has succeeded.
[2026-04-28 17:51:00.115 +01:00] [INF] [39] Emby.Server.Implementations.Session.SessionManager: Current/Max sessions for user "bill": 1/0
[2026-04-28 17:51:00.115 +01:00] [INF] [39] Emby.Server.Implementations.Session.SessionManager: Logging out access token "b6bad03785b3420690b57ccae6f753e3"
[2026-04-28 17:51:00.117 +01:00] [INF] [39] Emby.Server.Implementations.Session.SessionManager: Creating new access token for user dd66cf8d-c616-4ca1-b2c2-6df5ba8890ef
[2026-04-28 17:51:05.088 +01:00] [INF] [39] Jellyfin.Server.Implementations.Users.UserManager: Authentication request for "bill" has succeeded.
[2026-04-28 17:51:05.088 +01:00] [INF] [39] Emby.Server.Implementations.Session.SessionManager: Current/Max sessions for user "bill": 1/0
[2026-04-28 17:51:05.088 +01:00] [INF] [39] Emby.Server.Implementations.Session.SessionManager: Logging out access token "02f92207a30c4d1182303f6661b63eab"
[2026-04-28 17:51:05.089 +01:00] [INF] [39] Emby.Server.Implementations.Session.SessionManager: Creating new access token for user dd66cf8d-c616-4ca1-b2c2-6df5ba8890ef
[2026-04-28 17:51:10.108 +01:00] [INF] [38] Jellyfin.Server.Implementations.Users.UserManager: Authentication request for "bill" has succeeded.
[2026-04-28 17:51:10.108 +01:00] [INF] [38] Emby.Server.Implementations.Session.SessionManager: Current/Max sessions for user "bill": 1/0
[2026-04-28 17:51:10.108 +01:00] [INF] [38] Emby.Server.Implementations.Session.SessionManager: Logging out access token "083438e869f34f1187dda8e486bf9320"
[2026-04-28 17:51:10.110 +01:00] [INF] [38] Emby.Server.Implementations.Session.SessionManager: Creating new access token for user dd66cf8d-c616-4ca1-b2c2-6df5ba8890ef
[2026-04-28 17:51:15.104 +01:00] [INF] [38] Jellyfin.Server.Implementations.Users.UserManager: Authentication request for "bill" has succeeded.
[2026-04-28 17:51:15.104 +01:00] [INF] [38] Emby.Server.Implementations.Session.SessionManager: Current/Max sessions for user "bill": 1/0
[2026-04-28 17:51:15.104 +01:00] [INF] [38] Emby.Server.Implementations.Session.SessionManager: Logging out access token "8666b1de92f94077bb59374b8fa3aaf9"
[2026-04-28 17:51:15.106 +01:00] [INF] [38] Emby.Server.Implementations.Session.SessionManager: Creating new access token for user dd66cf8d-c616-4ca1-b2c2-6df5ba8890ef
[2026-04-28 17:51:20.090 +01:00] [INF] [38] Jellyfin.Server.Implementations.Users.UserManager: Authentication request for "bill" has succeeded.
[2026-04-28 17:51:20.090 +01:00] [INF] [38] Emby.Server.Implementations.Session.SessionManager: Current/Max sessions for user "bill": 1/0
[2026-04-28 17:51:20.090 +01:00] [INF] [38] Emby.Server.Implementations.Session.SessionManager: Logging out access token "4d619d3451754328969755b67766312f"
[2026-04-28 17:51:20.092 +01:00] [INF] [38] Emby.Server.Implementations.Session.SessionManager: Creating new access token for user dd66cf8d-c616-4ca1-b2c2-6df5ba8890ef
[2026-04-28 17:51:25.090 +01:00] [INF] [39] Jellyfin.Server.Implementations.Users.UserManager: Authentication request for "bill" has succeeded.
[2026-04-28 17:51:25.090 +01:00] [INF] [39] Emby.Server.Implementations.Session.SessionManager: Current/Max sessions for user "bill": 1/0
[2026-04-28 17:51:25.090 +01:00] [INF] [39] Emby.Server.Implementations.Session.SessionManager: Logging out access token "9a7e4b7887804c75ab5bdce997a0fab2"
[2026-04-28 17:51:25.092 +01:00] [INF] [39] Emby.Server.Implementations.Session.SessionManager: Creating new access token for user dd66cf8d-c616-4ca1-b2c2-6df5ba8890ef
[2026-04-28 17:51:30.096 +01:00] [INF] [34] Jellyfin.Server.Implementations.Users.UserManager: Authentication request for "bill" has succeeded.
[2026-04-28 17:51:30.096 +01:00] [INF] [34] Emby.Server.Implementations.Session.SessionManager: Current/Max sessions for user "bill": 1/0
[2026-04-28 17:51:30.096 +01:00] [INF] [34] Emby.Server.Implementations.Session.SessionManager: Logging out access token "b1dea7279456431fa983d7c011d685ab"
[2026-04-28 17:51:30.099 +01:00] [INF] [34] Emby.Server.Implementations.Session.SessionManager: Creating new access token for user dd66cf8d-c616-4ca1-b2c2-6df5ba8890ef
[2026-04-28 17:51:35.092 +01:00] [INF] [34] Jellyfin.Server.Implementations.Users.UserManager: Authentication request for "bill" has succeeded.
[2026-04-28 17:51:35.092 +01:00] [INF] [34] Emby.Server.Implementations.Session.SessionManager: Current/Max sessions for user "bill": 1/0
[2026-04-28 17:51:35.092 +01:00] [INF] [34] Emby.Server.Implementations.Session.SessionManager: Logging out access token "dc5617fa298b4d4a91a423b31e025913"
[2026-04-28 17:51:35.093 +01:00] [INF] [34] Emby.Server.Implementations.Session.SessionManager: Creating new access token for user dd66cf8d-c616-4ca1-b2c2-6df5ba8890ef
[2026-04-28 17:51:40.102 +01:00] [INF] [37] Jellyfin.Server.Implementations.Users.UserManager: Authentication request for "bill" has succeeded.
[2026-04-28 17:51:40.102 +01:00] [INF] [37] Emby.Server.Implementations.Session.SessionManager: Current/Max sessions for user "bill": 1/0
[2026-04-28 17:51:40.102 +01:00] [INF] [37] Emby.Server.Implementations.Session.SessionManager: Logging out access token "54b35deabb034b689ae33ae86e1a0440"
[2026-04-28 17:51:40.104 +01:00] [INF] [37] Emby.Server.Implementations.Session.SessionManager: Creating new access token for user dd66cf8d-c616-4ca1-b2c2-6df5ba8890ef
[2026-04-28 17:51:45.095 +01:00] [INF] [39] Jellyfin.Server.Implementations.Users.UserManager: Authentication request for "bill" has succeeded.
[2026-04-28 17:51:45.095 +01:00] [INF] [39] Emby.Server.Implementations.Session.SessionManager: Current/Max sessions for user "bill": 1/0
[2026-04-28 17:51:45.095 +01:00] [INF] [39] Emby.Server.Implementations.Session.SessionManager: Logging out access token "54c1f367a808482c84fd564475d845f7"
[2026-04-28 17:51:45.097 +01:00] [INF] [39] Emby.Server.Implementations.Session.SessionManager: Creating new access token for user dd66cf8d-c616-4ca1-b2c2-6df5ba8890ef
[2026-04-28 17:51:50.091 +01:00] [INF] [39] Jellyfin.Server.Implementations.Users.UserManager: Authentication request for "bill" has succeeded.
[2026-04-28 17:51:50.091 +01:00] [INF] [39] Emby.Server.Implementations.Session.SessionManager: Current/Max sessions for user "bill": 1/0
[2026-04-28 17:51:50.091 +01:00] [INF] [39] Emby.Server.Implementations.Session.SessionManager: Logging out access token "73009ff7250348d8871db7c1f1e287fb"
[2026-04-28 17:51:50.093 +01:00] [INF] [39] Emby.Server.Implementations.Session.SessionManager: Creating new access token for user dd66cf8d-c616-4ca1-b2c2-6df5ba8890ef
[2026-04-28 17:51:55.095 +01:00] [INF] [37] Jellyfin.Server.Implementations.Users.UserManager: Authentication request for "bill" has succeeded.
[2026-04-28 17:51:55.095 +01:00] [INF] [37] Emby.Server.Implementations.Session.SessionManager: Current/Max sessions for user "bill": 1/0
[2026-04-28 17:51:55.095 +01:00] [INF] [37] Emby.Server.Implementations.Session.SessionManager: Logging out access token "7c4317560ddd421f90d8258496e93884"
[2026-04-28 17:51:55.097 +01:00] [INF] [37] Emby.Server.Implementations.Session.SessionManager: Creating new access token for user dd66cf8d-c616-4ca1-b2c2-6df5ba8890ef
[2026-04-28 17:52:00.125 +01:00] [INF] [37] Jellyfin.Server.Implementations.Users.UserManager: Authentication request for "bill" has succeeded.
[2026-04-28 17:52:00.125 +01:00] [INF] [37] Emby.Server.Implementations.Session.SessionManager: Current/Max sessions for user "bill": 1/0
[2026-04-28 17:52:00.125 +01:00] [INF] [37] Emby.Server.Implementations.Session.SessionManager: Logging out access token "ba654a7fa2dc4ea7a52fb59b62251d4c"
[2026-04-28 17:52:00.127 +01:00] [INF] [37] Emby.Server.Implementations.Session.SessionManager: Creating new access token for user dd66cf8d-c616-4ca1-b2c2-6df5ba8890ef
[2026-04-28 17:52:05.094 +01:00] [INF] [37] Jellyfin.Server.Implementations.Users.UserManager: Authentication request for "bill" has succeeded.
[2026-04-28 17:52:05.095 +01:00] [INF] [37] Emby.Server.Implementations.Session.SessionManager: Current/Max sessions for user "bill": 1/0
[2026-04-28 17:52:05.095 +01:00] [INF] [37] Emby.Server.Implementations.Session.SessionManager: Logging out access token "99f7eb47dccb429aa059ec980d61d080"
[2026-04-28 17:52:05.096 +01:00] [INF] [37] Emby.Server.Implementations.Session.SessionManager: Creating new access token for user dd66cf8d-c616-4ca1-b2c2-6df5ba8890ef
[2026-04-28 17:52:10.092 +01:00] [INF] [37] Jellyfin.Server.Implementations.Users.UserManager: Authentication request for "bill" has succeeded.
[2026-04-28 17:52:10.092 +01:00] [INF] [37] Emby.Server.Implementations.Session.SessionManager: Current/Max sessions for user "bill": 1/0
[2026-04-28 17:52:10.092 +01:00] [INF] [37] Emby.Server.Implementations.Session.SessionManager: Logging out access token "1deb888bb3cc48dfa69499639bcac771"
[2026-04-28 17:52:10.094 +01:00] [INF] [37] Emby.Server.Implementations.Session.SessionManager: Creating new access token for user dd66cf8d-c616-4ca1-b2c2-6df5ba8890ef
[2026-04-28 17:52:15.091 +01:00] [INF] [39] Jellyfin.Server.Implementations.Users.UserManager: Authentication request for "bill" has succeeded.
[2026-04-28 17:52:15.091 +01:00] [INF] [39] Emby.Server.Implementations.Session.SessionManager: Current/Max sessions for user "bill": 1/0
[2026-04-28 17:52:15.091 +01:00] [INF] [39] Emby.Server.Implementations.Session.SessionManager: Logging out access token "d6619060306843d3bd91ee8ca4ee80fd"
[2026-04-28 17:52:15.092 +01:00] [INF] [39] Emby.Server.Implementations.Session.SessionManager: Creating new access token for user dd66cf8d-c616-4ca1-b2c2-6df5ba8890ef
[2026-04-28 17:52:20.091 +01:00] [INF] [39] Jellyfin.Server.Implementations.Users.UserManager: Authentication request for "bill" has succeeded.
[2026-04-28 17:52:20.091 +01:00] [INF] [39] Emby.Server.Implementations.Session.SessionManager: Current/Max sessions for user "bill": 1/0
[2026-04-28 17:52:20.091 +01:00] [INF] [39] Emby.Server.Implementations.Session.SessionManager: Logging out access token "d9f94cae6d1644c1a6c44fbdf02a5191"
[2026-04-28 17:52:20.093 +01:00] [INF] [39] Emby.Server.Implementations.Session.SessionManager: Creating new access token for user dd66cf8d-c616-4ca1-b2c2-6df5ba8890ef
[2026-04-28 17:52:25.091 +01:00] [INF] [34] Jellyfin.Server.Implementations.Users.UserManager: Authentication request for "bill" has succeeded.
[2026-04-28 17:52:25.091 +01:00] [INF] [34] Emby.Server.Implementations.Session.SessionManager: Current/Max sessions for user "bill": 1/0
[2026-04-28 17:52:25.091 +01:00] [INF] [34] Emby.Server.Implementations.Session.SessionManager: Logging out access token "bd08606fa47e42cb99c99803bdbf4a7f"
[2026-04-28 17:52:25.093 +01:00] [INF] [34] Emby.Server.Implementations.Session.SessionManager: Creating new access token for user dd66cf8d-c616-4ca1-b2c2-6df5ba8890ef
[2026-04-28 17:52:30.099 +01:00] [INF] [39] Jellyfin.Server.Implementations.Users.UserManager: Authentication request for "bill" has succeeded.
[2026-04-28 17:52:30.099 +01:00] [INF] [39] Emby.Server.Implementations.Session.SessionManager: Current/Max sessions for user "bill": 1/0
[2026-04-28 17:52:30.099 +01:00] [INF] [39] Emby.Server.Implementations.Session.SessionManager: Logging out access token "037fe81e7753486a9fc99284138f8505"
[2026-04-28 17:52:30.102 +01:00] [INF] [39] Emby.Server.Implementations.Session.SessionManager: Creating new access token for user dd66cf8d-c616-4ca1-b2c2-6df5ba8890ef
[2026-04-28 17:52:35.092 +01:00] [INF] [34] Jellyfin.Server.Implementations.Users.UserManager: Authentication request for "bill" has succeeded.
[2026-04-28 17:52:35.092 +01:00] [INF] [34] Emby.Server.Implementations.Session.SessionManager: Current/Max sessions for user "bill": 1/0
[2026-04-28 17:52:35.092 +01:00] [INF] [34] Emby.Server.Implementations.Session.SessionManager: Logging out access token "1ced8f59c55343d98525477c8a574112"
[2026-04-28 17:52:35.094 +01:00] [INF] [34] Emby.Server.Implementations.Session.SessionManager: Creating new access token for user dd66cf8d-c616-4ca1-b2c2-6df5ba8890ef
[2026-04-28 17:52:40.105 +01:00] [INF] [34] Jellyfin.Server.Implementations.Users.UserManager: Authentication request for "bill" has succeeded.
[2026-04-28 17:52:40.105 +01:00] [INF] [34] Emby.Server.Implementations.Session.SessionManager: Current/Max sessions for user "bill": 1/0
[2026-04-28 17:52:40.105 +01:00] [INF] [34] Emby.Server.Implementations.Session.SessionManager: Logging out access token "584a096d49124b5da8e54bfc494e66db"
[2026-04-28 17:52:40.107 +01:00] [INF] [34] Emby.Server.Implementations.Session.SessionManager: Creating new access token for user dd66cf8d-c616-4ca1-b2c2-6df5ba8890ef
[2026-04-28 17:52:45.094 +01:00] [INF] [36] Jellyfin.Server.Implementations.Users.UserManager: Authentication request for "bill" has succeeded.
[2026-04-28 17:52:45.094 +01:00] [INF] [36] Emby.Server.Implementations.Session.SessionManager: Current/Max sessions for user "bill": 1/0
[2026-04-28 17:52:45.094 +01:00] [INF] [36] Emby.Server.Implementations.Session.SessionManager: Logging out access token "cf47a89513384064a1c5da3ef31cd93e"
[2026-04-28 17:52:45.096 +01:00] [INF] [36] Emby.Server.Implementations.Session.SessionManager: Creating new access token for user dd66cf8d-c616-4ca1-b2c2-6df5ba8890ef
[2026-04-28 17:52:50.099 +01:00] [INF] [36] Jellyfin.Server.Implementations.Users.UserManager: Authentication request for "bill" has succeeded.
[2026-04-28 17:52:50.099 +01:00] [INF] [36] Emby.Server.Implementations.Session.SessionManager: Current/Max sessions for user "bill": 1/0
[2026-04-28 17:52:50.099 +01:00] [INF] [36] Emby.Server.Implementations.Session.SessionManager: Logging out access token "300bf6ca884d4273b6cf89b3f234b92e"
[2026-04-28 17:52:50.101 +01:00] [INF] [36] Emby.Server.Implementations.Session.SessionManager: Creating new access token for user dd66cf8d-c616-4ca1-b2c2-6df5ba8890ef
[2026-04-28 17:52:55.105 +01:00] [INF] [34] Jellyfin.Server.Implementations.Users.UserManager: Authentication request for "bill" has succeeded.
[2026-04-28 17:52:55.105 +01:00] [INF] [34] Emby.Server.Implementations.Session.SessionManager: Current/Max sessions for user "bill": 1/0
[2026-04-28 17:52:55.105 +01:00] [INF] [34] Emby.Server.Implementations.Session.SessionManager: Logging out access token "0ead71574e6e4b879f0d7dc4cf860722"
[2026-04-28 17:52:55.107 +01:00] [INF] [34] Emby.Server.Implementations.Session.SessionManager: Creating new access token for user dd66cf8d-c616-4ca1-b2c2-6df5ba8890ef
[2026-04-28 17:53:00.136 +01:00] [INF] [39] Jellyfin.Server.Implementations.Users.UserManager: Authentication request for "bill" has succeeded.
[2026-04-28 17:53:00.136 +01:00] [INF] [39] Emby.Server.Implementations.Session.SessionManager: Current/Max sessions for user "bill": 1/0
[2026-04-28 17:53:00.136 +01:00] [INF] [39] Emby.Server.Implementations.Session.SessionManager: Logging out access token "e79238c5cdcc4e638fe7858ef5f5d4e0"
[2026-04-28 17:53:00.137 +01:00] [INF] [39] Emby.Server.Implementations.Session.SessionManager: Creating new access token for user dd66cf8d-c616-4ca1-b2c2-6df5ba8890ef
[2026-04-28 17:53:05.087 +01:00] [INF] [39] Jellyfin.Server.Implementations.Users.UserManager: Authentication request for "bill" has succeeded.
[2026-04-28 17:53:05.088 +01:00] [INF] [39] Emby.Server.Implementations.Session.SessionManager: Current/Max sessions for user "bill": 1/0
[2026-04-28 17:53:05.088 +01:00] [INF] [39] Emby.Server.Implementations.Session.SessionManager: Logging out access token "9bfc83a1ef00472483d3a1022cbebdd4"
[2026-04-28 17:53:05.090 +01:00] [INF] [39] Emby.Server.Implementations.Session.SessionManager: Creating new access token for user dd66cf8d-c616-4ca1-b2c2-6df5ba8890ef
[2026-04-28 17:53:10.093 +01:00] [INF] [34] Jellyfin.Server.Implementations.Users.UserManager: Authentication request for "bill" has succeeded.
[2026-04-28 17:53:10.093 +01:00] [INF] [34] Emby.Server.Implementations.Session.SessionManager: Current/Max sessions for user "bill": 1/0
[2026-04-28 17:53:10.093 +01:00] [INF] [34] Emby.Server.Implementations.Session.SessionManager: Logging out access token "cf87eff923f14bff94f9b02743f7404f"
[2026-04-28 17:53:10.095 +01:00] [INF] [34] Emby.Server.Implementations.Session.SessionManager: Creating new access token for user dd66cf8d-c616-4ca1-b2c2-6df5ba8890ef
[2026-04-28 17:53:15.130 +01:00] [INF] [36] Jellyfin.Server.Implementations.Users.UserManager: Authentication request for "bill" has succeeded.
[2026-04-28 17:53:15.130 +01:00] [INF] [36] Emby.Server.Implementations.Session.SessionManager: Current/Max sessions for user "bill": 1/0
[2026-04-28 17:53:15.130 +01:00] [INF] [36] Emby.Server.Implementations.Session.SessionManager: Logging out access token "98645772ccbb4bd4a8ebff59a9634ea1"
[2026-04-28 17:53:15.132 +01:00] [INF] [36] Emby.Server.Implementations.Session.SessionManager: Creating new access token for user dd66cf8d-c616-4ca1-b2c2-6df5ba8890ef
[2026-04-28 17:53:20.106 +01:00] [INF] [36] Jellyfin.Server.Implementations.Users.UserManager: Authentication request for "bill" has succeeded.
[2026-04-28 17:53:20.106 +01:00] [INF] [36] Emby.Server.Implementations.Session.SessionManager: Current/Max sessions for user "bill": 1/0
[2026-04-28 17:53:20.106 +01:00] [INF] [36] Emby.Server.Implementations.Session.SessionManager: Logging out access token "171f7f8524834f2c856679e75fef457f"
[2026-04-28 17:53:20.108 +01:00] [INF] [36] Emby.Server.Implementations.Session.SessionManager: Creating new access token for user dd66cf8d-c616-4ca1-b2c2-6df5ba8890ef
[2026-04-28 17:53:25.083 +01:00] [INF] [39] Jellyfin.Server.Implementations.Users.UserManager: Authentication request for "bill" has succeeded.
[2026-04-28 17:53:25.083 +01:00] [INF] [39] Emby.Server.Implementations.Session.SessionManager: Current/Max sessions for user "bill": 1/0
[2026-04-28 17:53:25.083 +01:00] [INF] [39] Emby.Server.Implementations.Session.SessionManager: Logging out access token "e7ee321ccc7a45d3990077d19f89b0bb"
[2026-04-28 17:53:25.085 +01:00] [INF] [39] Emby.Server.Implementations.Session.SessionManager: Creating new access token for user dd66cf8d-c616-4ca1-b2c2-6df5ba8890ef
[2026-04-28 17:53:30.110 +01:00] [INF] [36] Jellyfin.Server.Implementations.Users.UserManager: Authentication request for "bill" has succeeded.
[2026-04-28 17:53:30.110 +01:00] [INF] [36] Emby.Server.Implementations.Session.SessionManager: Current/Max sessions for user "bill": 1/0
[2026-04-28 17:53:30.110 +01:00] [INF] [36] Emby.Server.Implementations.Session.SessionManager: Logging out access token "0a2582fb9de1451895e786451101fd97"
[2026-04-28 17:53:30.113 +01:00] [INF] [36] Emby.Server.Implementations.Session.SessionManager: Creating new access token for user dd66cf8d-c616-4ca1-b2c2-6df5ba8890ef
[2026-04-28 17:53:35.103 +01:00] [INF] [36] Jellyfin.Server.Implementations.Users.UserManager: Authentication request for "bill" has succeeded.
[2026-04-28 17:53:35.103 +01:00] [INF] [36] Emby.Server.Implementations.Session.SessionManager: Current/Max sessions for user "bill": 1/0
[2026-04-28 17:53:35.103 +01:00] [INF] [36] Emby.Server.Implementations.Session.SessionManager: Logging out access token "09485db4f7e345e3b12c2bea8e52b73a"
[2026-04-28 17:53:35.104 +01:00] [INF] [36] Emby.Server.Implementations.Session.SessionManager: Creating new access token for user dd66cf8d-c616-4ca1-b2c2-6df5ba8890ef
[2026-04-28 17:53:40.114 +01:00] [INF] [36] Jellyfin.Server.Implementations.Users.UserManager: Authentication request for "bill" has succeeded.
[2026-04-28 17:53:40.114 +01:00] [INF] [36] Emby.Server.Implementations.Session.SessionManager: Current/Max sessions for user "bill": 1/0
[2026-04-28 17:53:40.114 +01:00] [INF] [36] Emby.Server.Implementations.Session.SessionManager: Logging out access token "f5d508bae17f4950b321712075955c2a"
[2026-04-28 17:53:40.117 +01:00] [INF] [36] Emby.Server.Implementations.Session.SessionManager: Creating new access token for user dd66cf8d-c616-4ca1-b2c2-6df5ba8890ef
[2026-04-28 17:53:45.109 +01:00] [INF] [36] Jellyfin.Server.Implementations.Users.UserManager: Authentication request for "bill" has succeeded.
[2026-04-28 17:53:45.109 +01:00] [INF] [36] Emby.Server.Implementations.Session.SessionManager: Current/Max sessions for user "bill": 1/0
[2026-04-28 17:53:45.109 +01:00] [INF] [36] Emby.Server.Implementations.Session.SessionManager: Logging out access token "ba7c59e933e04074addf478f54287179"
[2026-04-28 17:53:45.110 +01:00] [INF] [36] Emby.Server.Implementations.Session.SessionManager: Creating new access token for user dd66cf8d-c616-4ca1-b2c2-6df5ba8890ef
[2026-04-28 17:53:50.109 +01:00] [INF] [39] Jellyfin.Server.Implementations.Users.UserManager: Authentication request for "bill" has succeeded.
[2026-04-28 17:53:50.109 +01:00] [INF] [39] Emby.Server.Implementations.Session.SessionManager: Current/Max sessions for user "bill": 1/0
[2026-04-28 17:53:50.109 +01:00] [INF] [39] Emby.Server.Implementations.Session.SessionManager: Logging out access token "d9d7c2078e644a849cd94e5dab974851"
[2026-04-28 17:53:50.110 +01:00] [INF] [39] Emby.Server.Implementations.Session.SessionManager: Creating new access token for user dd66cf8d-c616-4ca1-b2c2-6df5ba8890ef
[2026-04-28 17:53:55.111 +01:00] [INF] [36] Jellyfin.Server.Implementations.Users.UserManager: Authentication request for "bill" has succeeded.
[2026-04-28 17:53:55.112 +01:00] [INF] [36] Emby.Server.Implementations.Session.SessionManager: Current/Max sessions for user "bill": 1/0
[2026-04-28 17:53:55.112 +01:00] [INF] [36] Emby.Server.Implementations.Session.SessionManager: Logging out access token "cb5df8f06e88486c87906427e922b9cd"
[2026-04-28 17:53:55.113 +01:00] [INF] [36] Emby.Server.Implementations.Session.SessionManager: Creating new access token for user dd66cf8d-c616-4ca1-b2c2-6df5ba8890ef
[2026-04-28 17:54:00.128 +01:00] [INF] [36] Jellyfin.Server.Implementations.Users.UserManager: Authentication request for "bill" has succeeded.
[2026-04-28 17:54:00.128 +01:00] [INF] [36] Emby.Server.Implementations.Session.SessionManager: Current/Max sessions for user "bill": 1/0
[2026-04-28 17:54:00.128 +01:00] [INF] [36] Emby.Server.Implementations.Session.SessionManager: Logging out access token "a2c41498d5154a15b9fe9a001e383c65"
[2026-04-28 17:54:00.130 +01:00] [INF] [36] Emby.Server.Implementations.Session.SessionManager: Creating new access token for user dd66cf8d-c616-4ca1-b2c2-6df5ba8890ef
[2026-04-28 17:54:05.110 +01:00] [INF] [36] Jellyfin.Server.Implementations.Users.UserManager: Authentication request for "bill" has succeeded.
[2026-04-28 17:54:05.110 +01:00] [INF] [36] Emby.Server.Implementations.Session.SessionManager: Current/Max sessions for user "bill": 1/0
[2026-04-28 17:54:05.110 +01:00] [INF] [36] Emby.Server.Implementations.Session.SessionManager: Logging out access token "cdfcce0027824441a54c35f05319bb92"
[2026-04-28 17:54:05.112 +01:00] [INF] [36] Emby.Server.Implementations.Session.SessionManager: Creating new access token for user dd66cf8d-c616-4ca1-b2c2-6df5ba8890ef
[2026-04-28 17:54:07.725 +01:00] [INF] [36] Emby.Server.Implementations.IO.LibraryMonitor: "movies" ("/movies") will be refreshed.
[2026-04-28 17:54:07.736 +01:00] [ERR] [39] MediaBrowser.Controller.Entities.BaseItem: Error refreshing owned items for "/movies"
System.UnauthorizedAccessException: Access to the path '/movies/._Lawrence of Arabia 1962 UHD BluRay 2160p HDR10 DV HEVC TrueHD Atmos 7.1 x265-E' is denied.
 ---> System.IO.IOException: Operation not permitted
   --- End of inner exception stack trace ---
   at System.IO.FileSystemInfo.Create(String fullPath, String fileName, Boolean asDirectory, FileStatus& fileStatus)
   at System.IO.Enumeration.FileSystemEnumerable`1.DelegateEnumerator.TransformEntry(FileSystemEntry& entry)
   at System.IO.Enumeration.FileSystemEnumerator`1.MoveNext()
   at System.Linq.Enumerable.IEnumerableSelectIterator`2.ToArray()
   at MediaBrowser.Controller.Providers.DirectoryService.<>c.<GetFileSystemEntries>b__5_0(String p, IFileSystem fileSystem)
   at System.Collections.Concurrent.ConcurrentDictionary`2.GetOrAdd[TArg](TKey key, Func`3 valueFactory, TArg factoryArgument)
   at MediaBrowser.Controller.Providers.DirectoryService.GetFileSystemEntries(String path)
   at MediaBrowser.Controller.Entities.BaseItem.GetFileSystemChildren(IDirectoryService directoryService)
   at MediaBrowser.Controller.Entities.BaseItem.RefreshMetadata(MetadataRefreshOptions options, CancellationToken cancellationToken)
[2026-04-28 17:54:07.738 +01:00] [ERR] [39] MediaBrowser.Providers.Folders.FolderMetadataService: Error validating images for "/movies"
System.UnauthorizedAccessException: Access to the path '/movies/._Lawrence of Arabia 1962 UHD BluRay 2160p HDR10 DV HEVC TrueHD Atmos 7.1 x265-E' is denied.
 ---> System.IO.IOException: Operation not permitted
   --- End of inner exception stack trace ---
   at System.IO.FileSystemInfo.Create(String fullPath, String fileName, Boolean asDirectory, FileStatus& fileStatus)
   at System.IO.Enumeration.FileSystemEnumerable`1.DelegateEnumerator.TransformEntry(FileSystemEntry& entry)
   at System.IO.Enumeration.FileSystemEnumerator`1.MoveNext()
   at System.Linq.Enumerable.IEnumerableSelectIterator`2.ToArray()
   at MediaBrowser.Controller.Providers.DirectoryService.<>c.<GetFileSystemEntries>b__5_0(String p, IFileSystem fileSystem)
   at System.Collections.Concurrent.ConcurrentDictionary`2.GetOrAdd[TArg](TKey key, Func`3 valueFactory, TArg factoryArgument)
   at MediaBrowser.Controller.Providers.DirectoryService.GetFileSystemEntries(String path)
   at MediaBrowser.LocalMetadata.Images.LocalImageProvider.GetFiles(BaseItem item, Boolean includeDirectories, IDirectoryService directoryService)
   at MediaBrowser.LocalMetadata.Images.LocalImageProvider.GetImages(BaseItem item, IDirectoryService directoryService)
   at MediaBrowser.Providers.Manager.ItemImageProvider.<>c__DisplayClass7_0.<ValidateImages>b__0(ILocalImageProvider i)
   at System.Linq.Enumerable.SelectManySingleSelectorIterator`2.ToList()
   at System.Linq.Enumerable.ToList[TSource](IEnumerable`1 source)
   at MediaBrowser.Providers.Manager.ItemImageProvider.ValidateImages(BaseItem item, IEnumerable`1 providers, ImageRefreshOptions refreshOptions)
   at MediaBrowser.Providers.Manager.MetadataService`2.RefreshMetadata(BaseItem item, MetadataRefreshOptions refreshOptions, CancellationToken cancellationToken)
[2026-04-28 17:54:07.741 +01:00] [ERR] [39] MediaBrowser.Controller.Entities.BaseItem: Error retrieving children
System.UnauthorizedAccessException: Access to the path '/movies/._Lawrence of Arabia 1962 UHD BluRay 2160p HDR10 DV HEVC TrueHD Atmos 7.1 x265-E' is denied.
 ---> System.IO.IOException: Operation not permitted
   --- End of inner exception stack trace ---
   at System.IO.FileSystemInfo.Create(String fullPath, String fileName, Boolean asDirectory, FileStatus& fileStatus)
   at System.IO.Enumeration.FileSystemEnumerable`1.DelegateEnumerator.TransformEntry(FileSystemEntry& entry)
   at System.IO.Enumeration.FileSystemEnumerator`1.MoveNext()
   at System.Linq.Enumerable.IEnumerableSelectIterator`2.ToArray()
   at MediaBrowser.Controller.Providers.DirectoryService.<>c.<GetFileSystemEntries>b__5_0(String p, IFileSystem fileSystem)
   at System.Collections.Concurrent.ConcurrentDictionary`2.GetOrAdd[TArg](TKey key, Func`3 valueFactory, TArg factoryArgument)
   at MediaBrowser.Controller.Providers.DirectoryService.GetFileSystemEntries(String path)
   at MediaBrowser.Controller.Entities.BaseItem.GetFileSystemChildren(IDirectoryService directoryService)
   at MediaBrowser.Controller.Entities.Folder.GetNonCachedChildren(IDirectoryService directoryService)
   at MediaBrowser.Controller.Entities.Folder.ValidateChildrenInternal2(IProgress`1 progress, Boolean recursive, Boolean refreshChildMetadata, Boolean allowRemoveRoot, MetadataRefreshOptions refreshOptions, IDirectoryService directoryService, CancellationToken cancellationToken)
[2026-04-28 17:54:10.128 +01:00] [INF] [39] Jellyfin.Server.Implementations.Users.UserManager: Authentication request for "bill" has succeeded.
[2026-04-28 17:54:10.128 +01:00] [INF] [39] Emby.Server.Implementations.Session.SessionManager: Current/Max sessions for user "bill": 1/0
[2026-04-28 17:54:10.128 +01:00] [INF] [39] Emby.Server.Implementations.Session.SessionManager: Logging out access token "d1d3778ab6994c08b7d72303dd311bf4"
[2026-04-28 17:54:10.130 +01:00] [INF] [39] Emby.Server.Implementations.Session.SessionManager: Creating new access token for user dd66cf8d-c616-4ca1-b2c2-6df5ba8890ef
[2026-04-28 17:54:15.107 +01:00] [INF] [36] Jellyfin.Server.Implementations.Users.UserManager: Authentication request for "bill" has succeeded.
[2026-04-28 17:54:15.107 +01:00] [INF] [36] Emby.Server.Implementations.Session.SessionManager: Current/Max sessions for user "bill": 1/0
[2026-04-28 17:54:15.107 +01:00] [INF] [36] Emby.Server.Implementations.Session.SessionManager: Logging out access token "90362d9658c24f7eaf71773721511c84"
[2026-04-28 17:54:15.108 +01:00] [INF] [36] Emby.Server.Implementations.Session.SessionManager: Creating new access token for user dd66cf8d-c616-4ca1-b2c2-6df5ba8890ef
[2026-04-28 17:54:15.487 +01:00] [INF] [39] Jellyfin.Api.Auth.CustomAuthenticationHandler: "CustomAuthentication" was not authenticated. Failure message: "Invalid token."
[2026-04-28 17:54:15.488 +01:00] [INF] [39] Jellyfin.Api.Auth.CustomAuthenticationHandler: "CustomAuthentication" was not authenticated. Failure message: "Invalid token."
[2026-04-28 17:54:15.489 +01:00] [INF] [39] Jellyfin.Api.Auth.CustomAuthenticationHandler: AuthenticationScheme: "CustomAuthentication" was challenged.
[2026-04-28 17:54:20.110 +01:00] [INF] [36] Jellyfin.Server.Implementations.Users.UserManager: Authentication request for "bill" has succeeded.
[2026-04-28 17:54:20.110 +01:00] [INF] [36] Emby.Server.Implementations.Session.SessionManager: Current/Max sessions for user "bill": 1/0
[2026-04-28 17:54:20.110 +01:00] [INF] [36] Emby.Server.Implementations.Session.SessionManager: Logging out access token "90d8dd36e5d546c68b7c17d4d4b49bf5"
[2026-04-28 17:54:20.112 +01:00] [INF] [36] Emby.Server.Implementations.Session.SessionManager: Creating new access token for user dd66cf8d-c616-4ca1-b2c2-6df5ba8890ef
[2026-04-28 17:54:25.092 +01:00] [INF] [36] Jellyfin.Server.Implementations.Users.UserManager: Authentication request for "bill" has succeeded.
[2026-04-28 17:54:25.092 +01:00] [INF] [36] Emby.Server.Implementations.Session.SessionManager: Current/Max sessions for user "bill": 1/0
[2026-04-28 17:54:25.092 +01:00] [INF] [36] Emby.Server.Implementations.Session.SessionManager: Logging out access token "9d53678141794cbeb7a926c5b4f87deb"
[2026-04-28 17:54:25.094 +01:00] [INF] [36] Emby.Server.Implementations.Session.SessionManager: Creating new access token for user dd66cf8d-c616-4ca1-b2c2-6df5ba8890ef
[2026-04-28 17:54:30.109 +01:00] [INF] [36] Jellyfin.Server.Implementations.Users.UserManager: Authentication request for "bill" has succeeded.
[2026-04-28 17:54:30.109 +01:00] [INF] [36] Emby.Server.Implementations.Session.SessionManager: Current/Max sessions for user "bill": 1/0
[2026-04-28 17:54:30.109 +01:00] [INF] [36] Emby.Server.Implementations.Session.SessionManager: Logging out access token "7cadc7d59e714128834a8734dcd95d22"
[2026-04-28 17:54:30.111 +01:00] [INF] [36] Emby.Server.Implementations.Session.SessionManager: Creating new access token for user dd66cf8d-c616-4ca1-b2c2-6df5ba8890ef
[2026-04-28 17:54:35.107 +01:00] [INF] [36] Jellyfin.Server.Implementations.Users.UserManager: Authentication request for "bill" has succeeded.
[2026-04-28 17:54:35.107 +01:00] [INF] [36] Emby.Server.Implementations.Session.SessionManager: Current/Max sessions for user "bill": 1/0
[2026-04-28 17:54:35.107 +01:00] [INF] [36] Emby.Server.Implementations.Session.SessionManager: Logging out access token "218a244a573049f4af69380d75a774d7"
[2026-04-28 17:54:35.109 +01:00] [INF] [36] Emby.Server.Implementations.Session.SessionManager: Creating new access token for user dd66cf8d-c616-4ca1-b2c2-6df5ba8890ef
[2026-04-28 17:54:40.113 +01:00] [INF] [36] Jellyfin.Server.Implementations.Users.UserManager: Authentication request for "bill" has succeeded.
[2026-04-28 17:54:40.113 +01:00] [INF] [36] Emby.Server.Implementations.Session.SessionManager: Current/Max sessions for user "bill": 1/0
[2026-04-28 17:54:40.113 +01:00] [INF] [36] Emby.Server.Implementations.Session.SessionManager: Logging out access token "2b201e8c3b9c43e0a550b083c4f80c22"
[2026-04-28 17:54:40.115 +01:00] [INF] [36] Emby.Server.Implementations.Session.SessionManager: Creating new access token for user dd66cf8d-c616-4ca1-b2c2-6df5ba8890ef
[2026-04-28 17:54:45.104 +01:00] [INF] [36] Jellyfin.Server.Implementations.Users.UserManager: Authentication request for "bill" has succeeded.
[2026-04-28 17:54:45.104 +01:00] [INF] [36] Emby.Server.Implementations.Session.SessionManager: Current/Max sessions for user "bill": 1/0
[2026-04-28 17:54:45.104 +01:00] [INF] [36] Emby.Server.Implementations.Session.SessionManager: Logging out access token "7524b4f40f2d4983a8bdd2958aa9e150"
[2026-04-28 17:54:45.106 +01:00] [INF] [36] Emby.Server.Implementations.Session.SessionManager: Creating new access token for user dd66cf8d-c616-4ca1-b2c2-6df5ba8890ef
[2026-04-28 17:54:50.104 +01:00] [INF] [39] Jellyfin.Server.Implementations.Users.UserManager: Authentication request for "bill" has succeeded.
[2026-04-28 17:54:50.104 +01:00] [INF] [39] Emby.Server.Implementations.Session.SessionManager: Current/Max sessions for user "bill": 1/0
[2026-04-28 17:54:50.104 +01:00] [INF] [39] Emby.Server.Implementations.Session.SessionManager: Logging out access token "49c665252d274908b9527dcf5f9a0ad1"
[2026-04-28 17:54:50.106 +01:00] [INF] [39] Emby.Server.Implementations.Session.SessionManager: Creating new access token for user dd66cf8d-c616-4ca1-b2c2-6df5ba8890ef
[2026-04-28 17:54:55.112 +01:00] [INF] [36] Jellyfin.Server.Implementations.Users.UserManager: Authentication request for "bill" has succeeded.
[2026-04-28 17:54:55.112 +01:00] [INF] [36] Emby.Server.Implementations.Session.SessionManager: Current/Max sessions for user "bill": 1/0
[2026-04-28 17:54:55.112 +01:00] [INF] [36] Emby.Server.Implementations.Session.SessionManager: Logging out access token "6e3a0a0a6f3f4d0bbcdccb187c21e7c0"
[2026-04-28 17:54:55.114 +01:00] [INF] [36] Emby.Server.Implementations.Session.SessionManager: Creating new access token for user dd66cf8d-c616-4ca1-b2c2-6df5ba8890ef
[2026-04-28 17:55:00.137 +01:00] [INF] [39] Jellyfin.Server.Implementations.Users.UserManager: Authentication request for "bill" has succeeded.
[2026-04-28 17:55:00.137 +01:00] [INF] [39] Emby.Server.Implementations.Session.SessionManager: Current/Max sessions for user "bill": 1/0
[2026-04-28 17:55:00.137 +01:00] [INF] [39] Emby.Server.Implementations.Session.SessionManager: Logging out access token "6c893a2e10e445ef9d84309ae1622bc7"
[2026-04-28 17:55:00.139 +01:00] [INF] [39] Emby.Server.Implementations.Session.SessionManager: Creating new access token for user dd66cf8d-c616-4ca1-b2c2-6df5ba8890ef
[2026-04-28 17:55:05.105 +01:00] [INF] [39] Jellyfin.Server.Implementations.Users.UserManager: Authentication request for "bill" has succeeded.
[2026-04-28 17:55:05.105 +01:00] [INF] [39] Emby.Server.Implementations.Session.SessionManager: Current/Max sessions for user "bill": 1/0
[2026-04-28 17:55:05.105 +01:00] [INF] [39] Emby.Server.Implementations.Session.SessionManager: Logging out access token "24cc3c9f2aa842759c56ac15de9c5921"
[2026-04-28 17:55:05.106 +01:00] [INF] [39] Emby.Server.Implementations.Session.SessionManager: Creating new access token for user dd66cf8d-c616-4ca1-b2c2-6df5ba8890ef
[2026-04-28 17:55:10.099 +01:00] [INF] [39] Jellyfin.Server.Implementations.Users.UserManager: Authentication request for "bill" has succeeded.
[2026-04-28 17:55:10.099 +01:00] [INF] [39] Emby.Server.Implementations.Session.SessionManager: Current/Max sessions for user "bill": 1/0
[2026-04-28 17:55:10.099 +01:00] [INF] [39] Emby.Server.Implementations.Session.SessionManager: Logging out access token "72834bf7e21740d3a9e75a238ebf088d"
[2026-04-28 17:55:10.101 +01:00] [INF] [39] Emby.Server.Implementations.Session.SessionManager: Creating new access token for user dd66cf8d-c616-4ca1-b2c2-6df5ba8890ef
[2026-04-28 17:55:15.106 +01:00] [INF] [36] Jellyfin.Server.Implementations.Users.UserManager: Authentication request for "bill" has succeeded.
[2026-04-28 17:55:15.106 +01:00] [INF] [36] Emby.Server.Implementations.Session.SessionManager: Current/Max sessions for user "bill": 1/0
[2026-04-28 17:55:15.106 +01:00] [INF] [36] Emby.Server.Implementations.Session.SessionManager: Logging out access token "49d6d39f35934292a0b8367f73448f3b"
[2026-04-28 17:55:15.107 +01:00] [INF] [36] Emby.Server.Implementations.Session.SessionManager: Creating new access token for user dd66cf8d-c616-4ca1-b2c2-6df5ba8890ef
[2026-04-28 17:55:20.104 +01:00] [INF] [39] Jellyfin.Server.Implementations.Users.UserManager: Authentication request for "bill" has succeeded.
[2026-04-28 17:55:20.104 +01:00] [INF] [39] Emby.Server.Implementations.Session.SessionManager: Current/Max sessions for user "bill": 1/0
[2026-04-28 17:55:20.104 +01:00] [INF] [39] Emby.Server.Implementations.Session.SessionManager: Logging out access token "308a72af43bd4979bcfd40e0066dd2d6"
[2026-04-28 17:55:20.106 +01:00] [INF] [39] Emby.Server.Implementations.Session.SessionManager: Creating new access token for user dd66cf8d-c616-4ca1-b2c2-6df5ba8890ef
[2026-04-28 17:55:25.093 +01:00] [INF] [36] Jellyfin.Server.Implementations.Users.UserManager: Authentication request for "bill" has succeeded.
[2026-04-28 17:55:25.093 +01:00] [INF] [36] Emby.Server.Implementations.Session.SessionManager: Current/Max sessions for user "bill": 1/0
[2026-04-28 17:55:25.093 +01:00] [INF] [36] Emby.Server.Implementations.Session.SessionManager: Logging out access token "ba97a6e4c077498780192bb2d496a258"
[2026-04-28 17:55:25.095 +01:00] [INF] [36] Emby.Server.Implementations.Session.SessionManager: Creating new access token for user dd66cf8d-c616-4ca1-b2c2-6df5ba8890ef
[2026-04-28 17:55:30.109 +01:00] [INF] [36] Jellyfin.Server.Implementations.Users.UserManager: Authentication request for "bill" has succeeded.
[2026-04-28 17:55:30.109 +01:00] [INF] [36] Emby.Server.Implementations.Session.SessionManager: Current/Max sessions for user "bill": 1/0
[2026-04-28 17:55:30.109 +01:00] [INF] [36] Emby.Server.Implementations.Session.SessionManager: Logging out access token "091112c9df7b46998e370efe8f1831a7"
[2026-04-28 17:55:30.110 +01:00] [INF] [36] Emby.Server.Implementations.Session.SessionManager: Creating new access token for user dd66cf8d-c616-4ca1-b2c2-6df5ba8890ef
[2026-04-28 17:55:35.108 +01:00] [INF] [37] Jellyfin.Server.Implementations.Users.UserManager: Authentication request for "bill" has succeeded.
[2026-04-28 17:55:35.108 +01:00] [INF] [37] Emby.Server.Implementations.Session.SessionManager: Current/Max sessions for user "bill": 1/0
[2026-04-28 17:55:35.108 +01:00] [INF] [37] Emby.Server.Implementations.Session.SessionManager: Logging out access token "20201b9e3abf42649f2cc889963731bb"
[2026-04-28 17:55:35.110 +01:00] [INF] [37] Emby.Server.Implementations.Session.SessionManager: Creating new access token for user dd66cf8d-c616-4ca1-b2c2-6df5ba8890ef
[2026-04-28 17:55:40.109 +01:00] [INF] [36] Jellyfin.Server.Implementations.Users.UserManager: Authentication request for "bill" has succeeded.
[2026-04-28 17:55:40.109 +01:00] [INF] [36] Emby.Server.Implementations.Session.SessionManager: Current/Max sessions for user "bill": 1/0
[2026-04-28 17:55:40.109 +01:00] [INF] [36] Emby.Server.Implementations.Session.SessionManager: Logging out access token "36b4ef8e5ebc4e0199edce19260dc1f5"
[2026-04-28 17:55:40.111 +01:00] [INF] [36] Emby.Server.Implementations.Session.SessionManager: Creating new access token for user dd66cf8d-c616-4ca1-b2c2-6df5ba8890ef
[2026-04-28 17:55:45.114 +01:00] [INF] [36] Jellyfin.Server.Implementations.Users.UserManager: Authentication request for "bill" has succeeded.
[2026-04-28 17:55:45.114 +01:00] [INF] [36] Emby.Server.Implementations.Session.SessionManager: Current/Max sessions for user "bill": 1/0
[2026-04-28 17:55:45.114 +01:00] [INF] [36] Emby.Server.Implementations.Session.SessionManager: Logging out access token "7a326b6b75f24803b9b8568d4b4bd85a"
[2026-04-28 17:55:45.117 +01:00] [INF] [36] Emby.Server.Implementations.Session.SessionManager: Creating new access token for user dd66cf8d-c616-4ca1-b2c2-6df5ba8890ef
[2026-04-28 17:55:50.113 +01:00] [INF] [39] Jellyfin.Server.Implementations.Users.UserManager: Authentication request for "bill" has succeeded.
[2026-04-28 17:55:50.113 +01:00] [INF] [39] Emby.Server.Implementations.Session.SessionManager: Current/Max sessions for user "bill": 1/0
[2026-04-28 17:55:50.113 +01:00] [INF] [39] Emby.Server.Implementations.Session.SessionManager: Logging out access token "211f2caaabe24dfa981e9e1dde658fd2"
[2026-04-28 17:55:50.115 +01:00] [INF] [39] Emby.Server.Implementations.Session.SessionManager: Creating new access token for user dd66cf8d-c616-4ca1-b2c2-6df5ba8890ef
[2026-04-28 17:55:55.107 +01:00] [INF] [36] Jellyfin.Server.Implementations.Users.UserManager: Authentication request for "bill" has succeeded.
[2026-04-28 17:55:55.108 +01:00] [INF] [36] Emby.Server.Implementations.Session.SessionManager: Current/Max sessions for user "bill": 1/0
[2026-04-28 17:55:55.108 +01:00] [INF] [36] Emby.Server.Implementations.Session.SessionManager: Logging out access token "149f5e125fa440a1a5867a2c0b31e90b"
[2026-04-28 17:55:55.109 +01:00] [INF] [36] Emby.Server.Implementations.Session.SessionManager: Creating new access token for user dd66cf8d-c616-4ca1-b2c2-6df5ba8890ef
[2026-04-28 17:56:00.124 +01:00] [INF] [36] Jellyfin.Server.Implementations.Users.UserManager: Authentication request for "bill" has succeeded.
[2026-04-28 17:56:00.124 +01:00] [INF] [36] Emby.Server.Implementations.Session.SessionManager: Current/Max sessions for user "bill": 1/0
[2026-04-28 17:56:00.124 +01:00] [INF] [36] Emby.Server.Implementations.Session.SessionManager: Logging out access token "674ca32858aa4540b6c80b801d388447"
[2026-04-28 17:56:00.125 +01:00] [INF] [36] Emby.Server.Implementations.Session.SessionManager: Creating new access token for user dd66cf8d-c616-4ca1-b2c2-6df5ba8890ef
[2026-04-28 17:56:05.108 +01:00] [INF] [36] Jellyfin.Server.Implementations.Users.UserManager: Authentication request for "bill" has succeeded.
[2026-04-28 17:56:05.108 +01:00] [INF] [36] Emby.Server.Implementations.Session.SessionManager: Current/Max sessions for user "bill": 1/0
[2026-04-28 17:56:05.108 +01:00] [INF] [36] Emby.Server.Implementations.Session.SessionManager: Logging out access token "22110a9803fe4f23994ab00e3da8b429"
[2026-04-28 17:56:05.110 +01:00] [INF] [36] Emby.Server.Implementations.Session.SessionManager: Creating new access token for user dd66cf8d-c616-4ca1-b2c2-6df5ba8890ef
[2026-04-28 17:56:10.104 +01:00] [INF] [36] Jellyfin.Server.Implementations.Users.UserManager: Authentication request for "bill" has succeeded.
[2026-04-28 17:56:10.104 +01:00] [INF] [36] Emby.Server.Implementations.Session.SessionManager: Current/Max sessions for user "bill": 1/0
[2026-04-28 17:56:10.104 +01:00] [INF] [36] Emby.Server.Implementations.Session.SessionManager: Logging out access token "a6fbe2ffbe4043ba8edb3ae831eee7ac"
[2026-04-28 17:56:10.106 +01:00] [INF] [36] Emby.Server.Implementations.Session.SessionManager: Creating new access token for user dd66cf8d-c616-4ca1-b2c2-6df5ba8890ef
[2026-04-28 17:56:15.111 +01:00] [INF] [36] Jellyfin.Server.Implementations.Users.UserManager: Authentication request for "bill" has succeeded.
[2026-04-28 17:56:15.111 +01:00] [INF] [36] Emby.Server.Implementations.Session.SessionManager: Current/Max sessions for user "bill": 1/0
[2026-04-28 17:56:15.111 +01:00] [INF] [36] Emby.Server.Implementations.Session.SessionManager: Logging out access token "7bb6e093c0a7428aaf738b98d2531b55"
[2026-04-28 17:56:15.113 +01:00] [INF] [36] Emby.Server.Implementations.Session.SessionManager: Creating new access token for user dd66cf8d-c616-4ca1-b2c2-6df5ba8890ef
[2026-04-28 17:56:20.107 +01:00] [INF] [39] Jellyfin.Server.Implementations.Users.UserManager: Authentication request for "bill" has succeeded.
[2026-04-28 17:56:20.107 +01:00] [INF] [39] Emby.Server.Implementations.Session.SessionManager: Current/Max sessions for user "bill": 1/0
[2026-04-28 17:56:20.107 +01:00] [INF] [39] Emby.Server.Implementations.Session.SessionManager: Logging out access token "27b04f26268445c8aff5bacc1d72e631"
[2026-04-28 17:56:20.109 +01:00] [INF] [39] Emby.Server.Implementations.Session.SessionManager: Creating new access token for user dd66cf8d-c616-4ca1-b2c2-6df5ba8890ef
[2026-04-28 17:56:25.088 +01:00] [INF] [37] Jellyfin.Server.Implementations.Users.UserManager: Authentication request for "bill" has succeeded.
[2026-04-28 17:56:25.088 +01:00] [INF] [37] Emby.Server.Implementations.Session.SessionManager: Current/Max sessions for user "bill": 1/0
[2026-04-28 17:56:25.088 +01:00] [INF] [37] Emby.Server.Implementations.Session.SessionManager: Logging out access token "82b758c1556f4e70a7cf0626a831eb1d"
[2026-04-28 17:56:25.089 +01:00] [INF] [37] Emby.Server.Implementations.Session.SessionManager: Creating new access token for user dd66cf8d-c616-4ca1-b2c2-6df5ba8890ef
[2026-04-28 17:56:30.111 +01:00] [INF] [36] Jellyfin.Server.Implementations.Users.UserManager: Authentication request for "bill" has succeeded.
[2026-04-28 17:56:30.111 +01:00] [INF] [36] Emby.Server.Implementations.Session.SessionManager: Current/Max sessions for user "bill": 1/0
[2026-04-28 17:56:30.111 +01:00] [INF] [36] Emby.Server.Implementations.Session.SessionManager: Logging out access token "adc36731c4bd49a7bbc4e881cabc2637"
[2026-04-28 17:56:30.113 +01:00] [INF] [36] Emby.Server.Implementations.Session.SessionManager: Creating new access token for user dd66cf8d-c616-4ca1-b2c2-6df5ba8890ef
[2026-04-28 17:56:35.105 +01:00] [INF] [36] Jellyfin.Server.Implementations.Users.UserManager: Authentication request for "bill" has succeeded.
[2026-04-28 17:56:35.105 +01:00] [INF] [36] Emby.Server.Implementations.Session.SessionManager: Current/Max sessions for user "bill": 1/0
[2026-04-28 17:56:35.105 +01:00] [INF] [36] Emby.Server.Implementations.Session.SessionManager: Logging out access token "9de0b412d3e5475890b8e8d9d76bb2f9"
[2026-04-28 17:56:35.108 +01:00] [INF] [36] Emby.Server.Implementations.Session.SessionManager: Creating new access token for user dd66cf8d-c616-4ca1-b2c2-6df5ba8890ef
[2026-04-28 17:56:40.110 +01:00] [INF] [39] Jellyfin.Server.Implementations.Users.UserManager: Authentication request for "bill" has succeeded.
[2026-04-28 17:56:40.110 +01:00] [INF] [39] Emby.Server.Implementations.Session.SessionManager: Current/Max sessions for user "bill": 1/0
[2026-04-28 17:56:40.110 +01:00] [INF] [39] Emby.Server.Implementations.Session.SessionManager: Logging out access token "7f2744f12f864318ac1264218e6e237e"
[2026-04-28 17:56:40.112 +01:00] [INF] [39] Emby.Server.Implementations.Session.SessionManager: Creating new access token for user dd66cf8d-c616-4ca1-b2c2-6df5ba8890ef
[2026-04-28 17:56:45.112 +01:00] [INF] [37] Jellyfin.Server.Implementations.Users.UserManager: Authentication request for "bill" has succeeded.
[2026-04-28 17:56:45.112 +01:00] [INF] [37] Emby.Server.Implementations.Session.SessionManager: Current/Max sessions for user "bill": 1/0
[2026-04-28 17:56:45.112 +01:00] [INF] [37] Emby.Server.Implementations.Session.SessionManager: Logging out access token "2bf858da23174670b9f0c1af234387da"
[2026-04-28 17:56:45.114 +01:00] [INF] [37] Emby.Server.Implementations.Session.SessionManager: Creating new access token for user dd66cf8d-c616-4ca1-b2c2-6df5ba8890ef
[2026-04-28 17:56:50.105 +01:00] [INF] [39] Jellyfin.Server.Implementations.Users.UserManager: Authentication request for "bill" has succeeded.
[2026-04-28 17:56:50.105 +01:00] [INF] [39] Emby.Server.Implementations.Session.SessionManager: Current/Max sessions for user "bill": 1/0
[2026-04-28 17:56:50.105 +01:00] [INF] [39] Emby.Server.Implementations.Session.SessionManager: Logging out access token "c4b220f5c9f648d49fba389503b397b3"
[2026-04-28 17:56:50.106 +01:00] [INF] [39] Emby.Server.Implementations.Session.SessionManager: Creating new access token for user dd66cf8d-c616-4ca1-b2c2-6df5ba8890ef
[2026-04-28 17:56:55.109 +01:00] [INF] [37] Jellyfin.Server.Implementations.Users.UserManager: Authentication request for "bill" has succeeded.
[2026-04-28 17:56:55.109 +01:00] [INF] [37] Emby.Server.Implementations.Session.SessionManager: Current/Max sessions for user "bill": 1/0
[2026-04-28 17:56:55.109 +01:00] [INF] [37] Emby.Server.Implementations.Session.SessionManager: Logging out access token "fdaf88eb78a84855bc50dfbda70db963"
[2026-04-28 17:56:55.111 +01:00] [INF] [37] Emby.Server.Implementations.Session.SessionManager: Creating new access token for user dd66cf8d-c616-4ca1-b2c2-6df5ba8890ef
[2026-04-28 17:57:00.110 +01:00] [INF] [39] Jellyfin.Server.Implementations.Users.UserManager: Authentication request for "bill" has succeeded.
[2026-04-28 17:57:00.110 +01:00] [INF] [39] Emby.Server.Implementations.Session.SessionManager: Current/Max sessions for user "bill": 1/0
[2026-04-28 17:57:00.110 +01:00] [INF] [39] Emby.Server.Implementations.Session.SessionManager: Logging out access token "3659c5929e7b400e9a3d565c725e864a"
[2026-04-28 17:57:00.111 +01:00] [INF] [39] Emby.Server.Implementations.Session.SessionManager: Creating new access token for user dd66cf8d-c616-4ca1-b2c2-6df5ba8890ef
[2026-04-28 17:57:05.107 +01:00] [INF] [36] Jellyfin.Server.Implementations.Users.UserManager: Authentication request for "bill" has succeeded.
[2026-04-28 17:57:05.107 +01:00] [INF] [36] Emby.Server.Implementations.Session.SessionManager: Current/Max sessions for user "bill": 1/0
[2026-04-28 17:57:05.107 +01:00] [INF] [36] Emby.Server.Implementations.Session.SessionManager: Logging out access token "358663cea2d1417b90642bb0f0928aa8"
[2026-04-28 17:57:05.109 +01:00] [INF] [36] Emby.Server.Implementations.Session.SessionManager: Creating new access token for user dd66cf8d-c616-4ca1-b2c2-6df5ba8890ef
[2026-04-28 17:57:10.106 +01:00] [INF] [36] Jellyfin.Server.Implementations.Users.UserManager: Authentication request for "bill" has succeeded.
[2026-04-28 17:57:10.106 +01:00] [INF] [36] Emby.Server.Implementations.Session.SessionManager: Current/Max sessions for user "bill": 1/0
[2026-04-28 17:57:10.106 +01:00] [INF] [36] Emby.Server.Implementations.Session.SessionManager: Logging out access token "683906aa98954fb392b424173129670e"
[2026-04-28 17:57:10.108 +01:00] [INF] [36] Emby.Server.Implementations.Session.SessionManager: Creating new access token for user dd66cf8d-c616-4ca1-b2c2-6df5ba8890ef
[2026-04-28 17:57:15.113 +01:00] [INF] [37] Jellyfin.Server.Implementations.Users.UserManager: Authentication request for "bill" has succeeded.
[2026-04-28 17:57:15.113 +01:00] [INF] [37] Emby.Server.Implementations.Session.SessionManager: Current/Max sessions for user "bill": 1/0
[2026-04-28 17:57:15.113 +01:00] [INF] [37] Emby.Server.Implementations.Session.SessionManager: Logging out access token "589746f2eabe4fb49b3fa8a376a08171"
[2026-04-28 17:57:15.115 +01:00] [INF] [37] Emby.Server.Implementations.Session.SessionManager: Creating new access token for user dd66cf8d-c616-4ca1-b2c2-6df5ba8890ef
[2026-04-28 17:57:20.112 +01:00] [INF] [37] Jellyfin.Server.Implementations.Users.UserManager: Authentication request for "bill" has succeeded.
[2026-04-28 17:57:20.113 +01:00] [INF] [37] Emby.Server.Implementations.Session.SessionManager: Current/Max sessions for user "bill": 1/0
[2026-04-28 17:57:20.113 +01:00] [INF] [37] Emby.Server.Implementations.Session.SessionManager: Logging out access token "d90dc57151294eacb70a785f900b6718"
[2026-04-28 17:57:20.114 +01:00] [INF] [37] Emby.Server.Implementations.Session.SessionManager: Creating new access token for user dd66cf8d-c616-4ca1-b2c2-6df5ba8890ef
[2026-04-28 17:57:25.095 +01:00] [INF] [37] Jellyfin.Server.Implementations.Users.UserManager: Authentication request for "bill" has succeeded.
[2026-04-28 17:57:25.095 +01:00] [INF] [37] Emby.Server.Implementations.Session.SessionManager: Current/Max sessions for user "bill": 1/0
[2026-04-28 17:57:25.095 +01:00] [INF] [37] Emby.Server.Implementations.Session.SessionManager: Logging out access token "1cc9b8c968994c26b8b2fb1d2d2bb996"
[2026-04-28 17:57:25.097 +01:00] [INF] [37] Emby.Server.Implementations.Session.SessionManager: Creating new access token for user dd66cf8d-c616-4ca1-b2c2-6df5ba8890ef
[2026-04-28 17:57:30.107 +01:00] [INF] [36] Jellyfin.Server.Implementations.Users.UserManager: Authentication request for "bill" has succeeded.
[2026-04-28 17:57:30.107 +01:00] [INF] [36] Emby.Server.Implementations.Session.SessionManager: Current/Max sessions for user "bill": 1/0
[2026-04-28 17:57:30.107 +01:00] [INF] [36] Emby.Server.Implementations.Session.SessionManager: Logging out access token "4fd4990633684c488648a41c81a2529a"
[2026-04-28 17:57:30.109 +01:00] [INF] [36] Emby.Server.Implementations.Session.SessionManager: Creating new access token for user dd66cf8d-c616-4ca1-b2c2-6df5ba8890ef
[2026-04-28 17:57:35.104 +01:00] [INF] [36] Jellyfin.Server.Implementations.Users.UserManager: Authentication request for "bill" has succeeded.
[2026-04-28 17:57:35.104 +01:00] [INF] [36] Emby.Server.Implementations.Session.SessionManager: Current/Max sessions for user "bill": 1/0
[2026-04-28 17:57:35.104 +01:00] [INF] [36] Emby.Server.Implementations.Session.SessionManager: Logging out access token "09a1b64c3f7040548926b7f86458a175"
[2026-04-28 17:57:35.106 +01:00] [INF] [36] Emby.Server.Implementations.Session.SessionManager: Creating new access token for user dd66cf8d-c616-4ca1-b2c2-6df5ba8890ef
[2026-04-28 17:57:40.106 +01:00] [INF] [39] Jellyfin.Server.Implementations.Users.UserManager: Authentication request for "bill" has succeeded.
[2026-04-28 17:57:40.106 +01:00] [INF] [39] Emby.Server.Implementations.Session.SessionManager: Current/Max sessions for user "bill": 1/0
[2026-04-28 17:57:40.106 +01:00] [INF] [39] Emby.Server.Implementations.Session.SessionManager: Logging out access token "c018a6a7eff141918d63aa61bb5a6ba5"
[2026-04-28 17:57:40.108 +01:00] [INF] [39] Emby.Server.Implementations.Session.SessionManager: Creating new access token for user dd66cf8d-c616-4ca1-b2c2-6df5ba8890ef
[2026-04-28 17:57:45.105 +01:00] [INF] [36] Jellyfin.Server.Implementations.Users.UserManager: Authentication request for "bill" has succeeded.
[2026-04-28 17:57:45.106 +01:00] [INF] [36] Emby.Server.Implementations.Session.SessionManager: Current/Max sessions for user "bill": 1/0
[2026-04-28 17:57:45.106 +01:00] [INF] [36] Emby.Server.Implementations.Session.SessionManager: Logging out access token "55987c976b814135a6bcdb1fc2f1c8ca"
[2026-04-28 17:57:45.107 +01:00] [INF] [36] Emby.Server.Implementations.Session.SessionManager: Creating new access token for user dd66cf8d-c616-4ca1-b2c2-6df5ba8890ef
[2026-04-28 17:57:50.106 +01:00] [INF] [36] Jellyfin.Server.Implementations.Users.UserManager: Authentication request for "bill" has succeeded.
[2026-04-28 17:57:50.106 +01:00] [INF] [36] Emby.Server.Implementations.Session.SessionManager: Current/Max sessions for user "bill": 1/0
[2026-04-28 17:57:50.106 +01:00] [INF] [36] Emby.Server.Implementations.Session.SessionManager: Logging out access token "882e817f7cfd4ad1abc716e65b33826f"
[2026-04-28 17:57:50.108 +01:00] [INF] [36] Emby.Server.Implementations.Session.SessionManager: Creating new access token for user dd66cf8d-c616-4ca1-b2c2-6df5ba8890ef
[2026-04-28 17:57:55.110 +01:00] [INF] [36] Jellyfin.Server.Implementations.Users.UserManager: Authentication request for "bill" has succeeded.
[2026-04-28 17:57:55.110 +01:00] [INF] [36] Emby.Server.Implementations.Session.SessionManager: Current/Max sessions for user "bill": 1/0
[2026-04-28 17:57:55.110 +01:00] [INF] [36] Emby.Server.Implementations.Session.SessionManager: Logging out access token "5ba892388b2043d792d04ab1a39b609f"
[2026-04-28 17:57:55.112 +01:00] [INF] [36] Emby.Server.Implementations.Session.SessionManager: Creating new access token for user dd66cf8d-c616-4ca1-b2c2-6df5ba8890ef
[2026-04-28 17:58:00.126 +01:00] [INF] [36] Jellyfin.Server.Implementations.Users.UserManager: Authentication request for "bill" has succeeded.
[2026-04-28 17:58:00.126 +01:00] [INF] [36] Emby.Server.Implementations.Session.SessionManager: Current/Max sessions for user "bill": 1/0
[2026-04-28 17:58:00.126 +01:00] [INF] [36] Emby.Server.Implementations.Session.SessionManager: Logging out access token "2a5eac68c9bc43d8a8599635ad69830f"
[2026-04-28 17:58:00.127 +01:00] [INF] [36] Emby.Server.Implementations.Session.SessionManager: Creating new access token for user dd66cf8d-c616-4ca1-b2c2-6df5ba8890ef
[2026-04-28 17:58:05.105 +01:00] [INF] [36] Jellyfin.Server.Implementations.Users.UserManager: Authentication request for "bill" has succeeded.
[2026-04-28 17:58:05.105 +01:00] [INF] [36] Emby.Server.Implementations.Session.SessionManager: Current/Max sessions for user "bill": 1/0
[2026-04-28 17:58:05.105 +01:00] [INF] [36] Emby.Server.Implementations.Session.SessionManager: Logging out access token "f0d1f81a230747a5ab5182db3ce3fa60"
[2026-04-28 17:58:05.107 +01:00] [INF] [36] Emby.Server.Implementations.Session.SessionManager: Creating new access token for user dd66cf8d-c616-4ca1-b2c2-6df5ba8890ef
[2026-04-28 17:58:10.096 +01:00] [INF] [39] Jellyfin.Server.Implementations.Users.UserManager: Authentication request for "bill" has succeeded.
[2026-04-28 17:58:10.096 +01:00] [INF] [39] Emby.Server.Implementations.Session.SessionManager: Current/Max sessions for user "bill": 1/0
[2026-04-28 17:58:10.096 +01:00] [INF] [39] Emby.Server.Implementations.Session.SessionManager: Logging out access token "8e1e93242dff44a999d81b26f16aca53"
[2026-04-28 17:58:10.098 +01:00] [INF] [39] Emby.Server.Implementations.Session.SessionManager: Creating new access token for user dd66cf8d-c616-4ca1-b2c2-6df5ba8890ef
[2026-04-28 17:58:15.111 +01:00] [INF] [39] Jellyfin.Server.Implementations.Users.UserManager: Authentication request for "bill" has succeeded.
[2026-04-28 17:58:15.111 +01:00] [INF] [39] Emby.Server.Implementations.Session.SessionManager: Current/Max sessions for user "bill": 1/0
[2026-04-28 17:58:15.111 +01:00] [INF] [39] Emby.Server.Implementations.Session.SessionManager: Logging out access token "b878fbd58a844f1fa881d916fc7cf7ff"
[2026-04-28 17:58:15.113 +01:00] [INF] [39] Emby.Server.Implementations.Session.SessionManager: Creating new access token for user dd66cf8d-c616-4ca1-b2c2-6df5ba8890ef
[2026-04-28 17:58:20.111 +01:00] [INF] [39] Jellyfin.Server.Implementations.Users.UserManager: Authentication request for "bill" has succeeded.
[2026-04-28 17:58:20.111 +01:00] [INF] [39] Emby.Server.Implementations.Session.SessionManager: Current/Max sessions for user "bill": 1/0
[2026-04-28 17:58:20.111 +01:00] [INF] [39] Emby.Server.Implementations.Session.SessionManager: Logging out access token "d3fb4a591a5c4a9ba220ca908a83f473"
[2026-04-28 17:58:20.112 +01:00] [INF] [39] Emby.Server.Implementations.Session.SessionManager: Creating new access token for user dd66cf8d-c616-4ca1-b2c2-6df5ba8890ef
[2026-04-28 17:58:25.093 +01:00] [INF] [39] Jellyfin.Server.Implementations.Users.UserManager: Authentication request for "bill" has succeeded.
[2026-04-28 17:58:25.093 +01:00] [INF] [39] Emby.Server.Implementations.Session.SessionManager: Current/Max sessions for user "bill": 1/0
[2026-04-28 17:58:25.094 +01:00] [INF] [39] Emby.Server.Implementations.Session.SessionManager: Logging out access token "56fdddc3114249518db3bbf418aab5f0"
[2026-04-28 17:58:25.095 +01:00] [INF] [39] Emby.Server.Implementations.Session.SessionManager: Creating new access token for user dd66cf8d-c616-4ca1-b2c2-6df5ba8890ef
[2026-04-28 17:58:30.099 +01:00] [INF] [36] Jellyfin.Server.Implementations.Users.UserManager: Authentication request for "bill" has succeeded.
[2026-04-28 17:58:30.099 +01:00] [INF] [36] Emby.Server.Implementations.Session.SessionManager: Current/Max sessions for user "bill": 1/0
[2026-04-28 17:58:30.099 +01:00] [INF] [36] Emby.Server.Implementations.Session.SessionManager: Logging out access token "361dd21eccb04877bd315e57f66a2013"
[2026-04-28 17:58:30.100 +01:00] [INF] [36] Emby.Server.Implementations.Session.SessionManager: Creating new access token for user dd66cf8d-c616-4ca1-b2c2-6df5ba8890ef
[2026-04-28 17:58:35.103 +01:00] [INF] [36] Jellyfin.Server.Implementations.Users.UserManager: Authentication request for "bill" has succeeded.
[2026-04-28 17:58:35.103 +01:00] [INF] [36] Emby.Server.Implementations.Session.SessionManager: Current/Max sessions for user "bill": 1/0
[2026-04-28 17:58:35.103 +01:00] [INF] [36] Emby.Server.Implementations.Session.SessionManager: Logging out access token "40d081e7924b4a6e8f3192990a6208eb"
[2026-04-28 17:58:35.105 +01:00] [INF] [36] Emby.Server.Implementations.Session.SessionManager: Creating new access token for user dd66cf8d-c616-4ca1-b2c2-6df5ba8890ef
[2026-04-28 17:58:40.109 +01:00] [INF] [39] Jellyfin.Server.Implementations.Users.UserManager: Authentication request for "bill" has succeeded.
[2026-04-28 17:58:40.109 +01:00] [INF] [39] Emby.Server.Implementations.Session.SessionManager: Current/Max sessions for user "bill": 1/0
[2026-04-28 17:58:40.109 +01:00] [INF] [39] Emby.Server.Implementations.Session.SessionManager: Logging out access token "71fd011017304c3b90b831f08c1e331c"
[2026-04-28 17:58:40.111 +01:00] [INF] [39] Emby.Server.Implementations.Session.SessionManager: Creating new access token for user dd66cf8d-c616-4ca1-b2c2-6df5ba8890ef
[2026-04-28 17:58:45.114 +01:00] [INF] [36] Jellyfin.Server.Implementations.Users.UserManager: Authentication request for "bill" has succeeded.
[2026-04-28 17:58:45.114 +01:00] [INF] [36] Emby.Server.Implementations.Session.SessionManager: Current/Max sessions for user "bill": 1/0
[2026-04-28 17:58:45.114 +01:00] [INF] [36] Emby.Server.Implementations.Session.SessionManager: Logging out access token "5a6c4dc6a8cc4e75aae19926d89af245"
[2026-04-28 17:58:45.116 +01:00] [INF] [36] Emby.Server.Implementations.Session.SessionManager: Creating new access token for user dd66cf8d-c616-4ca1-b2c2-6df5ba8890ef
[2026-04-28 17:58:50.102 +01:00] [INF] [39] Jellyfin.Server.Implementations.Users.UserManager: Authentication request for "bill" has succeeded.
[2026-04-28 17:58:50.102 +01:00] [INF] [39] Emby.Server.Implementations.Session.SessionManager: Current/Max sessions for user "bill": 1/0
[2026-04-28 17:58:50.102 +01:00] [INF] [39] Emby.Server.Implementations.Session.SessionManager: Logging out access token "b9710f0f11884466ba622ee518d8d0e3"
[2026-04-28 17:58:50.104 +01:00] [INF] [39] Emby.Server.Implementations.Session.SessionManager: Creating new access token for user dd66cf8d-c616-4ca1-b2c2-6df5ba8890ef
[2026-04-28 17:58:55.107 +01:00] [INF] [36] Jellyfin.Server.Implementations.Users.UserManager: Authentication request for "bill" has succeeded.
[2026-04-28 17:58:55.107 +01:00] [INF] [36] Emby.Server.Implementations.Session.SessionManager: Current/Max sessions for user "bill": 1/0
[2026-04-28 17:58:55.107 +01:00] [INF] [36] Emby.Server.Implementations.Session.SessionManager: Logging out access token "2a26e04440564ee39f06ce2b8f9b478e"
[2026-04-28 17:58:55.109 +01:00] [INF] [36] Emby.Server.Implementations.Session.SessionManager: Creating new access token for user dd66cf8d-c616-4ca1-b2c2-6df5ba8890ef
[2026-04-28 17:59:00.126 +01:00] [INF] [36] Jellyfin.Server.Implementations.Users.UserManager: Authentication request for "bill" has succeeded.
[2026-04-28 17:59:00.126 +01:00] [INF] [36] Emby.Server.Implementations.Session.SessionManager: Current/Max sessions for user "bill": 1/0
[2026-04-28 17:59:00.126 +01:00] [INF] [36] Emby.Server.Implementations.Session.SessionManager: Logging out access token "5f30951257e4433bb401c10b87c1104b"
[2026-04-28 17:59:00.128 +01:00] [INF] [36] Emby.Server.Implementations.Session.SessionManager: Creating new access token for user dd66cf8d-c616-4ca1-b2c2-6df5ba8890ef
[2026-04-28 17:59:05.105 +01:00] [INF] [36] Jellyfin.Server.Implementations.Users.UserManager: Authentication request for "bill" has succeeded.
[2026-04-28 17:59:05.105 +01:00] [INF] [36] Emby.Server.Implementations.Session.SessionManager: Current/Max sessions for user "bill": 1/0
[2026-04-28 17:59:05.105 +01:00] [INF] [36] Emby.Server.Implementations.Session.SessionManager: Logging out access token "96f800261f794936afda0a8239849ed6"
[2026-04-28 17:59:05.107 +01:00] [INF] [36] Emby.Server.Implementations.Session.SessionManager: Creating new access token for user dd66cf8d-c616-4ca1-b2c2-6df5ba8890ef
[2026-04-28 17:59:10.114 +01:00] [INF] [39] Jellyfin.Server.Implementations.Users.UserManager: Authentication request for "bill" has succeeded.
[2026-04-28 17:59:10.114 +01:00] [INF] [39] Emby.Server.Implementations.Session.SessionManager: Current/Max sessions for user "bill": 1/0
[2026-04-28 17:59:10.114 +01:00] [INF] [39] Emby.Server.Implementations.Session.SessionManager: Logging out access token "ff84834ab4d2471288a64090892ac31d"
[2026-04-28 17:59:10.116 +01:00] [INF] [39] Emby.Server.Implementations.Session.SessionManager: Creating new access token for user dd66cf8d-c616-4ca1-b2c2-6df5ba8890ef
[2026-04-28 17:59:15.110 +01:00] [INF] [39] Jellyfin.Server.Implementations.Users.UserManager: Authentication request for "bill" has succeeded.
[2026-04-28 17:59:15.110 +01:00] [INF] [39] Emby.Server.Implementations.Session.SessionManager: Current/Max sessions for user "bill": 1/0
[2026-04-28 17:59:15.110 +01:00] [INF] [39] Emby.Server.Implementations.Session.SessionManager: Logging out access token "a81c13750148459893000bd0bafc10c1"
[2026-04-28 17:59:15.111 +01:00] [INF] [39] Emby.Server.Implementations.Session.SessionManager: Creating new access token for user dd66cf8d-c616-4ca1-b2c2-6df5ba8890ef
[2026-04-28 17:59:20.112 +01:00] [INF] [37] Jellyfin.Server.Implementations.Users.UserManager: Authentication request for "bill" has succeeded.
[2026-04-28 17:59:20.112 +01:00] [INF] [37] Emby.Server.Implementations.Session.SessionManager: Current/Max sessions for user "bill": 1/0
[2026-04-28 17:59:20.112 +01:00] [INF] [37] Emby.Server.Implementations.Session.SessionManager: Logging out access token "fed388f36b834fd881cc7205860c2f21"
[2026-04-28 17:59:20.114 +01:00] [INF] [37] Emby.Server.Implementations.Session.SessionManager: Creating new access token for user dd66cf8d-c616-4ca1-b2c2-6df5ba8890ef
[2026-04-28 17:59:25.086 +01:00] [INF] [36] Jellyfin.Server.Implementations.Users.UserManager: Authentication request for "bill" has succeeded.
[2026-04-28 17:59:25.087 +01:00] [INF] [36] Emby.Server.Implementations.Session.SessionManager: Current/Max sessions for user "bill": 1/0
[2026-04-28 17:59:25.087 +01:00] [INF] [36] Emby.Server.Implementations.Session.SessionManager: Logging out access token "b74d48fa8fcb4789a784641b6e4ca318"
[2026-04-28 17:59:25.088 +01:00] [INF] [36] Emby.Server.Implementations.Session.SessionManager: Creating new access token for user dd66cf8d-c616-4ca1-b2c2-6df5ba8890ef
[2026-04-28 17:59:29.431 +01:00] [INF] [39] Emby.Server.Implementations.IO.LibraryMonitor: "movies" ("/movies") will be refreshed.
[2026-04-28 17:59:29.441 +01:00] [ERR] [39] MediaBrowser.Controller.Entities.BaseItem: Error refreshing owned items for "/movies"
System.UnauthorizedAccessException: Access to the path '/movies/._Lawrence of Arabia 1962 UHD BluRay 2160p HDR10 DV HEVC TrueHD Atmos 7.1 x265-E' is denied.
 ---> System.IO.IOException: Operation not permitted
   --- End of inner exception stack trace ---
   at System.IO.FileSystemInfo.Create(String fullPath, String fileName, Boolean asDirectory, FileStatus& fileStatus)
   at System.IO.Enumeration.FileSystemEnumerable`1.DelegateEnumerator.TransformEntry(FileSystemEntry& entry)
   at System.IO.Enumeration.FileSystemEnumerator`1.MoveNext()
   at System.Linq.Enumerable.IEnumerableSelectIterator`2.ToArray()
   at MediaBrowser.Controller.Providers.DirectoryService.<>c.<GetFileSystemEntries>b__5_0(String p, IFileSystem fileSystem)
   at System.Collections.Concurrent.ConcurrentDictionary`2.GetOrAdd[TArg](TKey key, Func`3 valueFactory, TArg factoryArgument)
   at MediaBrowser.Controller.Providers.DirectoryService.GetFileSystemEntries(String path)
   at MediaBrowser.Controller.Entities.BaseItem.GetFileSystemChildren(IDirectoryService directoryService)
   at MediaBrowser.Controller.Entities.BaseItem.RefreshMetadata(MetadataRefreshOptions options, CancellationToken cancellationToken)
[2026-04-28 17:59:29.444 +01:00] [ERR] [39] MediaBrowser.Providers.Folders.FolderMetadataService: Error validating images for "/movies"
System.UnauthorizedAccessException: Access to the path '/movies/._Lawrence of Arabia 1962 UHD BluRay 2160p HDR10 DV HEVC TrueHD Atmos 7.1 x265-E' is denied.
 ---> System.IO.IOException: Operation not permitted
   --- End of inner exception stack trace ---
   at System.IO.FileSystemInfo.Create(String fullPath, String fileName, Boolean asDirectory, FileStatus& fileStatus)
   at System.IO.Enumeration.FileSystemEnumerable`1.DelegateEnumerator.TransformEntry(FileSystemEntry& entry)
   at System.IO.Enumeration.FileSystemEnumerator`1.MoveNext()
   at System.Linq.Enumerable.IEnumerableSelectIterator`2.ToArray()
   at MediaBrowser.Controller.Providers.DirectoryService.<>c.<GetFileSystemEntries>b__5_0(String p, IFileSystem fileSystem)
   at System.Collections.Concurrent.ConcurrentDictionary`2.GetOrAdd[TArg](TKey key, Func`3 valueFactory, TArg factoryArgument)
   at MediaBrowser.Controller.Providers.DirectoryService.GetFileSystemEntries(String path)
   at MediaBrowser.LocalMetadata.Images.LocalImageProvider.GetFiles(BaseItem item, Boolean includeDirectories, IDirectoryService directoryService)
   at MediaBrowser.LocalMetadata.Images.LocalImageProvider.GetImages(BaseItem item, IDirectoryService directoryService)
   at MediaBrowser.Providers.Manager.ItemImageProvider.<>c__DisplayClass7_0.<ValidateImages>b__0(ILocalImageProvider i)
   at System.Linq.Enumerable.SelectManySingleSelectorIterator`2.ToList()
   at System.Linq.Enumerable.ToList[TSource](IEnumerable`1 source)
   at MediaBrowser.Providers.Manager.ItemImageProvider.ValidateImages(BaseItem item, IEnumerable`1 providers, ImageRefreshOptions refreshOptions)
   at MediaBrowser.Providers.Manager.MetadataService`2.RefreshMetadata(BaseItem item, MetadataRefreshOptions refreshOptions, CancellationToken cancellationToken)
[2026-04-28 17:59:29.447 +01:00] [ERR] [39] MediaBrowser.Controller.Entities.BaseItem: Error retrieving children
System.UnauthorizedAccessException: Access to the path '/movies/._Lawrence of Arabia 1962 UHD BluRay 2160p HDR10 DV HEVC TrueHD Atmos 7.1 x265-E' is denied.
 ---> System.IO.IOException: Operation not permitted
   --- End of inner exception stack trace ---
   at System.IO.FileSystemInfo.Create(String fullPath, String fileName, Boolean asDirectory, FileStatus& fileStatus)
   at System.IO.Enumeration.FileSystemEnumerable`1.DelegateEnumerator.TransformEntry(FileSystemEntry& entry)
   at System.IO.Enumeration.FileSystemEnumerator`1.MoveNext()
   at System.Linq.Enumerable.IEnumerableSelectIterator`2.ToArray()
   at MediaBrowser.Controller.Providers.DirectoryService.<>c.<GetFileSystemEntries>b__5_0(String p, IFileSystem fileSystem)
   at System.Collections.Concurrent.ConcurrentDictionary`2.GetOrAdd[TArg](TKey key, Func`3 valueFactory, TArg factoryArgument)
   at MediaBrowser.Controller.Providers.DirectoryService.GetFileSystemEntries(String path)
   at MediaBrowser.Controller.Entities.BaseItem.GetFileSystemChildren(IDirectoryService directoryService)
   at MediaBrowser.Controller.Entities.Folder.GetNonCachedChildren(IDirectoryService directoryService)
   at MediaBrowser.Controller.Entities.Folder.ValidateChildrenInternal2(IProgress`1 progress, Boolean recursive, Boolean refreshChildMetadata, Boolean allowRemoveRoot, MetadataRefreshOptions refreshOptions, IDirectoryService directoryService, CancellationToken cancellationToken)
[2026-04-28 17:59:30.110 +01:00] [INF] [36] Jellyfin.Server.Implementations.Users.UserManager: Authentication request for "bill" has succeeded.
[2026-04-28 17:59:30.110 +01:00] [INF] [36] Emby.Server.Implementations.Session.SessionManager: Current/Max sessions for user "bill": 1/0
[2026-04-28 17:59:30.110 +01:00] [INF] [36] Emby.Server.Implementations.Session.SessionManager: Logging out access token "c8ee07bb1f58473f94fe48d71e38beb4"
[2026-04-28 17:59:30.112 +01:00] [INF] [36] Emby.Server.Implementations.Session.SessionManager: Creating new access token for user dd66cf8d-c616-4ca1-b2c2-6df5ba8890ef
[2026-04-28 17:59:35.111 +01:00] [INF] [39] Jellyfin.Server.Implementations.Users.UserManager: Authentication request for "bill" has succeeded.
[2026-04-28 17:59:35.111 +01:00] [INF] [39] Emby.Server.Implementations.Session.SessionManager: Current/Max sessions for user "bill": 1/0
[2026-04-28 17:59:35.111 +01:00] [INF] [39] Emby.Server.Implementations.Session.SessionManager: Logging out access token "5caee55fc9a2495ca62b992179354a4f"
[2026-04-28 17:59:35.113 +01:00] [INF] [39] Emby.Server.Implementations.Session.SessionManager: Creating new access token for user dd66cf8d-c616-4ca1-b2c2-6df5ba8890ef
[2026-04-28 17:59:40.108 +01:00] [INF] [39] Jellyfin.Server.Implementations.Users.UserManager: Authentication request for "bill" has succeeded.
[2026-04-28 17:59:40.108 +01:00] [INF] [39] Emby.Server.Implementations.Session.SessionManager: Current/Max sessions for user "bill": 1/0
[2026-04-28 17:59:40.108 +01:00] [INF] [39] Emby.Server.Implementations.Session.SessionManager: Logging out access token "d8b0e95ccae346c7a75eac064f0884ec"
[2026-04-28 17:59:40.110 +01:00] [INF] [39] Emby.Server.Implementations.Session.SessionManager: Creating new access token for user dd66cf8d-c616-4ca1-b2c2-6df5ba8890ef
[2026-04-28 17:59:45.116 +01:00] [INF] [39] Jellyfin.Server.Implementations.Users.UserManager: Authentication request for "bill" has succeeded.
[2026-04-28 17:59:45.116 +01:00] [INF] [39] Emby.Server.Implementations.Session.SessionManager: Current/Max sessions for user "bill": 1/0
[2026-04-28 17:59:45.116 +01:00] [INF] [39] Emby.Server.Implementations.Session.SessionManager: Logging out access token "8e2891e0823747b5bbcabcd49a4dc594"
[2026-04-28 17:59:45.118 +01:00] [INF] [39] Emby.Server.Implementations.Session.SessionManager: Creating new access token for user dd66cf8d-c616-4ca1-b2c2-6df5ba8890ef
[2026-04-28 17:59:50.106 +01:00] [INF] [36] Jellyfin.Server.Implementations.Users.UserManager: Authentication request for "bill" has succeeded.
[2026-04-28 17:59:50.106 +01:00] [INF] [36] Emby.Server.Implementations.Session.SessionManager: Current/Max sessions for user "bill": 1/0
[2026-04-28 17:59:50.106 +01:00] [INF] [36] Emby.Server.Implementations.Session.SessionManager: Logging out access token "97cc40cfc9d84410a3e4a39438ea277b"
[2026-04-28 17:59:50.107 +01:00] [INF] [36] Emby.Server.Implementations.Session.SessionManager: Creating new access token for user dd66cf8d-c616-4ca1-b2c2-6df5ba8890ef
[2026-04-28 17:59:55.106 +01:00] [INF] [39] Jellyfin.Server.Implementations.Users.UserManager: Authentication request for "bill" has succeeded.
[2026-04-28 17:59:55.106 +01:00] [INF] [39] Emby.Server.Implementations.Session.SessionManager: Current/Max sessions for user "bill": 1/0
[2026-04-28 17:59:55.106 +01:00] [INF] [39] Emby.Server.Implementations.Session.SessionManager: Logging out access token "675531c5a25e4900a3d3cb25fb629c89"
[2026-04-28 17:59:55.108 +01:00] [INF] [39] Emby.Server.Implementations.Session.SessionManager: Creating new access token for user dd66cf8d-c616-4ca1-b2c2-6df5ba8890ef
[2026-04-28 18:00:00.146 +01:00] [INF] [39] Jellyfin.Server.Implementations.Users.UserManager: Authentication request for "bill" has succeeded.
[2026-04-28 18:00:00.146 +01:00] [INF] [39] Emby.Server.Implementations.Session.SessionManager: Current/Max sessions for user "bill": 1/0
[2026-04-28 18:00:00.146 +01:00] [INF] [39] Emby.Server.Implementations.Session.SessionManager: Logging out access token "1da936361fa94180b68790727ca17f03"
[2026-04-28 18:00:00.147 +01:00] [INF] [39] Emby.Server.Implementations.Session.SessionManager: Creating new access token for user dd66cf8d-c616-4ca1-b2c2-6df5ba8890ef
[2026-04-28 18:00:05.096 +01:00] [INF] [39] Jellyfin.Server.Implementations.Users.UserManager: Authentication request for "bill" has succeeded.
[2026-04-28 18:00:05.096 +01:00] [INF] [39] Emby.Server.Implementations.Session.SessionManager: Current/Max sessions for user "bill": 1/0
[2026-04-28 18:00:05.096 +01:00] [INF] [39] Emby.Server.Implementations.Session.SessionManager: Logging out access token "5edc5a82c7f948e9965393c141b8bd23"
[2026-04-28 18:00:05.098 +01:00] [INF] [39] Emby.Server.Implementations.Session.SessionManager: Creating new access token for user dd66cf8d-c616-4ca1-b2c2-6df5ba8890ef
[2026-04-28 18:00:10.110 +01:00] [INF] [36] Jellyfin.Server.Implementations.Users.UserManager: Authentication request for "bill" has succeeded.
[2026-04-28 18:00:10.110 +01:00] [INF] [36] Emby.Server.Implementations.Session.SessionManager: Current/Max sessions for user "bill": 1/0
[2026-04-28 18:00:10.110 +01:00] [INF] [36] Emby.Server.Implementations.Session.SessionManager: Logging out access token "288c674c5bbc4489bd7020c02e9a5284"
[2026-04-28 18:00:10.112 +01:00] [INF] [36] Emby.Server.Implementations.Session.SessionManager: Creating new access token for user dd66cf8d-c616-4ca1-b2c2-6df5ba8890ef
[2026-04-28 18:00:15.109 +01:00] [INF] [39] Jellyfin.Server.Implementations.Users.UserManager: Authentication request for "bill" has succeeded.
[2026-04-28 18:00:15.109 +01:00] [INF] [39] Emby.Server.Implementations.Session.SessionManager: Current/Max sessions for user "bill": 1/0
[2026-04-28 18:00:15.109 +01:00] [INF] [39] Emby.Server.Implementations.Session.SessionManager: Logging out access token "dcaf08801b784682b40a3994f2f6d91a"
[2026-04-28 18:00:15.111 +01:00] [INF] [39] Emby.Server.Implementations.Session.SessionManager: Creating new access token for user dd66cf8d-c616-4ca1-b2c2-6df5ba8890ef
[2026-04-28 18:00:20.112 +01:00] [INF] [39] Jellyfin.Server.Implementations.Users.UserManager: Authentication request for "bill" has succeeded.
[2026-04-28 18:00:20.112 +01:00] [INF] [39] Emby.Server.Implementations.Session.SessionManager: Current/Max sessions for user "bill": 1/0
[2026-04-28 18:00:20.112 +01:00] [INF] [39] Emby.Server.Implementations.Session.SessionManager: Logging out access token "9818f5dde8ee4fd8a008471ffefead62"
[2026-04-28 18:00:20.114 +01:00] [INF] [39] Emby.Server.Implementations.Session.SessionManager: Creating new access token for user dd66cf8d-c616-4ca1-b2c2-6df5ba8890ef
[2026-04-28 18:00:25.095 +01:00] [INF] [39] Jellyfin.Server.Implementations.Users.UserManager: Authentication request for "bill" has succeeded.
[2026-04-28 18:00:25.095 +01:00] [INF] [39] Emby.Server.Implementations.Session.SessionManager: Current/Max sessions for user "bill": 1/0
[2026-04-28 18:00:25.095 +01:00] [INF] [39] Emby.Server.Implementations.Session.SessionManager: Logging out access token "b086799406a648a7820d76db00664372"
[2026-04-28 18:00:25.097 +01:00] [INF] [39] Emby.Server.Implementations.Session.SessionManager: Creating new access token for user dd66cf8d-c616-4ca1-b2c2-6df5ba8890ef
[2026-04-28 18:00:30.111 +01:00] [INF] [39] Jellyfin.Server.Implementations.Users.UserManager: Authentication request for "bill" has succeeded.
[2026-04-28 18:00:30.111 +01:00] [INF] [39] Emby.Server.Implementations.Session.SessionManager: Current/Max sessions for user "bill": 1/0
[2026-04-28 18:00:30.111 +01:00] [INF] [39] Emby.Server.Implementations.Session.SessionManager: Logging out access token "a8a830cc81af4252a00ca92727bd966f"
[2026-04-28 18:00:30.112 +01:00] [INF] [39] Emby.Server.Implementations.Session.SessionManager: Creating new access token for user dd66cf8d-c616-4ca1-b2c2-6df5ba8890ef
[2026-04-28 18:00:35.109 +01:00] [INF] [36] Jellyfin.Server.Implementations.Users.UserManager: Authentication request for "bill" has succeeded.
[2026-04-28 18:00:35.109 +01:00] [INF] [36] Emby.Server.Implementations.Session.SessionManager: Current/Max sessions for user "bill": 1/0
[2026-04-28 18:00:35.109 +01:00] [INF] [36] Emby.Server.Implementations.Session.SessionManager: Logging out access token "e05827422ca741afa2b37aed610085e5"
[2026-04-28 18:00:35.111 +01:00] [INF] [36] Emby.Server.Implementations.Session.SessionManager: Creating new access token for user dd66cf8d-c616-4ca1-b2c2-6df5ba8890ef
[2026-04-28 18:00:40.110 +01:00] [INF] [39] Jellyfin.Server.Implementations.Users.UserManager: Authentication request for "bill" has succeeded.
[2026-04-28 18:00:40.110 +01:00] [INF] [39] Emby.Server.Implementations.Session.SessionManager: Current/Max sessions for user "bill": 1/0
[2026-04-28 18:00:40.110 +01:00] [INF] [39] Emby.Server.Implementations.Session.SessionManager: Logging out access token "10a9457d64cf428883be66855b19c0b6"
[2026-04-28 18:00:40.112 +01:00] [INF] [39] Emby.Server.Implementations.Session.SessionManager: Creating new access token for user dd66cf8d-c616-4ca1-b2c2-6df5ba8890ef
[2026-04-28 18:00:45.117 +01:00] [INF] [37] Jellyfin.Server.Implementations.Users.UserManager: Authentication request for "bill" has succeeded.
[2026-04-28 18:00:45.117 +01:00] [INF] [37] Emby.Server.Implementations.Session.SessionManager: Current/Max sessions for user "bill": 1/0
[2026-04-28 18:00:45.117 +01:00] [INF] [37] Emby.Server.Implementations.Session.SessionManager: Logging out access token "588223e0c8da4fe186bcad8f3855d350"
[2026-04-28 18:00:45.119 +01:00] [INF] [37] Emby.Server.Implementations.Session.SessionManager: Creating new access token for user dd66cf8d-c616-4ca1-b2c2-6df5ba8890ef
[2026-04-28 18:00:50.118 +01:00] [INF] [37] Jellyfin.Server.Implementations.Users.UserManager: Authentication request for "bill" has succeeded.
[2026-04-28 18:00:50.118 +01:00] [INF] [37] Emby.Server.Implementations.Session.SessionManager: Current/Max sessions for user "bill": 1/0
[2026-04-28 18:00:50.118 +01:00] [INF] [37] Emby.Server.Implementations.Session.SessionManager: Logging out access token "d22193af6d0b41688c63c83ea4cd2116"
[2026-04-28 18:00:50.120 +01:00] [INF] [37] Emby.Server.Implementations.Session.SessionManager: Creating new access token for user dd66cf8d-c616-4ca1-b2c2-6df5ba8890ef
[2026-04-28 18:00:55.111 +01:00] [INF] [37] Jellyfin.Server.Implementations.Users.UserManager: Authentication request for "bill" has succeeded.
[2026-04-28 18:00:55.111 +01:00] [INF] [37] Emby.Server.Implementations.Session.SessionManager: Current/Max sessions for user "bill": 1/0
[2026-04-28 18:00:55.111 +01:00] [INF] [37] Emby.Server.Implementations.Session.SessionManager: Logging out access token "c9b37c91fcf747ff8dccac362b852089"
[2026-04-28 18:00:55.113 +01:00] [INF] [37] Emby.Server.Implementations.Session.SessionManager: Creating new access token for user dd66cf8d-c616-4ca1-b2c2-6df5ba8890ef
[2026-04-28 18:01:00.126 +01:00] [INF] [38] Jellyfin.Server.Implementations.Users.UserManager: Authentication request for "bill" has succeeded.
[2026-04-28 18:01:00.126 +01:00] [INF] [38] Emby.Server.Implementations.Session.SessionManager: Current/Max sessions for user "bill": 1/0
[2026-04-28 18:01:00.126 +01:00] [INF] [38] Emby.Server.Implementations.Session.SessionManager: Logging out access token "cd09236395da45899f3ad633b2d2cca9"
[2026-04-28 18:01:00.128 +01:00] [INF] [38] Emby.Server.Implementations.Session.SessionManager: Creating new access token for user dd66cf8d-c616-4ca1-b2c2-6df5ba8890ef
[2026-04-28 18:01:05.105 +01:00] [INF] [38] Jellyfin.Server.Implementations.Users.UserManager: Authentication request for "bill" has succeeded.
[2026-04-28 18:01:05.105 +01:00] [INF] [38] Emby.Server.Implementations.Session.SessionManager: Current/Max sessions for user "bill": 1/0
[2026-04-28 18:01:05.105 +01:00] [INF] [38] Emby.Server.Implementations.Session.SessionManager: Logging out access token "e6969ef0fca642eb94bdef0422e3a2c5"
[2026-04-28 18:01:05.107 +01:00] [INF] [38] Emby.Server.Implementations.Session.SessionManager: Creating new access token for user dd66cf8d-c616-4ca1-b2c2-6df5ba8890ef
[2026-04-28 18:01:10.113 +01:00] [INF] [38] Jellyfin.Server.Implementations.Users.UserManager: Authentication request for "bill" has succeeded.
[2026-04-28 18:01:10.113 +01:00] [INF] [38] Emby.Server.Implementations.Session.SessionManager: Current/Max sessions for user "bill": 1/0
[2026-04-28 18:01:10.113 +01:00] [INF] [38] Emby.Server.Implementations.Session.SessionManager: Logging out access token "a86bacb4014d4c6cb98a3bacf793cd5b"
[2026-04-28 18:01:10.115 +01:00] [INF] [38] Emby.Server.Implementations.Session.SessionManager: Creating new access token for user dd66cf8d-c616-4ca1-b2c2-6df5ba8890ef
[2026-04-28 18:01:10.197 +01:00] [INF] [36] Emby.Server.Implementations.IO.LibraryMonitor: "movies" ("/movies") will be refreshed.
[2026-04-28 18:01:10.204 +01:00] [ERR] [36] MediaBrowser.Controller.Entities.BaseItem: Error refreshing owned items for "/movies"
System.UnauthorizedAccessException: Access to the path '/movies/._Lawrence of Arabia 1962 UHD BluRay 2160p HDR10 DV HEVC TrueHD Atmos 7.1 x265-E' is denied.
 ---> System.IO.IOException: Operation not permitted
   --- End of inner exception stack trace ---
   at System.IO.FileSystemInfo.Create(String fullPath, String fileName, Boolean asDirectory, FileStatus& fileStatus)
   at System.IO.Enumeration.FileSystemEnumerable`1.DelegateEnumerator.TransformEntry(FileSystemEntry& entry)
   at System.IO.Enumeration.FileSystemEnumerator`1.MoveNext()
   at System.Linq.Enumerable.IEnumerableSelectIterator`2.ToArray()
   at MediaBrowser.Controller.Providers.DirectoryService.<>c.<GetFileSystemEntries>b__5_0(String p, IFileSystem fileSystem)
   at System.Collections.Concurrent.ConcurrentDictionary`2.GetOrAdd[TArg](TKey key, Func`3 valueFactory, TArg factoryArgument)
   at MediaBrowser.Controller.Providers.DirectoryService.GetFileSystemEntries(String path)
   at MediaBrowser.Controller.Entities.BaseItem.GetFileSystemChildren(IDirectoryService directoryService)
   at MediaBrowser.Controller.Entities.BaseItem.RefreshMetadata(MetadataRefreshOptions options, CancellationToken cancellationToken)
[2026-04-28 18:01:10.205 +01:00] [ERR] [36] MediaBrowser.Providers.Folders.FolderMetadataService: Error validating images for "/movies"
System.UnauthorizedAccessException: Access to the path '/movies/._Lawrence of Arabia 1962 UHD BluRay 2160p HDR10 DV HEVC TrueHD Atmos 7.1 x265-E' is denied.
 ---> System.IO.IOException: Operation not permitted
   --- End of inner exception stack trace ---
   at System.IO.FileSystemInfo.Create(String fullPath, String fileName, Boolean asDirectory, FileStatus& fileStatus)
   at System.IO.Enumeration.FileSystemEnumerable`1.DelegateEnumerator.TransformEntry(FileSystemEntry& entry)
   at System.IO.Enumeration.FileSystemEnumerator`1.MoveNext()
   at System.Linq.Enumerable.IEnumerableSelectIterator`2.ToArray()
   at MediaBrowser.Controller.Providers.DirectoryService.<>c.<GetFileSystemEntries>b__5_0(String p, IFileSystem fileSystem)
   at System.Collections.Concurrent.ConcurrentDictionary`2.GetOrAdd[TArg](TKey key, Func`3 valueFactory, TArg factoryArgument)
   at MediaBrowser.Controller.Providers.DirectoryService.GetFileSystemEntries(String path)
   at MediaBrowser.LocalMetadata.Images.LocalImageProvider.GetFiles(BaseItem item, Boolean includeDirectories, IDirectoryService directoryService)
   at MediaBrowser.LocalMetadata.Images.LocalImageProvider.GetImages(BaseItem item, IDirectoryService directoryService)
   at MediaBrowser.Providers.Manager.ItemImageProvider.<>c__DisplayClass7_0.<ValidateImages>b__0(ILocalImageProvider i)
   at System.Linq.Enumerable.SelectManySingleSelectorIterator`2.ToList()
   at System.Linq.Enumerable.ToList[TSource](IEnumerable`1 source)
   at MediaBrowser.Providers.Manager.ItemImageProvider.ValidateImages(BaseItem item, IEnumerable`1 providers, ImageRefreshOptions refreshOptions)
   at MediaBrowser.Providers.Manager.MetadataService`2.RefreshMetadata(BaseItem item, MetadataRefreshOptions refreshOptions, CancellationToken cancellationToken)
[2026-04-28 18:01:10.208 +01:00] [ERR] [36] MediaBrowser.Controller.Entities.BaseItem: Error retrieving children
System.UnauthorizedAccessException: Access to the path '/movies/._Lawrence of Arabia 1962 UHD BluRay 2160p HDR10 DV HEVC TrueHD Atmos 7.1 x265-E' is denied.
 ---> System.IO.IOException: Operation not permitted
   --- End of inner exception stack trace ---
   at System.IO.FileSystemInfo.Create(String fullPath, String fileName, Boolean asDirectory, FileStatus& fileStatus)
   at System.IO.Enumeration.FileSystemEnumerable`1.DelegateEnumerator.TransformEntry(FileSystemEntry& entry)
   at System.IO.Enumeration.FileSystemEnumerator`1.MoveNext()
   at System.Linq.Enumerable.IEnumerableSelectIterator`2.ToArray()
   at MediaBrowser.Controller.Providers.DirectoryService.<>c.<GetFileSystemEntries>b__5_0(String p, IFileSystem fileSystem)
   at System.Collections.Concurrent.ConcurrentDictionary`2.GetOrAdd[TArg](TKey key, Func`3 valueFactory, TArg factoryArgument)
   at MediaBrowser.Controller.Providers.DirectoryService.GetFileSystemEntries(String path)
   at MediaBrowser.Controller.Entities.BaseItem.GetFileSystemChildren(IDirectoryService directoryService)
   at MediaBrowser.Controller.Entities.Folder.GetNonCachedChildren(IDirectoryService directoryService)
   at MediaBrowser.Controller.Entities.Folder.ValidateChildrenInternal2(IProgress`1 progress, Boolean recursive, Boolean refreshChildMetadata, Boolean allowRemoveRoot, MetadataRefreshOptions refreshOptions, IDirectoryService directoryService, CancellationToken cancellationToken)
[2026-04-28 18:01:15.110 +01:00] [INF] [36] Jellyfin.Server.Implementations.Users.UserManager: Authentication request for "bill" has succeeded.
[2026-04-28 18:01:15.110 +01:00] [INF] [36] Emby.Server.Implementations.Session.SessionManager: Current/Max sessions for user "bill": 1/0
[2026-04-28 18:01:15.110 +01:00] [INF] [36] Emby.Server.Implementations.Session.SessionManager: Logging out access token "8c33ba199bd0406892882eb6cf69bb3e"
[2026-04-28 18:01:15.111 +01:00] [INF] [36] Emby.Server.Implementations.Session.SessionManager: Creating new access token for user dd66cf8d-c616-4ca1-b2c2-6df5ba8890ef
[2026-04-28 18:01:20.115 +01:00] [INF] [36] Jellyfin.Server.Implementations.Users.UserManager: Authentication request for "bill" has succeeded.
[2026-04-28 18:01:20.115 +01:00] [INF] [36] Emby.Server.Implementations.Session.SessionManager: Current/Max sessions for user "bill": 1/0
[2026-04-28 18:01:20.115 +01:00] [INF] [36] Emby.Server.Implementations.Session.SessionManager: Logging out access token "02aec30aaf5243f394bb2526b6da7920"
[2026-04-28 18:01:20.117 +01:00] [INF] [36] Emby.Server.Implementations.Session.SessionManager: Creating new access token for user dd66cf8d-c616-4ca1-b2c2-6df5ba8890ef
[2026-04-28 18:01:25.095 +01:00] [INF] [29] Jellyfin.Server.Implementations.Users.UserManager: Authentication request for "bill" has succeeded.
[2026-04-28 18:01:25.095 +01:00] [INF] [29] Emby.Server.Implementations.Session.SessionManager: Current/Max sessions for user "bill": 1/0
[2026-04-28 18:01:25.095 +01:00] [INF] [29] Emby.Server.Implementations.Session.SessionManager: Logging out access token "32aab19db83e4864845b4cc137b98a07"
[2026-04-28 18:01:25.097 +01:00] [INF] [29] Emby.Server.Implementations.Session.SessionManager: Creating new access token for user dd66cf8d-c616-4ca1-b2c2-6df5ba8890ef
[2026-04-28 18:01:30.111 +01:00] [INF] [29] Jellyfin.Server.Implementations.Users.UserManager: Authentication request for "bill" has succeeded.
[2026-04-28 18:01:30.111 +01:00] [INF] [29] Emby.Server.Implementations.Session.SessionManager: Current/Max sessions for user "bill": 1/0
[2026-04-28 18:01:30.111 +01:00] [INF] [29] Emby.Server.Implementations.Session.SessionManager: Logging out access token "aa47ea80ea6649b2b511715efe381f49"
[2026-04-28 18:01:30.113 +01:00] [INF] [29] Emby.Server.Implementations.Session.SessionManager: Creating new access token for user dd66cf8d-c616-4ca1-b2c2-6df5ba8890ef
[2026-04-28 18:01:35.105 +01:00] [INF] [29] Jellyfin.Server.Implementations.Users.UserManager: Authentication request for "bill" has succeeded.
[2026-04-28 18:01:35.105 +01:00] [INF] [29] Emby.Server.Implementations.Session.SessionManager: Current/Max sessions for user "bill": 1/0
[2026-04-28 18:01:35.105 +01:00] [INF] [29] Emby.Server.Implementations.Session.SessionManager: Logging out access token "59b76030b8b845ebaf34290b6b81fde4"
[2026-04-28 18:01:35.107 +01:00] [INF] [29] Emby.Server.Implementations.Session.SessionManager: Creating new access token for user dd66cf8d-c616-4ca1-b2c2-6df5ba8890ef
[2026-04-28 18:01:40.112 +01:00] [INF] [36] Jellyfin.Server.Implementations.Users.UserManager: Authentication request for "bill" has succeeded.
[2026-04-28 18:01:40.112 +01:00] [INF] [36] Emby.Server.Implementations.Session.SessionManager: Current/Max sessions for user "bill": 1/0
[2026-04-28 18:01:40.112 +01:00] [INF] [36] Emby.Server.Implementations.Session.SessionManager: Logging out access token "9137e4afd19246b59f44b2a14cc50e28"
[2026-04-28 18:01:40.114 +01:00] [INF] [36] Emby.Server.Implementations.Session.SessionManager: Creating new access token for user dd66cf8d-c616-4ca1-b2c2-6df5ba8890ef
[2026-04-28 18:01:45.114 +01:00] [INF] [29] Jellyfin.Server.Implementations.Users.UserManager: Authentication request for "bill" has succeeded.
[2026-04-28 18:01:45.114 +01:00] [INF] [29] Emby.Server.Implementations.Session.SessionManager: Current/Max sessions for user "bill": 1/0
[2026-04-28 18:01:45.114 +01:00] [INF] [29] Emby.Server.Implementations.Session.SessionManager: Logging out access token "158eb519277b40fd9a3f0f411e3cb40f"
[2026-04-28 18:01:45.116 +01:00] [INF] [29] Emby.Server.Implementations.Session.SessionManager: Creating new access token for user dd66cf8d-c616-4ca1-b2c2-6df5ba8890ef
[2026-04-28 18:01:50.114 +01:00] [INF] [29] Jellyfin.Server.Implementations.Users.UserManager: Authentication request for "bill" has succeeded.
[2026-04-28 18:01:50.114 +01:00] [INF] [29] Emby.Server.Implementations.Session.SessionManager: Current/Max sessions for user "bill": 1/0
[2026-04-28 18:01:50.114 +01:00] [INF] [29] Emby.Server.Implementations.Session.SessionManager: Logging out access token "8b8ceabdecfd472582b4356f03e04bd1"
[2026-04-28 18:01:50.116 +01:00] [INF] [29] Emby.Server.Implementations.Session.SessionManager: Creating new access token for user dd66cf8d-c616-4ca1-b2c2-6df5ba8890ef
[2026-04-28 18:01:55.111 +01:00] [INF] [37] Jellyfin.Server.Implementations.Users.UserManager: Authentication request for "bill" has succeeded.
[2026-04-28 18:01:55.111 +01:00] [INF] [37] Emby.Server.Implementations.Session.SessionManager: Current/Max sessions for user "bill": 1/0
[2026-04-28 18:01:55.111 +01:00] [INF] [37] Emby.Server.Implementations.Session.SessionManager: Logging out access token "c0184a6a97b5435f97e3e6a4f085fed6"
[2026-04-28 18:01:55.112 +01:00] [INF] [37] Emby.Server.Implementations.Session.SessionManager: Creating new access token for user dd66cf8d-c616-4ca1-b2c2-6df5ba8890ef
[2026-04-28 18:02:00.138 +01:00] [INF] [37] Jellyfin.Server.Implementations.Users.UserManager: Authentication request for "bill" has succeeded.
[2026-04-28 18:02:00.138 +01:00] [INF] [37] Emby.Server.Implementations.Session.SessionManager: Current/Max sessions for user "bill": 1/0
[2026-04-28 18:02:00.138 +01:00] [INF] [37] Emby.Server.Implementations.Session.SessionManager: Logging out access token "4a73c19c596b44d785b72e5eadade6e1"
[2026-04-28 18:02:00.140 +01:00] [INF] [37] Emby.Server.Implementations.Session.SessionManager: Creating new access token for user dd66cf8d-c616-4ca1-b2c2-6df5ba8890ef
[2026-04-28 18:02:05.115 +01:00] [INF] [36] Jellyfin.Server.Implementations.Users.UserManager: Authentication request for "bill" has succeeded.
[2026-04-28 18:02:05.115 +01:00] [INF] [36] Emby.Server.Implementations.Session.SessionManager: Current/Max sessions for user "bill": 1/0
[2026-04-28 18:02:05.115 +01:00] [INF] [36] Emby.Server.Implementations.Session.SessionManager: Logging out access token "2bf1ff23ebe34b6e8a672bbde1551130"
[2026-04-28 18:02:05.117 +01:00] [INF] [36] Emby.Server.Implementations.Session.SessionManager: Creating new access token for user dd66cf8d-c616-4ca1-b2c2-6df5ba8890ef
[2026-04-28 18:02:10.112 +01:00] [INF] [37] Jellyfin.Server.Implementations.Users.UserManager: Authentication request for "bill" has succeeded.
[2026-04-28 18:02:10.112 +01:00] [INF] [37] Emby.Server.Implementations.Session.SessionManager: Current/Max sessions for user "bill": 1/0
[2026-04-28 18:02:10.112 +01:00] [INF] [37] Emby.Server.Implementations.Session.SessionManager: Logging out access token "608b9045fb194ba3939c784625907683"
[2026-04-28 18:02:10.114 +01:00] [INF] [37] Emby.Server.Implementations.Session.SessionManager: Creating new access token for user dd66cf8d-c616-4ca1-b2c2-6df5ba8890ef
[2026-04-28 18:02:15.098 +01:00] [INF] [29] Jellyfin.Server.Implementations.Users.UserManager: Authentication request for "bill" has succeeded.
[2026-04-28 18:02:15.098 +01:00] [INF] [29] Emby.Server.Implementations.Session.SessionManager: Current/Max sessions for user "bill": 1/0
[2026-04-28 18:02:15.098 +01:00] [INF] [29] Emby.Server.Implementations.Session.SessionManager: Logging out access token "ce447a3b0c994bf8bdba8e25bacbcf94"
[2026-04-28 18:02:15.100 +01:00] [INF] [29] Emby.Server.Implementations.Session.SessionManager: Creating new access token for user dd66cf8d-c616-4ca1-b2c2-6df5ba8890ef
[2026-04-28 18:02:20.112 +01:00] [INF] [29] Jellyfin.Server.Implementations.Users.UserManager: Authentication request for "bill" has succeeded.
[2026-04-28 18:02:20.112 +01:00] [INF] [29] Emby.Server.Implementations.Session.SessionManager: Current/Max sessions for user "bill": 1/0
[2026-04-28 18:02:20.112 +01:00] [INF] [29] Emby.Server.Implementations.Session.SessionManager: Logging out access token "17a01f4700d74b3aa9a40d42e56e93d1"
[2026-04-28 18:02:20.114 +01:00] [INF] [29] Emby.Server.Implementations.Session.SessionManager: Creating new access token for user dd66cf8d-c616-4ca1-b2c2-6df5ba8890ef
[2026-04-28 18:02:23.151 +01:00] [INF] [36] Emby.Server.Implementations.IO.LibraryMonitor: "movies" ("/movies") will be refreshed.
[2026-04-28 18:02:23.157 +01:00] [ERR] [36] MediaBrowser.Controller.Entities.BaseItem: Error refreshing owned items for "/movies"
System.UnauthorizedAccessException: Access to the path '/movies/._Lawrence of Arabia 1962 UHD BluRay 2160p HDR10 DV HEVC TrueHD Atmos 7.1 x265-E' is denied.
 ---> System.IO.IOException: Operation not permitted
   --- End of inner exception stack trace ---
   at System.IO.FileSystemInfo.Create(String fullPath, String fileName, Boolean asDirectory, FileStatus& fileStatus)
   at System.IO.Enumeration.FileSystemEnumerable`1.DelegateEnumerator.TransformEntry(FileSystemEntry& entry)
   at System.IO.Enumeration.FileSystemEnumerator`1.MoveNext()
   at System.Linq.Enumerable.IEnumerableSelectIterator`2.ToArray()
   at MediaBrowser.Controller.Providers.DirectoryService.<>c.<GetFileSystemEntries>b__5_0(String p, IFileSystem fileSystem)
   at System.Collections.Concurrent.ConcurrentDictionary`2.GetOrAdd[TArg](TKey key, Func`3 valueFactory, TArg factoryArgument)
   at MediaBrowser.Controller.Providers.DirectoryService.GetFileSystemEntries(String path)
   at MediaBrowser.Controller.Entities.BaseItem.GetFileSystemChildren(IDirectoryService directoryService)
   at MediaBrowser.Controller.Entities.BaseItem.RefreshMetadata(MetadataRefreshOptions options, CancellationToken cancellationToken)
[2026-04-28 18:02:23.159 +01:00] [ERR] [36] MediaBrowser.Providers.Folders.FolderMetadataService: Error validating images for "/movies"
System.UnauthorizedAccessException: Access to the path '/movies/._Lawrence of Arabia 1962 UHD BluRay 2160p HDR10 DV HEVC TrueHD Atmos 7.1 x265-E' is denied.
 ---> System.IO.IOException: Operation not permitted
   --- End of inner exception stack trace ---
   at System.IO.FileSystemInfo.Create(String fullPath, String fileName, Boolean asDirectory, FileStatus& fileStatus)
   at System.IO.Enumeration.FileSystemEnumerable`1.DelegateEnumerator.TransformEntry(FileSystemEntry& entry)
   at System.IO.Enumeration.FileSystemEnumerator`1.MoveNext()
   at System.Linq.Enumerable.IEnumerableSelectIterator`2.ToArray()
   at MediaBrowser.Controller.Providers.DirectoryService.<>c.<GetFileSystemEntries>b__5_0(String p, IFileSystem fileSystem)
   at System.Collections.Concurrent.ConcurrentDictionary`2.GetOrAdd[TArg](TKey key, Func`3 valueFactory, TArg factoryArgument)
   at MediaBrowser.Controller.Providers.DirectoryService.GetFileSystemEntries(String path)
   at MediaBrowser.LocalMetadata.Images.LocalImageProvider.GetFiles(BaseItem item, Boolean includeDirectories, IDirectoryService directoryService)
   at MediaBrowser.LocalMetadata.Images.LocalImageProvider.GetImages(BaseItem item, IDirectoryService directoryService)
   at MediaBrowser.Providers.Manager.ItemImageProvider.<>c__DisplayClass7_0.<ValidateImages>b__0(ILocalImageProvider i)
   at System.Linq.Enumerable.SelectManySingleSelectorIterator`2.ToList()
   at System.Linq.Enumerable.ToList[TSource](IEnumerable`1 source)
   at MediaBrowser.Providers.Manager.ItemImageProvider.ValidateImages(BaseItem item, IEnumerable`1 providers, ImageRefreshOptions refreshOptions)
   at MediaBrowser.Providers.Manager.MetadataService`2.RefreshMetadata(BaseItem item, MetadataRefreshOptions refreshOptions, CancellationToken cancellationToken)
[2026-04-28 18:02:23.163 +01:00] [ERR] [36] MediaBrowser.Controller.Entities.BaseItem: Error retrieving children
System.UnauthorizedAccessException: Access to the path '/movies/._Lawrence of Arabia 1962 UHD BluRay 2160p HDR10 DV HEVC TrueHD Atmos 7.1 x265-E' is denied.
 ---> System.IO.IOException: Operation not permitted
   --- End of inner exception stack trace ---
   at System.IO.FileSystemInfo.Create(String fullPath, String fileName, Boolean asDirectory, FileStatus& fileStatus)
   at System.IO.Enumeration.FileSystemEnumerable`1.DelegateEnumerator.TransformEntry(FileSystemEntry& entry)
   at System.IO.Enumeration.FileSystemEnumerator`1.MoveNext()
   at System.Linq.Enumerable.IEnumerableSelectIterator`2.ToArray()
   at MediaBrowser.Controller.Providers.DirectoryService.<>c.<GetFileSystemEntries>b__5_0(String p, IFileSystem fileSystem)
   at System.Collections.Concurrent.ConcurrentDictionary`2.GetOrAdd[TArg](TKey key, Func`3 valueFactory, TArg factoryArgument)
   at MediaBrowser.Controller.Providers.DirectoryService.GetFileSystemEntries(String path)
   at MediaBrowser.Controller.Entities.BaseItem.GetFileSystemChildren(IDirectoryService directoryService)
   at MediaBrowser.Controller.Entities.Folder.GetNonCachedChildren(IDirectoryService directoryService)
   at MediaBrowser.Controller.Entities.Folder.ValidateChildrenInternal2(IProgress`1 progress, Boolean recursive, Boolean refreshChildMetadata, Boolean allowRemoveRoot, MetadataRefreshOptions refreshOptions, IDirectoryService directoryService, CancellationToken cancellationToken)
[2026-04-28 18:02:25.078 +01:00] [INF] [37] Jellyfin.Server.Implementations.Users.UserManager: Authentication request for "bill" has succeeded.
[2026-04-28 18:02:25.078 +01:00] [INF] [37] Emby.Server.Implementations.Session.SessionManager: Current/Max sessions for user "bill": 1/0
[2026-04-28 18:02:25.078 +01:00] [INF] [37] Emby.Server.Implementations.Session.SessionManager: Logging out access token "483df08172a14712adff92ec1ebfef9b"
[2026-04-28 18:02:25.080 +01:00] [INF] [37] Emby.Server.Implementations.Session.SessionManager: Creating new access token for user dd66cf8d-c616-4ca1-b2c2-6df5ba8890ef
[2026-04-28 18:02:30.113 +01:00] [INF] [37] Jellyfin.Server.Implementations.Users.UserManager: Authentication request for "bill" has succeeded.
[2026-04-28 18:02:30.113 +01:00] [INF] [37] Emby.Server.Implementations.Session.SessionManager: Current/Max sessions for user "bill": 1/0
[2026-04-28 18:02:30.113 +01:00] [INF] [37] Emby.Server.Implementations.Session.SessionManager: Logging out access token "0d5563c06ee44e61a216938d7039c5ab"
[2026-04-28 18:02:30.114 +01:00] [INF] [37] Emby.Server.Implementations.Session.SessionManager: Creating new access token for user dd66cf8d-c616-4ca1-b2c2-6df5ba8890ef
[2026-04-28 18:02:35.109 +01:00] [INF] [29] Jellyfin.Server.Implementations.Users.UserManager: Authentication request for "bill" has succeeded.
[2026-04-28 18:02:35.109 +01:00] [INF] [29] Emby.Server.Implementations.Session.SessionManager: Current/Max sessions for user "bill": 1/0
[2026-04-28 18:02:35.109 +01:00] [INF] [29] Emby.Server.Implementations.Session.SessionManager: Logging out access token "f5d3daa7f29e496bb2cf277d407e1e19"
[2026-04-28 18:02:35.110 +01:00] [INF] [29] Emby.Server.Implementations.Session.SessionManager: Creating new access token for user dd66cf8d-c616-4ca1-b2c2-6df5ba8890ef
[2026-04-28 18:02:40.109 +01:00] [INF] [29] Jellyfin.Server.Implementations.Users.UserManager: Authentication request for "bill" has succeeded.
[2026-04-28 18:02:40.109 +01:00] [INF] [29] Emby.Server.Implementations.Session.SessionManager: Current/Max sessions for user "bill": 1/0
[2026-04-28 18:02:40.109 +01:00] [INF] [29] Emby.Server.Implementations.Session.SessionManager: Logging out access token "85b3f3b5b77648bdb6980ec59807fdd2"
[2026-04-28 18:02:40.111 +01:00] [INF] [29] Emby.Server.Implementations.Session.SessionManager: Creating new access token for user dd66cf8d-c616-4ca1-b2c2-6df5ba8890ef
[2026-04-28 18:02:45.110 +01:00] [INF] [37] Jellyfin.Server.Implementations.Users.UserManager: Authentication request for "bill" has succeeded.
[2026-04-28 18:02:45.110 +01:00] [INF] [37] Emby.Server.Implementations.Session.SessionManager: Current/Max sessions for user "bill": 1/0
[2026-04-28 18:02:45.110 +01:00] [INF] [37] Emby.Server.Implementations.Session.SessionManager: Logging out access token "e3d3d25abde94223853231d418f28d7e"
[2026-04-28 18:02:45.111 +01:00] [INF] [37] Emby.Server.Implementations.Session.SessionManager: Creating new access token for user dd66cf8d-c616-4ca1-b2c2-6df5ba8890ef
[2026-04-28 18:02:50.110 +01:00] [INF] [29] Jellyfin.Server.Implementations.Users.UserManager: Authentication request for "bill" has succeeded.
[2026-04-28 18:02:50.110 +01:00] [INF] [29] Emby.Server.Implementations.Session.SessionManager: Current/Max sessions for user "bill": 1/0
[2026-04-28 18:02:50.110 +01:00] [INF] [29] Emby.Server.Implementations.Session.SessionManager: Logging out access token "a000f487ff40435ba246839d1ca083f3"
[2026-04-28 18:02:50.112 +01:00] [INF] [29] Emby.Server.Implementations.Session.SessionManager: Creating new access token for user dd66cf8d-c616-4ca1-b2c2-6df5ba8890ef
[2026-04-28 18:02:55.110 +01:00] [INF] [29] Jellyfin.Server.Implementations.Users.UserManager: Authentication request for "bill" has succeeded.
[2026-04-28 18:02:55.110 +01:00] [INF] [29] Emby.Server.Implementations.Session.SessionManager: Current/Max sessions for user "bill": 1/0
[2026-04-28 18:02:55.110 +01:00] [INF] [29] Emby.Server.Implementations.Session.SessionManager: Logging out access token "eb8857da21ec4eb5bd3ad296af7b0ca7"
[2026-04-28 18:02:55.112 +01:00] [INF] [29] Emby.Server.Implementations.Session.SessionManager: Creating new access token for user dd66cf8d-c616-4ca1-b2c2-6df5ba8890ef
[2026-04-28 18:02:57.228 +01:00] [INF] [37] Jellyfin.Api.Auth.CustomAuthenticationHandler: "CustomAuthentication" was not authenticated. Failure message: "Invalid token."
[2026-04-28 18:03:00.130 +01:00] [INF] [37] Jellyfin.Server.Implementations.Users.UserManager: Authentication request for "bill" has succeeded.
[2026-04-28 18:03:00.130 +01:00] [INF] [37] Emby.Server.Implementations.Session.SessionManager: Current/Max sessions for user "bill": 1/0
[2026-04-28 18:03:00.130 +01:00] [INF] [37] Emby.Server.Implementations.Session.SessionManager: Logging out access token "7e5080f4993f49db9b6a50a616b6df87"
[2026-04-28 18:03:00.132 +01:00] [INF] [37] Emby.Server.Implementations.Session.SessionManager: Creating new access token for user dd66cf8d-c616-4ca1-b2c2-6df5ba8890ef
[2026-04-28 18:03:05.111 +01:00] [INF] [38] Jellyfin.Server.Implementations.Users.UserManager: Authentication request for "bill" has succeeded.
[2026-04-28 18:03:05.111 +01:00] [INF] [38] Emby.Server.Implementations.Session.SessionManager: Current/Max sessions for user "bill": 1/0
[2026-04-28 18:03:05.111 +01:00] [INF] [38] Emby.Server.Implementations.Session.SessionManager: Logging out access token "2fd0b9d13384442594906a73cad38609"
[2026-04-28 18:03:05.113 +01:00] [INF] [38] Emby.Server.Implementations.Session.SessionManager: Creating new access token for user dd66cf8d-c616-4ca1-b2c2-6df5ba8890ef
[2026-04-28 18:03:10.111 +01:00] [INF] [38] Jellyfin.Server.Implementations.Users.UserManager: Authentication request for "bill" has succeeded.
[2026-04-28 18:03:10.111 +01:00] [INF] [38] Emby.Server.Implementations.Session.SessionManager: Current/Max sessions for user "bill": 1/0
[2026-04-28 18:03:10.111 +01:00] [INF] [38] Emby.Server.Implementations.Session.SessionManager: Logging out access token "f78c34de45584d4cb56e4ce4ed3de261"
[2026-04-28 18:03:10.112 +01:00] [INF] [38] Emby.Server.Implementations.Session.SessionManager: Creating new access token for user dd66cf8d-c616-4ca1-b2c2-6df5ba8890ef
[2026-04-28 18:03:15.115 +01:00] [INF] [38] Jellyfin.Server.Implementations.Users.UserManager: Authentication request for "bill" has succeeded.
[2026-04-28 18:03:15.115 +01:00] [INF] [38] Emby.Server.Implementations.Session.SessionManager: Current/Max sessions for user "bill": 1/0
[2026-04-28 18:03:15.115 +01:00] [INF] [38] Emby.Server.Implementations.Session.SessionManager: Logging out access token "5d9f00baa6bc4e1a9c73764d4ee47416"
[2026-04-28 18:03:15.117 +01:00] [INF] [38] Emby.Server.Implementations.Session.SessionManager: Creating new access token for user dd66cf8d-c616-4ca1-b2c2-6df5ba8890ef
[2026-04-28 18:03:20.112 +01:00] [INF] [37] Jellyfin.Server.Implementations.Users.UserManager: Authentication request for "bill" has succeeded.
[2026-04-28 18:03:20.112 +01:00] [INF] [37] Emby.Server.Implementations.Session.SessionManager: Current/Max sessions for user "bill": 1/0
[2026-04-28 18:03:20.112 +01:00] [INF] [37] Emby.Server.Implementations.Session.SessionManager: Logging out access token "d09e066921a54037993c4ff50604915d"
[2026-04-28 18:03:20.113 +01:00] [INF] [37] Emby.Server.Implementations.Session.SessionManager: Creating new access token for user dd66cf8d-c616-4ca1-b2c2-6df5ba8890ef
[2026-04-28 18:03:25.093 +01:00] [INF] [38] Jellyfin.Server.Implementations.Users.UserManager: Authentication request for "bill" has succeeded.
[2026-04-28 18:03:25.093 +01:00] [INF] [38] Emby.Server.Implementations.Session.SessionManager: Current/Max sessions for user "bill": 1/0
[2026-04-28 18:03:25.093 +01:00] [INF] [38] Emby.Server.Implementations.Session.SessionManager: Logging out access token "170dbbaddb00444f9ab0842e56a14606"
[2026-04-28 18:03:25.095 +01:00] [INF] [38] Emby.Server.Implementations.Session.SessionManager: Creating new access token for user dd66cf8d-c616-4ca1-b2c2-6df5ba8890ef
[2026-04-28 18:03:30.112 +01:00] [INF] [37] Jellyfin.Server.Implementations.Users.UserManager: Authentication request for "bill" has succeeded.
[2026-04-28 18:03:30.113 +01:00] [INF] [37] Emby.Server.Implementations.Session.SessionManager: Current/Max sessions for user "bill": 1/0
[2026-04-28 18:03:30.113 +01:00] [INF] [37] Emby.Server.Implementations.Session.SessionManager: Logging out access token "6f8e859dad82433ab4e0eac6cd38e995"
[2026-04-28 18:03:30.114 +01:00] [INF] [37] Emby.Server.Implementations.Session.SessionManager: Creating new access token for user dd66cf8d-c616-4ca1-b2c2-6df5ba8890ef
[2026-04-28 18:03:35.108 +01:00] [INF] [38] Jellyfin.Server.Implementations.Users.UserManager: Authentication request for "bill" has succeeded.
[2026-04-28 18:03:35.108 +01:00] [INF] [38] Emby.Server.Implementations.Session.SessionManager: Current/Max sessions for user "bill": 1/0
[2026-04-28 18:03:35.108 +01:00] [INF] [38] Emby.Server.Implementations.Session.SessionManager: Logging out access token "8333508d7f5a4418bfda4067651d67b6"
[2026-04-28 18:03:35.110 +01:00] [INF] [38] Emby.Server.Implementations.Session.SessionManager: Creating new access token for user dd66cf8d-c616-4ca1-b2c2-6df5ba8890ef
[2026-04-28 18:03:40.111 +01:00] [INF] [37] Jellyfin.Server.Implementations.Users.UserManager: Authentication request for "bill" has succeeded.
[2026-04-28 18:03:40.111 +01:00] [INF] [37] Emby.Server.Implementations.Session.SessionManager: Current/Max sessions for user "bill": 1/0
[2026-04-28 18:03:40.111 +01:00] [INF] [37] Emby.Server.Implementations.Session.SessionManager: Logging out access token "7ee1249932934af399caaca6a5d96654"
[2026-04-28 18:03:40.113 +01:00] [INF] [37] Emby.Server.Implementations.Session.SessionManager: Creating new access token for user dd66cf8d-c616-4ca1-b2c2-6df5ba8890ef
[2026-04-28 18:03:45.113 +01:00] [INF] [30] Jellyfin.Server.Implementations.Users.UserManager: Authentication request for "bill" has succeeded.
[2026-04-28 18:03:45.113 +01:00] [INF] [30] Emby.Server.Implementations.Session.SessionManager: Current/Max sessions for user "bill": 1/0
[2026-04-28 18:03:45.113 +01:00] [INF] [30] Emby.Server.Implementations.Session.SessionManager: Logging out access token "ad372c606183469dab08d2602ffa5723"
[2026-04-28 18:03:45.114 +01:00] [INF] [30] Emby.Server.Implementations.Session.SessionManager: Creating new access token for user dd66cf8d-c616-4ca1-b2c2-6df5ba8890ef
[2026-04-28 18:03:50.109 +01:00] [INF] [37] Jellyfin.Server.Implementations.Users.UserManager: Authentication request for "bill" has succeeded.
[2026-04-28 18:03:50.109 +01:00] [INF] [37] Emby.Server.Implementations.Session.SessionManager: Current/Max sessions for user "bill": 1/0
[2026-04-28 18:03:50.110 +01:00] [INF] [37] Emby.Server.Implementations.Session.SessionManager: Logging out access token "67002821190549968d1db5eea129ef4c"
[2026-04-28 18:03:50.111 +01:00] [INF] [37] Emby.Server.Implementations.Session.SessionManager: Creating new access token for user dd66cf8d-c616-4ca1-b2c2-6df5ba8890ef
[2026-04-28 18:03:55.114 +01:00] [INF] [30] Jellyfin.Server.Implementations.Users.UserManager: Authentication request for "bill" has succeeded.
[2026-04-28 18:03:55.114 +01:00] [INF] [30] Emby.Server.Implementations.Session.SessionManager: Current/Max sessions for user "bill": 1/0
[2026-04-28 18:03:55.114 +01:00] [INF] [30] Emby.Server.Implementations.Session.SessionManager: Logging out access token "802d049a81ad4ffca6304c85d70bc949"
[2026-04-28 18:03:55.116 +01:00] [INF] [30] Emby.Server.Implementations.Session.SessionManager: Creating new access token for user dd66cf8d-c616-4ca1-b2c2-6df5ba8890ef
[2026-04-28 18:04:00.131 +01:00] [INF] [30] Jellyfin.Server.Implementations.Users.UserManager: Authentication request for "bill" has succeeded.
[2026-04-28 18:04:00.131 +01:00] [INF] [30] Emby.Server.Implementations.Session.SessionManager: Current/Max sessions for user "bill": 1/0
[2026-04-28 18:04:00.131 +01:00] [INF] [30] Emby.Server.Implementations.Session.SessionManager: Logging out access token "c3da0afd6f9442f995862b9a9fa2d3e3"
[2026-04-28 18:04:00.133 +01:00] [INF] [30] Emby.Server.Implementations.Session.SessionManager: Creating new access token for user dd66cf8d-c616-4ca1-b2c2-6df5ba8890ef
[2026-04-28 18:04:05.104 +01:00] [INF] [37] Jellyfin.Server.Implementations.Users.UserManager: Authentication request for "bill" has succeeded.
[2026-04-28 18:04:05.104 +01:00] [INF] [37] Emby.Server.Implementations.Session.SessionManager: Current/Max sessions for user "bill": 1/0
[2026-04-28 18:04:05.104 +01:00] [INF] [37] Emby.Server.Implementations.Session.SessionManager: Logging out access token "486fe9f07bae4bbdbb9082d34e748231"
[2026-04-28 18:04:05.106 +01:00] [INF] [37] Emby.Server.Implementations.Session.SessionManager: Creating new access token for user dd66cf8d-c616-4ca1-b2c2-6df5ba8890ef
[2026-04-28 18:04:09.052 +01:00] [INF] [30] Emby.Server.Implementations.IO.LibraryMonitor: "movies" ("/movies") will be refreshed.
[2026-04-28 18:04:09.056 +01:00] [ERR] [30] MediaBrowser.Controller.Entities.BaseItem: Error refreshing owned items for "/movies"
System.UnauthorizedAccessException: Access to the path '/movies/._Lawrence of Arabia 1962 UHD BluRay 2160p HDR10 DV HEVC TrueHD Atmos 7.1 x265-E' is denied.
 ---> System.IO.IOException: Operation not permitted
   --- End of inner exception stack trace ---
   at System.IO.FileSystemInfo.Create(String fullPath, String fileName, Boolean asDirectory, FileStatus& fileStatus)
   at System.IO.Enumeration.FileSystemEnumerable`1.DelegateEnumerator.TransformEntry(FileSystemEntry& entry)
   at System.IO.Enumeration.FileSystemEnumerator`1.MoveNext()
   at System.Linq.Enumerable.IEnumerableSelectIterator`2.ToArray()
   at MediaBrowser.Controller.Providers.DirectoryService.<>c.<GetFileSystemEntries>b__5_0(String p, IFileSystem fileSystem)
   at System.Collections.Concurrent.ConcurrentDictionary`2.GetOrAdd[TArg](TKey key, Func`3 valueFactory, TArg factoryArgument)
   at MediaBrowser.Controller.Providers.DirectoryService.GetFileSystemEntries(String path)
   at MediaBrowser.Controller.Entities.BaseItem.GetFileSystemChildren(IDirectoryService directoryService)
   at MediaBrowser.Controller.Entities.BaseItem.RefreshMetadata(MetadataRefreshOptions options, CancellationToken cancellationToken)
[2026-04-28 18:04:09.059 +01:00] [ERR] [30] MediaBrowser.Providers.Folders.FolderMetadataService: Error validating images for "/movies"
System.UnauthorizedAccessException: Access to the path '/movies/._Lawrence of Arabia 1962 UHD BluRay 2160p HDR10 DV HEVC TrueHD Atmos 7.1 x265-E' is denied.
 ---> System.IO.IOException: Operation not permitted
   --- End of inner exception stack trace ---
   at System.IO.FileSystemInfo.Create(String fullPath, String fileName, Boolean asDirectory, FileStatus& fileStatus)
   at System.IO.Enumeration.FileSystemEnumerable`1.DelegateEnumerator.TransformEntry(FileSystemEntry& entry)
   at System.IO.Enumeration.FileSystemEnumerator`1.MoveNext()
   at System.Linq.Enumerable.IEnumerableSelectIterator`2.ToArray()
   at MediaBrowser.Controller.Providers.DirectoryService.<>c.<GetFileSystemEntries>b__5_0(String p, IFileSystem fileSystem)
   at System.Collections.Concurrent.ConcurrentDictionary`2.GetOrAdd[TArg](TKey key, Func`3 valueFactory, TArg factoryArgument)
   at MediaBrowser.Controller.Providers.DirectoryService.GetFileSystemEntries(String path)
   at MediaBrowser.LocalMetadata.Images.LocalImageProvider.GetFiles(BaseItem item, Boolean includeDirectories, IDirectoryService directoryService)
   at MediaBrowser.LocalMetadata.Images.LocalImageProvider.GetImages(BaseItem item, IDirectoryService directoryService)
   at MediaBrowser.Providers.Manager.ItemImageProvider.<>c__DisplayClass7_0.<ValidateImages>b__0(ILocalImageProvider i)
   at System.Linq.Enumerable.SelectManySingleSelectorIterator`2.ToList()
   at System.Linq.Enumerable.ToList[TSource](IEnumerable`1 source)
   at MediaBrowser.Providers.Manager.ItemImageProvider.ValidateImages(BaseItem item, IEnumerable`1 providers, ImageRefreshOptions refreshOptions)
   at MediaBrowser.Providers.Manager.MetadataService`2.RefreshMetadata(BaseItem item, MetadataRefreshOptions refreshOptions, CancellationToken cancellationToken)
[2026-04-28 18:04:09.062 +01:00] [ERR] [30] MediaBrowser.Controller.Entities.BaseItem: Error retrieving children
System.UnauthorizedAccessException: Access to the path '/movies/._Lawrence of Arabia 1962 UHD BluRay 2160p HDR10 DV HEVC TrueHD Atmos 7.1 x265-E' is denied.
 ---> System.IO.IOException: Operation not permitted
   --- End of inner exception stack trace ---
   at System.IO.FileSystemInfo.Create(String fullPath, String fileName, Boolean asDirectory, FileStatus& fileStatus)
   at System.IO.Enumeration.FileSystemEnumerable`1.DelegateEnumerator.TransformEntry(FileSystemEntry& entry)
   at System.IO.Enumeration.FileSystemEnumerator`1.MoveNext()
   at System.Linq.Enumerable.IEnumerableSelectIterator`2.ToArray()
   at MediaBrowser.Controller.Providers.DirectoryService.<>c.<GetFileSystemEntries>b__5_0(String p, IFileSystem fileSystem)
   at System.Collections.Concurrent.ConcurrentDictionary`2.GetOrAdd[TArg](TKey key, Func`3 valueFactory, TArg factoryArgument)
   at MediaBrowser.Controller.Providers.DirectoryService.GetFileSystemEntries(String path)
   at MediaBrowser.Controller.Entities.BaseItem.GetFileSystemChildren(IDirectoryService directoryService)
   at MediaBrowser.Controller.Entities.Folder.GetNonCachedChildren(IDirectoryService directoryService)
   at MediaBrowser.Controller.Entities.Folder.ValidateChildrenInternal2(IProgress`1 progress, Boolean recursive, Boolean refreshChildMetadata, Boolean allowRemoveRoot, MetadataRefreshOptions refreshOptions, IDirectoryService directoryService, CancellationToken cancellationToken)
[2026-04-28 18:04:10.095 +01:00] [INF] [37] Jellyfin.Server.Implementations.Users.UserManager: Authentication request for "bill" has succeeded.
[2026-04-28 18:04:10.095 +01:00] [INF] [37] Emby.Server.Implementations.Session.SessionManager: Current/Max sessions for user "bill": 1/0
[2026-04-28 18:04:10.095 +01:00] [INF] [37] Emby.Server.Implementations.Session.SessionManager: Logging out access token "432524f16546489a9cd98ff2db8b86ab"
[2026-04-28 18:04:10.097 +01:00] [INF] [37] Emby.Server.Implementations.Session.SessionManager: Creating new access token for user dd66cf8d-c616-4ca1-b2c2-6df5ba8890ef
[2026-04-28 18:04:15.112 +01:00] [INF] [30] Jellyfin.Server.Implementations.Users.UserManager: Authentication request for "bill" has succeeded.
[2026-04-28 18:04:15.112 +01:00] [INF] [30] Emby.Server.Implementations.Session.SessionManager: Current/Max sessions for user "bill": 1/0
[2026-04-28 18:04:15.112 +01:00] [INF] [30] Emby.Server.Implementations.Session.SessionManager: Logging out access token "5a2874c1f90e4325bfe4b5fd50655501"
[2026-04-28 18:04:15.114 +01:00] [INF] [30] Emby.Server.Implementations.Session.SessionManager: Creating new access token for user dd66cf8d-c616-4ca1-b2c2-6df5ba8890ef
[2026-04-28 18:04:20.111 +01:00] [INF] [30] Jellyfin.Server.Implementations.Users.UserManager: Authentication request for "bill" has succeeded.
[2026-04-28 18:04:20.111 +01:00] [INF] [30] Emby.Server.Implementations.Session.SessionManager: Current/Max sessions for user "bill": 1/0
[2026-04-28 18:04:20.111 +01:00] [INF] [30] Emby.Server.Implementations.Session.SessionManager: Logging out access token "a73ae896109248699778af2cb56f8325"
[2026-04-28 18:04:20.113 +01:00] [INF] [30] Emby.Server.Implementations.Session.SessionManager: Creating new access token for user dd66cf8d-c616-4ca1-b2c2-6df5ba8890ef
[2026-04-28 18:04:25.090 +01:00] [INF] [38] Jellyfin.Server.Implementations.Users.UserManager: Authentication request for "bill" has succeeded.
[2026-04-28 18:04:25.090 +01:00] [INF] [38] Emby.Server.Implementations.Session.SessionManager: Current/Max sessions for user "bill": 1/0
[2026-04-28 18:04:25.090 +01:00] [INF] [38] Emby.Server.Implementations.Session.SessionManager: Logging out access token "61c3593352334b17a5ebb464fb0d906d"
[2026-04-28 18:04:25.092 +01:00] [INF] [38] Emby.Server.Implementations.Session.SessionManager: Creating new access token for user dd66cf8d-c616-4ca1-b2c2-6df5ba8890ef
[2026-04-28 18:04:30.111 +01:00] [INF] [37] Jellyfin.Server.Implementations.Users.UserManager: Authentication request for "bill" has succeeded.
[2026-04-28 18:04:30.111 +01:00] [INF] [37] Emby.Server.Implementations.Session.SessionManager: Current/Max sessions for user "bill": 1/0
[2026-04-28 18:04:30.111 +01:00] [INF] [37] Emby.Server.Implementations.Session.SessionManager: Logging out access token "a29924e84068440f880ff73a0c943aca"
[2026-04-28 18:04:30.113 +01:00] [INF] [37] Emby.Server.Implementations.Session.SessionManager: Creating new access token for user dd66cf8d-c616-4ca1-b2c2-6df5ba8890ef
[2026-04-28 18:04:35.113 +01:00] [INF] [38] Jellyfin.Server.Implementations.Users.UserManager: Authentication request for "bill" has succeeded.
[2026-04-28 18:04:35.113 +01:00] [INF] [38] Emby.Server.Implementations.Session.SessionManager: Current/Max sessions for user "bill": 1/0
[2026-04-28 18:04:35.113 +01:00] [INF] [38] Emby.Server.Implementations.Session.SessionManager: Logging out access token "66a3193b3fd5476d85851ff67bd7771a"
[2026-04-28 18:04:35.115 +01:00] [INF] [38] Emby.Server.Implementations.Session.SessionManager: Creating new access token for user dd66cf8d-c616-4ca1-b2c2-6df5ba8890ef
[2026-04-28 18:04:40.112 +01:00] [INF] [37] Jellyfin.Server.Implementations.Users.UserManager: Authentication request for "bill" has succeeded.
[2026-04-28 18:04:40.112 +01:00] [INF] [37] Emby.Server.Implementations.Session.SessionManager: Current/Max sessions for user "bill": 1/0
[2026-04-28 18:04:40.112 +01:00] [INF] [37] Emby.Server.Implementations.Session.SessionManager: Logging out access token "8fae1ed075b341a88a78dcc0b2d8ae5c"
[2026-04-28 18:04:40.114 +01:00] [INF] [37] Emby.Server.Implementations.Session.SessionManager: Creating new access token for user dd66cf8d-c616-4ca1-b2c2-6df5ba8890ef
[2026-04-28 18:04:45.106 +01:00] [INF] [38] Jellyfin.Server.Implementations.Users.UserManager: Authentication request for "bill" has succeeded.
[2026-04-28 18:04:45.106 +01:00] [INF] [38] Emby.Server.Implementations.Session.SessionManager: Current/Max sessions for user "bill": 1/0
[2026-04-28 18:04:45.106 +01:00] [INF] [38] Emby.Server.Implementations.Session.SessionManager: Logging out access token "760a5786ac754aba87728cb8de4bbe74"
[2026-04-28 18:04:45.108 +01:00] [INF] [38] Emby.Server.Implementations.Session.SessionManager: Creating new access token for user dd66cf8d-c616-4ca1-b2c2-6df5ba8890ef
[2026-04-28 18:04:50.113 +01:00] [INF] [38] Jellyfin.Server.Implementations.Users.UserManager: Authentication request for "bill" has succeeded.
[2026-04-28 18:04:50.113 +01:00] [INF] [38] Emby.Server.Implementations.Session.SessionManager: Current/Max sessions for user "bill": 1/0
[2026-04-28 18:04:50.113 +01:00] [INF] [38] Emby.Server.Implementations.Session.SessionManager: Logging out access token "eeea24ec54d443de871574497d0d8c67"
[2026-04-28 18:04:50.115 +01:00] [INF] [38] Emby.Server.Implementations.Session.SessionManager: Creating new access token for user dd66cf8d-c616-4ca1-b2c2-6df5ba8890ef
[2026-04-28 18:04:55.114 +01:00] [INF] [38] Jellyfin.Server.Implementations.Users.UserManager: Authentication request for "bill" has succeeded.
[2026-04-28 18:04:55.114 +01:00] [INF] [38] Emby.Server.Implementations.Session.SessionManager: Current/Max sessions for user "bill": 1/0
[2026-04-28 18:04:55.114 +01:00] [INF] [38] Emby.Server.Implementations.Session.SessionManager: Logging out access token "0019355866dd48269c15e08a067eaf3d"
[2026-04-28 18:04:55.116 +01:00] [INF] [38] Emby.Server.Implementations.Session.SessionManager: Creating new access token for user dd66cf8d-c616-4ca1-b2c2-6df5ba8890ef
[2026-04-28 18:05:00.148 +01:00] [INF] [37] Jellyfin.Server.Implementations.Users.UserManager: Authentication request for "bill" has succeeded.
[2026-04-28 18:05:00.148 +01:00] [INF] [37] Emby.Server.Implementations.Session.SessionManager: Current/Max sessions for user "bill": 1/0
[2026-04-28 18:05:00.148 +01:00] [INF] [37] Emby.Server.Implementations.Session.SessionManager: Logging out access token "65c527e4efd147acad039a1bfecd80da"
[2026-04-28 18:05:00.150 +01:00] [INF] [37] Emby.Server.Implementations.Session.SessionManager: Creating new access token for user dd66cf8d-c616-4ca1-b2c2-6df5ba8890ef
[2026-04-28 18:05:05.107 +01:00] [INF] [30] Jellyfin.Server.Implementations.Users.UserManager: Authentication request for "bill" has succeeded.
[2026-04-28 18:05:05.107 +01:00] [INF] [30] Emby.Server.Implementations.Session.SessionManager: Current/Max sessions for user "bill": 1/0
[2026-04-28 18:05:05.107 +01:00] [INF] [30] Emby.Server.Implementations.Session.SessionManager: Logging out access token "a0b238a0b10842c2b3a205d4ac4e9357"
[2026-04-28 18:05:05.109 +01:00] [INF] [30] Emby.Server.Implementations.Session.SessionManager: Creating new access token for user dd66cf8d-c616-4ca1-b2c2-6df5ba8890ef
[2026-04-28 18:05:10.118 +01:00] [INF] [19] Jellyfin.Server.Implementations.Users.UserManager: Authentication request for "bill" has succeeded.
[2026-04-28 18:05:10.118 +01:00] [INF] [19] Emby.Server.Implementations.Session.SessionManager: Current/Max sessions for user "bill": 1/0
[2026-04-28 18:05:10.118 +01:00] [INF] [19] Emby.Server.Implementations.Session.SessionManager: Logging out access token "c711845b3c234158b36572b094ed8d59"
[2026-04-28 18:05:10.121 +01:00] [INF] [19] Emby.Server.Implementations.Session.SessionManager: Creating new access token for user dd66cf8d-c616-4ca1-b2c2-6df5ba8890ef
[2026-04-28 18:05:15.112 +01:00] [INF] [37] Jellyfin.Server.Implementations.Users.UserManager: Authentication request for "bill" has succeeded.
[2026-04-28 18:05:15.112 +01:00] [INF] [37] Emby.Server.Implementations.Session.SessionManager: Current/Max sessions for user "bill": 1/0
[2026-04-28 18:05:15.112 +01:00] [INF] [37] Emby.Server.Implementations.Session.SessionManager: Logging out access token "7b6c060ba64a495ea5248f85a69ae55c"
[2026-04-28 18:05:15.114 +01:00] [INF] [37] Emby.Server.Implementations.Session.SessionManager: Creating new access token for user dd66cf8d-c616-4ca1-b2c2-6df5ba8890ef
[2026-04-28 18:05:20.111 +01:00] [INF] [37] Jellyfin.Server.Implementations.Users.UserManager: Authentication request for "bill" has succeeded.
[2026-04-28 18:05:20.111 +01:00] [INF] [37] Emby.Server.Implementations.Session.SessionManager: Current/Max sessions for user "bill": 1/0
[2026-04-28 18:05:20.111 +01:00] [INF] [37] Emby.Server.Implementations.Session.SessionManager: Logging out access token "4f6cfb7e43fc4bf786d5a1a713f5963d"
[2026-04-28 18:05:20.113 +01:00] [INF] [37] Emby.Server.Implementations.Session.SessionManager: Creating new access token for user dd66cf8d-c616-4ca1-b2c2-6df5ba8890ef
[2026-04-28 18:05:25.091 +01:00] [INF] [19] Jellyfin.Server.Implementations.Users.UserManager: Authentication request for "bill" has succeeded.
[2026-04-28 18:05:25.091 +01:00] [INF] [19] Emby.Server.Implementations.Session.SessionManager: Current/Max sessions for user "bill": 1/0
[2026-04-28 18:05:25.091 +01:00] [INF] [19] Emby.Server.Implementations.Session.SessionManager: Logging out access token "e879d89dde854a839f717d80c78d7b6c"
[2026-04-28 18:05:25.093 +01:00] [INF] [19] Emby.Server.Implementations.Session.SessionManager: Creating new access token for user dd66cf8d-c616-4ca1-b2c2-6df5ba8890ef
[2026-04-28 18:05:30.111 +01:00] [INF] [37] Jellyfin.Server.Implementations.Users.UserManager: Authentication request for "bill" has succeeded.
[2026-04-28 18:05:30.111 +01:00] [INF] [37] Emby.Server.Implementations.Session.SessionManager: Current/Max sessions for user "bill": 1/0
[2026-04-28 18:05:30.111 +01:00] [INF] [37] Emby.Server.Implementations.Session.SessionManager: Logging out access token "287b39bef2cd4440b6b113c4abd3e53d"
[2026-04-28 18:05:30.113 +01:00] [INF] [37] Emby.Server.Implementations.Session.SessionManager: Creating new access token for user dd66cf8d-c616-4ca1-b2c2-6df5ba8890ef
[2026-04-28 18:05:35.105 +01:00] [INF] [19] Jellyfin.Server.Implementations.Users.UserManager: Authentication request for "bill" has succeeded.
[2026-04-28 18:05:35.105 +01:00] [INF] [19] Emby.Server.Implementations.Session.SessionManager: Current/Max sessions for user "bill": 1/0
[2026-04-28 18:05:35.105 +01:00] [INF] [19] Emby.Server.Implementations.Session.SessionManager: Logging out access token "74d3dd5dfeb74a3194e512dd398e7d61"
[2026-04-28 18:05:35.107 +01:00] [INF] [19] Emby.Server.Implementations.Session.SessionManager: Creating new access token for user dd66cf8d-c616-4ca1-b2c2-6df5ba8890ef
[2026-04-28 18:05:40.111 +01:00] [INF] [37] Jellyfin.Server.Implementations.Users.UserManager: Authentication request for "bill" has succeeded.
[2026-04-28 18:05:40.111 +01:00] [INF] [37] Emby.Server.Implementations.Session.SessionManager: Current/Max sessions for user "bill": 1/0
[2026-04-28 18:05:40.111 +01:00] [INF] [37] Emby.Server.Implementations.Session.SessionManager: Logging out access token "2249babff07441d49074925b7ed9fe63"
[2026-04-28 18:05:40.112 +01:00] [INF] [37] Emby.Server.Implementations.Session.SessionManager: Creating new access token for user dd66cf8d-c616-4ca1-b2c2-6df5ba8890ef
[2026-04-28 18:05:45.109 +01:00] [INF] [19] Jellyfin.Server.Implementations.Users.UserManager: Authentication request for "bill" has succeeded.
[2026-04-28 18:05:45.109 +01:00] [INF] [19] Emby.Server.Implementations.Session.SessionManager: Current/Max sessions for user "bill": 1/0
[2026-04-28 18:05:45.109 +01:00] [INF] [19] Emby.Server.Implementations.Session.SessionManager: Logging out access token "8f74a1c56228465e9615947eb4aed715"
[2026-04-28 18:05:45.110 +01:00] [INF] [19] Emby.Server.Implementations.Session.SessionManager: Creating new access token for user dd66cf8d-c616-4ca1-b2c2-6df5ba8890ef
[2026-04-28 18:05:50.115 +01:00] [INF] [37] Jellyfin.Server.Implementations.Users.UserManager: Authentication request for "bill" has succeeded.
[2026-04-28 18:05:50.115 +01:00] [INF] [37] Emby.Server.Implementations.Session.SessionManager: Current/Max sessions for user "bill": 1/0
[2026-04-28 18:05:50.115 +01:00] [INF] [37] Emby.Server.Implementations.Session.SessionManager: Logging out access token "33274b73d395448380499373b292856d"
[2026-04-28 18:05:50.116 +01:00] [INF] [37] Emby.Server.Implementations.Session.SessionManager: Creating new access token for user dd66cf8d-c616-4ca1-b2c2-6df5ba8890ef
[2026-04-28 18:05:55.112 +01:00] [INF] [19] Jellyfin.Server.Implementations.Users.UserManager: Authentication request for "bill" has succeeded.
[2026-04-28 18:05:55.112 +01:00] [INF] [19] Emby.Server.Implementations.Session.SessionManager: Current/Max sessions for user "bill": 1/0
[2026-04-28 18:05:55.112 +01:00] [INF] [19] Emby.Server.Implementations.Session.SessionManager: Logging out access token "4327f8642e9843f5b21353014f93d671"
[2026-04-28 18:05:55.113 +01:00] [INF] [19] Emby.Server.Implementations.Session.SessionManager: Creating new access token for user dd66cf8d-c616-4ca1-b2c2-6df5ba8890ef
[2026-04-28 18:06:00.134 +01:00] [INF] [38] Jellyfin.Server.Implementations.Users.UserManager: Authentication request for "bill" has succeeded.
[2026-04-28 18:06:00.134 +01:00] [INF] [38] Emby.Server.Implementations.Session.SessionManager: Current/Max sessions for user "bill": 1/0
[2026-04-28 18:06:00.134 +01:00] [INF] [38] Emby.Server.Implementations.Session.SessionManager: Logging out access token "607c277106b445f3ac5eca1aa570f389"
[2026-04-28 18:06:00.136 +01:00] [INF] [38] Emby.Server.Implementations.Session.SessionManager: Creating new access token for user dd66cf8d-c616-4ca1-b2c2-6df5ba8890ef
[2026-04-28 18:06:05.108 +01:00] [INF] [37] Jellyfin.Server.Implementations.Users.UserManager: Authentication request for "bill" has succeeded.
[2026-04-28 18:06:05.108 +01:00] [INF] [37] Emby.Server.Implementations.Session.SessionManager: Current/Max sessions for user "bill": 1/0
[2026-04-28 18:06:05.108 +01:00] [INF] [37] Emby.Server.Implementations.Session.SessionManager: Logging out access token "1e0af6feee5140faa8beb68fe82fd727"
[2026-04-28 18:06:05.110 +01:00] [INF] [37] Emby.Server.Implementations.Session.SessionManager: Creating new access token for user dd66cf8d-c616-4ca1-b2c2-6df5ba8890ef
[2026-04-28 18:06:07.174 +01:00] [INF] [37] Emby.Server.Implementations.IO.LibraryMonitor: "movies" ("/movies") will be refreshed.
[2026-04-28 18:06:07.185 +01:00] [ERR] [37] MediaBrowser.Controller.Entities.BaseItem: Error refreshing owned items for "/movies"
System.UnauthorizedAccessException: Access to the path '/movies/._Lawrence of Arabia 1962 UHD BluRay 2160p HDR10 DV HEVC TrueHD Atmos 7.1 x265-E' is denied.
 ---> System.IO.IOException: Operation not permitted
   --- End of inner exception stack trace ---
   at System.IO.FileSystemInfo.Create(String fullPath, String fileName, Boolean asDirectory, FileStatus& fileStatus)
   at System.IO.Enumeration.FileSystemEnumerable`1.DelegateEnumerator.TransformEntry(FileSystemEntry& entry)
   at System.IO.Enumeration.FileSystemEnumerator`1.MoveNext()
   at System.Linq.Enumerable.IEnumerableSelectIterator`2.ToArray()
   at MediaBrowser.Controller.Providers.DirectoryService.<>c.<GetFileSystemEntries>b__5_0(String p, IFileSystem fileSystem)
   at System.Collections.Concurrent.ConcurrentDictionary`2.GetOrAdd[TArg](TKey key, Func`3 valueFactory, TArg factoryArgument)
   at MediaBrowser.Controller.Providers.DirectoryService.GetFileSystemEntries(String path)
   at MediaBrowser.Controller.Entities.BaseItem.GetFileSystemChildren(IDirectoryService directoryService)
   at MediaBrowser.Controller.Entities.BaseItem.RefreshMetadata(MetadataRefreshOptions options, CancellationToken cancellationToken)
[2026-04-28 18:06:07.188 +01:00] [ERR] [37] MediaBrowser.Providers.Folders.FolderMetadataService: Error validating images for "/movies"
System.UnauthorizedAccessException: Access to the path '/movies/._Lawrence of Arabia 1962 UHD BluRay 2160p HDR10 DV HEVC TrueHD Atmos 7.1 x265-E' is denied.
 ---> System.IO.IOException: Operation not permitted
   --- End of inner exception stack trace ---
   at System.IO.FileSystemInfo.Create(String fullPath, String fileName, Boolean asDirectory, FileStatus& fileStatus)
   at System.IO.Enumeration.FileSystemEnumerable`1.DelegateEnumerator.TransformEntry(FileSystemEntry& entry)
   at System.IO.Enumeration.FileSystemEnumerator`1.MoveNext()
   at System.Linq.Enumerable.IEnumerableSelectIterator`2.ToArray()
   at MediaBrowser.Controller.Providers.DirectoryService.<>c.<GetFileSystemEntries>b__5_0(String p, IFileSystem fileSystem)
   at System.Collections.Concurrent.ConcurrentDictionary`2.GetOrAdd[TArg](TKey key, Func`3 valueFactory, TArg factoryArgument)
   at MediaBrowser.Controller.Providers.DirectoryService.GetFileSystemEntries(String path)
   at MediaBrowser.LocalMetadata.Images.LocalImageProvider.GetFiles(BaseItem item, Boolean includeDirectories, IDirectoryService directoryService)
   at MediaBrowser.LocalMetadata.Images.LocalImageProvider.GetImages(BaseItem item, IDirectoryService directoryService)
   at MediaBrowser.Providers.Manager.ItemImageProvider.<>c__DisplayClass7_0.<ValidateImages>b__0(ILocalImageProvider i)
   at System.Linq.Enumerable.SelectManySingleSelectorIterator`2.ToList()
   at System.Linq.Enumerable.ToList[TSource](IEnumerable`1 source)
   at MediaBrowser.Providers.Manager.ItemImageProvider.ValidateImages(BaseItem item, IEnumerable`1 providers, ImageRefreshOptions refreshOptions)
   at MediaBrowser.Providers.Manager.MetadataService`2.RefreshMetadata(BaseItem item, MetadataRefreshOptions refreshOptions, CancellationToken cancellationToken)
[2026-04-28 18:06:07.192 +01:00] [ERR] [37] MediaBrowser.Controller.Entities.BaseItem: Error retrieving children
System.UnauthorizedAccessException: Access to the path '/movies/._Lawrence of Arabia 1962 UHD BluRay 2160p HDR10 DV HEVC TrueHD Atmos 7.1 x265-E' is denied.
 ---> System.IO.IOException: Operation not permitted
   --- End of inner exception stack trace ---
   at System.IO.FileSystemInfo.Create(String fullPath, String fileName, Boolean asDirectory, FileStatus& fileStatus)
   at System.IO.Enumeration.FileSystemEnumerable`1.DelegateEnumerator.TransformEntry(FileSystemEntry& entry)
   at System.IO.Enumeration.FileSystemEnumerator`1.MoveNext()
   at System.Linq.Enumerable.IEnumerableSelectIterator`2.ToArray()
   at MediaBrowser.Controller.Providers.DirectoryService.<>c.<GetFileSystemEntries>b__5_0(String p, IFileSystem fileSystem)
   at System.Collections.Concurrent.ConcurrentDictionary`2.GetOrAdd[TArg](TKey key, Func`3 valueFactory, TArg factoryArgument)
   at MediaBrowser.Controller.Providers.DirectoryService.GetFileSystemEntries(String path)
   at MediaBrowser.Controller.Entities.BaseItem.GetFileSystemChildren(IDirectoryService directoryService)
   at MediaBrowser.Controller.Entities.Folder.GetNonCachedChildren(IDirectoryService directoryService)
   at MediaBrowser.Controller.Entities.Folder.ValidateChildrenInternal2(IProgress`1 progress, Boolean recursive, Boolean refreshChildMetadata, Boolean allowRemoveRoot, MetadataRefreshOptions refreshOptions, IDirectoryService directoryService, CancellationToken cancellationToken)
[2026-04-28 18:06:10.110 +01:00] [INF] [19] Jellyfin.Server.Implementations.Users.UserManager: Authentication request for "bill" has succeeded.
[2026-04-28 18:06:10.110 +01:00] [INF] [19] Emby.Server.Implementations.Session.SessionManager: Current/Max sessions for user "bill": 1/0
[2026-04-28 18:06:10.110 +01:00] [INF] [19] Emby.Server.Implementations.Session.SessionManager: Logging out access token "fa6fd47de4a440af9a22e5a79d162fda"
[2026-04-28 18:06:10.111 +01:00] [INF] [19] Emby.Server.Implementations.Session.SessionManager: Creating new access token for user dd66cf8d-c616-4ca1-b2c2-6df5ba8890ef
[2026-04-28 18:06:15.111 +01:00] [INF] [37] Jellyfin.Server.Implementations.Users.UserManager: Authentication request for "bill" has succeeded.
[2026-04-28 18:06:15.111 +01:00] [INF] [37] Emby.Server.Implementations.Session.SessionManager: Current/Max sessions for user "bill": 1/0
[2026-04-28 18:06:15.111 +01:00] [INF] [37] Emby.Server.Implementations.Session.SessionManager: Logging out access token "62b05bf64919407bbe874a489c345aab"
[2026-04-28 18:06:15.113 +01:00] [INF] [37] Emby.Server.Implementations.Session.SessionManager: Creating new access token for user dd66cf8d-c616-4ca1-b2c2-6df5ba8890ef
[2026-04-28 18:06:20.105 +01:00] [INF] [19] Jellyfin.Server.Implementations.Users.UserManager: Authentication request for "bill" has succeeded.
[2026-04-28 18:06:20.105 +01:00] [INF] [19] Emby.Server.Implementations.Session.SessionManager: Current/Max sessions for user "bill": 1/0
[2026-04-28 18:06:20.105 +01:00] [INF] [19] Emby.Server.Implementations.Session.SessionManager: Logging out access token "3b7971270bc34e8899bff511ab98a154"
[2026-04-28 18:06:20.106 +01:00] [INF] [19] Emby.Server.Implementations.Session.SessionManager: Creating new access token for user dd66cf8d-c616-4ca1-b2c2-6df5ba8890ef
[2026-04-28 18:06:25.089 +01:00] [INF] [19] Jellyfin.Server.Implementations.Users.UserManager: Authentication request for "bill" has succeeded.
[2026-04-28 18:06:25.089 +01:00] [INF] [19] Emby.Server.Implementations.Session.SessionManager: Current/Max sessions for user "bill": 1/0
[2026-04-28 18:06:25.089 +01:00] [INF] [19] Emby.Server.Implementations.Session.SessionManager: Logging out access token "c3eed2dac27a4371a2d8c08004d027f1"
[2026-04-28 18:06:25.091 +01:00] [INF] [19] Emby.Server.Implementations.Session.SessionManager: Creating new access token for user dd66cf8d-c616-4ca1-b2c2-6df5ba8890ef
[2026-04-28 18:06:30.108 +01:00] [INF] [19] Jellyfin.Server.Implementations.Users.UserManager: Authentication request for "bill" has succeeded.
[2026-04-28 18:06:30.108 +01:00] [INF] [19] Emby.Server.Implementations.Session.SessionManager: Current/Max sessions for user "bill": 1/0
[2026-04-28 18:06:30.108 +01:00] [INF] [19] Emby.Server.Implementations.Session.SessionManager: Logging out access token "4b985fe25bd845cc9a69f35c50e319b0"
[2026-04-28 18:06:30.109 +01:00] [INF] [19] Emby.Server.Implementations.Session.SessionManager: Creating new access token for user dd66cf8d-c616-4ca1-b2c2-6df5ba8890ef
[2026-04-28 18:06:35.106 +01:00] [INF] [19] Jellyfin.Server.Implementations.Users.UserManager: Authentication request for "bill" has succeeded.
[2026-04-28 18:06:35.106 +01:00] [INF] [19] Emby.Server.Implementations.Session.SessionManager: Current/Max sessions for user "bill": 1/0
[2026-04-28 18:06:35.106 +01:00] [INF] [19] Emby.Server.Implementations.Session.SessionManager: Logging out access token "62f4a5cf81244f8bbc20a402375c6f3f"
[2026-04-28 18:06:35.108 +01:00] [INF] [19] Emby.Server.Implementations.Session.SessionManager: Creating new access token for user dd66cf8d-c616-4ca1-b2c2-6df5ba8890ef
[2026-04-28 18:06:40.109 +01:00] [INF] [19] Jellyfin.Server.Implementations.Users.UserManager: Authentication request for "bill" has succeeded.
[2026-04-28 18:06:40.109 +01:00] [INF] [19] Emby.Server.Implementations.Session.SessionManager: Current/Max sessions for user "bill": 1/0
[2026-04-28 18:06:40.109 +01:00] [INF] [19] Emby.Server.Implementations.Session.SessionManager: Logging out access token "1cdeb32996b24615a39e7550bb2c002b"
[2026-04-28 18:06:40.111 +01:00] [INF] [19] Emby.Server.Implementations.Session.SessionManager: Creating new access token for user dd66cf8d-c616-4ca1-b2c2-6df5ba8890ef
[2026-04-28 18:06:45.109 +01:00] [INF] [19] Jellyfin.Server.Implementations.Users.UserManager: Authentication request for "bill" has succeeded.
[2026-04-28 18:06:45.109 +01:00] [INF] [19] Emby.Server.Implementations.Session.SessionManager: Current/Max sessions for user "bill": 1/0
[2026-04-28 18:06:45.109 +01:00] [INF] [19] Emby.Server.Implementations.Session.SessionManager: Logging out access token "d38a61fce7f3430c99ef1029dd3320fc"
[2026-04-28 18:06:45.111 +01:00] [INF] [19] Emby.Server.Implementations.Session.SessionManager: Creating new access token for user dd66cf8d-c616-4ca1-b2c2-6df5ba8890ef
[2026-04-28 18:06:50.109 +01:00] [INF] [37] Jellyfin.Server.Implementations.Users.UserManager: Authentication request for "bill" has succeeded.
[2026-04-28 18:06:50.109 +01:00] [INF] [37] Emby.Server.Implementations.Session.SessionManager: Current/Max sessions for user "bill": 1/0
[2026-04-28 18:06:50.109 +01:00] [INF] [37] Emby.Server.Implementations.Session.SessionManager: Logging out access token "f78a18b24d4d43aba1c1fbba43b7741a"
[2026-04-28 18:06:50.111 +01:00] [INF] [37] Emby.Server.Implementations.Session.SessionManager: Creating new access token for user dd66cf8d-c616-4ca1-b2c2-6df5ba8890ef
[2026-04-28 18:06:55.110 +01:00] [INF] [19] Jellyfin.Server.Implementations.Users.UserManager: Authentication request for "bill" has succeeded.
[2026-04-28 18:06:55.110 +01:00] [INF] [19] Emby.Server.Implementations.Session.SessionManager: Current/Max sessions for user "bill": 1/0
[2026-04-28 18:06:55.110 +01:00] [INF] [19] Emby.Server.Implementations.Session.SessionManager: Logging out access token "b53c62bc323044508c9479246c790412"
[2026-04-28 18:06:55.112 +01:00] [INF] [19] Emby.Server.Implementations.Session.SessionManager: Creating new access token for user dd66cf8d-c616-4ca1-b2c2-6df5ba8890ef
[2026-04-28 18:07:00.129 +01:00] [INF] [19] Jellyfin.Server.Implementations.Users.UserManager: Authentication request for "bill" has succeeded.
[2026-04-28 18:07:00.129 +01:00] [INF] [19] Emby.Server.Implementations.Session.SessionManager: Current/Max sessions for user "bill": 1/0
[2026-04-28 18:07:00.129 +01:00] [INF] [19] Emby.Server.Implementations.Session.SessionManager: Logging out access token "61030c7a7b4f411eb245dab2073be441"
[2026-04-28 18:07:00.130 +01:00] [INF] [19] Emby.Server.Implementations.Session.SessionManager: Creating new access token for user dd66cf8d-c616-4ca1-b2c2-6df5ba8890ef
[2026-04-28 18:07:05.107 +01:00] [INF] [38] Jellyfin.Server.Implementations.Users.UserManager: Authentication request for "bill" has succeeded.
[2026-04-28 18:07:05.107 +01:00] [INF] [38] Emby.Server.Implementations.Session.SessionManager: Current/Max sessions for user "bill": 1/0
[2026-04-28 18:07:05.107 +01:00] [INF] [38] Emby.Server.Implementations.Session.SessionManager: Logging out access token "d75c36a8b5f045c99f39d9689fef7673"
[2026-04-28 18:07:05.109 +01:00] [INF] [38] Emby.Server.Implementations.Session.SessionManager: Creating new access token for user dd66cf8d-c616-4ca1-b2c2-6df5ba8890ef
[2026-04-28 18:07:10.110 +01:00] [INF] [19] Jellyfin.Server.Implementations.Users.UserManager: Authentication request for "bill" has succeeded.
[2026-04-28 18:07:10.110 +01:00] [INF] [19] Emby.Server.Implementations.Session.SessionManager: Current/Max sessions for user "bill": 1/0
[2026-04-28 18:07:10.110 +01:00] [INF] [19] Emby.Server.Implementations.Session.SessionManager: Logging out access token "98ee37e0944e411b90dff6f91be43f9b"
[2026-04-28 18:07:10.112 +01:00] [INF] [19] Emby.Server.Implementations.Session.SessionManager: Creating new access token for user dd66cf8d-c616-4ca1-b2c2-6df5ba8890ef
[2026-04-28 18:07:15.091 +01:00] [INF] [19] Jellyfin.Server.Implementations.Users.UserManager: Authentication request for "bill" has succeeded.
[2026-04-28 18:07:15.091 +01:00] [INF] [19] Emby.Server.Implementations.Session.SessionManager: Current/Max sessions for user "bill": 1/0
[2026-04-28 18:07:15.091 +01:00] [INF] [19] Emby.Server.Implementations.Session.SessionManager: Logging out access token "ef257322745c45dabbefa4f660b997da"
[2026-04-28 18:07:15.093 +01:00] [INF] [19] Emby.Server.Implementations.Session.SessionManager: Creating new access token for user dd66cf8d-c616-4ca1-b2c2-6df5ba8890ef
[2026-04-28 18:07:20.115 +01:00] [INF] [19] Jellyfin.Server.Implementations.Users.UserManager: Authentication request for "bill" has succeeded.
[2026-04-28 18:07:20.115 +01:00] [INF] [19] Emby.Server.Implementations.Session.SessionManager: Current/Max sessions for user "bill": 1/0
[2026-04-28 18:07:20.115 +01:00] [INF] [19] Emby.Server.Implementations.Session.SessionManager: Logging out access token "710a472fcb0b47b79a1adf2af2e2c31a"
[2026-04-28 18:07:20.116 +01:00] [INF] [19] Emby.Server.Implementations.Session.SessionManager: Creating new access token for user dd66cf8d-c616-4ca1-b2c2-6df5ba8890ef
[2026-04-28 18:07:25.088 +01:00] [INF] [38] Jellyfin.Server.Implementations.Users.UserManager: Authentication request for "bill" has succeeded.
[2026-04-28 18:07:25.088 +01:00] [INF] [38] Emby.Server.Implementations.Session.SessionManager: Current/Max sessions for user "bill": 1/0
[2026-04-28 18:07:25.088 +01:00] [INF] [38] Emby.Server.Implementations.Session.SessionManager: Logging out access token "15a918b9356a49e69095fc45a3b4a522"
[2026-04-28 18:07:25.090 +01:00] [INF] [38] Emby.Server.Implementations.Session.SessionManager: Creating new access token for user dd66cf8d-c616-4ca1-b2c2-6df5ba8890ef
[2026-04-28 18:07:30.112 +01:00] [INF] [38] Jellyfin.Server.Implementations.Users.UserManager: Authentication request for "bill" has succeeded.
[2026-04-28 18:07:30.112 +01:00] [INF] [38] Emby.Server.Implementations.Session.SessionManager: Current/Max sessions for user "bill": 1/0
[2026-04-28 18:07:30.112 +01:00] [INF] [38] Emby.Server.Implementations.Session.SessionManager: Logging out access token "78d5958098b747fea3206fab37ab5c90"
[2026-04-28 18:07:30.114 +01:00] [INF] [38] Emby.Server.Implementations.Session.SessionManager: Creating new access token for user dd66cf8d-c616-4ca1-b2c2-6df5ba8890ef
[2026-04-28 18:07:35.110 +01:00] [INF] [38] Jellyfin.Server.Implementations.Users.UserManager: Authentication request for "bill" has succeeded.
[2026-04-28 18:07:35.110 +01:00] [INF] [38] Emby.Server.Implementations.Session.SessionManager: Current/Max sessions for user "bill": 1/0
[2026-04-28 18:07:35.110 +01:00] [INF] [38] Emby.Server.Implementations.Session.SessionManager: Logging out access token "87845f8f1ce140aea63003fb2781437d"
[2026-04-28 18:07:35.111 +01:00] [INF] [38] Emby.Server.Implementations.Session.SessionManager: Creating new access token for user dd66cf8d-c616-4ca1-b2c2-6df5ba8890ef
[2026-04-28 18:07:40.113 +01:00] [INF] [38] Jellyfin.Server.Implementations.Users.UserManager: Authentication request for "bill" has succeeded.
[2026-04-28 18:07:40.113 +01:00] [INF] [38] Emby.Server.Implementations.Session.SessionManager: Current/Max sessions for user "bill": 1/0
[2026-04-28 18:07:40.113 +01:00] [INF] [38] Emby.Server.Implementations.Session.SessionManager: Logging out access token "b2156db9fad049019cd0107280ec2aac"
[2026-04-28 18:07:40.115 +01:00] [INF] [38] Emby.Server.Implementations.Session.SessionManager: Creating new access token for user dd66cf8d-c616-4ca1-b2c2-6df5ba8890ef
[2026-04-28 18:07:45.107 +01:00] [INF] [38] Jellyfin.Server.Implementations.Users.UserManager: Authentication request for "bill" has succeeded.
[2026-04-28 18:07:45.107 +01:00] [INF] [38] Emby.Server.Implementations.Session.SessionManager: Current/Max sessions for user "bill": 1/0
[2026-04-28 18:07:45.107 +01:00] [INF] [38] Emby.Server.Implementations.Session.SessionManager: Logging out access token "b6ec32d794444d369d8ff31618302743"
[2026-04-28 18:07:45.109 +01:00] [INF] [38] Emby.Server.Implementations.Session.SessionManager: Creating new access token for user dd66cf8d-c616-4ca1-b2c2-6df5ba8890ef
[2026-04-28 18:07:50.107 +01:00] [INF] [19] Jellyfin.Server.Implementations.Users.UserManager: Authentication request for "bill" has succeeded.
[2026-04-28 18:07:50.107 +01:00] [INF] [19] Emby.Server.Implementations.Session.SessionManager: Current/Max sessions for user "bill": 1/0
[2026-04-28 18:07:50.107 +01:00] [INF] [19] Emby.Server.Implementations.Session.SessionManager: Logging out access token "aa76bc9eb1cb4891b899d5183469736e"
[2026-04-28 18:07:50.108 +01:00] [INF] [19] Emby.Server.Implementations.Session.SessionManager: Creating new access token for user dd66cf8d-c616-4ca1-b2c2-6df5ba8890ef
[2026-04-28 18:07:55.111 +01:00] [INF] [19] Jellyfin.Server.Implementations.Users.UserManager: Authentication request for "bill" has succeeded.
[2026-04-28 18:07:55.111 +01:00] [INF] [19] Emby.Server.Implementations.Session.SessionManager: Current/Max sessions for user "bill": 1/0
[2026-04-28 18:07:55.111 +01:00] [INF] [19] Emby.Server.Implementations.Session.SessionManager: Logging out access token "404f0eb7baa54b8b9d062fdc508c1347"
[2026-04-28 18:07:55.113 +01:00] [INF] [19] Emby.Server.Implementations.Session.SessionManager: Creating new access token for user dd66cf8d-c616-4ca1-b2c2-6df5ba8890ef
[2026-04-28 18:08:00.127 +01:00] [INF] [38] Jellyfin.Server.Implementations.Users.UserManager: Authentication request for "bill" has succeeded.
[2026-04-28 18:08:00.127 +01:00] [INF] [38] Emby.Server.Implementations.Session.SessionManager: Current/Max sessions for user "bill": 1/0
[2026-04-28 18:08:00.127 +01:00] [INF] [38] Emby.Server.Implementations.Session.SessionManager: Logging out access token "a6346616d9a84a45917ec5d460f6098f"
[2026-04-28 18:08:00.129 +01:00] [INF] [38] Emby.Server.Implementations.Session.SessionManager: Creating new access token for user dd66cf8d-c616-4ca1-b2c2-6df5ba8890ef
[2026-04-28 18:08:05.115 +01:00] [INF] [38] Jellyfin.Server.Implementations.Users.UserManager: Authentication request for "bill" has succeeded.
[2026-04-28 18:08:05.115 +01:00] [INF] [38] Emby.Server.Implementations.Session.SessionManager: Current/Max sessions for user "bill": 1/0
[2026-04-28 18:08:05.115 +01:00] [INF] [38] Emby.Server.Implementations.Session.SessionManager: Logging out access token "10ae935a715e46ba9f8af3168f512495"
[2026-04-28 18:08:05.117 +01:00] [INF] [38] Emby.Server.Implementations.Session.SessionManager: Creating new access token for user dd66cf8d-c616-4ca1-b2c2-6df5ba8890ef
[2026-04-28 18:08:10.114 +01:00] [INF] [38] Jellyfin.Server.Implementations.Users.UserManager: Authentication request for "bill" has succeeded.
[2026-04-28 18:08:10.114 +01:00] [INF] [38] Emby.Server.Implementations.Session.SessionManager: Current/Max sessions for user "bill": 1/0
[2026-04-28 18:08:10.114 +01:00] [INF] [38] Emby.Server.Implementations.Session.SessionManager: Logging out access token "8cc176de3b814ec0b61c7f414cc37ae3"
[2026-04-28 18:08:10.116 +01:00] [INF] [38] Emby.Server.Implementations.Session.SessionManager: Creating new access token for user dd66cf8d-c616-4ca1-b2c2-6df5ba8890ef
[2026-04-28 18:08:14.641 +01:00] [INF] [38] Jellyfin.Api.Auth.CustomAuthenticationHandler: "CustomAuthentication" was not authenticated. Failure message: "Invalid token."
[2026-04-28 18:08:15.113 +01:00] [INF] [38] Jellyfin.Server.Implementations.Users.UserManager: Authentication request for "bill" has succeeded.
[2026-04-28 18:08:15.113 +01:00] [INF] [38] Emby.Server.Implementations.Session.SessionManager: Current/Max sessions for user "bill": 1/0
[2026-04-28 18:08:15.113 +01:00] [INF] [38] Emby.Server.Implementations.Session.SessionManager: Logging out access token "b73561b575fd4a84a067181bc61dbb7f"
[2026-04-28 18:08:15.114 +01:00] [INF] [38] Emby.Server.Implementations.Session.SessionManager: Creating new access token for user dd66cf8d-c616-4ca1-b2c2-6df5ba8890ef
[2026-04-28 18:08:20.106 +01:00] [INF] [19] Jellyfin.Server.Implementations.Users.UserManager: Authentication request for "bill" has succeeded.
[2026-04-28 18:08:20.106 +01:00] [INF] [19] Emby.Server.Implementations.Session.SessionManager: Current/Max sessions for user "bill": 1/0
[2026-04-28 18:08:20.106 +01:00] [INF] [19] Emby.Server.Implementations.Session.SessionManager: Logging out access token "61b007a605c44bfca5548693460da51a"
[2026-04-28 18:08:20.107 +01:00] [INF] [19] Emby.Server.Implementations.Session.SessionManager: Creating new access token for user dd66cf8d-c616-4ca1-b2c2-6df5ba8890ef
[2026-04-28 18:08:25.092 +01:00] [INF] [37] Jellyfin.Server.Implementations.Users.UserManager: Authentication request for "bill" has succeeded.
[2026-04-28 18:08:25.092 +01:00] [INF] [37] Emby.Server.Implementations.Session.SessionManager: Current/Max sessions for user "bill": 1/0
[2026-04-28 18:08:25.092 +01:00] [INF] [37] Emby.Server.Implementations.Session.SessionManager: Logging out access token "fc335c5c057b4b99bc8c96d02eb20a39"
[2026-04-28 18:08:25.094 +01:00] [INF] [37] Emby.Server.Implementations.Session.SessionManager: Creating new access token for user dd66cf8d-c616-4ca1-b2c2-6df5ba8890ef
[2026-04-28 18:08:30.108 +01:00] [INF] [19] Jellyfin.Server.Implementations.Users.UserManager: Authentication request for "bill" has succeeded.
[2026-04-28 18:08:30.108 +01:00] [INF] [19] Emby.Server.Implementations.Session.SessionManager: Current/Max sessions for user "bill": 1/0
[2026-04-28 18:08:30.108 +01:00] [INF] [19] Emby.Server.Implementations.Session.SessionManager: Logging out access token "cd313c3105a94657bd20325a6201fb82"
[2026-04-28 18:08:30.109 +01:00] [INF] [19] Emby.Server.Implementations.Session.SessionManager: Creating new access token for user dd66cf8d-c616-4ca1-b2c2-6df5ba8890ef
[2026-04-28 18:08:35.106 +01:00] [INF] [37] Jellyfin.Server.Implementations.Users.UserManager: Authentication request for "bill" has succeeded.
[2026-04-28 18:08:35.106 +01:00] [INF] [37] Emby.Server.Implementations.Session.SessionManager: Current/Max sessions for user "bill": 1/0
[2026-04-28 18:08:35.106 +01:00] [INF] [37] Emby.Server.Implementations.Session.SessionManager: Logging out access token "cff2fd50c5804475a14b3a205c2ee62c"
[2026-04-28 18:08:35.108 +01:00] [INF] [37] Emby.Server.Implementations.Session.SessionManager: Creating new access token for user dd66cf8d-c616-4ca1-b2c2-6df5ba8890ef
[2026-04-28 18:08:40.113 +01:00] [INF] [37] Jellyfin.Server.Implementations.Users.UserManager: Authentication request for "bill" has succeeded.
[2026-04-28 18:08:40.113 +01:00] [INF] [37] Emby.Server.Implementations.Session.SessionManager: Current/Max sessions for user "bill": 1/0
[2026-04-28 18:08:40.113 +01:00] [INF] [37] Emby.Server.Implementations.Session.SessionManager: Logging out access token "7c9cb59c7a484048b0d68e7ef51c746f"
[2026-04-28 18:08:40.115 +01:00] [INF] [37] Emby.Server.Implementations.Session.SessionManager: Creating new access token for user dd66cf8d-c616-4ca1-b2c2-6df5ba8890ef
[2026-04-28 18:08:45.110 +01:00] [INF] [19] Jellyfin.Server.Implementations.Users.UserManager: Authentication request for "bill" has succeeded.
[2026-04-28 18:08:45.111 +01:00] [INF] [19] Emby.Server.Implementations.Session.SessionManager: Current/Max sessions for user "bill": 1/0
[2026-04-28 18:08:45.111 +01:00] [INF] [19] Emby.Server.Implementations.Session.SessionManager: Logging out access token "68460e34721447d7821e9ee17ef80acd"
[2026-04-28 18:08:45.112 +01:00] [INF] [19] Emby.Server.Implementations.Session.SessionManager: Creating new access token for user dd66cf8d-c616-4ca1-b2c2-6df5ba8890ef
[2026-04-28 18:08:50.111 +01:00] [INF] [19] Jellyfin.Server.Implementations.Users.UserManager: Authentication request for "bill" has succeeded.
[2026-04-28 18:08:50.111 +01:00] [INF] [19] Emby.Server.Implementations.Session.SessionManager: Current/Max sessions for user "bill": 1/0
[2026-04-28 18:08:50.111 +01:00] [INF] [19] Emby.Server.Implementations.Session.SessionManager: Logging out access token "63d61d3e52ba4a9cb1137e5781008729"
[2026-04-28 18:08:50.113 +01:00] [INF] [19] Emby.Server.Implementations.Session.SessionManager: Creating new access token for user dd66cf8d-c616-4ca1-b2c2-6df5ba8890ef
[2026-04-28 18:08:55.116 +01:00] [INF] [37] Jellyfin.Server.Implementations.Users.UserManager: Authentication request for "bill" has succeeded.
[2026-04-28 18:08:55.116 +01:00] [INF] [37] Emby.Server.Implementations.Session.SessionManager: Current/Max sessions for user "bill": 1/0
[2026-04-28 18:08:55.116 +01:00] [INF] [37] Emby.Server.Implementations.Session.SessionManager: Logging out access token "cfa34ee70b264515ba87f6bf2bbe5da3"
[2026-04-28 18:08:55.118 +01:00] [INF] [37] Emby.Server.Implementations.Session.SessionManager: Creating new access token for user dd66cf8d-c616-4ca1-b2c2-6df5ba8890ef
[2026-04-28 18:09:00.134 +01:00] [INF] [37] Jellyfin.Server.Implementations.Users.UserManager: Authentication request for "bill" has succeeded.
[2026-04-28 18:09:00.134 +01:00] [INF] [37] Emby.Server.Implementations.Session.SessionManager: Current/Max sessions for user "bill": 1/0
[2026-04-28 18:09:00.134 +01:00] [INF] [37] Emby.Server.Implementations.Session.SessionManager: Logging out access token "67e2164e600f49469a4df183a80ddcfa"
[2026-04-28 18:09:00.136 +01:00] [INF] [37] Emby.Server.Implementations.Session.SessionManager: Creating new access token for user dd66cf8d-c616-4ca1-b2c2-6df5ba8890ef
[2026-04-28 18:09:05.109 +01:00] [INF] [37] Jellyfin.Server.Implementations.Users.UserManager: Authentication request for "bill" has succeeded.
[2026-04-28 18:09:05.109 +01:00] [INF] [37] Emby.Server.Implementations.Session.SessionManager: Current/Max sessions for user "bill": 1/0
[2026-04-28 18:09:05.109 +01:00] [INF] [37] Emby.Server.Implementations.Session.SessionManager: Logging out access token "78276d8ff2ce48bc997cafbd690a2b50"
[2026-04-28 18:09:05.111 +01:00] [INF] [37] Emby.Server.Implementations.Session.SessionManager: Creating new access token for user dd66cf8d-c616-4ca1-b2c2-6df5ba8890ef
[2026-04-28 18:09:10.110 +01:00] [INF] [37] Jellyfin.Server.Implementations.Users.UserManager: Authentication request for "bill" has succeeded.
[2026-04-28 18:09:10.110 +01:00] [INF] [37] Emby.Server.Implementations.Session.SessionManager: Current/Max sessions for user "bill": 1/0
[2026-04-28 18:09:10.110 +01:00] [INF] [37] Emby.Server.Implementations.Session.SessionManager: Logging out access token "2c7d3f67f5104a3eb1f892e9589890a1"
[2026-04-28 18:09:10.111 +01:00] [INF] [37] Emby.Server.Implementations.Session.SessionManager: Creating new access token for user dd66cf8d-c616-4ca1-b2c2-6df5ba8890ef
[2026-04-28 18:09:15.100 +01:00] [INF] [37] Jellyfin.Server.Implementations.Users.UserManager: Authentication request for "bill" has succeeded.
[2026-04-28 18:09:15.100 +01:00] [INF] [37] Emby.Server.Implementations.Session.SessionManager: Current/Max sessions for user "bill": 1/0
[2026-04-28 18:09:15.100 +01:00] [INF] [37] Emby.Server.Implementations.Session.SessionManager: Logging out access token "f6908f46d0504370b627a5575850502f"
[2026-04-28 18:09:15.102 +01:00] [INF] [37] Emby.Server.Implementations.Session.SessionManager: Creating new access token for user dd66cf8d-c616-4ca1-b2c2-6df5ba8890ef
[2026-04-28 18:09:20.103 +01:00] [INF] [19] Jellyfin.Server.Implementations.Users.UserManager: Authentication request for "bill" has succeeded.
[2026-04-28 18:09:20.103 +01:00] [INF] [19] Emby.Server.Implementations.Session.SessionManager: Current/Max sessions for user "bill": 1/0
[2026-04-28 18:09:20.103 +01:00] [INF] [19] Emby.Server.Implementations.Session.SessionManager: Logging out access token "152d27afb7824e1c80b527948bbd7cb2"
[2026-04-28 18:09:20.104 +01:00] [INF] [19] Emby.Server.Implementations.Session.SessionManager: Creating new access token for user dd66cf8d-c616-4ca1-b2c2-6df5ba8890ef
[2026-04-28 18:09:25.095 +01:00] [INF] [37] Jellyfin.Server.Implementations.Users.UserManager: Authentication request for "bill" has succeeded.
[2026-04-28 18:09:25.095 +01:00] [INF] [37] Emby.Server.Implementations.Session.SessionManager: Current/Max sessions for user "bill": 1/0
[2026-04-28 18:09:25.095 +01:00] [INF] [37] Emby.Server.Implementations.Session.SessionManager: Logging out access token "280a8cd4535e48f88719173952b97637"
[2026-04-28 18:09:25.097 +01:00] [INF] [37] Emby.Server.Implementations.Session.SessionManager: Creating new access token for user dd66cf8d-c616-4ca1-b2c2-6df5ba8890ef
[2026-04-28 18:09:30.114 +01:00] [INF] [38] Jellyfin.Server.Implementations.Users.UserManager: Authentication request for "bill" has succeeded.
[2026-04-28 18:09:30.114 +01:00] [INF] [38] Emby.Server.Implementations.Session.SessionManager: Current/Max sessions for user "bill": 1/0
[2026-04-28 18:09:30.114 +01:00] [INF] [38] Emby.Server.Implementations.Session.SessionManager: Logging out access token "24ca0fb63e054210930fee90294329ff"
[2026-04-28 18:09:30.116 +01:00] [INF] [38] Emby.Server.Implementations.Session.SessionManager: Creating new access token for user dd66cf8d-c616-4ca1-b2c2-6df5ba8890ef
[2026-04-28 18:09:35.107 +01:00] [INF] [38] Jellyfin.Server.Implementations.Users.UserManager: Authentication request for "bill" has succeeded.
[2026-04-28 18:09:35.107 +01:00] [INF] [38] Emby.Server.Implementations.Session.SessionManager: Current/Max sessions for user "bill": 1/0
[2026-04-28 18:09:35.107 +01:00] [INF] [38] Emby.Server.Implementations.Session.SessionManager: Logging out access token "30644e26875d48aeb7d3a6d5d0736b19"
[2026-04-28 18:09:35.109 +01:00] [INF] [38] Emby.Server.Implementations.Session.SessionManager: Creating new access token for user dd66cf8d-c616-4ca1-b2c2-6df5ba8890ef
[2026-04-28 18:09:40.109 +01:00] [INF] [19] Jellyfin.Server.Implementations.Users.UserManager: Authentication request for "bill" has succeeded.
[2026-04-28 18:09:40.109 +01:00] [INF] [19] Emby.Server.Implementations.Session.SessionManager: Current/Max sessions for user "bill": 1/0
[2026-04-28 18:09:40.109 +01:00] [INF] [19] Emby.Server.Implementations.Session.SessionManager: Logging out access token "3fc706cd4721462fac8674c5210b4abe"
[2026-04-28 18:09:40.111 +01:00] [INF] [19] Emby.Server.Implementations.Session.SessionManager: Creating new access token for user dd66cf8d-c616-4ca1-b2c2-6df5ba8890ef
[2026-04-28 18:09:45.111 +01:00] [INF] [38] Jellyfin.Server.Implementations.Users.UserManager: Authentication request for "bill" has succeeded.
[2026-04-28 18:09:45.111 +01:00] [INF] [38] Emby.Server.Implementations.Session.SessionManager: Current/Max sessions for user "bill": 1/0
[2026-04-28 18:09:45.111 +01:00] [INF] [38] Emby.Server.Implementations.Session.SessionManager: Logging out access token "e5737b4a64be437aa911927a4f35103b"
[2026-04-28 18:09:45.113 +01:00] [INF] [38] Emby.Server.Implementations.Session.SessionManager: Creating new access token for user dd66cf8d-c616-4ca1-b2c2-6df5ba8890ef
[2026-04-28 18:09:50.111 +01:00] [INF] [19] Jellyfin.Server.Implementations.Users.UserManager: Authentication request for "bill" has succeeded.
[2026-04-28 18:09:50.111 +01:00] [INF] [19] Emby.Server.Implementations.Session.SessionManager: Current/Max sessions for user "bill": 1/0
[2026-04-28 18:09:50.111 +01:00] [INF] [19] Emby.Server.Implementations.Session.SessionManager: Logging out access token "6d4c5cc2b2684f769ec434a91b0511b7"
[2026-04-28 18:09:50.113 +01:00] [INF] [19] Emby.Server.Implementations.Session.SessionManager: Creating new access token for user dd66cf8d-c616-4ca1-b2c2-6df5ba8890ef
[2026-04-28 18:09:55.110 +01:00] [INF] [19] Jellyfin.Server.Implementations.Users.UserManager: Authentication request for "bill" has succeeded.
[2026-04-28 18:09:55.110 +01:00] [INF] [19] Emby.Server.Implementations.Session.SessionManager: Current/Max sessions for user "bill": 1/0
[2026-04-28 18:09:55.110 +01:00] [INF] [19] Emby.Server.Implementations.Session.SessionManager: Logging out access token "3d5c7ce0699a4153b1125df85d681c03"
[2026-04-28 18:09:55.111 +01:00] [INF] [19] Emby.Server.Implementations.Session.SessionManager: Creating new access token for user dd66cf8d-c616-4ca1-b2c2-6df5ba8890ef
[2026-04-28 18:10:00.153 +01:00] [INF] [19] Jellyfin.Server.Implementations.Users.UserManager: Authentication request for "bill" has succeeded.
[2026-04-28 18:10:00.153 +01:00] [INF] [19] Emby.Server.Implementations.Session.SessionManager: Current/Max sessions for user "bill": 1/0
[2026-04-28 18:10:00.153 +01:00] [INF] [19] Emby.Server.Implementations.Session.SessionManager: Logging out access token "5152fe804fe740288abbfb647f93e332"
[2026-04-28 18:10:00.155 +01:00] [INF] [19] Emby.Server.Implementations.Session.SessionManager: Creating new access token for user dd66cf8d-c616-4ca1-b2c2-6df5ba8890ef
[2026-04-28 18:10:05.101 +01:00] [INF] [38] Jellyfin.Server.Implementations.Users.UserManager: Authentication request for "bill" has succeeded.
[2026-04-28 18:10:05.101 +01:00] [INF] [38] Emby.Server.Implementations.Session.SessionManager: Current/Max sessions for user "bill": 1/0
[2026-04-28 18:10:05.101 +01:00] [INF] [38] Emby.Server.Implementations.Session.SessionManager: Logging out access token "a6cc31d084be431d8ff4b27b5247c602"
[2026-04-28 18:10:05.103 +01:00] [INF] [38] Emby.Server.Implementations.Session.SessionManager: Creating new access token for user dd66cf8d-c616-4ca1-b2c2-6df5ba8890ef
[2026-04-28 18:10:10.111 +01:00] [INF] [19] Jellyfin.Server.Implementations.Users.UserManager: Authentication request for "bill" has succeeded.
[2026-04-28 18:10:10.111 +01:00] [INF] [19] Emby.Server.Implementations.Session.SessionManager: Current/Max sessions for user "bill": 1/0
[2026-04-28 18:10:10.111 +01:00] [INF] [19] Emby.Server.Implementations.Session.SessionManager: Logging out access token "1ee73445d0014311a2e382413daae0d5"
[2026-04-28 18:10:10.112 +01:00] [INF] [19] Emby.Server.Implementations.Session.SessionManager: Creating new access token for user dd66cf8d-c616-4ca1-b2c2-6df5ba8890ef
[2026-04-28 18:10:15.093 +01:00] [INF] [38] Jellyfin.Server.Implementations.Users.UserManager: Authentication request for "bill" has succeeded.
[2026-04-28 18:10:15.093 +01:00] [INF] [38] Emby.Server.Implementations.Session.SessionManager: Current/Max sessions for user "bill": 1/0
[2026-04-28 18:10:15.093 +01:00] [INF] [38] Emby.Server.Implementations.Session.SessionManager: Logging out access token "89d32accc5ae4befaed60de06176675e"
[2026-04-28 18:10:15.095 +01:00] [INF] [38] Emby.Server.Implementations.Session.SessionManager: Creating new access token for user dd66cf8d-c616-4ca1-b2c2-6df5ba8890ef
[2026-04-28 18:10:20.097 +01:00] [INF] [19] Jellyfin.Server.Implementations.Users.UserManager: Authentication request for "bill" has succeeded.
[2026-04-28 18:10:20.097 +01:00] [INF] [19] Emby.Server.Implementations.Session.SessionManager: Current/Max sessions for user "bill": 1/0
[2026-04-28 18:10:20.097 +01:00] [INF] [19] Emby.Server.Implementations.Session.SessionManager: Logging out access token "80f7bd578c064736a56b746009740c2d"
[2026-04-28 18:10:20.099 +01:00] [INF] [19] Emby.Server.Implementations.Session.SessionManager: Creating new access token for user dd66cf8d-c616-4ca1-b2c2-6df5ba8890ef
[2026-04-28 18:10:25.089 +01:00] [INF] [29] Jellyfin.Server.Implementations.Users.UserManager: Authentication request for "bill" has succeeded.
[2026-04-28 18:10:25.089 +01:00] [INF] [29] Emby.Server.Implementations.Session.SessionManager: Current/Max sessions for user "bill": 1/0
[2026-04-28 18:10:25.089 +01:00] [INF] [29] Emby.Server.Implementations.Session.SessionManager: Logging out access token "c4b65c2b8ddc4412b810320b867a0e47"
[2026-04-28 18:10:25.091 +01:00] [INF] [29] Emby.Server.Implementations.Session.SessionManager: Creating new access token for user dd66cf8d-c616-4ca1-b2c2-6df5ba8890ef
[2026-04-28 18:10:30.110 +01:00] [INF] [19] Jellyfin.Server.Implementations.Users.UserManager: Authentication request for "bill" has succeeded.
[2026-04-28 18:10:30.110 +01:00] [INF] [19] Emby.Server.Implementations.Session.SessionManager: Current/Max sessions for user "bill": 1/0
[2026-04-28 18:10:30.110 +01:00] [INF] [19] Emby.Server.Implementations.Session.SessionManager: Logging out access token "dfa47c553b3448818ac1da24aa1082cf"
[2026-04-28 18:10:30.112 +01:00] [INF] [19] Emby.Server.Implementations.Session.SessionManager: Creating new access token for user dd66cf8d-c616-4ca1-b2c2-6df5ba8890ef
[2026-04-28 18:10:35.107 +01:00] [INF] [29] Jellyfin.Server.Implementations.Users.UserManager: Authentication request for "bill" has succeeded.
[2026-04-28 18:10:35.107 +01:00] [INF] [29] Emby.Server.Implementations.Session.SessionManager: Current/Max sessions for user "bill": 1/0
[2026-04-28 18:10:35.107 +01:00] [INF] [29] Emby.Server.Implementations.Session.SessionManager: Logging out access token "0c9471b1d460421c829779c13f92cbc3"
[2026-04-28 18:10:35.109 +01:00] [INF] [29] Emby.Server.Implementations.Session.SessionManager: Creating new access token for user dd66cf8d-c616-4ca1-b2c2-6df5ba8890ef
[2026-04-28 18:10:40.100 +01:00] [INF] [38] Jellyfin.Server.Implementations.Users.UserManager: Authentication request for "bill" has succeeded.
[2026-04-28 18:10:40.100 +01:00] [INF] [38] Emby.Server.Implementations.Session.SessionManager: Current/Max sessions for user "bill": 1/0
[2026-04-28 18:10:40.100 +01:00] [INF] [38] Emby.Server.Implementations.Session.SessionManager: Logging out access token "6201fa1051ef4b2e931ededea7ecf14c"
[2026-04-28 18:10:40.102 +01:00] [INF] [38] Emby.Server.Implementations.Session.SessionManager: Creating new access token for user dd66cf8d-c616-4ca1-b2c2-6df5ba8890ef
[2026-04-28 18:10:45.111 +01:00] [INF] [38] Jellyfin.Server.Implementations.Users.UserManager: Authentication request for "bill" has succeeded.
[2026-04-28 18:10:45.111 +01:00] [INF] [38] Emby.Server.Implementations.Session.SessionManager: Current/Max sessions for user "bill": 1/0
[2026-04-28 18:10:45.111 +01:00] [INF] [38] Emby.Server.Implementations.Session.SessionManager: Logging out access token "d9302398d5fa4029aaed64a5ff9710e9"
[2026-04-28 18:10:45.113 +01:00] [INF] [38] Emby.Server.Implementations.Session.SessionManager: Creating new access token for user dd66cf8d-c616-4ca1-b2c2-6df5ba8890ef
[2026-04-28 18:10:50.107 +01:00] [INF] [36] Jellyfin.Server.Implementations.Users.UserManager: Authentication request for "bill" has succeeded.
[2026-04-28 18:10:50.107 +01:00] [INF] [36] Emby.Server.Implementations.Session.SessionManager: Current/Max sessions for user "bill": 1/0
[2026-04-28 18:10:50.107 +01:00] [INF] [36] Emby.Server.Implementations.Session.SessionManager: Logging out access token "0ec68d22fc6d4505b448506627b0f6bd"
[2026-04-28 18:10:50.109 +01:00] [INF] [36] Emby.Server.Implementations.Session.SessionManager: Creating new access token for user dd66cf8d-c616-4ca1-b2c2-6df5ba8890ef
[2026-04-28 18:10:55.116 +01:00] [INF] [36] Jellyfin.Server.Implementations.Users.UserManager: Authentication request for "bill" has succeeded.
[2026-04-28 18:10:55.116 +01:00] [INF] [36] Emby.Server.Implementations.Session.SessionManager: Current/Max sessions for user "bill": 1/0
[2026-04-28 18:10:55.116 +01:00] [INF] [36] Emby.Server.Implementations.Session.SessionManager: Logging out access token "5307cb19c3664e338deef7d74ad70199"
[2026-04-28 18:10:55.118 +01:00] [INF] [36] Emby.Server.Implementations.Session.SessionManager: Creating new access token for user dd66cf8d-c616-4ca1-b2c2-6df5ba8890ef
[2026-04-28 18:11:00.123 +01:00] [INF] [36] Jellyfin.Server.Implementations.Users.UserManager: Authentication request for "bill" has succeeded.
[2026-04-28 18:11:00.123 +01:00] [INF] [36] Emby.Server.Implementations.Session.SessionManager: Current/Max sessions for user "bill": 1/0
[2026-04-28 18:11:00.123 +01:00] [INF] [36] Emby.Server.Implementations.Session.SessionManager: Logging out access token "8572985469f846719565e1221292a07c"
[2026-04-28 18:11:00.125 +01:00] [INF] [36] Emby.Server.Implementations.Session.SessionManager: Creating new access token for user dd66cf8d-c616-4ca1-b2c2-6df5ba8890ef
[2026-04-28 18:11:05.111 +01:00] [INF] [36] Jellyfin.Server.Implementations.Users.UserManager: Authentication request for "bill" has succeeded.
[2026-04-28 18:11:05.111 +01:00] [INF] [36] Emby.Server.Implementations.Session.SessionManager: Current/Max sessions for user "bill": 1/0
[2026-04-28 18:11:05.111 +01:00] [INF] [36] Emby.Server.Implementations.Session.SessionManager: Logging out access token "247541756fc6486596b1cb44b6c68922"
[2026-04-28 18:11:05.113 +01:00] [INF] [36] Emby.Server.Implementations.Session.SessionManager: Creating new access token for user dd66cf8d-c616-4ca1-b2c2-6df5ba8890ef
[2026-04-28 18:11:10.119 +01:00] [INF] [36] Jellyfin.Server.Implementations.Users.UserManager: Authentication request for "bill" has succeeded.
[2026-04-28 18:11:10.119 +01:00] [INF] [36] Emby.Server.Implementations.Session.SessionManager: Current/Max sessions for user "bill": 1/0
[2026-04-28 18:11:10.119 +01:00] [INF] [36] Emby.Server.Implementations.Session.SessionManager: Logging out access token "48ed5171971142edb80b779c4d638fd5"
[2026-04-28 18:11:10.121 +01:00] [INF] [36] Emby.Server.Implementations.Session.SessionManager: Creating new access token for user dd66cf8d-c616-4ca1-b2c2-6df5ba8890ef
[2026-04-28 18:11:15.111 +01:00] [INF] [36] Jellyfin.Server.Implementations.Users.UserManager: Authentication request for "bill" has succeeded.
[2026-04-28 18:11:15.111 +01:00] [INF] [36] Emby.Server.Implementations.Session.SessionManager: Current/Max sessions for user "bill": 1/0
[2026-04-28 18:11:15.111 +01:00] [INF] [36] Emby.Server.Implementations.Session.SessionManager: Logging out access token "771e98b491084aa989f8fd54cdcf3b5a"
[2026-04-28 18:11:15.112 +01:00] [INF] [36] Emby.Server.Implementations.Session.SessionManager: Creating new access token for user dd66cf8d-c616-4ca1-b2c2-6df5ba8890ef
[2026-04-28 18:11:20.102 +01:00] [INF] [19] Jellyfin.Server.Implementations.Users.UserManager: Authentication request for "bill" has succeeded.
[2026-04-28 18:11:20.102 +01:00] [INF] [19] Emby.Server.Implementations.Session.SessionManager: Current/Max sessions for user "bill": 1/0
[2026-04-28 18:11:20.102 +01:00] [INF] [19] Emby.Server.Implementations.Session.SessionManager: Logging out access token "4ef3644985924af1be3b1932107b4c45"
[2026-04-28 18:11:20.104 +01:00] [INF] [19] Emby.Server.Implementations.Session.SessionManager: Creating new access token for user dd66cf8d-c616-4ca1-b2c2-6df5ba8890ef
[2026-04-28 18:11:25.102 +01:00] [INF] [36] Jellyfin.Server.Implementations.Users.UserManager: Authentication request for "bill" has succeeded.
[2026-04-28 18:11:25.102 +01:00] [INF] [36] Emby.Server.Implementations.Session.SessionManager: Current/Max sessions for user "bill": 1/0
[2026-04-28 18:11:25.102 +01:00] [INF] [36] Emby.Server.Implementations.Session.SessionManager: Logging out access token "b8aaa927567942e3bcb72494784d46d2"
[2026-04-28 18:11:25.104 +01:00] [INF] [36] Emby.Server.Implementations.Session.SessionManager: Creating new access token for user dd66cf8d-c616-4ca1-b2c2-6df5ba8890ef
[2026-04-28 18:11:30.111 +01:00] [INF] [36] Jellyfin.Server.Implementations.Users.UserManager: Authentication request for "bill" has succeeded.
[2026-04-28 18:11:30.111 +01:00] [INF] [36] Emby.Server.Implementations.Session.SessionManager: Current/Max sessions for user "bill": 1/0
[2026-04-28 18:11:30.111 +01:00] [INF] [36] Emby.Server.Implementations.Session.SessionManager: Logging out access token "3eb63f8d433d4bedbfa06db5f2b5531f"
[2026-04-28 18:11:30.113 +01:00] [INF] [36] Emby.Server.Implementations.Session.SessionManager: Creating new access token for user dd66cf8d-c616-4ca1-b2c2-6df5ba8890ef
[2026-04-28 18:11:35.099 +01:00] [INF] [19] Jellyfin.Server.Implementations.Users.UserManager: Authentication request for "bill" has succeeded.
[2026-04-28 18:11:35.099 +01:00] [INF] [19] Emby.Server.Implementations.Session.SessionManager: Current/Max sessions for user "bill": 1/0
[2026-04-28 18:11:35.099 +01:00] [INF] [19] Emby.Server.Implementations.Session.SessionManager: Logging out access token "7002dbcf8ba246afafaf591f5336fd40"
[2026-04-28 18:11:35.101 +01:00] [INF] [19] Emby.Server.Implementations.Session.SessionManager: Creating new access token for user dd66cf8d-c616-4ca1-b2c2-6df5ba8890ef
[2026-04-28 18:11:40.102 +01:00] [INF] [36] Jellyfin.Server.Implementations.Users.UserManager: Authentication request for "bill" has succeeded.
[2026-04-28 18:11:40.102 +01:00] [INF] [36] Emby.Server.Implementations.Session.SessionManager: Current/Max sessions for user "bill": 1/0
[2026-04-28 18:11:40.102 +01:00] [INF] [36] Emby.Server.Implementations.Session.SessionManager: Logging out access token "fb07e6116dbf48c581bad21410fe2e87"
[2026-04-28 18:11:40.103 +01:00] [INF] [36] Emby.Server.Implementations.Session.SessionManager: Creating new access token for user dd66cf8d-c616-4ca1-b2c2-6df5ba8890ef
[2026-04-28 18:11:45.097 +01:00] [INF] [36] Jellyfin.Server.Implementations.Users.UserManager: Authentication request for "bill" has succeeded.
[2026-04-28 18:11:45.097 +01:00] [INF] [36] Emby.Server.Implementations.Session.SessionManager: Current/Max sessions for user "bill": 1/0
[2026-04-28 18:11:45.097 +01:00] [INF] [36] Emby.Server.Implementations.Session.SessionManager: Logging out access token "a4b5df6bba6e4cd385899b52df0eca8d"
[2026-04-28 18:11:45.099 +01:00] [INF] [36] Emby.Server.Implementations.Session.SessionManager: Creating new access token for user dd66cf8d-c616-4ca1-b2c2-6df5ba8890ef
[2026-04-28 18:11:50.113 +01:00] [INF] [38] Jellyfin.Server.Implementations.Users.UserManager: Authentication request for "bill" has succeeded.
[2026-04-28 18:11:50.113 +01:00] [INF] [38] Emby.Server.Implementations.Session.SessionManager: Current/Max sessions for user "bill": 1/0
[2026-04-28 18:11:50.113 +01:00] [INF] [38] Emby.Server.Implementations.Session.SessionManager: Logging out access token "62c6b9348bea48e793525ac3faaf7940"
[2026-04-28 18:11:50.115 +01:00] [INF] [38] Emby.Server.Implementations.Session.SessionManager: Creating new access token for user dd66cf8d-c616-4ca1-b2c2-6df5ba8890ef
[2026-04-28 18:11:55.111 +01:00] [INF] [38] Jellyfin.Server.Implementations.Users.UserManager: Authentication request for "bill" has succeeded.
[2026-04-28 18:11:55.111 +01:00] [INF] [38] Emby.Server.Implementations.Session.SessionManager: Current/Max sessions for user "bill": 1/0
[2026-04-28 18:11:55.111 +01:00] [INF] [38] Emby.Server.Implementations.Session.SessionManager: Logging out access token "0323df124a1141919f988886e62bfe89"
[2026-04-28 18:11:55.112 +01:00] [INF] [38] Emby.Server.Implementations.Session.SessionManager: Creating new access token for user dd66cf8d-c616-4ca1-b2c2-6df5ba8890ef
[2026-04-28 18:12:00.117 +01:00] [INF] [38] Jellyfin.Server.Implementations.Users.UserManager: Authentication request for "bill" has succeeded.
[2026-04-28 18:12:00.117 +01:00] [INF] [38] Emby.Server.Implementations.Session.SessionManager: Current/Max sessions for user "bill": 1/0
[2026-04-28 18:12:00.117 +01:00] [INF] [38] Emby.Server.Implementations.Session.SessionManager: Logging out access token "f3d46d5a117846ff91750f80a1dbf167"
[2026-04-28 18:12:00.118 +01:00] [INF] [38] Emby.Server.Implementations.Session.SessionManager: Creating new access token for user dd66cf8d-c616-4ca1-b2c2-6df5ba8890ef
[2026-04-28 18:12:05.112 +01:00] [INF] [36] Jellyfin.Server.Implementations.Users.UserManager: Authentication request for "bill" has succeeded.
[2026-04-28 18:12:05.113 +01:00] [INF] [36] Emby.Server.Implementations.Session.SessionManager: Current/Max sessions for user "bill": 1/0
[2026-04-28 18:12:05.113 +01:00] [INF] [36] Emby.Server.Implementations.Session.SessionManager: Logging out access token "98197cad19104fd18e9eb1e6d34634d1"
[2026-04-28 18:12:05.114 +01:00] [INF] [36] Emby.Server.Implementations.Session.SessionManager: Creating new access token for user dd66cf8d-c616-4ca1-b2c2-6df5ba8890ef
[2026-04-28 18:12:10.095 +01:00] [INF] [38] Jellyfin.Server.Implementations.Users.UserManager: Authentication request for "bill" has succeeded.
[2026-04-28 18:12:10.095 +01:00] [INF] [38] Emby.Server.Implementations.Session.SessionManager: Current/Max sessions for user "bill": 1/0
[2026-04-28 18:12:10.095 +01:00] [INF] [38] Emby.Server.Implementations.Session.SessionManager: Logging out access token "492d335093d7461ca6b9dd3004020fc2"
[2026-04-28 18:12:10.097 +01:00] [INF] [38] Emby.Server.Implementations.Session.SessionManager: Creating new access token for user dd66cf8d-c616-4ca1-b2c2-6df5ba8890ef
[2026-04-28 18:12:15.098 +01:00] [INF] [3] Jellyfin.Server.Implementations.Users.UserManager: Authentication request for "bill" has succeeded.
[2026-04-28 18:12:15.098 +01:00] [INF] [3] Emby.Server.Implementations.Session.SessionManager: Current/Max sessions for user "bill": 1/0
[2026-04-28 18:12:15.098 +01:00] [INF] [3] Emby.Server.Implementations.Session.SessionManager: Logging out access token "340fc4bae87349828076e2c5e1bf0027"
[2026-04-28 18:12:15.100 +01:00] [INF] [3] Emby.Server.Implementations.Session.SessionManager: Creating new access token for user dd66cf8d-c616-4ca1-b2c2-6df5ba8890ef
[2026-04-28 18:12:20.105 +01:00] [INF] [3] Jellyfin.Server.Implementations.Users.UserManager: Authentication request for "bill" has succeeded.
[2026-04-28 18:12:20.105 +01:00] [INF] [3] Emby.Server.Implementations.Session.SessionManager: Current/Max sessions for user "bill": 1/0
[2026-04-28 18:12:20.105 +01:00] [INF] [3] Emby.Server.Implementations.Session.SessionManager: Logging out access token "cff7a7c59aa54c49952e0ff580a3261a"
[2026-04-28 18:12:20.106 +01:00] [INF] [3] Emby.Server.Implementations.Session.SessionManager: Creating new access token for user dd66cf8d-c616-4ca1-b2c2-6df5ba8890ef
[2026-04-28 18:12:25.090 +01:00] [INF] [38] Jellyfin.Server.Implementations.Users.UserManager: Authentication request for "bill" has succeeded.
[2026-04-28 18:12:25.090 +01:00] [INF] [38] Emby.Server.Implementations.Session.SessionManager: Current/Max sessions for user "bill": 1/0
[2026-04-28 18:12:25.090 +01:00] [INF] [38] Emby.Server.Implementations.Session.SessionManager: Logging out access token "79f16a883e07431b8a2454b2dca784de"
[2026-04-28 18:12:25.092 +01:00] [INF] [38] Emby.Server.Implementations.Session.SessionManager: Creating new access token for user dd66cf8d-c616-4ca1-b2c2-6df5ba8890ef
[2026-04-28 18:12:30.106 +01:00] [INF] [38] Jellyfin.Server.Implementations.Users.UserManager: Authentication request for "bill" has succeeded.
[2026-04-28 18:12:30.106 +01:00] [INF] [38] Emby.Server.Implementations.Session.SessionManager: Current/Max sessions for user "bill": 1/0
[2026-04-28 18:12:30.106 +01:00] [INF] [38] Emby.Server.Implementations.Session.SessionManager: Logging out access token "7db6476003f8414a8a4e1b89e2e1cafe"
[2026-04-28 18:12:30.108 +01:00] [INF] [38] Emby.Server.Implementations.Session.SessionManager: Creating new access token for user dd66cf8d-c616-4ca1-b2c2-6df5ba8890ef
[2026-04-28 18:12:35.096 +01:00] [INF] [36] Jellyfin.Server.Implementations.Users.UserManager: Authentication request for "bill" has succeeded.
[2026-04-28 18:12:35.096 +01:00] [INF] [36] Emby.Server.Implementations.Session.SessionManager: Current/Max sessions for user "bill": 1/0
[2026-04-28 18:12:35.096 +01:00] [INF] [36] Emby.Server.Implementations.Session.SessionManager: Logging out access token "ace2df5e003843df8a33af0473af6d06"
[2026-04-28 18:12:35.098 +01:00] [INF] [36] Emby.Server.Implementations.Session.SessionManager: Creating new access token for user dd66cf8d-c616-4ca1-b2c2-6df5ba8890ef
[2026-04-28 18:12:40.112 +01:00] [INF] [36] Jellyfin.Server.Implementations.Users.UserManager: Authentication request for "bill" has succeeded.
[2026-04-28 18:12:40.112 +01:00] [INF] [36] Emby.Server.Implementations.Session.SessionManager: Current/Max sessions for user "bill": 1/0
[2026-04-28 18:12:40.112 +01:00] [INF] [36] Emby.Server.Implementations.Session.SessionManager: Logging out access token "ec54d02a8c0f4927a977d1e623c1b24a"
[2026-04-28 18:12:40.113 +01:00] [INF] [36] Emby.Server.Implementations.Session.SessionManager: Creating new access token for user dd66cf8d-c616-4ca1-b2c2-6df5ba8890ef
[2026-04-28 18:12:45.105 +01:00] [INF] [35] Jellyfin.Server.Implementations.Users.UserManager: Authentication request for "bill" has succeeded.
[2026-04-28 18:12:45.105 +01:00] [INF] [35] Emby.Server.Implementations.Session.SessionManager: Current/Max sessions for user "bill": 1/0
[2026-04-28 18:12:45.105 +01:00] [INF] [35] Emby.Server.Implementations.Session.SessionManager: Logging out access token "91f2642a4ab94e468514ca9ce11bb88f"
[2026-04-28 18:12:45.106 +01:00] [INF] [35] Emby.Server.Implementations.Session.SessionManager: Creating new access token for user dd66cf8d-c616-4ca1-b2c2-6df5ba8890ef
[2026-04-28 18:12:50.096 +01:00] [INF] [35] Jellyfin.Server.Implementations.Users.UserManager: Authentication request for "bill" has succeeded.
[2026-04-28 18:12:50.096 +01:00] [INF] [35] Emby.Server.Implementations.Session.SessionManager: Current/Max sessions for user "bill": 1/0
[2026-04-28 18:12:50.096 +01:00] [INF] [35] Emby.Server.Implementations.Session.SessionManager: Logging out access token "3f32081d97934d79b94fe26f19c2e8a7"
[2026-04-28 18:12:50.098 +01:00] [INF] [35] Emby.Server.Implementations.Session.SessionManager: Creating new access token for user dd66cf8d-c616-4ca1-b2c2-6df5ba8890ef
[2026-04-28 18:12:55.099 +01:00] [INF] [36] Jellyfin.Server.Implementations.Users.UserManager: Authentication request for "bill" has succeeded.
[2026-04-28 18:12:55.099 +01:00] [INF] [36] Emby.Server.Implementations.Session.SessionManager: Current/Max sessions for user "bill": 1/0
[2026-04-28 18:12:55.100 +01:00] [INF] [36] Emby.Server.Implementations.Session.SessionManager: Logging out access token "2d1827f85ba549f68f19709e56684ae1"
[2026-04-28 18:12:55.101 +01:00] [INF] [36] Emby.Server.Implementations.Session.SessionManager: Creating new access token for user dd66cf8d-c616-4ca1-b2c2-6df5ba8890ef
[2026-04-28 18:13:00.129 +01:00] [INF] [36] Jellyfin.Server.Implementations.Users.UserManager: Authentication request for "bill" has succeeded.
[2026-04-28 18:13:00.129 +01:00] [INF] [36] Emby.Server.Implementations.Session.SessionManager: Current/Max sessions for user "bill": 1/0
[2026-04-28 18:13:00.129 +01:00] [INF] [36] Emby.Server.Implementations.Session.SessionManager: Logging out access token "cfcebeb509534298a92123cf0cf5b657"
[2026-04-28 18:13:00.131 +01:00] [INF] [36] Emby.Server.Implementations.Session.SessionManager: Creating new access token for user dd66cf8d-c616-4ca1-b2c2-6df5ba8890ef
[2026-04-28 18:13:05.107 +01:00] [INF] [36] Jellyfin.Server.Implementations.Users.UserManager: Authentication request for "bill" has succeeded.
[2026-04-28 18:13:05.107 +01:00] [INF] [36] Emby.Server.Implementations.Session.SessionManager: Current/Max sessions for user "bill": 1/0
[2026-04-28 18:13:05.107 +01:00] [INF] [36] Emby.Server.Implementations.Session.SessionManager: Logging out access token "ab0ce3f5de734b2abc3696214d702a4e"
[2026-04-28 18:13:05.109 +01:00] [INF] [36] Emby.Server.Implementations.Session.SessionManager: Creating new access token for user dd66cf8d-c616-4ca1-b2c2-6df5ba8890ef
[2026-04-28 18:13:10.096 +01:00] [INF] [38] Jellyfin.Server.Implementations.Users.UserManager: Authentication request for "bill" has succeeded.
[2026-04-28 18:13:10.096 +01:00] [INF] [38] Emby.Server.Implementations.Session.SessionManager: Current/Max sessions for user "bill": 1/0
[2026-04-28 18:13:10.096 +01:00] [INF] [38] Emby.Server.Implementations.Session.SessionManager: Logging out access token "68874197cbc44c5a9e7da10ffe790954"
[2026-04-28 18:13:10.098 +01:00] [INF] [38] Emby.Server.Implementations.Session.SessionManager: Creating new access token for user dd66cf8d-c616-4ca1-b2c2-6df5ba8890ef
[2026-04-28 18:13:15.114 +01:00] [INF] [38] Jellyfin.Server.Implementations.Users.UserManager: Authentication request for "bill" has succeeded.
[2026-04-28 18:13:15.114 +01:00] [INF] [38] Emby.Server.Implementations.Session.SessionManager: Current/Max sessions for user "bill": 1/0
[2026-04-28 18:13:15.114 +01:00] [INF] [38] Emby.Server.Implementations.Session.SessionManager: Logging out access token "77494bd39b5f47f0bef12b9a83c900e6"
[2026-04-28 18:13:15.115 +01:00] [INF] [38] Emby.Server.Implementations.Session.SessionManager: Creating new access token for user dd66cf8d-c616-4ca1-b2c2-6df5ba8890ef
[2026-04-28 18:13:20.102 +01:00] [INF] [38] Jellyfin.Server.Implementations.Users.UserManager: Authentication request for "bill" has succeeded.
[2026-04-28 18:13:20.102 +01:00] [INF] [38] Emby.Server.Implementations.Session.SessionManager: Current/Max sessions for user "bill": 1/0
[2026-04-28 18:13:20.102 +01:00] [INF] [38] Emby.Server.Implementations.Session.SessionManager: Logging out access token "ddfd5332e1144b388d253411b34b5e86"
[2026-04-28 18:13:20.104 +01:00] [INF] [38] Emby.Server.Implementations.Session.SessionManager: Creating new access token for user dd66cf8d-c616-4ca1-b2c2-6df5ba8890ef
[2026-04-28 18:13:25.100 +01:00] [INF] [36] Jellyfin.Server.Implementations.Users.UserManager: Authentication request for "bill" has succeeded.
[2026-04-28 18:13:25.100 +01:00] [INF] [36] Emby.Server.Implementations.Session.SessionManager: Current/Max sessions for user "bill": 1/0
[2026-04-28 18:13:25.101 +01:00] [INF] [36] Emby.Server.Implementations.Session.SessionManager: Logging out access token "6dfb48f75b1e4b2f817fe90f0ec1a5c9"
[2026-04-28 18:13:25.102 +01:00] [INF] [36] Emby.Server.Implementations.Session.SessionManager: Creating new access token for user dd66cf8d-c616-4ca1-b2c2-6df5ba8890ef
[2026-04-28 18:13:30.101 +01:00] [INF] [38] Jellyfin.Server.Implementations.Users.UserManager: Authentication request for "bill" has succeeded.
[2026-04-28 18:13:30.101 +01:00] [INF] [38] Emby.Server.Implementations.Session.SessionManager: Current/Max sessions for user "bill": 1/0
[2026-04-28 18:13:30.101 +01:00] [INF] [38] Emby.Server.Implementations.Session.SessionManager: Logging out access token "26cfa8e7c0854f80b21e8007af9f6781"
[2026-04-28 18:13:30.102 +01:00] [INF] [38] Emby.Server.Implementations.Session.SessionManager: Creating new access token for user dd66cf8d-c616-4ca1-b2c2-6df5ba8890ef
[2026-04-28 18:13:35.103 +01:00] [INF] [36] Jellyfin.Server.Implementations.Users.UserManager: Authentication request for "bill" has succeeded.
[2026-04-28 18:13:35.103 +01:00] [INF] [36] Emby.Server.Implementations.Session.SessionManager: Current/Max sessions for user "bill": 1/0
[2026-04-28 18:13:35.103 +01:00] [INF] [36] Emby.Server.Implementations.Session.SessionManager: Logging out access token "257f01fb1f164572a323791139d53551"
[2026-04-28 18:13:35.105 +01:00] [INF] [36] Emby.Server.Implementations.Session.SessionManager: Creating new access token for user dd66cf8d-c616-4ca1-b2c2-6df5ba8890ef
[2026-04-28 18:13:40.112 +01:00] [INF] [36] Jellyfin.Server.Implementations.Users.UserManager: Authentication request for "bill" has succeeded.
[2026-04-28 18:13:40.112 +01:00] [INF] [36] Emby.Server.Implementations.Session.SessionManager: Current/Max sessions for user "bill": 1/0
[2026-04-28 18:13:40.112 +01:00] [INF] [36] Emby.Server.Implementations.Session.SessionManager: Logging out access token "d1b13c38f8ad46d6852150d26d9f2ce1"
[2026-04-28 18:13:40.114 +01:00] [INF] [36] Emby.Server.Implementations.Session.SessionManager: Creating new access token for user dd66cf8d-c616-4ca1-b2c2-6df5ba8890ef
[2026-04-28 18:13:45.112 +01:00] [INF] [36] Jellyfin.Server.Implementations.Users.UserManager: Authentication request for "bill" has succeeded.
[2026-04-28 18:13:45.112 +01:00] [INF] [36] Emby.Server.Implementations.Session.SessionManager: Current/Max sessions for user "bill": 1/0
[2026-04-28 18:13:45.113 +01:00] [INF] [36] Emby.Server.Implementations.Session.SessionManager: Logging out access token "6919e2047f0a494388bb1c6da163c5a9"
[2026-04-28 18:13:45.114 +01:00] [INF] [36] Emby.Server.Implementations.Session.SessionManager: Creating new access token for user dd66cf8d-c616-4ca1-b2c2-6df5ba8890ef
[2026-04-28 18:13:50.092 +01:00] [INF] [38] Jellyfin.Server.Implementations.Users.UserManager: Authentication request for "bill" has succeeded.
[2026-04-28 18:13:50.092 +01:00] [INF] [38] Emby.Server.Implementations.Session.SessionManager: Current/Max sessions for user "bill": 1/0
[2026-04-28 18:13:50.092 +01:00] [INF] [38] Emby.Server.Implementations.Session.SessionManager: Logging out access token "d397ff1508b34764acdfdfe24046273e"
[2026-04-28 18:13:50.094 +01:00] [INF] [38] Emby.Server.Implementations.Session.SessionManager: Creating new access token for user dd66cf8d-c616-4ca1-b2c2-6df5ba8890ef
[2026-04-28 18:13:55.095 +01:00] [INF] [38] Jellyfin.Server.Implementations.Users.UserManager: Authentication request for "bill" has succeeded.
[2026-04-28 18:13:55.095 +01:00] [INF] [38] Emby.Server.Implementations.Session.SessionManager: Current/Max sessions for user "bill": 1/0
[2026-04-28 18:13:55.095 +01:00] [INF] [38] Emby.Server.Implementations.Session.SessionManager: Logging out access token "055cb562aaf144bea1d751799a430bb8"
[2026-04-28 18:13:55.099 +01:00] [INF] [38] Emby.Server.Implementations.Session.SessionManager: Creating new access token for user dd66cf8d-c616-4ca1-b2c2-6df5ba8890ef
[2026-04-28 18:14:00.116 +01:00] [INF] [38] Jellyfin.Server.Implementations.Users.UserManager: Authentication request for "bill" has succeeded.
[2026-04-28 18:14:00.116 +01:00] [INF] [38] Emby.Server.Implementations.Session.SessionManager: Current/Max sessions for user "bill": 1/0
[2026-04-28 18:14:00.116 +01:00] [INF] [38] Emby.Server.Implementations.Session.SessionManager: Logging out access token "8ff1bfe51a5642bdb40b9ff5a1146711"
[2026-04-28 18:14:00.117 +01:00] [INF] [38] Emby.Server.Implementations.Session.SessionManager: Creating new access token for user dd66cf8d-c616-4ca1-b2c2-6df5ba8890ef
[2026-04-28 18:14:05.093 +01:00] [INF] [32] Jellyfin.Server.Implementations.Users.UserManager: Authentication request for "bill" has succeeded.
[2026-04-28 18:14:05.093 +01:00] [INF] [32] Emby.Server.Implementations.Session.SessionManager: Current/Max sessions for user "bill": 1/0
[2026-04-28 18:14:05.093 +01:00] [INF] [32] Emby.Server.Implementations.Session.SessionManager: Logging out access token "592f6a23dc774067850e1c95aac3130c"
[2026-04-28 18:14:05.095 +01:00] [INF] [32] Emby.Server.Implementations.Session.SessionManager: Creating new access token for user dd66cf8d-c616-4ca1-b2c2-6df5ba8890ef
[2026-04-28 18:14:10.104 +01:00] [INF] [32] Jellyfin.Server.Implementations.Users.UserManager: Authentication request for "bill" has succeeded.
[2026-04-28 18:14:10.104 +01:00] [INF] [32] Emby.Server.Implementations.Session.SessionManager: Current/Max sessions for user "bill": 1/0
[2026-04-28 18:14:10.104 +01:00] [INF] [32] Emby.Server.Implementations.Session.SessionManager: Logging out access token "f67e03f7cc47452a8c61612381c59000"
[2026-04-28 18:14:10.106 +01:00] [INF] [32] Emby.Server.Implementations.Session.SessionManager: Creating new access token for user dd66cf8d-c616-4ca1-b2c2-6df5ba8890ef
[2026-04-28 18:14:15.095 +01:00] [INF] [32] Jellyfin.Server.Implementations.Users.UserManager: Authentication request for "bill" has succeeded.
[2026-04-28 18:14:15.095 +01:00] [INF] [32] Emby.Server.Implementations.Session.SessionManager: Current/Max sessions for user "bill": 1/0
[2026-04-28 18:14:15.095 +01:00] [INF] [32] Emby.Server.Implementations.Session.SessionManager: Logging out access token "cf0a500c6c774029a863742fe396f7bf"
[2026-04-28 18:14:15.096 +01:00] [INF] [32] Emby.Server.Implementations.Session.SessionManager: Creating new access token for user dd66cf8d-c616-4ca1-b2c2-6df5ba8890ef
[2026-04-28 18:14:20.095 +01:00] [INF] [32] Jellyfin.Server.Implementations.Users.UserManager: Authentication request for "bill" has succeeded.
[2026-04-28 18:14:20.095 +01:00] [INF] [32] Emby.Server.Implementations.Session.SessionManager: Current/Max sessions for user "bill": 1/0
[2026-04-28 18:14:20.095 +01:00] [INF] [32] Emby.Server.Implementations.Session.SessionManager: Logging out access token "5780ebfd3ad94d1a966e3f8e2c7dc843"
[2026-04-28 18:14:20.097 +01:00] [INF] [32] Emby.Server.Implementations.Session.SessionManager: Creating new access token for user dd66cf8d-c616-4ca1-b2c2-6df5ba8890ef
[2026-04-28 18:14:25.078 +01:00] [INF] [32] Jellyfin.Server.Implementations.Users.UserManager: Authentication request for "bill" has succeeded.
[2026-04-28 18:14:25.078 +01:00] [INF] [32] Emby.Server.Implementations.Session.SessionManager: Current/Max sessions for user "bill": 1/0
[2026-04-28 18:14:25.078 +01:00] [INF] [32] Emby.Server.Implementations.Session.SessionManager: Logging out access token "900367847af648a78bb6b97d7c385a48"
[2026-04-28 18:14:25.080 +01:00] [INF] [32] Emby.Server.Implementations.Session.SessionManager: Creating new access token for user dd66cf8d-c616-4ca1-b2c2-6df5ba8890ef
[2026-04-28 18:14:30.089 +01:00] [INF] [32] Jellyfin.Server.Implementations.Users.UserManager: Authentication request for "bill" has succeeded.
[2026-04-28 18:14:30.090 +01:00] [INF] [32] Emby.Server.Implementations.Session.SessionManager: Current/Max sessions for user "bill": 1/0
[2026-04-28 18:14:30.090 +01:00] [INF] [32] Emby.Server.Implementations.Session.SessionManager: Logging out access token "7ed524c0a890495c9b4ee59f7cfded51"
[2026-04-28 18:14:30.092 +01:00] [INF] [32] Emby.Server.Implementations.Session.SessionManager: Creating new access token for user dd66cf8d-c616-4ca1-b2c2-6df5ba8890ef
[2026-04-28 18:14:35.109 +01:00] [INF] [36] Jellyfin.Server.Implementations.Users.UserManager: Authentication request for "bill" has succeeded.
[2026-04-28 18:14:35.109 +01:00] [INF] [36] Emby.Server.Implementations.Session.SessionManager: Current/Max sessions for user "bill": 1/0
[2026-04-28 18:14:35.109 +01:00] [INF] [36] Emby.Server.Implementations.Session.SessionManager: Logging out access token "bc6dda1c933f4815a873e9a8318bb28b"
[2026-04-28 18:14:35.110 +01:00] [INF] [36] Emby.Server.Implementations.Session.SessionManager: Creating new access token for user dd66cf8d-c616-4ca1-b2c2-6df5ba8890ef
[2026-04-28 18:14:40.096 +01:00] [INF] [38] Jellyfin.Server.Implementations.Users.UserManager: Authentication request for "bill" has succeeded.
[2026-04-28 18:14:40.096 +01:00] [INF] [38] Emby.Server.Implementations.Session.SessionManager: Current/Max sessions for user "bill": 1/0
[2026-04-28 18:14:40.096 +01:00] [INF] [38] Emby.Server.Implementations.Session.SessionManager: Logging out access token "a1a57bf870264a32a97acd64b1c8dc91"
[2026-04-28 18:14:40.098 +01:00] [INF] [38] Emby.Server.Implementations.Session.SessionManager: Creating new access token for user dd66cf8d-c616-4ca1-b2c2-6df5ba8890ef
[2026-04-28 18:14:45.103 +01:00] [INF] [36] Jellyfin.Server.Implementations.Users.UserManager: Authentication request for "bill" has succeeded.
[2026-04-28 18:14:45.103 +01:00] [INF] [36] Emby.Server.Implementations.Session.SessionManager: Current/Max sessions for user "bill": 1/0
[2026-04-28 18:14:45.103 +01:00] [INF] [36] Emby.Server.Implementations.Session.SessionManager: Logging out access token "78955966c6454febb155321db0992624"
[2026-04-28 18:14:45.105 +01:00] [INF] [36] Emby.Server.Implementations.Session.SessionManager: Creating new access token for user dd66cf8d-c616-4ca1-b2c2-6df5ba8890ef
[2026-04-28 18:14:50.096 +01:00] [INF] [38] Jellyfin.Server.Implementations.Users.UserManager: Authentication request for "bill" has succeeded.
[2026-04-28 18:14:50.096 +01:00] [INF] [38] Emby.Server.Implementations.Session.SessionManager: Current/Max sessions for user "bill": 1/0
[2026-04-28 18:14:50.096 +01:00] [INF] [38] Emby.Server.Implementations.Session.SessionManager: Logging out access token "4428fa8edaae47eba9b4961d937d0a42"
[2026-04-28 18:14:50.098 +01:00] [INF] [38] Emby.Server.Implementations.Session.SessionManager: Creating new access token for user dd66cf8d-c616-4ca1-b2c2-6df5ba8890ef
[2026-04-28 18:14:55.103 +01:00] [INF] [36] Jellyfin.Server.Implementations.Users.UserManager: Authentication request for "bill" has succeeded.
[2026-04-28 18:14:55.103 +01:00] [INF] [36] Emby.Server.Implementations.Session.SessionManager: Current/Max sessions for user "bill": 1/0
[2026-04-28 18:14:55.103 +01:00] [INF] [36] Emby.Server.Implementations.Session.SessionManager: Logging out access token "8e4614e195af4f18a94df57f9b8a869f"
[2026-04-28 18:14:55.104 +01:00] [INF] [36] Emby.Server.Implementations.Session.SessionManager: Creating new access token for user dd66cf8d-c616-4ca1-b2c2-6df5ba8890ef
[2026-04-28 18:15:00.123 +01:00] [INF] [36] Jellyfin.Server.Implementations.Users.UserManager: Authentication request for "bill" has succeeded.
[2026-04-28 18:15:00.123 +01:00] [INF] [36] Emby.Server.Implementations.Session.SessionManager: Current/Max sessions for user "bill": 1/0
[2026-04-28 18:15:00.123 +01:00] [INF] [36] Emby.Server.Implementations.Session.SessionManager: Logging out access token "5719f90283e14aaf8e9d572f8ef02f68"
[2026-04-28 18:15:00.124 +01:00] [INF] [36] Emby.Server.Implementations.Session.SessionManager: Creating new access token for user dd66cf8d-c616-4ca1-b2c2-6df5ba8890ef
[2026-04-28 18:15:05.100 +01:00] [INF] [36] Jellyfin.Server.Implementations.Users.UserManager: Authentication request for "bill" has succeeded.
[2026-04-28 18:15:05.100 +01:00] [INF] [36] Emby.Server.Implementations.Session.SessionManager: Current/Max sessions for user "bill": 1/0
[2026-04-28 18:15:05.100 +01:00] [INF] [36] Emby.Server.Implementations.Session.SessionManager: Logging out access token "863ef2906995452c9b148cd3707170a9"
[2026-04-28 18:15:05.102 +01:00] [INF] [36] Emby.Server.Implementations.Session.SessionManager: Creating new access token for user dd66cf8d-c616-4ca1-b2c2-6df5ba8890ef
[2026-04-28 18:15:10.102 +01:00] [INF] [36] Jellyfin.Server.Implementations.Users.UserManager: Authentication request for "bill" has succeeded.
[2026-04-28 18:15:10.102 +01:00] [INF] [36] Emby.Server.Implementations.Session.SessionManager: Current/Max sessions for user "bill": 1/0
[2026-04-28 18:15:10.102 +01:00] [INF] [36] Emby.Server.Implementations.Session.SessionManager: Logging out access token "ffee0370ae75496382c972f59a9cc03d"
[2026-04-28 18:15:10.104 +01:00] [INF] [36] Emby.Server.Implementations.Session.SessionManager: Creating new access token for user dd66cf8d-c616-4ca1-b2c2-6df5ba8890ef
[2026-04-28 18:15:15.101 +01:00] [INF] [36] Jellyfin.Server.Implementations.Users.UserManager: Authentication request for "bill" has succeeded.
[2026-04-28 18:15:15.101 +01:00] [INF] [36] Emby.Server.Implementations.Session.SessionManager: Current/Max sessions for user "bill": 1/0
[2026-04-28 18:15:15.101 +01:00] [INF] [36] Emby.Server.Implementations.Session.SessionManager: Logging out access token "550f31d257ee491c83fd29a4a0cda731"
[2026-04-28 18:15:15.103 +01:00] [INF] [36] Emby.Server.Implementations.Session.SessionManager: Creating new access token for user dd66cf8d-c616-4ca1-b2c2-6df5ba8890ef
[2026-04-28 18:15:20.107 +01:00] [INF] [38] Jellyfin.Server.Implementations.Users.UserManager: Authentication request for "bill" has succeeded.
[2026-04-28 18:15:20.107 +01:00] [INF] [38] Emby.Server.Implementations.Session.SessionManager: Current/Max sessions for user "bill": 1/0
[2026-04-28 18:15:20.107 +01:00] [INF] [38] Emby.Server.Implementations.Session.SessionManager: Logging out access token "fa1d00ec077e463eada2fd1ef8230b6b"
[2026-04-28 18:15:20.109 +01:00] [INF] [38] Emby.Server.Implementations.Session.SessionManager: Creating new access token for user dd66cf8d-c616-4ca1-b2c2-6df5ba8890ef
[2026-04-28 18:15:25.100 +01:00] [INF] [36] Jellyfin.Server.Implementations.Users.UserManager: Authentication request for "bill" has succeeded.
[2026-04-28 18:15:25.100 +01:00] [INF] [36] Emby.Server.Implementations.Session.SessionManager: Current/Max sessions for user "bill": 1/0
[2026-04-28 18:15:25.100 +01:00] [INF] [36] Emby.Server.Implementations.Session.SessionManager: Logging out access token "e12cc318dfdf4a6aae9b786e2c917a7a"
[2026-04-28 18:15:25.102 +01:00] [INF] [36] Emby.Server.Implementations.Session.SessionManager: Creating new access token for user dd66cf8d-c616-4ca1-b2c2-6df5ba8890ef
[2026-04-28 18:15:30.095 +01:00] [INF] [38] Jellyfin.Server.Implementations.Users.UserManager: Authentication request for "bill" has succeeded.
[2026-04-28 18:15:30.095 +01:00] [INF] [38] Emby.Server.Implementations.Session.SessionManager: Current/Max sessions for user "bill": 1/0
[2026-04-28 18:15:30.095 +01:00] [INF] [38] Emby.Server.Implementations.Session.SessionManager: Logging out access token "2e1ea90db4674aa1b5ee14473b69ee6a"
[2026-04-28 18:15:30.097 +01:00] [INF] [38] Emby.Server.Implementations.Session.SessionManager: Creating new access token for user dd66cf8d-c616-4ca1-b2c2-6df5ba8890ef
[2026-04-28 18:15:35.094 +01:00] [INF] [38] Jellyfin.Server.Implementations.Users.UserManager: Authentication request for "bill" has succeeded.
[2026-04-28 18:15:35.094 +01:00] [INF] [38] Emby.Server.Implementations.Session.SessionManager: Current/Max sessions for user "bill": 1/0
[2026-04-28 18:15:35.094 +01:00] [INF] [38] Emby.Server.Implementations.Session.SessionManager: Logging out access token "b11a29c40d2f462c887317284e6e1e94"
[2026-04-28 18:15:35.096 +01:00] [INF] [38] Emby.Server.Implementations.Session.SessionManager: Creating new access token for user dd66cf8d-c616-4ca1-b2c2-6df5ba8890ef
[2026-04-28 18:15:40.099 +01:00] [INF] [38] Jellyfin.Server.Implementations.Users.UserManager: Authentication request for "bill" has succeeded.
[2026-04-28 18:15:40.100 +01:00] [INF] [38] Emby.Server.Implementations.Session.SessionManager: Current/Max sessions for user "bill": 1/0
[2026-04-28 18:15:40.100 +01:00] [INF] [38] Emby.Server.Implementations.Session.SessionManager: Logging out access token "f67fa64196ca48a1bdca05ceaf165abe"
[2026-04-28 18:15:40.101 +01:00] [INF] [38] Emby.Server.Implementations.Session.SessionManager: Creating new access token for user dd66cf8d-c616-4ca1-b2c2-6df5ba8890ef
[2026-04-28 18:15:45.102 +01:00] [INF] [36] Jellyfin.Server.Implementations.Users.UserManager: Authentication request for "bill" has succeeded.
[2026-04-28 18:15:45.102 +01:00] [INF] [36] Emby.Server.Implementations.Session.SessionManager: Current/Max sessions for user "bill": 1/0
[2026-04-28 18:15:45.102 +01:00] [INF] [36] Emby.Server.Implementations.Session.SessionManager: Logging out access token "7de2f6352c3c41e190939a017ed3b3d1"
[2026-04-28 18:15:45.104 +01:00] [INF] [36] Emby.Server.Implementations.Session.SessionManager: Creating new access token for user dd66cf8d-c616-4ca1-b2c2-6df5ba8890ef
[2026-04-28 18:15:50.104 +01:00] [INF] [36] Jellyfin.Server.Implementations.Users.UserManager: Authentication request for "bill" has succeeded.
[2026-04-28 18:15:50.104 +01:00] [INF] [36] Emby.Server.Implementations.Session.SessionManager: Current/Max sessions for user "bill": 1/0
[2026-04-28 18:15:50.104 +01:00] [INF] [36] Emby.Server.Implementations.Session.SessionManager: Logging out access token "715fccf1f1464d77ae71c99f182100e4"
[2026-04-28 18:15:50.106 +01:00] [INF] [36] Emby.Server.Implementations.Session.SessionManager: Creating new access token for user dd66cf8d-c616-4ca1-b2c2-6df5ba8890ef
[2026-04-28 18:15:55.107 +01:00] [INF] [36] Jellyfin.Server.Implementations.Users.UserManager: Authentication request for "bill" has succeeded.
[2026-04-28 18:15:55.107 +01:00] [INF] [36] Emby.Server.Implementations.Session.SessionManager: Current/Max sessions for user "bill": 1/0
[2026-04-28 18:15:55.108 +01:00] [INF] [36] Emby.Server.Implementations.Session.SessionManager: Logging out access token "cef9c7177c2e4dedbea284a1cb0fcb7b"
[2026-04-28 18:15:55.110 +01:00] [INF] [36] Emby.Server.Implementations.Session.SessionManager: Creating new access token for user dd66cf8d-c616-4ca1-b2c2-6df5ba8890ef
[2026-04-28 18:16:00.115 +01:00] [INF] [38] Jellyfin.Server.Implementations.Users.UserManager: Authentication request for "bill" has succeeded.
[2026-04-28 18:16:00.115 +01:00] [INF] [38] Emby.Server.Implementations.Session.SessionManager: Current/Max sessions for user "bill": 1/0
[2026-04-28 18:16:00.115 +01:00] [INF] [38] Emby.Server.Implementations.Session.SessionManager: Logging out access token "2d3c042ede21417b932a0120896ea35e"
[2026-04-28 18:16:00.117 +01:00] [INF] [38] Emby.Server.Implementations.Session.SessionManager: Creating new access token for user dd66cf8d-c616-4ca1-b2c2-6df5ba8890ef
[2026-04-28 18:16:05.109 +01:00] [INF] [36] Jellyfin.Server.Implementations.Users.UserManager: Authentication request for "bill" has succeeded.
[2026-04-28 18:16:05.109 +01:00] [INF] [36] Emby.Server.Implementations.Session.SessionManager: Current/Max sessions for user "bill": 1/0
[2026-04-28 18:16:05.109 +01:00] [INF] [36] Emby.Server.Implementations.Session.SessionManager: Logging out access token "59f73f3623334fbd8383dbbede394cc8"
[2026-04-28 18:16:05.111 +01:00] [INF] [36] Emby.Server.Implementations.Session.SessionManager: Creating new access token for user dd66cf8d-c616-4ca1-b2c2-6df5ba8890ef
[2026-04-28 18:16:10.099 +01:00] [INF] [38] Jellyfin.Server.Implementations.Users.UserManager: Authentication request for "bill" has succeeded.
[2026-04-28 18:16:10.099 +01:00] [INF] [38] Emby.Server.Implementations.Session.SessionManager: Current/Max sessions for user "bill": 1/0
[2026-04-28 18:16:10.099 +01:00] [INF] [38] Emby.Server.Implementations.Session.SessionManager: Logging out access token "30fd5d4871dd4a1fbf005d2df1a9cc7d"
[2026-04-28 18:16:10.100 +01:00] [INF] [38] Emby.Server.Implementations.Session.SessionManager: Creating new access token for user dd66cf8d-c616-4ca1-b2c2-6df5ba8890ef
[2026-04-28 18:16:15.095 +01:00] [INF] [38] Jellyfin.Server.Implementations.Users.UserManager: Authentication request for "bill" has succeeded.
[2026-04-28 18:16:15.095 +01:00] [INF] [38] Emby.Server.Implementations.Session.SessionManager: Current/Max sessions for user "bill": 1/0
[2026-04-28 18:16:15.095 +01:00] [INF] [38] Emby.Server.Implementations.Session.SessionManager: Logging out access token "12493aa74d2a410e8129aabaf7fcacdf"
[2026-04-28 18:16:15.097 +01:00] [INF] [38] Emby.Server.Implementations.Session.SessionManager: Creating new access token for user dd66cf8d-c616-4ca1-b2c2-6df5ba8890ef
[2026-04-28 18:16:20.108 +01:00] [INF] [36] Jellyfin.Server.Implementations.Users.UserManager: Authentication request for "bill" has succeeded.
[2026-04-28 18:16:20.108 +01:00] [INF] [36] Emby.Server.Implementations.Session.SessionManager: Current/Max sessions for user "bill": 1/0
[2026-04-28 18:16:20.108 +01:00] [INF] [36] Emby.Server.Implementations.Session.SessionManager: Logging out access token "a152bde8001048e2924712929438c7c9"
[2026-04-28 18:16:20.109 +01:00] [INF] [36] Emby.Server.Implementations.Session.SessionManager: Creating new access token for user dd66cf8d-c616-4ca1-b2c2-6df5ba8890ef
[2026-04-28 18:16:21.358 +01:00] [INF] [38] Emby.Server.Implementations.IO.LibraryMonitor: "movies" ("/movies") will be refreshed.
[2026-04-28 18:16:21.368 +01:00] [ERR] [36] MediaBrowser.Controller.Entities.BaseItem: Error refreshing owned items for "/movies"
System.UnauthorizedAccessException: Access to the path '/movies/._Lawrence of Arabia 1962 UHD BluRay 2160p HDR10 DV HEVC TrueHD Atmos 7.1 x265-E' is denied.
 ---> System.IO.IOException: Operation not permitted
   --- End of inner exception stack trace ---
   at System.IO.FileSystemInfo.Create(String fullPath, String fileName, Boolean asDirectory, FileStatus& fileStatus)
   at System.IO.Enumeration.FileSystemEnumerable`1.DelegateEnumerator.TransformEntry(FileSystemEntry& entry)
   at System.IO.Enumeration.FileSystemEnumerator`1.MoveNext()
   at System.Linq.Enumerable.IEnumerableSelectIterator`2.ToArray()
   at MediaBrowser.Controller.Providers.DirectoryService.<>c.<GetFileSystemEntries>b__5_0(String p, IFileSystem fileSystem)
   at System.Collections.Concurrent.ConcurrentDictionary`2.GetOrAdd[TArg](TKey key, Func`3 valueFactory, TArg factoryArgument)
   at MediaBrowser.Controller.Providers.DirectoryService.GetFileSystemEntries(String path)
   at MediaBrowser.Controller.Entities.BaseItem.GetFileSystemChildren(IDirectoryService directoryService)
   at MediaBrowser.Controller.Entities.BaseItem.RefreshMetadata(MetadataRefreshOptions options, CancellationToken cancellationToken)
[2026-04-28 18:16:21.370 +01:00] [ERR] [36] MediaBrowser.Providers.Folders.FolderMetadataService: Error validating images for "/movies"
System.UnauthorizedAccessException: Access to the path '/movies/._Lawrence of Arabia 1962 UHD BluRay 2160p HDR10 DV HEVC TrueHD Atmos 7.1 x265-E' is denied.
 ---> System.IO.IOException: Operation not permitted
   --- End of inner exception stack trace ---
   at System.IO.FileSystemInfo.Create(String fullPath, String fileName, Boolean asDirectory, FileStatus& fileStatus)
   at System.IO.Enumeration.FileSystemEnumerable`1.DelegateEnumerator.TransformEntry(FileSystemEntry& entry)
   at System.IO.Enumeration.FileSystemEnumerator`1.MoveNext()
   at System.Linq.Enumerable.IEnumerableSelectIterator`2.ToArray()
   at MediaBrowser.Controller.Providers.DirectoryService.<>c.<GetFileSystemEntries>b__5_0(String p, IFileSystem fileSystem)
   at System.Collections.Concurrent.ConcurrentDictionary`2.GetOrAdd[TArg](TKey key, Func`3 valueFactory, TArg factoryArgument)
   at MediaBrowser.Controller.Providers.DirectoryService.GetFileSystemEntries(String path)
   at MediaBrowser.LocalMetadata.Images.LocalImageProvider.GetFiles(BaseItem item, Boolean includeDirectories, IDirectoryService directoryService)
   at MediaBrowser.LocalMetadata.Images.LocalImageProvider.GetImages(BaseItem item, IDirectoryService directoryService)
   at MediaBrowser.Providers.Manager.ItemImageProvider.<>c__DisplayClass7_0.<ValidateImages>b__0(ILocalImageProvider i)
   at System.Linq.Enumerable.SelectManySingleSelectorIterator`2.ToList()
   at System.Linq.Enumerable.ToList[TSource](IEnumerable`1 source)
   at MediaBrowser.Providers.Manager.ItemImageProvider.ValidateImages(BaseItem item, IEnumerable`1 providers, ImageRefreshOptions refreshOptions)
   at MediaBrowser.Providers.Manager.MetadataService`2.RefreshMetadata(BaseItem item, MetadataRefreshOptions refreshOptions, CancellationToken cancellationToken)
[2026-04-28 18:16:21.373 +01:00] [ERR] [36] MediaBrowser.Controller.Entities.BaseItem: Error retrieving children
System.UnauthorizedAccessException: Access to the path '/movies/._Lawrence of Arabia 1962 UHD BluRay 2160p HDR10 DV HEVC TrueHD Atmos 7.1 x265-E' is denied.
 ---> System.IO.IOException: Operation not permitted
   --- End of inner exception stack trace ---
   at System.IO.FileSystemInfo.Create(String fullPath, String fileName, Boolean asDirectory, FileStatus& fileStatus)
   at System.IO.Enumeration.FileSystemEnumerable`1.DelegateEnumerator.TransformEntry(FileSystemEntry& entry)
   at System.IO.Enumeration.FileSystemEnumerator`1.MoveNext()
   at System.Linq.Enumerable.IEnumerableSelectIterator`2.ToArray()
   at MediaBrowser.Controller.Providers.DirectoryService.<>c.<GetFileSystemEntries>b__5_0(String p, IFileSystem fileSystem)
   at System.Collections.Concurrent.ConcurrentDictionary`2.GetOrAdd[TArg](TKey key, Func`3 valueFactory, TArg factoryArgument)
   at MediaBrowser.Controller.Providers.DirectoryService.GetFileSystemEntries(String path)
   at MediaBrowser.Controller.Entities.BaseItem.GetFileSystemChildren(IDirectoryService directoryService)
   at MediaBrowser.Controller.Entities.Folder.GetNonCachedChildren(IDirectoryService directoryService)
   at MediaBrowser.Controller.Entities.Folder.ValidateChildrenInternal2(IProgress`1 progress, Boolean recursive, Boolean refreshChildMetadata, Boolean allowRemoveRoot, MetadataRefreshOptions refreshOptions, IDirectoryService directoryService, CancellationToken cancellationToken)
[2026-04-28 18:16:25.080 +01:00] [INF] [38] Jellyfin.Server.Implementations.Users.UserManager: Authentication request for "bill" has succeeded.
[2026-04-28 18:16:25.080 +01:00] [INF] [38] Emby.Server.Implementations.Session.SessionManager: Current/Max sessions for user "bill": 1/0
[2026-04-28 18:16:25.080 +01:00] [INF] [38] Emby.Server.Implementations.Session.SessionManager: Logging out access token "47a6e38a21bf4c5fbd78af8b0814569f"
[2026-04-28 18:16:25.082 +01:00] [INF] [38] Emby.Server.Implementations.Session.SessionManager: Creating new access token for user dd66cf8d-c616-4ca1-b2c2-6df5ba8890ef
[2026-04-28 18:16:30.109 +01:00] [INF] [36] Jellyfin.Server.Implementations.Users.UserManager: Authentication request for "bill" has succeeded.
[2026-04-28 18:16:30.109 +01:00] [INF] [36] Emby.Server.Implementations.Session.SessionManager: Current/Max sessions for user "bill": 1/0
[2026-04-28 18:16:30.109 +01:00] [INF] [36] Emby.Server.Implementations.Session.SessionManager: Logging out access token "4cf7091d167e46bb94d9ba1d936d3a6c"
[2026-04-28 18:16:30.111 +01:00] [INF] [36] Emby.Server.Implementations.Session.SessionManager: Creating new access token for user dd66cf8d-c616-4ca1-b2c2-6df5ba8890ef
[2026-04-28 18:16:35.106 +01:00] [INF] [36] Jellyfin.Server.Implementations.Users.UserManager: Authentication request for "bill" has succeeded.
[2026-04-28 18:16:35.106 +01:00] [INF] [36] Emby.Server.Implementations.Session.SessionManager: Current/Max sessions for user "bill": 1/0
[2026-04-28 18:16:35.106 +01:00] [INF] [36] Emby.Server.Implementations.Session.SessionManager: Logging out access token "7afcf297f60344a8abb1c625a9d6fe08"
[2026-04-28 18:16:35.108 +01:00] [INF] [36] Emby.Server.Implementations.Session.SessionManager: Creating new access token for user dd66cf8d-c616-4ca1-b2c2-6df5ba8890ef
[2026-04-28 18:16:40.102 +01:00] [INF] [36] Jellyfin.Server.Implementations.Users.UserManager: Authentication request for "bill" has succeeded.
[2026-04-28 18:16:40.102 +01:00] [INF] [36] Emby.Server.Implementations.Session.SessionManager: Current/Max sessions for user "bill": 1/0
[2026-04-28 18:16:40.102 +01:00] [INF] [36] Emby.Server.Implementations.Session.SessionManager: Logging out access token "c1904d1f52b645709a295e50559e1c76"
[2026-04-28 18:16:40.103 +01:00] [INF] [36] Emby.Server.Implementations.Session.SessionManager: Creating new access token for user dd66cf8d-c616-4ca1-b2c2-6df5ba8890ef
[2026-04-28 18:16:45.100 +01:00] [INF] [36] Jellyfin.Server.Implementations.Users.UserManager: Authentication request for "bill" has succeeded.
[2026-04-28 18:16:45.100 +01:00] [INF] [36] Emby.Server.Implementations.Session.SessionManager: Current/Max sessions for user "bill": 1/0
[2026-04-28 18:16:45.100 +01:00] [INF] [36] Emby.Server.Implementations.Session.SessionManager: Logging out access token "df3b3aa2dee54497969e7bd210393ca8"
[2026-04-28 18:16:45.102 +01:00] [INF] [36] Emby.Server.Implementations.Session.SessionManager: Creating new access token for user dd66cf8d-c616-4ca1-b2c2-6df5ba8890ef
[2026-04-28 18:16:50.098 +01:00] [INF] [38] Jellyfin.Server.Implementations.Users.UserManager: Authentication request for "bill" has succeeded.
[2026-04-28 18:16:50.098 +01:00] [INF] [38] Emby.Server.Implementations.Session.SessionManager: Current/Max sessions for user "bill": 1/0
[2026-04-28 18:16:50.098 +01:00] [INF] [38] Emby.Server.Implementations.Session.SessionManager: Logging out access token "f37d6fe6198a443db38c4b22dd5d7dc8"
[2026-04-28 18:16:50.100 +01:00] [INF] [38] Emby.Server.Implementations.Session.SessionManager: Creating new access token for user dd66cf8d-c616-4ca1-b2c2-6df5ba8890ef
[2026-04-28 18:16:55.107 +01:00] [INF] [36] Jellyfin.Server.Implementations.Users.UserManager: Authentication request for "bill" has succeeded.
[2026-04-28 18:16:55.108 +01:00] [INF] [36] Emby.Server.Implementations.Session.SessionManager: Current/Max sessions for user "bill": 1/0
[2026-04-28 18:16:55.108 +01:00] [INF] [36] Emby.Server.Implementations.Session.SessionManager: Logging out access token "af00fd579f0949d68b20b1d114fa23b6"
[2026-04-28 18:16:55.109 +01:00] [INF] [36] Emby.Server.Implementations.Session.SessionManager: Creating new access token for user dd66cf8d-c616-4ca1-b2c2-6df5ba8890ef
[2026-04-28 18:17:00.126 +01:00] [INF] [36] Jellyfin.Server.Implementations.Users.UserManager: Authentication request for "bill" has succeeded.
[2026-04-28 18:17:00.126 +01:00] [INF] [36] Emby.Server.Implementations.Session.SessionManager: Current/Max sessions for user "bill": 1/0
[2026-04-28 18:17:00.126 +01:00] [INF] [36] Emby.Server.Implementations.Session.SessionManager: Logging out access token "0074867fc1954e53860af621eb57ee99"
[2026-04-28 18:17:00.127 +01:00] [INF] [36] Emby.Server.Implementations.Session.SessionManager: Creating new access token for user dd66cf8d-c616-4ca1-b2c2-6df5ba8890ef
[2026-04-28 18:17:05.103 +01:00] [INF] [36] Jellyfin.Server.Implementations.Users.UserManager: Authentication request for "bill" has succeeded.
[2026-04-28 18:17:05.103 +01:00] [INF] [36] Emby.Server.Implementations.Session.SessionManager: Current/Max sessions for user "bill": 1/0
[2026-04-28 18:17:05.103 +01:00] [INF] [36] Emby.Server.Implementations.Session.SessionManager: Logging out access token "23a0e605c6034ccebfb8af62d762de73"
[2026-04-28 18:17:05.105 +01:00] [INF] [36] Emby.Server.Implementations.Session.SessionManager: Creating new access token for user dd66cf8d-c616-4ca1-b2c2-6df5ba8890ef
[2026-04-28 18:17:10.101 +01:00] [INF] [38] Jellyfin.Server.Implementations.Users.UserManager: Authentication request for "bill" has succeeded.
[2026-04-28 18:17:10.101 +01:00] [INF] [38] Emby.Server.Implementations.Session.SessionManager: Current/Max sessions for user "bill": 1/0
[2026-04-28 18:17:10.101 +01:00] [INF] [38] Emby.Server.Implementations.Session.SessionManager: Logging out access token "3257343f7a624d52a701598207b4ac9a"
[2026-04-28 18:17:10.102 +01:00] [INF] [38] Emby.Server.Implementations.Session.SessionManager: Creating new access token for user dd66cf8d-c616-4ca1-b2c2-6df5ba8890ef
[2026-04-28 18:17:15.094 +01:00] [INF] [38] Jellyfin.Server.Implementations.Users.UserManager: Authentication request for "bill" has succeeded.
[2026-04-28 18:17:15.094 +01:00] [INF] [38] Emby.Server.Implementations.Session.SessionManager: Current/Max sessions for user "bill": 1/0
[2026-04-28 18:17:15.094 +01:00] [INF] [38] Emby.Server.Implementations.Session.SessionManager: Logging out access token "1609a27a73e34d0091124ec075b2ac67"
[2026-04-28 18:17:15.095 +01:00] [INF] [38] Emby.Server.Implementations.Session.SessionManager: Creating new access token for user dd66cf8d-c616-4ca1-b2c2-6df5ba8890ef
[2026-04-28 18:17:20.119 +01:00] [INF] [36] Jellyfin.Server.Implementations.Users.UserManager: Authentication request for "bill" has succeeded.
[2026-04-28 18:17:20.119 +01:00] [INF] [36] Emby.Server.Implementations.Session.SessionManager: Current/Max sessions for user "bill": 1/0
[2026-04-28 18:17:20.119 +01:00] [INF] [36] Emby.Server.Implementations.Session.SessionManager: Logging out access token "957d4015feee4926a8ef6518f51489a8"
[2026-04-28 18:17:20.121 +01:00] [INF] [36] Emby.Server.Implementations.Session.SessionManager: Creating new access token for user dd66cf8d-c616-4ca1-b2c2-6df5ba8890ef
[2026-04-28 18:17:25.091 +01:00] [INF] [35] Jellyfin.Server.Implementations.Users.UserManager: Authentication request for "bill" has succeeded.
[2026-04-28 18:17:25.091 +01:00] [INF] [35] Emby.Server.Implementations.Session.SessionManager: Current/Max sessions for user "bill": 1/0
[2026-04-28 18:17:25.091 +01:00] [INF] [35] Emby.Server.Implementations.Session.SessionManager: Logging out access token "2797836e427d41d094e0e9e07045b5b2"
[2026-04-28 18:17:25.093 +01:00] [INF] [35] Emby.Server.Implementations.Session.SessionManager: Creating new access token for user dd66cf8d-c616-4ca1-b2c2-6df5ba8890ef
[2026-04-28 18:17:30.113 +01:00] [INF] [38] Jellyfin.Server.Implementations.Users.UserManager: Authentication request for "bill" has succeeded.
[2026-04-28 18:17:30.113 +01:00] [INF] [38] Emby.Server.Implementations.Session.SessionManager: Current/Max sessions for user "bill": 1/0
[2026-04-28 18:17:30.113 +01:00] [INF] [38] Emby.Server.Implementations.Session.SessionManager: Logging out access token "20331cbfe88942ddba5d98a4f21105ae"
[2026-04-28 18:17:30.114 +01:00] [INF] [38] Emby.Server.Implementations.Session.SessionManager: Creating new access token for user dd66cf8d-c616-4ca1-b2c2-6df5ba8890ef
[2026-04-28 18:17:35.099 +01:00] [INF] [35] Jellyfin.Server.Implementations.Users.UserManager: Authentication request for "bill" has succeeded.
[2026-04-28 18:17:35.099 +01:00] [INF] [35] Emby.Server.Implementations.Session.SessionManager: Current/Max sessions for user "bill": 1/0
[2026-04-28 18:17:35.099 +01:00] [INF] [35] Emby.Server.Implementations.Session.SessionManager: Logging out access token "cabd8272838441ef868b26f9d895f7af"
[2026-04-28 18:17:35.101 +01:00] [INF] [35] Emby.Server.Implementations.Session.SessionManager: Creating new access token for user dd66cf8d-c616-4ca1-b2c2-6df5ba8890ef
[2026-04-28 18:17:40.109 +01:00] [INF] [38] Jellyfin.Server.Implementations.Users.UserManager: Authentication request for "bill" has succeeded.
[2026-04-28 18:17:40.109 +01:00] [INF] [38] Emby.Server.Implementations.Session.SessionManager: Current/Max sessions for user "bill": 1/0
[2026-04-28 18:17:40.109 +01:00] [INF] [38] Emby.Server.Implementations.Session.SessionManager: Logging out access token "54fb1451b0db49018beecbfe190e1ba3"
[2026-04-28 18:17:40.111 +01:00] [INF] [38] Emby.Server.Implementations.Session.SessionManager: Creating new access token for user dd66cf8d-c616-4ca1-b2c2-6df5ba8890ef
[2026-04-28 18:17:45.089 +01:00] [INF] [38] Jellyfin.Server.Implementations.Users.UserManager: Authentication request for "bill" has succeeded.
[2026-04-28 18:17:45.089 +01:00] [INF] [38] Emby.Server.Implementations.Session.SessionManager: Current/Max sessions for user "bill": 1/0
[2026-04-28 18:17:45.089 +01:00] [INF] [38] Emby.Server.Implementations.Session.SessionManager: Logging out access token "16be365bf61445609b3ff2af1735371a"
[2026-04-28 18:17:45.090 +01:00] [INF] [38] Emby.Server.Implementations.Session.SessionManager: Creating new access token for user dd66cf8d-c616-4ca1-b2c2-6df5ba8890ef
[2026-04-28 18:17:50.097 +01:00] [INF] [35] Jellyfin.Server.Implementations.Users.UserManager: Authentication request for "bill" has succeeded.
[2026-04-28 18:17:50.097 +01:00] [INF] [35] Emby.Server.Implementations.Session.SessionManager: Current/Max sessions for user "bill": 1/0
[2026-04-28 18:17:50.097 +01:00] [INF] [35] Emby.Server.Implementations.Session.SessionManager: Logging out access token "9359b0be0ea746e2b82318d9814a4c1e"
[2026-04-28 18:17:50.099 +01:00] [INF] [35] Emby.Server.Implementations.Session.SessionManager: Creating new access token for user dd66cf8d-c616-4ca1-b2c2-6df5ba8890ef
[2026-04-28 18:17:55.091 +01:00] [INF] [35] Jellyfin.Server.Implementations.Users.UserManager: Authentication request for "bill" has succeeded.
[2026-04-28 18:17:55.091 +01:00] [INF] [35] Emby.Server.Implementations.Session.SessionManager: Current/Max sessions for user "bill": 1/0
[2026-04-28 18:17:55.091 +01:00] [INF] [35] Emby.Server.Implementations.Session.SessionManager: Logging out access token "7dec6209c6644affb148210384bd388e"
[2026-04-28 18:17:55.092 +01:00] [INF] [35] Emby.Server.Implementations.Session.SessionManager: Creating new access token for user dd66cf8d-c616-4ca1-b2c2-6df5ba8890ef
[2026-04-28 18:18:00.122 +01:00] [INF] [38] Jellyfin.Server.Implementations.Users.UserManager: Authentication request for "bill" has succeeded.
[2026-04-28 18:18:00.122 +01:00] [INF] [38] Emby.Server.Implementations.Session.SessionManager: Current/Max sessions for user "bill": 1/0
[2026-04-28 18:18:00.122 +01:00] [INF] [38] Emby.Server.Implementations.Session.SessionManager: Logging out access token "d747839175bd4a868c377663809d3ff6"
[2026-04-28 18:18:00.123 +01:00] [INF] [38] Emby.Server.Implementations.Session.SessionManager: Creating new access token for user dd66cf8d-c616-4ca1-b2c2-6df5ba8890ef
[2026-04-28 18:18:05.092 +01:00] [INF] [35] Jellyfin.Server.Implementations.Users.UserManager: Authentication request for "bill" has succeeded.
[2026-04-28 18:18:05.092 +01:00] [INF] [35] Emby.Server.Implementations.Session.SessionManager: Current/Max sessions for user "bill": 1/0
[2026-04-28 18:18:05.092 +01:00] [INF] [35] Emby.Server.Implementations.Session.SessionManager: Logging out access token "11daf9509cd840e693ca91933d10a24e"
[2026-04-28 18:18:05.094 +01:00] [INF] [35] Emby.Server.Implementations.Session.SessionManager: Creating new access token for user dd66cf8d-c616-4ca1-b2c2-6df5ba8890ef
[2026-04-28 18:18:10.096 +01:00] [INF] [38] Jellyfin.Server.Implementations.Users.UserManager: Authentication request for "bill" has succeeded.
[2026-04-28 18:18:10.097 +01:00] [INF] [38] Emby.Server.Implementations.Session.SessionManager: Current/Max sessions for user "bill": 1/0
[2026-04-28 18:18:10.097 +01:00] [INF] [38] Emby.Server.Implementations.Session.SessionManager: Logging out access token "4c4e40c230fe487bb524fe48d9f37384"
[2026-04-28 18:18:10.098 +01:00] [INF] [38] Emby.Server.Implementations.Session.SessionManager: Creating new access token for user dd66cf8d-c616-4ca1-b2c2-6df5ba8890ef
[2026-04-28 23:35:53.005 +01:00] [INF] [1] Emby.Server.Implementations.AppBase.BaseConfigurationManager: Setting cache path: "/config/cache"
[2026-04-28 23:35:53.197 +01:00] [INF] [10] Jellyfin.Server.ServerSetupApp.SetupServer: Kestrel is listening on "all interfaces"
[2026-04-28 23:35:53.211 +01:00] [INF] [10] Main: Jellyfin version: "10.11.8"
[2026-04-28 23:35:53.213 +01:00] [INF] [10] Main: Environment Variables: ["[JELLYFIN_LOG_DIR, /config/log]", "[JELLYFIN_DATA_DIR, /config/data]", "[JELLYFIN_WEB_DIR, /usr/share/jellyfin/web]", "[JELLYFIN_CONFIG_DIR, /config]", "[JELLYFIN_CACHE_DIR, /config/cache]"]
[2026-04-28 23:35:53.214 +01:00] [INF] [10] Main: Arguments: ["/usr/lib/jellyfin/bin/jellyfin.dll", "--ffmpeg=/usr/lib/jellyfin-ffmpeg/ffmpeg"]
[2026-04-28 23:35:53.214 +01:00] [INF] [10] Main: Operating system: "Ubuntu 24.04.4 LTS"
[2026-04-28 23:35:53.214 +01:00] [INF] [10] Main: Architecture: Arm64
[2026-04-28 23:35:53.214 +01:00] [INF] [10] Main: 64-Bit Process: True
[2026-04-28 23:35:53.214 +01:00] [INF] [10] Main: User Interactive: True
[2026-04-28 23:35:53.214 +01:00] [INF] [10] Main: Processor count: 16
[2026-04-28 23:35:53.214 +01:00] [INF] [10] Main: Program data path: "/config/data"
[2026-04-28 23:35:53.214 +01:00] [INF] [10] Main: Log directory path: "/config/log"
[2026-04-28 23:35:53.214 +01:00] [INF] [10] Main: Config directory path: "/config"
[2026-04-28 23:35:53.214 +01:00] [INF] [10] Main: Cache path: "/config/cache"
[2026-04-28 23:35:53.214 +01:00] [INF] [10] Main: Temp directory path: "/tmp/jellyfin"
[2026-04-28 23:35:53.214 +01:00] [INF] [10] Main: Web resources path: "/usr/share/jellyfin/web"
[2026-04-28 23:35:53.214 +01:00] [INF] [10] Main: Application directory: "/usr/lib/jellyfin/bin/"
[2026-04-28 23:35:53.252 +01:00] [INF] [10] Jellyfin.Server.Startup: Storage path `"/config/data/data"` (Unknown) successfully checked with "11.8TiB" free which is over the minimum of "2GiB".
[2026-04-28 23:35:53.280 +01:00] [INF] [10] Jellyfin.Server.Startup: Storage path `"/config/cache"` (Unknown) successfully checked with "11.8TiB" free which is over the minimum of "2GiB".
[2026-04-28 23:35:53.281 +01:00] [INF] [10] Jellyfin.Server.Startup: Storage path `"/config/data"` (Unknown) successfully checked with "11.8TiB" free which is over the minimum of "2GiB".
[2026-04-28 23:35:53.284 +01:00] [INF] [10] Emby.Server.Implementations.AppBase.BaseConfigurationManager: Setting cache path: "/config/cache"
[2026-04-28 23:35:53.383 +01:00] [INF] [10] Jellyfin.Database.Providers.Sqlite.SqliteDatabaseProvider: SQLite connection string: "Data Source=/config/data/data/jellyfin.db;Cache=Default;Default Timeout=30;Pooling=True"
[2026-04-28 23:35:53.386 +01:00] [INF] [10] Jellyfin.Database.Providers.Sqlite.SqliteDatabaseProvider: SQLITE connection pragma command set to: 
"PRAGMA locking_mode=NORMAL;
PRAGMA journal_size_limit=134217728;
PRAGMA synchronous=1;
PRAGMA temp_store=2;
"
[2026-04-28 23:35:53.387 +01:00] [INF] [10] Jellyfin.Database.Implementations.Locking.NoLockBehavior: The database locking mode has been set to: NoLock.
[2026-04-28 23:35:53.414 +01:00] [INF] [10] Jellyfin.Server.Migrations.JellyfinMigrationService: Initialise Migration service.
[2026-04-28 23:35:53.830 +01:00] [INF] [10] Jellyfin.Server.Migrations.JellyfinMigrationService: There are 0 migrations for stage PreInitialisation.
[2026-04-28 23:35:53.863 +01:00] [INF] [10] Emby.Server.Implementations.AppBase.BaseConfigurationManager: Setting cache path: "/config/cache"
[2026-04-28 23:35:54.054 +01:00] [WRN] [7] Microsoft.Extensions.Diagnostics.HealthChecks.DefaultHealthCheckService: Health check "StartupCheck" with status Degraded completed after 0.4204ms with message '"Server is still starting up."'
[2026-04-28 23:35:55.076 +01:00] [WRN] [17] Microsoft.Extensions.Diagnostics.HealthChecks.DefaultHealthCheckService: Health check "StartupCheck" with status Degraded completed after 0.0224ms with message '"Server is still starting up."'
[2026-04-28 23:35:56.087 +01:00] [WRN] [17] Microsoft.Extensions.Diagnostics.HealthChecks.DefaultHealthCheckService: Health check "StartupCheck" with status Degraded completed after 0.0023ms with message '"Server is still starting up."'
[2026-04-28 23:35:57.115 +01:00] [WRN] [9] Microsoft.Extensions.Diagnostics.HealthChecks.DefaultHealthCheckService: Health check "StartupCheck" with status Degraded completed after 0.0031ms with message '"Server is still starting up."'
[2026-04-28 23:35:58.127 +01:00] [WRN] [17] Microsoft.Extensions.Diagnostics.HealthChecks.DefaultHealthCheckService: Health check "StartupCheck" with status Degraded completed after 0.0032ms with message '"Server is still starting up."'
[2026-04-28 23:35:59.134 +01:00] [WRN] [9] Microsoft.Extensions.Diagnostics.HealthChecks.DefaultHealthCheckService: Health check "StartupCheck" with status Degraded completed after 0.0028ms with message '"Server is still starting up."'
[2026-04-28 23:36:00.143 +01:00] [WRN] [17] Microsoft.Extensions.Diagnostics.HealthChecks.DefaultHealthCheckService: Health check "StartupCheck" with status Degraded completed after 0.0025ms with message '"Server is still starting up."'
[2026-04-28 23:36:01.152 +01:00] [WRN] [7] Microsoft.Extensions.Diagnostics.HealthChecks.DefaultHealthCheckService: Health check "StartupCheck" with status Degraded completed after 0.0031ms with message '"Server is still starting up."'
[2026-04-28 23:36:02.160 +01:00] [WRN] [7] Microsoft.Extensions.Diagnostics.HealthChecks.DefaultHealthCheckService: Health check "StartupCheck" with status Degraded completed after 0.0041ms with message '"Server is still starting up."'
[2026-04-28 23:36:02.262 +01:00] [INF] [10] Emby.Server.Implementations.ApplicationHost: Loading assemblies
[2026-04-28 23:36:02.274 +01:00] [INF] [10] Emby.Server.Implementations.Plugins.PluginManager: Loaded assembly "MetaBrainz.MusicBrainz.CoverArt, Version=6.0.0.0, Culture=neutral, PublicKeyToken=be12cbb629c03021" from "/config/data/plugins/Cover Art Archive_9.0.0.0/MetaBrainz.MusicBrainz.CoverArt.dll"
[2026-04-28 23:36:02.274 +01:00] [INF] [10] Emby.Server.Implementations.Plugins.PluginManager: Loaded assembly "Jellyfin.Plugin.CoverArtArchive, Version=9.0.0.0, Culture=neutral, PublicKeyToken=null" from "/config/data/plugins/Cover Art Archive_9.0.0.0/Jellyfin.Plugin.CoverArtArchive.dll"
[2026-04-28 23:36:02.275 +01:00] [INF] [10] Emby.Server.Implementations.Plugins.PluginManager: Loaded assembly "MetaBrainz.Common.Json, Version=6.0.0.0, Culture=neutral, PublicKeyToken=be12cbb629c03021" from "/config/data/plugins/Cover Art Archive_9.0.0.0/MetaBrainz.Common.Json.dll"
[2026-04-28 23:36:02.277 +01:00] [INF] [10] Emby.Server.Implementations.Plugins.PluginManager: Loaded assembly "Jellyfin.Plugin.TMDbBoxSets, Version=12.0.0.0, Culture=neutral, PublicKeyToken=null" from "/config/data/plugins/TMDb Box Sets_12.0.0.0/Jellyfin.Plugin.TMDbBoxSets.dll"
[2026-04-28 23:36:02.295 +01:00] [INF] [10] Jellyfin.Networking.Manager.NetworkManager: Defined LAN subnets: ["::1/128", "fe80::/10", "fc00::/7", "127.0.0.1/8", "10.0.0.0/8", "172.16.0.0/12", "192.168.0.0/16"]
[2026-04-28 23:36:02.296 +01:00] [INF] [10] Jellyfin.Networking.Manager.NetworkManager: Defined LAN exclusions: []
[2026-04-28 23:36:02.297 +01:00] [INF] [10] Jellyfin.Networking.Manager.NetworkManager: Used LAN subnets: ["::1/128", "fe80::/10", "fc00::/7", "127.0.0.1/8", "10.0.0.0/8", "172.16.0.0/12", "192.168.0.0/16"]
[2026-04-28 23:36:02.297 +01:00] [INF] [10] Jellyfin.Networking.Manager.NetworkManager: Filtered interface addresses: []
[2026-04-28 23:36:02.297 +01:00] [INF] [10] Jellyfin.Networking.Manager.NetworkManager: Bind Addresses ["::"]
[2026-04-28 23:36:02.297 +01:00] [INF] [10] Jellyfin.Networking.Manager.NetworkManager: Remote IP filter is "Allowlist"
[2026-04-28 23:36:02.297 +01:00] [INF] [10] Jellyfin.Networking.Manager.NetworkManager: Filtered subnets: []
[2026-04-28 23:36:02.395 +01:00] [INF] [10] Jellyfin.Database.Providers.Sqlite.SqliteDatabaseProvider: SQLite connection string: "Data Source=/config/data/data/jellyfin.db;Cache=Default;Default Timeout=30;Pooling=True"
[2026-04-28 23:36:02.395 +01:00] [INF] [10] Jellyfin.Database.Providers.Sqlite.SqliteDatabaseProvider: SQLITE connection pragma command set to: 
"PRAGMA locking_mode=NORMAL;
PRAGMA journal_size_limit=134217728;
PRAGMA synchronous=1;
PRAGMA temp_store=2;
"
[2026-04-28 23:36:02.395 +01:00] [INF] [10] Jellyfin.Database.Implementations.Locking.NoLockBehavior: The database locking mode has been set to: NoLock.
[2026-04-28 23:36:02.407 +01:00] [INF] [10] Main: Prepare system for possible migrations
[2026-04-28 23:36:02.428 +01:00] [INF] [10] Jellyfin.Server.Migrations.JellyfinMigrationService: There are 0 migrations for stage CoreInitialisation.
[2026-04-28 23:36:02.743 +01:00] [INF] [10] Emby.Server.Implementations.Plugins.PluginManager: Loaded plugin: "Cover Art Archive" "9.0.0.0"
[2026-04-28 23:36:02.744 +01:00] [INF] [10] Emby.Server.Implementations.Plugins.PluginManager: Loaded plugin: "TMDb Box Sets" "12.0.0.0"
[2026-04-28 23:36:02.745 +01:00] [INF] [10] Emby.Server.Implementations.Plugins.PluginManager: Loaded plugin: "TMDb" "10.11.8.0"
[2026-04-28 23:36:02.745 +01:00] [INF] [10] Emby.Server.Implementations.Plugins.PluginManager: Loaded plugin: "Studio Images" "10.11.8.0"
[2026-04-28 23:36:02.745 +01:00] [INF] [10] Emby.Server.Implementations.Plugins.PluginManager: Loaded plugin: "OMDb" "10.11.8.0"
[2026-04-28 23:36:02.750 +01:00] [INF] [10] Emby.Server.Implementations.Plugins.PluginManager: Loaded plugin: "MusicBrainz" "10.11.8.0"
[2026-04-28 23:36:02.750 +01:00] [INF] [10] Emby.Server.Implementations.Plugins.PluginManager: Loaded plugin: "AudioDB" "10.11.8.0"
[2026-04-28 23:36:02.801 +01:00] [INF] [10] Jellyfin.Server.Migrations.JellyfinMigrationService: There are 0 migrations for stage AppInitialisation.
[2026-04-28 23:36:02.823 +01:00] [INF] [7] Main: Kestrel is listening on "all interfaces"
[2026-04-28 23:36:03.286 +01:00] [WRN] [7] Microsoft.AspNetCore.StaticFiles.StaticFileMiddleware: The WebRootPath was not found: "/run/s6-rc:s6-rc-init:dOjHcI/servicedirs/svc-jellyfin/wwwroot". Static files may be unavailable.
[2026-04-28 23:36:03.306 +01:00] [INF] [7] Emby.Server.Implementations.ApplicationHost: Running startup tasks
[2026-04-28 23:36:03.309 +01:00] [INF] [17] Emby.Server.Implementations.IO.LibraryMonitor: Watching directory "/media_local/shows"
[2026-04-28 23:36:03.316 +01:00] [INF] [7] Emby.Server.Implementations.ScheduledTasks.TaskManager: Daily trigger for "Generate Trickplay Images" set to fire at 2026-04-29 03:00:00.000 +01:00, which is 03:23:56.6830854 from now.
[2026-04-28 23:36:03.321 +01:00] [INF] [7] Emby.Server.Implementations.ScheduledTasks.TaskManager: Daily trigger for "Extract Chapter Images" set to fire at 2026-04-29 02:00:00.000 +01:00, which is 02:23:56.6783197 from now.
[2026-04-28 23:36:03.354 +01:00] [INF] [9] Emby.Server.Implementations.IO.LibraryMonitor: Watching directory "/media_local/movies"
[2026-04-28 23:36:03.594 +01:00] [INF] [7] MediaBrowser.MediaEncoding.Encoder.MediaEncoder: Found ffmpeg version "7.1.3"
[2026-04-28 23:36:03.660 +01:00] [INF] [7] MediaBrowser.MediaEncoding.Encoder.MediaEncoder: Available "decoders": ["libdav1d", "av1", "av1_cuvid", "av1_rkmpp", "h264", "h264_rkmpp", "h264_cuvid", "hevc", "hevc_rkmpp", "hevc_cuvid", "mpeg1_rkmpp", "mpeg2video", "mpeg2_rkmpp", "mpeg2_cuvid", "mpeg4", "mpeg4_rkmpp", "mpeg4_cuvid", "msmpeg4", "vc1_cuvid", "vp8", "vp8_rkmpp", "libvpx", "vp8_cuvid", "vp9", "vp9_rkmpp", "libvpx-vp9", "vp9_cuvid", "aac", "ac3", "ac4", "dca", "flac", "mp3", "truehd"]
[2026-04-28 23:36:03.691 +01:00] [INF] [7] MediaBrowser.MediaEncoding.Encoder.MediaEncoder: Available "encoders": ["libsvtav1", "av1_nvenc", "libx264", "h264_nvenc", "h264_v4l2m2m", "h264_rkmpp", "libx265", "hevc_nvenc", "hevc_rkmpp", "mjpeg_rkmpp", "aac", "libfdk_aac", "ac3", "alac", "dca", "flac", "libmp3lame", "libopus", "truehd", "libvorbis", "srt"]
[2026-04-28 23:36:03.749 +01:00] [INF] [7] MediaBrowser.MediaEncoding.Encoder.MediaEncoder: Available filters: ["bwdif_cuda", "bwdif_opencl", "hwupload_cuda", "overlay_opencl", "overlay_cuda", "overlay_rkrga", "scale_cuda", "scale_opencl", "scale_rkrga", "tonemapx", "tonemap_cuda", "tonemap_opencl", "transpose_cuda", "transpose_opencl", "vpp_rkrga", "yadif_cuda", "yadif_opencl", "zscale", "alphasrc"]
[2026-04-28 23:36:03.926 +01:00] [WRN] [7] MediaBrowser.MediaEncoding.Encoder.MediaEncoder: Filter: "overlay_vaapi" with option "Action to take when encountering EOF from secondary input" is not available
[2026-04-28 23:36:03.932 +01:00] [WRN] [7] MediaBrowser.MediaEncoding.Encoder.MediaEncoder: Filter: "overlay_vulkan" with option "Action to take when encountering EOF from secondary input" is not available
[2026-04-28 23:36:04.132 +01:00] [INF] [7] MediaBrowser.MediaEncoding.Encoder.MediaEncoder: Available hwaccel types: ["cuda", "drm", "opencl", "rkmpp"]
[2026-04-28 23:36:04.517 +01:00] [INF] [16] Emby.Server.Implementations.IO.LibraryMonitor: Watching directory "/movies"
[2026-04-28 23:36:06.373 +01:00] [INF] [25] Emby.Server.Implementations.ScheduledTasks.TaskManager: "Clean Transcode Directory" Completed after 0 minute(s) and 0 seconds
[2026-04-28 23:36:06.436 +01:00] [INF] [21] Emby.Server.Implementations.ScheduledTasks.TaskManager: "Clean up collections and playlists" Completed after 0 minute(s) and 0 seconds
[2026-04-28 23:36:08.266 +01:00] [INF] [17] Emby.Server.Implementations.ScheduledTasks.TaskManager: "Update Plugins" Completed after 0 minute(s) and 1 seconds
[2026-04-28 23:36:14.368 +01:00] [INF] [7] MediaBrowser.MediaEncoding.Encoder.MediaEncoder: FFmpeg: "/usr/lib/jellyfin-ffmpeg/ffmpeg"
[2026-04-28 23:36:14.369 +01:00] [INF] [7] Emby.Server.Implementations.ApplicationHost: ServerId: "e52bfaac3d6d4d919b57f5dab6e1f580"
[2026-04-28 23:36:14.369 +01:00] [INF] [7] Emby.Server.Implementations.ApplicationHost: Core startup complete
[2026-04-28 23:36:14.369 +01:00] [INF] [7] Main: Startup complete 0:00:33.433473
[2026-04-28 23:36:15.062 +01:00] [INF] [14] Emby.Server.Implementations.IO.LibraryMonitor: Watching directory "/shows"
[2026-04-28 23:36:15.253 +01:00] [INF] [9] Jellyfin.Server.Implementations.Users.UserManager: Authentication request for "bill" has succeeded.
[2026-04-28 23:36:15.253 +01:00] [INF] [9] Emby.Server.Implementations.Session.SessionManager: Current/Max sessions for user "bill": 0/0
[2026-04-28 23:36:15.255 +01:00] [INF] [9] Emby.Server.Implementations.Session.SessionManager: Logging out access token "009aac0b60d143779cd73ee247f99817"
[2026-04-28 23:36:15.384 +01:00] [INF] [9] Emby.Server.Implementations.Session.SessionManager: Creating new access token for user dd66cf8d-c616-4ca1-b2c2-6df5ba8890ef
[2026-04-28 23:36:15.685 +01:00] [ERR] [10] Emby.Server.Implementations.IO.LibraryMonitor: Error in Directory watcher for: "/audiobooks"
System.IO.PathTooLongException: The path '/audiobooks/The YouTube Formula [B09XY17D9S]' is too long, or a component of the specified path is too long.
   at System.IO.Enumeration.FileSystemEnumerator`1.MoveNext()
   at System.IO.FileSystemWatcher.RunningInstance.AddDirectoryWatchUnlocked(WatchedDirectory parent, String directoryName)
[2026-04-28 23:36:15.688 +01:00] [INF] [10] Emby.Server.Implementations.IO.LibraryMonitor: Stopping directory watching for path "/audiobooks"
[2026-04-28 23:36:17.763 +01:00] [INF] [10] Emby.Server.Implementations.IO.LibraryMonitor: Watching directory "/audiobooks"
[2026-04-28 23:36:20.109 +01:00] [INF] [9] Jellyfin.Server.Implementations.Users.UserManager: Authentication request for "bill" has succeeded.
[2026-04-28 23:36:20.109 +01:00] [INF] [9] Emby.Server.Implementations.Session.SessionManager: Current/Max sessions for user "bill": 1/0
[2026-04-28 23:36:20.109 +01:00] [INF] [9] Emby.Server.Implementations.Session.SessionManager: Logging out access token "51ac88a5a39a47509bfeaffd9514408b"
[2026-04-28 23:36:20.122 +01:00] [INF] [9] Emby.Server.Implementations.Session.SessionManager: Creating new access token for user dd66cf8d-c616-4ca1-b2c2-6df5ba8890ef
[2026-04-28 23:36:25.100 +01:00] [INF] [9] Jellyfin.Server.Implementations.Users.UserManager: Authentication request for "bill" has succeeded.
[2026-04-28 23:36:25.100 +01:00] [INF] [9] Emby.Server.Implementations.Session.SessionManager: Current/Max sessions for user "bill": 1/0
[2026-04-28 23:36:25.100 +01:00] [INF] [9] Emby.Server.Implementations.Session.SessionManager: Logging out access token "f70acbf4080e44759cd7fb5ce8bc780d"
[2026-04-28 23:36:25.102 +01:00] [INF] [9] Emby.Server.Implementations.Session.SessionManager: Creating new access token for user dd66cf8d-c616-4ca1-b2c2-6df5ba8890ef
[2026-04-28 23:36:30.097 +01:00] [INF] [7] Jellyfin.Server.Implementations.Users.UserManager: Authentication request for "bill" has succeeded.
[2026-04-28 23:36:30.097 +01:00] [INF] [7] Emby.Server.Implementations.Session.SessionManager: Current/Max sessions for user "bill": 1/0
[2026-04-28 23:36:30.097 +01:00] [INF] [7] Emby.Server.Implementations.Session.SessionManager: Logging out access token "0d164aadceb341e9b773131bf31993a1"
[2026-04-28 23:36:30.100 +01:00] [INF] [7] Emby.Server.Implementations.Session.SessionManager: Creating new access token for user dd66cf8d-c616-4ca1-b2c2-6df5ba8890ef
[2026-04-28 23:36:35.092 +01:00] [INF] [9] Jellyfin.Server.Implementations.Users.UserManager: Authentication request for "bill" has succeeded.
[2026-04-28 23:36:35.092 +01:00] [INF] [9] Emby.Server.Implementations.Session.SessionManager: Current/Max sessions for user "bill": 1/0
[2026-04-28 23:36:35.092 +01:00] [INF] [9] Emby.Server.Implementations.Session.SessionManager: Logging out access token "db5e4a4da5304da2a844ae713d22d669"
[2026-04-28 23:36:35.094 +01:00] [INF] [9] Emby.Server.Implementations.Session.SessionManager: Creating new access token for user dd66cf8d-c616-4ca1-b2c2-6df5ba8890ef
[2026-04-28 23:36:40.106 +01:00] [INF] [9] Jellyfin.Server.Implementations.Users.UserManager: Authentication request for "bill" has succeeded.
[2026-04-28 23:36:40.106 +01:00] [INF] [9] Emby.Server.Implementations.Session.SessionManager: Current/Max sessions for user "bill": 1/0
[2026-04-28 23:36:40.106 +01:00] [INF] [9] Emby.Server.Implementations.Session.SessionManager: Logging out access token "ae3efd8185c04cbfa6be72ac0fd81681"
[2026-04-28 23:36:40.109 +01:00] [INF] [9] Emby.Server.Implementations.Session.SessionManager: Creating new access token for user dd66cf8d-c616-4ca1-b2c2-6df5ba8890ef
[2026-04-28 23:36:45.091 +01:00] [INF] [10] Jellyfin.Server.Implementations.Users.UserManager: Authentication request for "bill" has succeeded.
[2026-04-28 23:36:45.091 +01:00] [INF] [10] Emby.Server.Implementations.Session.SessionManager: Current/Max sessions for user "bill": 1/0
[2026-04-28 23:36:45.091 +01:00] [INF] [10] Emby.Server.Implementations.Session.SessionManager: Logging out access token "75379c70575041b29739e6365d299bea"
[2026-04-28 23:36:45.094 +01:00] [INF] [10] Emby.Server.Implementations.Session.SessionManager: Creating new access token for user dd66cf8d-c616-4ca1-b2c2-6df5ba8890ef
[2026-04-28 23:36:50.090 +01:00] [INF] [14] Jellyfin.Server.Implementations.Users.UserManager: Authentication request for "bill" has succeeded.
[2026-04-28 23:36:50.090 +01:00] [INF] [14] Emby.Server.Implementations.Session.SessionManager: Current/Max sessions for user "bill": 1/0
[2026-04-28 23:36:50.090 +01:00] [INF] [14] Emby.Server.Implementations.Session.SessionManager: Logging out access token "7c6dd3d8c87e44f7b8455a03ffb131e8"
[2026-04-28 23:36:50.093 +01:00] [INF] [14] Emby.Server.Implementations.Session.SessionManager: Creating new access token for user dd66cf8d-c616-4ca1-b2c2-6df5ba8890ef
[2026-04-28 23:36:55.091 +01:00] [INF] [7] Jellyfin.Server.Implementations.Users.UserManager: Authentication request for "bill" has succeeded.
[2026-04-28 23:36:55.091 +01:00] [INF] [7] Emby.Server.Implementations.Session.SessionManager: Current/Max sessions for user "bill": 1/0
[2026-04-28 23:36:55.091 +01:00] [INF] [7] Emby.Server.Implementations.Session.SessionManager: Logging out access token "5993c899f1a0452089a002c9ba0e2791"
[2026-04-28 23:36:55.094 +01:00] [INF] [7] Emby.Server.Implementations.Session.SessionManager: Creating new access token for user dd66cf8d-c616-4ca1-b2c2-6df5ba8890ef
[2026-04-28 23:37:00.121 +01:00] [INF] [14] Jellyfin.Server.Implementations.Users.UserManager: Authentication request for "bill" has succeeded.
[2026-04-28 23:37:00.121 +01:00] [INF] [14] Emby.Server.Implementations.Session.SessionManager: Current/Max sessions for user "bill": 1/0
[2026-04-28 23:37:00.121 +01:00] [INF] [14] Emby.Server.Implementations.Session.SessionManager: Logging out access token "1fc2638f5c1f4b6697f2fb3ee9382e60"
[2026-04-28 23:37:00.123 +01:00] [INF] [14] Emby.Server.Implementations.Session.SessionManager: Creating new access token for user dd66cf8d-c616-4ca1-b2c2-6df5ba8890ef
[2026-04-28 23:37:05.091 +01:00] [INF] [14] Jellyfin.Server.Implementations.Users.UserManager: Authentication request for "bill" has succeeded.
[2026-04-28 23:37:05.091 +01:00] [INF] [14] Emby.Server.Implementations.Session.SessionManager: Current/Max sessions for user "bill": 1/0
[2026-04-28 23:37:05.091 +01:00] [INF] [14] Emby.Server.Implementations.Session.SessionManager: Logging out access token "ad76b33b3c374c33bde5fa45211e0224"
[2026-04-28 23:37:05.093 +01:00] [INF] [14] Emby.Server.Implementations.Session.SessionManager: Creating new access token for user dd66cf8d-c616-4ca1-b2c2-6df5ba8890ef
[2026-04-28 23:37:10.101 +01:00] [INF] [9] Jellyfin.Server.Implementations.Users.UserManager: Authentication request for "bill" has succeeded.
[2026-04-28 23:37:10.101 +01:00] [INF] [9] Emby.Server.Implementations.Session.SessionManager: Current/Max sessions for user "bill": 1/0
[2026-04-28 23:37:10.101 +01:00] [INF] [9] Emby.Server.Implementations.Session.SessionManager: Logging out access token "a1e4c16f40bf4c3e9751b8e7c18790a9"
[2026-04-28 23:37:10.105 +01:00] [INF] [9] Emby.Server.Implementations.Session.SessionManager: Creating new access token for user dd66cf8d-c616-4ca1-b2c2-6df5ba8890ef
[2026-04-28 23:37:15.096 +01:00] [INF] [14] Jellyfin.Server.Implementations.Users.UserManager: Authentication request for "bill" has succeeded.
[2026-04-28 23:37:15.096 +01:00] [INF] [14] Emby.Server.Implementations.Session.SessionManager: Current/Max sessions for user "bill": 1/0
[2026-04-28 23:37:15.096 +01:00] [INF] [14] Emby.Server.Implementations.Session.SessionManager: Logging out access token "203d7f24771740c88d98b43cf1f76919"
[2026-04-28 23:37:15.100 +01:00] [INF] [14] Emby.Server.Implementations.Session.SessionManager: Creating new access token for user dd66cf8d-c616-4ca1-b2c2-6df5ba8890ef
[2026-04-28 23:37:20.089 +01:00] [INF] [14] Jellyfin.Server.Implementations.Users.UserManager: Authentication request for "bill" has succeeded.
[2026-04-28 23:37:20.089 +01:00] [INF] [14] Emby.Server.Implementations.Session.SessionManager: Current/Max sessions for user "bill": 1/0
[2026-04-28 23:37:20.089 +01:00] [INF] [14] Emby.Server.Implementations.Session.SessionManager: Logging out access token "1bec92e6fc24417eaddc5ab5ef43bf06"
[2026-04-28 23:37:20.092 +01:00] [INF] [14] Emby.Server.Implementations.Session.SessionManager: Creating new access token for user dd66cf8d-c616-4ca1-b2c2-6df5ba8890ef
[2026-04-28 23:37:25.085 +01:00] [INF] [9] Jellyfin.Server.Implementations.Users.UserManager: Authentication request for "bill" has succeeded.
[2026-04-28 23:37:25.085 +01:00] [INF] [9] Emby.Server.Implementations.Session.SessionManager: Current/Max sessions for user "bill": 1/0
[2026-04-28 23:37:25.085 +01:00] [INF] [9] Emby.Server.Implementations.Session.SessionManager: Logging out access token "2b1b392d5b954598be099c10ac3c264c"
[2026-04-28 23:37:25.087 +01:00] [INF] [9] Emby.Server.Implementations.Session.SessionManager: Creating new access token for user dd66cf8d-c616-4ca1-b2c2-6df5ba8890ef
[2026-04-28 23:37:30.091 +01:00] [INF] [3] Jellyfin.Server.Implementations.Users.UserManager: Authentication request for "bill" has succeeded.
[2026-04-28 23:37:30.091 +01:00] [INF] [3] Emby.Server.Implementations.Session.SessionManager: Current/Max sessions for user "bill": 1/0
[2026-04-28 23:37:30.091 +01:00] [INF] [3] Emby.Server.Implementations.Session.SessionManager: Logging out access token "1cbfd9d9ec124e01a12f691b997eec61"
[2026-04-28 23:37:30.095 +01:00] [INF] [3] Emby.Server.Implementations.Session.SessionManager: Creating new access token for user dd66cf8d-c616-4ca1-b2c2-6df5ba8890ef
[2026-04-28 23:37:35.095 +01:00] [INF] [3] Jellyfin.Server.Implementations.Users.UserManager: Authentication request for "bill" has succeeded.
[2026-04-28 23:37:35.096 +01:00] [INF] [3] Emby.Server.Implementations.Session.SessionManager: Current/Max sessions for user "bill": 1/0
[2026-04-28 23:37:35.096 +01:00] [INF] [3] Emby.Server.Implementations.Session.SessionManager: Logging out access token "215884b5959047c9ae430d7a1e3fc70e"
[2026-04-28 23:37:35.098 +01:00] [INF] [3] Emby.Server.Implementations.Session.SessionManager: Creating new access token for user dd66cf8d-c616-4ca1-b2c2-6df5ba8890ef
[2026-04-28 23:37:40.102 +01:00] [INF] [9] Jellyfin.Server.Implementations.Users.UserManager: Authentication request for "bill" has succeeded.
[2026-04-28 23:37:40.102 +01:00] [INF] [9] Emby.Server.Implementations.Session.SessionManager: Current/Max sessions for user "bill": 1/0
[2026-04-28 23:37:40.102 +01:00] [INF] [9] Emby.Server.Implementations.Session.SessionManager: Logging out access token "db7d88ea022749eda44d8734d4e9b1a3"
[2026-04-28 23:37:40.104 +01:00] [INF] [9] Emby.Server.Implementations.Session.SessionManager: Creating new access token for user dd66cf8d-c616-4ca1-b2c2-6df5ba8890ef
[2026-04-28 23:37:45.088 +01:00] [INF] [3] Jellyfin.Server.Implementations.Users.UserManager: Authentication request for "bill" has succeeded.
[2026-04-28 23:37:45.088 +01:00] [INF] [3] Emby.Server.Implementations.Session.SessionManager: Current/Max sessions for user "bill": 1/0
[2026-04-28 23:37:45.088 +01:00] [INF] [3] Emby.Server.Implementations.Session.SessionManager: Logging out access token "d9204ac5e1f74319b0b55b363e33a110"
[2026-04-28 23:37:45.091 +01:00] [INF] [3] Emby.Server.Implementations.Session.SessionManager: Creating new access token for user dd66cf8d-c616-4ca1-b2c2-6df5ba8890ef
[2026-04-28 23:37:50.089 +01:00] [INF] [3] Jellyfin.Server.Implementations.Users.UserManager: Authentication request for "bill" has succeeded.
[2026-04-28 23:37:50.089 +01:00] [INF] [3] Emby.Server.Implementations.Session.SessionManager: Current/Max sessions for user "bill": 1/0
[2026-04-28 23:37:50.089 +01:00] [INF] [3] Emby.Server.Implementations.Session.SessionManager: Logging out access token "b36202cb0bf447a0ab6c1fb6583123fd"
[2026-04-28 23:37:50.092 +01:00] [INF] [3] Emby.Server.Implementations.Session.SessionManager: Creating new access token for user dd66cf8d-c616-4ca1-b2c2-6df5ba8890ef
[2026-04-28 23:37:55.093 +01:00] [INF] [3] Jellyfin.Server.Implementations.Users.UserManager: Authentication request for "bill" has succeeded.
[2026-04-28 23:37:55.093 +01:00] [INF] [3] Emby.Server.Implementations.Session.SessionManager: Current/Max sessions for user "bill": 1/0
[2026-04-28 23:37:55.093 +01:00] [INF] [3] Emby.Server.Implementations.Session.SessionManager: Logging out access token "54f7fb1006ca4ce798eed7e8568d3d32"
[2026-04-28 23:37:55.095 +01:00] [INF] [3] Emby.Server.Implementations.Session.SessionManager: Creating new access token for user dd66cf8d-c616-4ca1-b2c2-6df5ba8890ef
[2026-04-28 23:38:00.110 +01:00] [INF] [3] Jellyfin.Server.Implementations.Users.UserManager: Authentication request for "bill" has succeeded.
[2026-04-28 23:38:00.110 +01:00] [INF] [3] Emby.Server.Implementations.Session.SessionManager: Current/Max sessions for user "bill": 1/0
[2026-04-28 23:38:00.111 +01:00] [INF] [3] Emby.Server.Implementations.Session.SessionManager: Logging out access token "0b4b92e9b77b4b509b6e7027d66e37e5"
[2026-04-28 23:38:00.113 +01:00] [INF] [3] Emby.Server.Implementations.Session.SessionManager: Creating new access token for user dd66cf8d-c616-4ca1-b2c2-6df5ba8890ef
[2026-04-28 23:38:05.096 +01:00] [INF] [3] Jellyfin.Server.Implementations.Users.UserManager: Authentication request for "bill" has succeeded.
[2026-04-28 23:38:05.096 +01:00] [INF] [3] Emby.Server.Implementations.Session.SessionManager: Current/Max sessions for user "bill": 1/0
[2026-04-28 23:38:05.096 +01:00] [INF] [3] Emby.Server.Implementations.Session.SessionManager: Logging out access token "62277e29f6f04f44811a73fc45a6c880"
[2026-04-28 23:38:05.098 +01:00] [INF] [3] Emby.Server.Implementations.Session.SessionManager: Creating new access token for user dd66cf8d-c616-4ca1-b2c2-6df5ba8890ef
[2026-04-28 23:38:10.097 +01:00] [INF] [9] Jellyfin.Server.Implementations.Users.UserManager: Authentication request for "bill" has succeeded.
[2026-04-28 23:38:10.097 +01:00] [INF] [9] Emby.Server.Implementations.Session.SessionManager: Current/Max sessions for user "bill": 1/0
[2026-04-28 23:38:10.097 +01:00] [INF] [9] Emby.Server.Implementations.Session.SessionManager: Logging out access token "ee5592a17eed4ac191c70e32be3922ac"
[2026-04-28 23:38:10.100 +01:00] [INF] [9] Emby.Server.Implementations.Session.SessionManager: Creating new access token for user dd66cf8d-c616-4ca1-b2c2-6df5ba8890ef
[2026-04-28 23:38:15.096 +01:00] [INF] [7] Jellyfin.Server.Implementations.Users.UserManager: Authentication request for "bill" has succeeded.
[2026-04-28 23:38:15.096 +01:00] [INF] [7] Emby.Server.Implementations.Session.SessionManager: Current/Max sessions for user "bill": 1/0
[2026-04-28 23:38:15.096 +01:00] [INF] [7] Emby.Server.Implementations.Session.SessionManager: Logging out access token "b3e84848b9b44dc3b9ab8834cc810994"
[2026-04-28 23:38:15.099 +01:00] [INF] [7] Emby.Server.Implementations.Session.SessionManager: Creating new access token for user dd66cf8d-c616-4ca1-b2c2-6df5ba8890ef
[2026-04-28 23:38:20.098 +01:00] [INF] [7] Jellyfin.Server.Implementations.Users.UserManager: Authentication request for "bill" has succeeded.
[2026-04-28 23:38:20.098 +01:00] [INF] [7] Emby.Server.Implementations.Session.SessionManager: Current/Max sessions for user "bill": 1/0
[2026-04-28 23:38:20.098 +01:00] [INF] [7] Emby.Server.Implementations.Session.SessionManager: Logging out access token "30830386ea5148f4ace7647986f169e9"
[2026-04-28 23:38:20.101 +01:00] [INF] [7] Emby.Server.Implementations.Session.SessionManager: Creating new access token for user dd66cf8d-c616-4ca1-b2c2-6df5ba8890ef
[2026-04-28 23:38:25.090 +01:00] [INF] [30] Jellyfin.Server.Implementations.Users.UserManager: Authentication request for "bill" has succeeded.
[2026-04-28 23:38:25.090 +01:00] [INF] [30] Emby.Server.Implementations.Session.SessionManager: Current/Max sessions for user "bill": 1/0
[2026-04-28 23:38:25.090 +01:00] [INF] [30] Emby.Server.Implementations.Session.SessionManager: Logging out access token "408524db9f3143edacff69bfc928b836"
[2026-04-28 23:38:25.092 +01:00] [INF] [30] Emby.Server.Implementations.Session.SessionManager: Creating new access token for user dd66cf8d-c616-4ca1-b2c2-6df5ba8890ef
[2026-04-28 23:38:30.101 +01:00] [INF] [3] Jellyfin.Server.Implementations.Users.UserManager: Authentication request for "bill" has succeeded.
[2026-04-28 23:38:30.101 +01:00] [INF] [3] Emby.Server.Implementations.Session.SessionManager: Current/Max sessions for user "bill": 1/0
[2026-04-28 23:38:30.101 +01:00] [INF] [3] Emby.Server.Implementations.Session.SessionManager: Logging out access token "26c39419e3104aa18715e7b5a34e9ab6"
[2026-04-28 23:38:30.104 +01:00] [INF] [3] Emby.Server.Implementations.Session.SessionManager: Creating new access token for user dd66cf8d-c616-4ca1-b2c2-6df5ba8890ef
[2026-04-28 23:38:35.089 +01:00] [INF] [30] Jellyfin.Server.Implementations.Users.UserManager: Authentication request for "bill" has succeeded.
[2026-04-28 23:38:35.089 +01:00] [INF] [30] Emby.Server.Implementations.Session.SessionManager: Current/Max sessions for user "bill": 1/0
[2026-04-28 23:38:35.089 +01:00] [INF] [30] Emby.Server.Implementations.Session.SessionManager: Logging out access token "09ad979050cc4e3c9a60d17f55fecc34"
[2026-04-28 23:38:35.091 +01:00] [INF] [30] Emby.Server.Implementations.Session.SessionManager: Creating new access token for user dd66cf8d-c616-4ca1-b2c2-6df5ba8890ef
[2026-04-28 23:38:40.096 +01:00] [INF] [30] Jellyfin.Server.Implementations.Users.UserManager: Authentication request for "bill" has succeeded.
[2026-04-28 23:38:40.096 +01:00] [INF] [30] Emby.Server.Implementations.Session.SessionManager: Current/Max sessions for user "bill": 1/0
[2026-04-28 23:38:40.096 +01:00] [INF] [30] Emby.Server.Implementations.Session.SessionManager: Logging out access token "207b893e4051430b84ffe2ac119d2172"
[2026-04-28 23:38:40.098 +01:00] [INF] [30] Emby.Server.Implementations.Session.SessionManager: Creating new access token for user dd66cf8d-c616-4ca1-b2c2-6df5ba8890ef
[2026-04-28 23:38:45.092 +01:00] [INF] [30] Jellyfin.Server.Implementations.Users.UserManager: Authentication request for "bill" has succeeded.
[2026-04-28 23:38:45.092 +01:00] [INF] [30] Emby.Server.Implementations.Session.SessionManager: Current/Max sessions for user "bill": 1/0
[2026-04-28 23:38:45.092 +01:00] [INF] [30] Emby.Server.Implementations.Session.SessionManager: Logging out access token "b5a5fc4ba4fe4246803020adbbbf1e4d"
[2026-04-28 23:38:45.094 +01:00] [INF] [30] Emby.Server.Implementations.Session.SessionManager: Creating new access token for user dd66cf8d-c616-4ca1-b2c2-6df5ba8890ef
[2026-04-28 23:38:50.088 +01:00] [INF] [31] Jellyfin.Server.Implementations.Users.UserManager: Authentication request for "bill" has succeeded.
[2026-04-28 23:38:50.088 +01:00] [INF] [31] Emby.Server.Implementations.Session.SessionManager: Current/Max sessions for user "bill": 1/0
[2026-04-28 23:38:50.088 +01:00] [INF] [31] Emby.Server.Implementations.Session.SessionManager: Logging out access token "c4f2589d1f074800a88f776eb606ac61"
[2026-04-28 23:38:50.091 +01:00] [INF] [31] Emby.Server.Implementations.Session.SessionManager: Creating new access token for user dd66cf8d-c616-4ca1-b2c2-6df5ba8890ef
[2026-04-28 23:38:55.096 +01:00] [INF] [31] Jellyfin.Server.Implementations.Users.UserManager: Authentication request for "bill" has succeeded.
[2026-04-28 23:38:55.096 +01:00] [INF] [31] Emby.Server.Implementations.Session.SessionManager: Current/Max sessions for user "bill": 1/0
[2026-04-28 23:38:55.097 +01:00] [INF] [31] Emby.Server.Implementations.Session.SessionManager: Logging out access token "e799e3d61ed341559dea30b3b0a6dea5"
[2026-04-28 23:38:55.099 +01:00] [INF] [31] Emby.Server.Implementations.Session.SessionManager: Creating new access token for user dd66cf8d-c616-4ca1-b2c2-6df5ba8890ef
[2026-04-28 23:39:00.112 +01:00] [INF] [31] Jellyfin.Server.Implementations.Users.UserManager: Authentication request for "bill" has succeeded.
[2026-04-28 23:39:00.112 +01:00] [INF] [31] Emby.Server.Implementations.Session.SessionManager: Current/Max sessions for user "bill": 1/0
[2026-04-28 23:39:00.112 +01:00] [INF] [31] Emby.Server.Implementations.Session.SessionManager: Logging out access token "484228f24e4f44fb9db69a5f492d834d"
[2026-04-28 23:39:00.114 +01:00] [INF] [31] Emby.Server.Implementations.Session.SessionManager: Creating new access token for user dd66cf8d-c616-4ca1-b2c2-6df5ba8890ef
[2026-04-28 23:39:05.094 +01:00] [INF] [30] Jellyfin.Server.Implementations.Users.UserManager: Authentication request for "bill" has succeeded.
[2026-04-28 23:39:05.094 +01:00] [INF] [30] Emby.Server.Implementations.Session.SessionManager: Current/Max sessions for user "bill": 1/0
[2026-04-28 23:39:05.094 +01:00] [INF] [30] Emby.Server.Implementations.Session.SessionManager: Logging out access token "069d9b3f8ddf4194a2a5b308ec6c161f"
[2026-04-28 23:39:05.096 +01:00] [INF] [30] Emby.Server.Implementations.Session.SessionManager: Creating new access token for user dd66cf8d-c616-4ca1-b2c2-6df5ba8890ef
[2026-04-28 23:39:10.095 +01:00] [INF] [31] Jellyfin.Server.Implementations.Users.UserManager: Authentication request for "bill" has succeeded.
[2026-04-28 23:39:10.095 +01:00] [INF] [31] Emby.Server.Implementations.Session.SessionManager: Current/Max sessions for user "bill": 1/0
[2026-04-28 23:39:10.095 +01:00] [INF] [31] Emby.Server.Implementations.Session.SessionManager: Logging out access token "45f68dabbddb459d9b9f094b9bcf2140"
[2026-04-28 23:39:10.097 +01:00] [INF] [31] Emby.Server.Implementations.Session.SessionManager: Creating new access token for user dd66cf8d-c616-4ca1-b2c2-6df5ba8890ef
[2026-04-28 23:39:15.095 +01:00] [INF] [31] Jellyfin.Server.Implementations.Users.UserManager: Authentication request for "bill" has succeeded.
[2026-04-28 23:39:15.095 +01:00] [INF] [31] Emby.Server.Implementations.Session.SessionManager: Current/Max sessions for user "bill": 1/0
[2026-04-28 23:39:15.095 +01:00] [INF] [31] Emby.Server.Implementations.Session.SessionManager: Logging out access token "d9f66ceca30a4562bb180fb880489ea9"
[2026-04-28 23:39:15.098 +01:00] [INF] [31] Emby.Server.Implementations.Session.SessionManager: Creating new access token for user dd66cf8d-c616-4ca1-b2c2-6df5ba8890ef
[2026-04-28 23:39:20.100 +01:00] [INF] [18] Jellyfin.Server.Implementations.Users.UserManager: Authentication request for "bill" has succeeded.
[2026-04-28 23:39:20.101 +01:00] [INF] [18] Emby.Server.Implementations.Session.SessionManager: Current/Max sessions for user "bill": 1/0
[2026-04-28 23:39:20.101 +01:00] [INF] [18] Emby.Server.Implementations.Session.SessionManager: Logging out access token "ea3387df307b4531bec19f5f35ae1b7a"
[2026-04-28 23:39:20.102 +01:00] [INF] [18] Emby.Server.Implementations.Session.SessionManager: Creating new access token for user dd66cf8d-c616-4ca1-b2c2-6df5ba8890ef
[2026-04-28 23:39:25.085 +01:00] [INF] [30] Jellyfin.Server.Implementations.Users.UserManager: Authentication request for "bill" has succeeded.
[2026-04-28 23:39:25.085 +01:00] [INF] [30] Emby.Server.Implementations.Session.SessionManager: Current/Max sessions for user "bill": 1/0
[2026-04-28 23:39:25.085 +01:00] [INF] [30] Emby.Server.Implementations.Session.SessionManager: Logging out access token "f28d63fde4524c4f97ebf70268416463"
[2026-04-28 23:39:25.090 +01:00] [INF] [30] Emby.Server.Implementations.Session.SessionManager: Creating new access token for user dd66cf8d-c616-4ca1-b2c2-6df5ba8890ef
[2026-04-28 23:39:30.088 +01:00] [INF] [18] Jellyfin.Server.Implementations.Users.UserManager: Authentication request for "bill" has succeeded.
[2026-04-28 23:39:30.088 +01:00] [INF] [18] Emby.Server.Implementations.Session.SessionManager: Current/Max sessions for user "bill": 1/0
[2026-04-28 23:39:30.088 +01:00] [INF] [18] Emby.Server.Implementations.Session.SessionManager: Logging out access token "beca9c9a23484e9d90a7371de94b75dc"
[2026-04-28 23:39:30.090 +01:00] [INF] [18] Emby.Server.Implementations.Session.SessionManager: Creating new access token for user dd66cf8d-c616-4ca1-b2c2-6df5ba8890ef
[2026-04-28 23:39:35.095 +01:00] [INF] [30] Jellyfin.Server.Implementations.Users.UserManager: Authentication request for "bill" has succeeded.
[2026-04-28 23:39:35.095 +01:00] [INF] [30] Emby.Server.Implementations.Session.SessionManager: Current/Max sessions for user "bill": 1/0
[2026-04-28 23:39:35.095 +01:00] [INF] [30] Emby.Server.Implementations.Session.SessionManager: Logging out access token "189734beeb344abfaadfc2cb9d3deb83"
[2026-04-28 23:39:35.097 +01:00] [INF] [30] Emby.Server.Implementations.Session.SessionManager: Creating new access token for user dd66cf8d-c616-4ca1-b2c2-6df5ba8890ef
[2026-04-28 23:39:40.092 +01:00] [INF] [32] Jellyfin.Server.Implementations.Users.UserManager: Authentication request for "bill" has succeeded.
[2026-04-28 23:39:40.092 +01:00] [INF] [32] Emby.Server.Implementations.Session.SessionManager: Current/Max sessions for user "bill": 1/0
[2026-04-28 23:39:40.092 +01:00] [INF] [32] Emby.Server.Implementations.Session.SessionManager: Logging out access token "d520f1056a3c4261b5d2c8c0d63c7332"
[2026-04-28 23:39:40.094 +01:00] [INF] [32] Emby.Server.Implementations.Session.SessionManager: Creating new access token for user dd66cf8d-c616-4ca1-b2c2-6df5ba8890ef
[2026-04-28 23:39:45.092 +01:00] [INF] [32] Jellyfin.Server.Implementations.Users.UserManager: Authentication request for "bill" has succeeded.
[2026-04-28 23:39:45.092 +01:00] [INF] [32] Emby.Server.Implementations.Session.SessionManager: Current/Max sessions for user "bill": 1/0
[2026-04-28 23:39:45.092 +01:00] [INF] [32] Emby.Server.Implementations.Session.SessionManager: Logging out access token "3960e83bd11941a39bca40016c21c72c"
[2026-04-28 23:39:45.094 +01:00] [INF] [32] Emby.Server.Implementations.Session.SessionManager: Creating new access token for user dd66cf8d-c616-4ca1-b2c2-6df5ba8890ef
[2026-04-28 23:39:50.095 +01:00] [INF] [31] Jellyfin.Server.Implementations.Users.UserManager: Authentication request for "bill" has succeeded.
[2026-04-28 23:39:50.095 +01:00] [INF] [31] Emby.Server.Implementations.Session.SessionManager: Current/Max sessions for user "bill": 1/0
[2026-04-28 23:39:50.095 +01:00] [INF] [31] Emby.Server.Implementations.Session.SessionManager: Logging out access token "906779e0d95243409bbf73744e92f199"
[2026-04-28 23:39:50.096 +01:00] [INF] [31] Emby.Server.Implementations.Session.SessionManager: Creating new access token for user dd66cf8d-c616-4ca1-b2c2-6df5ba8890ef
[2026-04-28 23:39:55.093 +01:00] [INF] [30] Jellyfin.Server.Implementations.Users.UserManager: Authentication request for "bill" has succeeded.
[2026-04-28 23:39:55.093 +01:00] [INF] [30] Emby.Server.Implementations.Session.SessionManager: Current/Max sessions for user "bill": 1/0
[2026-04-28 23:39:55.093 +01:00] [INF] [30] Emby.Server.Implementations.Session.SessionManager: Logging out access token "e19656f0b2e74d3b835324e8b8161f88"
[2026-04-28 23:39:55.095 +01:00] [INF] [30] Emby.Server.Implementations.Session.SessionManager: Creating new access token for user dd66cf8d-c616-4ca1-b2c2-6df5ba8890ef
[2026-04-28 23:40:00.123 +01:00] [INF] [30] Jellyfin.Server.Implementations.Users.UserManager: Authentication request for "bill" has succeeded.
[2026-04-28 23:40:00.123 +01:00] [INF] [30] Emby.Server.Implementations.Session.SessionManager: Current/Max sessions for user "bill": 1/0
[2026-04-28 23:40:00.123 +01:00] [INF] [30] Emby.Server.Implementations.Session.SessionManager: Logging out access token "38a97c19338f417a966dce3fcbcb064c"
[2026-04-28 23:40:00.125 +01:00] [INF] [30] Emby.Server.Implementations.Session.SessionManager: Creating new access token for user dd66cf8d-c616-4ca1-b2c2-6df5ba8890ef
[2026-04-28 23:40:05.095 +01:00] [INF] [31] Jellyfin.Server.Implementations.Users.UserManager: Authentication request for "bill" has succeeded.
[2026-04-28 23:40:05.095 +01:00] [INF] [31] Emby.Server.Implementations.Session.SessionManager: Current/Max sessions for user "bill": 1/0
[2026-04-28 23:40:05.095 +01:00] [INF] [31] Emby.Server.Implementations.Session.SessionManager: Logging out access token "79f6faa323334de2b8d2bd4ef30f3d2b"
[2026-04-28 23:40:05.097 +01:00] [INF] [31] Emby.Server.Implementations.Session.SessionManager: Creating new access token for user dd66cf8d-c616-4ca1-b2c2-6df5ba8890ef
[2026-04-28 23:40:10.081 +01:00] [INF] [31] Jellyfin.Server.Implementations.Users.UserManager: Authentication request for "bill" has succeeded.
[2026-04-28 23:40:10.081 +01:00] [INF] [31] Emby.Server.Implementations.Session.SessionManager: Current/Max sessions for user "bill": 1/0
[2026-04-28 23:40:10.081 +01:00] [INF] [31] Emby.Server.Implementations.Session.SessionManager: Logging out access token "8b00bd3c10a04953a3ae61b2c9ffcec3"
[2026-04-28 23:40:10.083 +01:00] [INF] [31] Emby.Server.Implementations.Session.SessionManager: Creating new access token for user dd66cf8d-c616-4ca1-b2c2-6df5ba8890ef
[2026-04-28 23:40:15.096 +01:00] [INF] [31] Jellyfin.Server.Implementations.Users.UserManager: Authentication request for "bill" has succeeded.
[2026-04-28 23:40:15.096 +01:00] [INF] [31] Emby.Server.Implementations.Session.SessionManager: Current/Max sessions for user "bill": 1/0
[2026-04-28 23:40:15.096 +01:00] [INF] [31] Emby.Server.Implementations.Session.SessionManager: Logging out access token "d3d2dd3a223149cda32bd50c21d9c90b"
[2026-04-28 23:40:15.098 +01:00] [INF] [31] Emby.Server.Implementations.Session.SessionManager: Creating new access token for user dd66cf8d-c616-4ca1-b2c2-6df5ba8890ef
[2026-04-28 23:40:20.099 +01:00] [INF] [31] Jellyfin.Server.Implementations.Users.UserManager: Authentication request for "bill" has succeeded.
[2026-04-28 23:40:20.099 +01:00] [INF] [31] Emby.Server.Implementations.Session.SessionManager: Current/Max sessions for user "bill": 1/0
[2026-04-28 23:40:20.099 +01:00] [INF] [31] Emby.Server.Implementations.Session.SessionManager: Logging out access token "0af3d87dd1fc4b039a62150c73d4a54d"
[2026-04-28 23:40:20.101 +01:00] [INF] [31] Emby.Server.Implementations.Session.SessionManager: Creating new access token for user dd66cf8d-c616-4ca1-b2c2-6df5ba8890ef
[2026-04-28 23:40:25.087 +01:00] [INF] [30] Jellyfin.Server.Implementations.Users.UserManager: Authentication request for "bill" has succeeded.
[2026-04-28 23:40:25.087 +01:00] [INF] [30] Emby.Server.Implementations.Session.SessionManager: Current/Max sessions for user "bill": 1/0
[2026-04-28 23:40:25.087 +01:00] [INF] [30] Emby.Server.Implementations.Session.SessionManager: Logging out access token "cb53841f45a14686bce3ad091086061c"
[2026-04-28 23:40:25.089 +01:00] [INF] [30] Emby.Server.Implementations.Session.SessionManager: Creating new access token for user dd66cf8d-c616-4ca1-b2c2-6df5ba8890ef
[2026-04-28 23:40:30.094 +01:00] [INF] [30] Jellyfin.Server.Implementations.Users.UserManager: Authentication request for "bill" has succeeded.
[2026-04-28 23:40:30.094 +01:00] [INF] [30] Emby.Server.Implementations.Session.SessionManager: Current/Max sessions for user "bill": 1/0
[2026-04-28 23:40:30.094 +01:00] [INF] [30] Emby.Server.Implementations.Session.SessionManager: Logging out access token "004f7cc338fb4d9fb0c93c7e9f73ce66"
[2026-04-28 23:40:30.096 +01:00] [INF] [30] Emby.Server.Implementations.Session.SessionManager: Creating new access token for user dd66cf8d-c616-4ca1-b2c2-6df5ba8890ef
[2026-04-28 23:40:35.097 +01:00] [INF] [31] Jellyfin.Server.Implementations.Users.UserManager: Authentication request for "bill" has succeeded.
[2026-04-28 23:40:35.098 +01:00] [INF] [31] Emby.Server.Implementations.Session.SessionManager: Current/Max sessions for user "bill": 1/0
[2026-04-28 23:40:35.098 +01:00] [INF] [31] Emby.Server.Implementations.Session.SessionManager: Logging out access token "6881d14bb60c401e8432f6b0b4c51dc9"
[2026-04-28 23:40:35.099 +01:00] [INF] [31] Emby.Server.Implementations.Session.SessionManager: Creating new access token for user dd66cf8d-c616-4ca1-b2c2-6df5ba8890ef
[2026-04-28 23:40:40.101 +01:00] [INF] [32] Jellyfin.Server.Implementations.Users.UserManager: Authentication request for "bill" has succeeded.
[2026-04-28 23:40:40.101 +01:00] [INF] [32] Emby.Server.Implementations.Session.SessionManager: Current/Max sessions for user "bill": 1/0
[2026-04-28 23:40:40.101 +01:00] [INF] [32] Emby.Server.Implementations.Session.SessionManager: Logging out access token "934b15769cdc4391ad3d5856e6bd2890"
[2026-04-28 23:40:40.103 +01:00] [INF] [32] Emby.Server.Implementations.Session.SessionManager: Creating new access token for user dd66cf8d-c616-4ca1-b2c2-6df5ba8890ef
[2026-04-28 23:40:45.098 +01:00] [INF] [31] Jellyfin.Server.Implementations.Users.UserManager: Authentication request for "bill" has succeeded.
[2026-04-28 23:40:45.098 +01:00] [INF] [31] Emby.Server.Implementations.Session.SessionManager: Current/Max sessions for user "bill": 1/0
[2026-04-28 23:40:45.098 +01:00] [INF] [31] Emby.Server.Implementations.Session.SessionManager: Logging out access token "02eaa40639e84edb909397299f2e2a3b"
[2026-04-28 23:40:45.100 +01:00] [INF] [31] Emby.Server.Implementations.Session.SessionManager: Creating new access token for user dd66cf8d-c616-4ca1-b2c2-6df5ba8890ef
[2026-04-28 23:40:50.094 +01:00] [INF] [33] Jellyfin.Server.Implementations.Users.UserManager: Authentication request for "bill" has succeeded.
[2026-04-28 23:40:50.094 +01:00] [INF] [33] Emby.Server.Implementations.Session.SessionManager: Current/Max sessions for user "bill": 1/0
[2026-04-28 23:40:50.094 +01:00] [INF] [33] Emby.Server.Implementations.Session.SessionManager: Logging out access token "104a02d210564e4db5304a2782cadc02"
[2026-04-28 23:40:50.096 +01:00] [INF] [33] Emby.Server.Implementations.Session.SessionManager: Creating new access token for user dd66cf8d-c616-4ca1-b2c2-6df5ba8890ef
[2026-04-28 23:40:55.090 +01:00] [INF] [33] Jellyfin.Server.Implementations.Users.UserManager: Authentication request for "bill" has succeeded.
[2026-04-28 23:40:55.090 +01:00] [INF] [33] Emby.Server.Implementations.Session.SessionManager: Current/Max sessions for user "bill": 1/0
[2026-04-28 23:40:55.090 +01:00] [INF] [33] Emby.Server.Implementations.Session.SessionManager: Logging out access token "ea41557a4a424e998aa360146d5aea35"
[2026-04-28 23:40:55.092 +01:00] [INF] [33] Emby.Server.Implementations.Session.SessionManager: Creating new access token for user dd66cf8d-c616-4ca1-b2c2-6df5ba8890ef
[2026-04-28 23:41:00.113 +01:00] [INF] [33] Jellyfin.Server.Implementations.Users.UserManager: Authentication request for "bill" has succeeded.
[2026-04-28 23:41:00.113 +01:00] [INF] [33] Emby.Server.Implementations.Session.SessionManager: Current/Max sessions for user "bill": 1/0
[2026-04-28 23:41:00.113 +01:00] [INF] [33] Emby.Server.Implementations.Session.SessionManager: Logging out access token "b03ca0340ebe424da3d862be0543bb92"
[2026-04-28 23:41:00.115 +01:00] [INF] [33] Emby.Server.Implementations.Session.SessionManager: Creating new access token for user dd66cf8d-c616-4ca1-b2c2-6df5ba8890ef
[2026-04-28 23:41:05.095 +01:00] [INF] [31] Jellyfin.Server.Implementations.Users.UserManager: Authentication request for "bill" has succeeded.
[2026-04-28 23:41:05.096 +01:00] [INF] [31] Emby.Server.Implementations.Session.SessionManager: Current/Max sessions for user "bill": 1/0
[2026-04-28 23:41:05.096 +01:00] [INF] [31] Emby.Server.Implementations.Session.SessionManager: Logging out access token "87c7167d86414a958f603ff3c87657f0"
[2026-04-28 23:41:05.097 +01:00] [INF] [31] Emby.Server.Implementations.Session.SessionManager: Creating new access token for user dd66cf8d-c616-4ca1-b2c2-6df5ba8890ef
[2026-04-28 23:41:10.096 +01:00] [INF] [31] Jellyfin.Server.Implementations.Users.UserManager: Authentication request for "bill" has succeeded.
[2026-04-28 23:41:10.096 +01:00] [INF] [31] Emby.Server.Implementations.Session.SessionManager: Current/Max sessions for user "bill": 1/0
[2026-04-28 23:41:10.096 +01:00] [INF] [31] Emby.Server.Implementations.Session.SessionManager: Logging out access token "949348157de746a8997203078e875397"
[2026-04-28 23:41:10.098 +01:00] [INF] [31] Emby.Server.Implementations.Session.SessionManager: Creating new access token for user dd66cf8d-c616-4ca1-b2c2-6df5ba8890ef
[2026-04-28 23:41:15.098 +01:00] [INF] [30] Jellyfin.Server.Implementations.Users.UserManager: Authentication request for "bill" has succeeded.
[2026-04-28 23:41:15.098 +01:00] [INF] [30] Emby.Server.Implementations.Session.SessionManager: Current/Max sessions for user "bill": 1/0
[2026-04-28 23:41:15.098 +01:00] [INF] [30] Emby.Server.Implementations.Session.SessionManager: Logging out access token "5038904a305d45649ed574a7b8dd7176"
[2026-04-28 23:41:15.100 +01:00] [INF] [30] Emby.Server.Implementations.Session.SessionManager: Creating new access token for user dd66cf8d-c616-4ca1-b2c2-6df5ba8890ef
[2026-04-28 23:41:20.097 +01:00] [INF] [30] Jellyfin.Server.Implementations.Users.UserManager: Authentication request for "bill" has succeeded.
[2026-04-28 23:41:20.097 +01:00] [INF] [30] Emby.Server.Implementations.Session.SessionManager: Current/Max sessions for user "bill": 1/0
[2026-04-28 23:41:20.097 +01:00] [INF] [30] Emby.Server.Implementations.Session.SessionManager: Logging out access token "bca156de66cc4b8796abb72bdb0e9684"
[2026-04-28 23:41:20.099 +01:00] [INF] [30] Emby.Server.Implementations.Session.SessionManager: Creating new access token for user dd66cf8d-c616-4ca1-b2c2-6df5ba8890ef
[2026-04-28 23:41:25.088 +01:00] [INF] [33] Jellyfin.Server.Implementations.Users.UserManager: Authentication request for "bill" has succeeded.
[2026-04-28 23:41:25.088 +01:00] [INF] [33] Emby.Server.Implementations.Session.SessionManager: Current/Max sessions for user "bill": 1/0
[2026-04-28 23:41:25.088 +01:00] [INF] [33] Emby.Server.Implementations.Session.SessionManager: Logging out access token "8f112d762619432a8d496968c296a420"
[2026-04-28 23:41:25.090 +01:00] [INF] [33] Emby.Server.Implementations.Session.SessionManager: Creating new access token for user dd66cf8d-c616-4ca1-b2c2-6df5ba8890ef
[2026-04-28 23:41:30.099 +01:00] [INF] [33] Jellyfin.Server.Implementations.Users.UserManager: Authentication request for "bill" has succeeded.
[2026-04-28 23:41:30.099 +01:00] [INF] [33] Emby.Server.Implementations.Session.SessionManager: Current/Max sessions for user "bill": 1/0
[2026-04-28 23:41:30.099 +01:00] [INF] [33] Emby.Server.Implementations.Session.SessionManager: Logging out access token "ff0db0e89d7349cb9b1e75cb219898a2"
[2026-04-28 23:41:30.101 +01:00] [INF] [33] Emby.Server.Implementations.Session.SessionManager: Creating new access token for user dd66cf8d-c616-4ca1-b2c2-6df5ba8890ef
[2026-04-28 23:41:35.096 +01:00] [INF] [32] Jellyfin.Server.Implementations.Users.UserManager: Authentication request for "bill" has succeeded.
[2026-04-28 23:41:35.096 +01:00] [INF] [32] Emby.Server.Implementations.Session.SessionManager: Current/Max sessions for user "bill": 1/0
[2026-04-28 23:41:35.096 +01:00] [INF] [32] Emby.Server.Implementations.Session.SessionManager: Logging out access token "e03d7d96e9b74bca902c4d1ba6ebbc30"
[2026-04-28 23:41:35.098 +01:00] [INF] [32] Emby.Server.Implementations.Session.SessionManager: Creating new access token for user dd66cf8d-c616-4ca1-b2c2-6df5ba8890ef
[2026-04-28 23:41:40.097 +01:00] [INF] [33] Jellyfin.Server.Implementations.Users.UserManager: Authentication request for "bill" has succeeded.
[2026-04-28 23:41:40.097 +01:00] [INF] [33] Emby.Server.Implementations.Session.SessionManager: Current/Max sessions for user "bill": 1/0
[2026-04-28 23:41:40.097 +01:00] [INF] [33] Emby.Server.Implementations.Session.SessionManager: Logging out access token "aab43b8c5a604f389aa6e5a7246669b5"
[2026-04-28 23:41:40.099 +01:00] [INF] [33] Emby.Server.Implementations.Session.SessionManager: Creating new access token for user dd66cf8d-c616-4ca1-b2c2-6df5ba8890ef
[2026-04-28 23:41:45.093 +01:00] [INF] [33] Jellyfin.Server.Implementations.Users.UserManager: Authentication request for "bill" has succeeded.
[2026-04-28 23:41:45.093 +01:00] [INF] [33] Emby.Server.Implementations.Session.SessionManager: Current/Max sessions for user "bill": 1/0
[2026-04-28 23:41:45.093 +01:00] [INF] [33] Emby.Server.Implementations.Session.SessionManager: Logging out access token "cceb847593bf49c78d132032bdc4cc6a"
[2026-04-28 23:41:45.095 +01:00] [INF] [33] Emby.Server.Implementations.Session.SessionManager: Creating new access token for user dd66cf8d-c616-4ca1-b2c2-6df5ba8890ef
[2026-04-28 23:41:50.094 +01:00] [INF] [33] Jellyfin.Server.Implementations.Users.UserManager: Authentication request for "bill" has succeeded.
[2026-04-28 23:41:50.094 +01:00] [INF] [33] Emby.Server.Implementations.Session.SessionManager: Current/Max sessions for user "bill": 1/0
[2026-04-28 23:41:50.094 +01:00] [INF] [33] Emby.Server.Implementations.Session.SessionManager: Logging out access token "3368aa056db741d69726493914bcc83a"
[2026-04-28 23:41:50.096 +01:00] [INF] [33] Emby.Server.Implementations.Session.SessionManager: Creating new access token for user dd66cf8d-c616-4ca1-b2c2-6df5ba8890ef
[2026-04-28 23:41:55.108 +01:00] [INF] [32] Jellyfin.Server.Implementations.Users.UserManager: Authentication request for "bill" has succeeded.
[2026-04-28 23:41:55.108 +01:00] [INF] [32] Emby.Server.Implementations.Session.SessionManager: Current/Max sessions for user "bill": 1/0
[2026-04-28 23:41:55.108 +01:00] [INF] [32] Emby.Server.Implementations.Session.SessionManager: Logging out access token "305b61e6e63042538b1d587265a64601"
[2026-04-28 23:41:55.110 +01:00] [INF] [32] Emby.Server.Implementations.Session.SessionManager: Creating new access token for user dd66cf8d-c616-4ca1-b2c2-6df5ba8890ef
[2026-04-28 23:42:00.123 +01:00] [INF] [30] Jellyfin.Server.Implementations.Users.UserManager: Authentication request for "bill" has succeeded.
[2026-04-28 23:42:00.123 +01:00] [INF] [30] Emby.Server.Implementations.Session.SessionManager: Current/Max sessions for user "bill": 1/0
[2026-04-28 23:42:00.123 +01:00] [INF] [30] Emby.Server.Implementations.Session.SessionManager: Logging out access token "19d0b6aa64284cd6b8ce7797b5fcc92f"
[2026-04-28 23:42:00.125 +01:00] [INF] [30] Emby.Server.Implementations.Session.SessionManager: Creating new access token for user dd66cf8d-c616-4ca1-b2c2-6df5ba8890ef
[2026-04-28 23:42:05.103 +01:00] [INF] [32] Jellyfin.Server.Implementations.Users.UserManager: Authentication request for "bill" has succeeded.
[2026-04-28 23:42:05.103 +01:00] [INF] [32] Emby.Server.Implementations.Session.SessionManager: Current/Max sessions for user "bill": 1/0
[2026-04-28 23:42:05.103 +01:00] [INF] [32] Emby.Server.Implementations.Session.SessionManager: Logging out access token "520dced180b24307a1de3007701108a6"
[2026-04-28 23:42:05.105 +01:00] [INF] [32] Emby.Server.Implementations.Session.SessionManager: Creating new access token for user dd66cf8d-c616-4ca1-b2c2-6df5ba8890ef
[2026-04-28 23:42:10.097 +01:00] [INF] [30] Jellyfin.Server.Implementations.Users.UserManager: Authentication request for "bill" has succeeded.
[2026-04-28 23:42:10.097 +01:00] [INF] [30] Emby.Server.Implementations.Session.SessionManager: Current/Max sessions for user "bill": 1/0
[2026-04-28 23:42:10.097 +01:00] [INF] [30] Emby.Server.Implementations.Session.SessionManager: Logging out access token "fc414cb8f2b648adadfac803c1c9c4bd"
[2026-04-28 23:42:10.099 +01:00] [INF] [30] Emby.Server.Implementations.Session.SessionManager: Creating new access token for user dd66cf8d-c616-4ca1-b2c2-6df5ba8890ef
[2026-04-28 23:42:15.095 +01:00] [INF] [33] Jellyfin.Server.Implementations.Users.UserManager: Authentication request for "bill" has succeeded.
[2026-04-28 23:42:15.095 +01:00] [INF] [33] Emby.Server.Implementations.Session.SessionManager: Current/Max sessions for user "bill": 1/0
[2026-04-28 23:42:15.096 +01:00] [INF] [33] Emby.Server.Implementations.Session.SessionManager: Logging out access token "9ac8530aa09b49e08b13f0fe1e8414d9"
[2026-04-28 23:42:15.098 +01:00] [INF] [33] Emby.Server.Implementations.Session.SessionManager: Creating new access token for user dd66cf8d-c616-4ca1-b2c2-6df5ba8890ef
[2026-04-28 23:42:20.092 +01:00] [INF] [30] Jellyfin.Server.Implementations.Users.UserManager: Authentication request for "bill" has succeeded.
[2026-04-28 23:42:20.092 +01:00] [INF] [30] Emby.Server.Implementations.Session.SessionManager: Current/Max sessions for user "bill": 1/0
[2026-04-28 23:42:20.092 +01:00] [INF] [30] Emby.Server.Implementations.Session.SessionManager: Logging out access token "251d2307d0de4ff58a1d48a6707d7d68"
[2026-04-28 23:42:20.095 +01:00] [INF] [30] Emby.Server.Implementations.Session.SessionManager: Creating new access token for user dd66cf8d-c616-4ca1-b2c2-6df5ba8890ef
[2026-04-28 23:42:25.103 +01:00] [INF] [32] Jellyfin.Server.Implementations.Users.UserManager: Authentication request for "bill" has succeeded.
[2026-04-28 23:42:25.103 +01:00] [INF] [32] Emby.Server.Implementations.Session.SessionManager: Current/Max sessions for user "bill": 1/0
[2026-04-28 23:42:25.103 +01:00] [INF] [32] Emby.Server.Implementations.Session.SessionManager: Logging out access token "f29a422c53344ef087a9d9ebc453a5f4"
[2026-04-28 23:42:25.105 +01:00] [INF] [32] Emby.Server.Implementations.Session.SessionManager: Creating new access token for user dd66cf8d-c616-4ca1-b2c2-6df5ba8890ef
[2026-04-28 23:42:30.098 +01:00] [INF] [30] Jellyfin.Server.Implementations.Users.UserManager: Authentication request for "bill" has succeeded.
[2026-04-28 23:42:30.098 +01:00] [INF] [30] Emby.Server.Implementations.Session.SessionManager: Current/Max sessions for user "bill": 1/0
[2026-04-28 23:42:30.099 +01:00] [INF] [30] Emby.Server.Implementations.Session.SessionManager: Logging out access token "d8e3ac8aac6247faaa8360909a865ce5"
[2026-04-28 23:42:30.100 +01:00] [INF] [30] Emby.Server.Implementations.Session.SessionManager: Creating new access token for user dd66cf8d-c616-4ca1-b2c2-6df5ba8890ef
[2026-04-28 23:42:35.097 +01:00] [INF] [34] Jellyfin.Server.Implementations.Users.UserManager: Authentication request for "bill" has succeeded.
[2026-04-28 23:42:35.097 +01:00] [INF] [34] Emby.Server.Implementations.Session.SessionManager: Current/Max sessions for user "bill": 1/0
[2026-04-28 23:42:35.097 +01:00] [INF] [34] Emby.Server.Implementations.Session.SessionManager: Logging out access token "92b6091acbc14809b52638f3396e1fb1"
[2026-04-28 23:42:35.099 +01:00] [INF] [34] Emby.Server.Implementations.Session.SessionManager: Creating new access token for user dd66cf8d-c616-4ca1-b2c2-6df5ba8890ef
[2026-04-28 23:42:40.112 +01:00] [INF] [30] Jellyfin.Server.Implementations.Users.UserManager: Authentication request for "bill" has succeeded.
[2026-04-28 23:42:40.112 +01:00] [INF] [30] Emby.Server.Implementations.Session.SessionManager: Current/Max sessions for user "bill": 1/0
[2026-04-28 23:42:40.112 +01:00] [INF] [30] Emby.Server.Implementations.Session.SessionManager: Logging out access token "9efce7f0e5b941c596a2800ebe3c096d"
[2026-04-28 23:42:40.114 +01:00] [INF] [30] Emby.Server.Implementations.Session.SessionManager: Creating new access token for user dd66cf8d-c616-4ca1-b2c2-6df5ba8890ef
[2026-04-28 23:42:45.107 +01:00] [INF] [34] Jellyfin.Server.Implementations.Users.UserManager: Authentication request for "bill" has succeeded.
[2026-04-28 23:42:45.107 +01:00] [INF] [34] Emby.Server.Implementations.Session.SessionManager: Current/Max sessions for user "bill": 1/0
[2026-04-28 23:42:45.107 +01:00] [INF] [34] Emby.Server.Implementations.Session.SessionManager: Logging out access token "d5b1e0f30e1e4aa1b27326044936d670"
[2026-04-28 23:42:45.109 +01:00] [INF] [34] Emby.Server.Implementations.Session.SessionManager: Creating new access token for user dd66cf8d-c616-4ca1-b2c2-6df5ba8890ef
[2026-04-28 23:42:50.094 +01:00] [INF] [34] Jellyfin.Server.Implementations.Users.UserManager: Authentication request for "bill" has succeeded.
[2026-04-28 23:42:50.094 +01:00] [INF] [34] Emby.Server.Implementations.Session.SessionManager: Current/Max sessions for user "bill": 1/0
[2026-04-28 23:42:50.094 +01:00] [INF] [34] Emby.Server.Implementations.Session.SessionManager: Logging out access token "68de6cb0f2384680bc130f0d28092342"
[2026-04-28 23:42:50.096 +01:00] [INF] [34] Emby.Server.Implementations.Session.SessionManager: Creating new access token for user dd66cf8d-c616-4ca1-b2c2-6df5ba8890ef
[2026-04-28 23:42:55.094 +01:00] [INF] [30] Jellyfin.Server.Implementations.Users.UserManager: Authentication request for "bill" has succeeded.
[2026-04-28 23:42:55.094 +01:00] [INF] [30] Emby.Server.Implementations.Session.SessionManager: Current/Max sessions for user "bill": 1/0
[2026-04-28 23:42:55.094 +01:00] [INF] [30] Emby.Server.Implementations.Session.SessionManager: Logging out access token "436e97d90f5c40ab8fdcb83cc0c71bf1"
[2026-04-28 23:42:55.096 +01:00] [INF] [30] Emby.Server.Implementations.Session.SessionManager: Creating new access token for user dd66cf8d-c616-4ca1-b2c2-6df5ba8890ef
[2026-04-28 23:43:00.118 +01:00] [INF] [34] Jellyfin.Server.Implementations.Users.UserManager: Authentication request for "bill" has succeeded.
[2026-04-28 23:43:00.118 +01:00] [INF] [34] Emby.Server.Implementations.Session.SessionManager: Current/Max sessions for user "bill": 1/0
[2026-04-28 23:43:00.118 +01:00] [INF] [34] Emby.Server.Implementations.Session.SessionManager: Logging out access token "47e576fbea2849c3b30349b599aa8648"
[2026-04-28 23:43:00.120 +01:00] [INF] [34] Emby.Server.Implementations.Session.SessionManager: Creating new access token for user dd66cf8d-c616-4ca1-b2c2-6df5ba8890ef
[2026-04-28 23:43:05.098 +01:00] [INF] [36] Jellyfin.Server.Implementations.Users.UserManager: Authentication request for "bill" has succeeded.
[2026-04-28 23:43:05.099 +01:00] [INF] [36] Emby.Server.Implementations.Session.SessionManager: Current/Max sessions for user "bill": 1/0
[2026-04-28 23:43:05.099 +01:00] [INF] [36] Emby.Server.Implementations.Session.SessionManager: Logging out access token "7c735f201a744e2998969951c6fef80b"
[2026-04-28 23:43:05.101 +01:00] [INF] [36] Emby.Server.Implementations.Session.SessionManager: Creating new access token for user dd66cf8d-c616-4ca1-b2c2-6df5ba8890ef
[2026-04-28 23:43:10.103 +01:00] [INF] [32] Jellyfin.Server.Implementations.Users.UserManager: Authentication request for "bill" has succeeded.
[2026-04-28 23:43:10.103 +01:00] [INF] [32] Emby.Server.Implementations.Session.SessionManager: Current/Max sessions for user "bill": 1/0
[2026-04-28 23:43:10.103 +01:00] [INF] [32] Emby.Server.Implementations.Session.SessionManager: Logging out access token "a5e1bb627e2249c7bf085920484b0bbd"
[2026-04-28 23:43:10.105 +01:00] [INF] [32] Emby.Server.Implementations.Session.SessionManager: Creating new access token for user dd66cf8d-c616-4ca1-b2c2-6df5ba8890ef
[2026-04-28 23:43:15.100 +01:00] [INF] [36] Jellyfin.Server.Implementations.Users.UserManager: Authentication request for "bill" has succeeded.
[2026-04-28 23:43:15.100 +01:00] [INF] [36] Emby.Server.Implementations.Session.SessionManager: Current/Max sessions for user "bill": 1/0
[2026-04-28 23:43:15.100 +01:00] [INF] [36] Emby.Server.Implementations.Session.SessionManager: Logging out access token "5f6bbc9fae47421cb8fe7e77b377c9ff"
[2026-04-28 23:43:15.103 +01:00] [INF] [36] Emby.Server.Implementations.Session.SessionManager: Creating new access token for user dd66cf8d-c616-4ca1-b2c2-6df5ba8890ef
[2026-04-28 23:43:20.100 +01:00] [INF] [36] Jellyfin.Server.Implementations.Users.UserManager: Authentication request for "bill" has succeeded.
[2026-04-28 23:43:20.100 +01:00] [INF] [36] Emby.Server.Implementations.Session.SessionManager: Current/Max sessions for user "bill": 1/0
[2026-04-28 23:43:20.100 +01:00] [INF] [36] Emby.Server.Implementations.Session.SessionManager: Logging out access token "deac7d60a6da48009623cdc20714260d"
[2026-04-28 23:43:20.102 +01:00] [INF] [36] Emby.Server.Implementations.Session.SessionManager: Creating new access token for user dd66cf8d-c616-4ca1-b2c2-6df5ba8890ef
[2026-04-28 23:43:25.102 +01:00] [INF] [36] Jellyfin.Server.Implementations.Users.UserManager: Authentication request for "bill" has succeeded.
[2026-04-28 23:43:25.102 +01:00] [INF] [36] Emby.Server.Implementations.Session.SessionManager: Current/Max sessions for user "bill": 1/0
[2026-04-28 23:43:25.102 +01:00] [INF] [36] Emby.Server.Implementations.Session.SessionManager: Logging out access token "34f6110bfbeb4b22b184fd8e28ad6483"
[2026-04-28 23:43:25.104 +01:00] [INF] [36] Emby.Server.Implementations.Session.SessionManager: Creating new access token for user dd66cf8d-c616-4ca1-b2c2-6df5ba8890ef
[2026-04-28 23:43:30.102 +01:00] [INF] [32] Jellyfin.Server.Implementations.Users.UserManager: Authentication request for "bill" has succeeded.
[2026-04-28 23:43:30.102 +01:00] [INF] [32] Emby.Server.Implementations.Session.SessionManager: Current/Max sessions for user "bill": 1/0
[2026-04-28 23:43:30.102 +01:00] [INF] [32] Emby.Server.Implementations.Session.SessionManager: Logging out access token "597e3c9f3771409aa05a1ca20f2fdaa5"
[2026-04-28 23:43:30.104 +01:00] [INF] [32] Emby.Server.Implementations.Session.SessionManager: Creating new access token for user dd66cf8d-c616-4ca1-b2c2-6df5ba8890ef
[2026-04-28 23:43:35.096 +01:00] [INF] [34] Jellyfin.Server.Implementations.Users.UserManager: Authentication request for "bill" has succeeded.
[2026-04-28 23:43:35.096 +01:00] [INF] [34] Emby.Server.Implementations.Session.SessionManager: Current/Max sessions for user "bill": 1/0
[2026-04-28 23:43:35.096 +01:00] [INF] [34] Emby.Server.Implementations.Session.SessionManager: Logging out access token "ff1d2f04e6d149a2a29ee305edef03d8"
[2026-04-28 23:43:35.098 +01:00] [INF] [34] Emby.Server.Implementations.Session.SessionManager: Creating new access token for user dd66cf8d-c616-4ca1-b2c2-6df5ba8890ef
[2026-04-28 23:43:40.096 +01:00] [INF] [35] Jellyfin.Server.Implementations.Users.UserManager: Authentication request for "bill" has succeeded.
[2026-04-28 23:43:40.096 +01:00] [INF] [35] Emby.Server.Implementations.Session.SessionManager: Current/Max sessions for user "bill": 1/0
[2026-04-28 23:43:40.096 +01:00] [INF] [35] Emby.Server.Implementations.Session.SessionManager: Logging out access token "3098f89556fd468984352ad868b855c0"
[2026-04-28 23:43:40.098 +01:00] [INF] [35] Emby.Server.Implementations.Session.SessionManager: Creating new access token for user dd66cf8d-c616-4ca1-b2c2-6df5ba8890ef
[2026-04-28 23:43:45.099 +01:00] [INF] [32] Jellyfin.Server.Implementations.Users.UserManager: Authentication request for "bill" has succeeded.
[2026-04-28 23:43:45.099 +01:00] [INF] [32] Emby.Server.Implementations.Session.SessionManager: Current/Max sessions for user "bill": 1/0
[2026-04-28 23:43:45.099 +01:00] [INF] [32] Emby.Server.Implementations.Session.SessionManager: Logging out access token "1b4f497d0dda49179d8fe87b0f8fab25"
[2026-04-28 23:43:45.101 +01:00] [INF] [32] Emby.Server.Implementations.Session.SessionManager: Creating new access token for user dd66cf8d-c616-4ca1-b2c2-6df5ba8890ef
[2026-04-28 23:43:50.092 +01:00] [INF] [35] Jellyfin.Server.Implementations.Users.UserManager: Authentication request for "bill" has succeeded.
[2026-04-28 23:43:50.092 +01:00] [INF] [35] Emby.Server.Implementations.Session.SessionManager: Current/Max sessions for user "bill": 1/0
[2026-04-28 23:43:50.092 +01:00] [INF] [35] Emby.Server.Implementations.Session.SessionManager: Logging out access token "a16ae6bcfff14218947a05011e19b979"
[2026-04-28 23:43:50.095 +01:00] [INF] [35] Emby.Server.Implementations.Session.SessionManager: Creating new access token for user dd66cf8d-c616-4ca1-b2c2-6df5ba8890ef
[2026-04-28 23:43:55.103 +01:00] [INF] [32] Jellyfin.Server.Implementations.Users.UserManager: Authentication request for "bill" has succeeded.
[2026-04-28 23:43:55.103 +01:00] [INF] [32] Emby.Server.Implementations.Session.SessionManager: Current/Max sessions for user "bill": 1/0
[2026-04-28 23:43:55.103 +01:00] [INF] [32] Emby.Server.Implementations.Session.SessionManager: Logging out access token "45f977afb83747b89579a52f7beea79a"
[2026-04-28 23:43:55.104 +01:00] [INF] [32] Emby.Server.Implementations.Session.SessionManager: Creating new access token for user dd66cf8d-c616-4ca1-b2c2-6df5ba8890ef
[2026-04-28 23:44:00.119 +01:00] [INF] [35] Jellyfin.Server.Implementations.Users.UserManager: Authentication request for "bill" has succeeded.
[2026-04-28 23:44:00.119 +01:00] [INF] [35] Emby.Server.Implementations.Session.SessionManager: Current/Max sessions for user "bill": 1/0
[2026-04-28 23:44:00.119 +01:00] [INF] [35] Emby.Server.Implementations.Session.SessionManager: Logging out access token "b3b8ef3bed0d44328ca24e6b55b660ee"
[2026-04-28 23:44:00.121 +01:00] [INF] [35] Emby.Server.Implementations.Session.SessionManager: Creating new access token for user dd66cf8d-c616-4ca1-b2c2-6df5ba8890ef
[2026-04-28 23:44:05.099 +01:00] [INF] [35] Jellyfin.Server.Implementations.Users.UserManager: Authentication request for "bill" has succeeded.
[2026-04-28 23:44:05.099 +01:00] [INF] [35] Emby.Server.Implementations.Session.SessionManager: Current/Max sessions for user "bill": 1/0
[2026-04-28 23:44:05.099 +01:00] [INF] [35] Emby.Server.Implementations.Session.SessionManager: Logging out access token "525314e8064d4342ba3112e1612d7eb7"
[2026-04-28 23:44:05.101 +01:00] [INF] [35] Emby.Server.Implementations.Session.SessionManager: Creating new access token for user dd66cf8d-c616-4ca1-b2c2-6df5ba8890ef
[2026-04-28 23:44:10.095 +01:00] [INF] [35] Jellyfin.Server.Implementations.Users.UserManager: Authentication request for "bill" has succeeded.
[2026-04-28 23:44:10.095 +01:00] [INF] [35] Emby.Server.Implementations.Session.SessionManager: Current/Max sessions for user "bill": 1/0
[2026-04-28 23:44:10.095 +01:00] [INF] [35] Emby.Server.Implementations.Session.SessionManager: Logging out access token "f9da18fc176148db97ece54a216ae482"
[2026-04-28 23:44:10.097 +01:00] [INF] [35] Emby.Server.Implementations.Session.SessionManager: Creating new access token for user dd66cf8d-c616-4ca1-b2c2-6df5ba8890ef
[2026-04-28 23:44:15.096 +01:00] [INF] [35] Jellyfin.Server.Implementations.Users.UserManager: Authentication request for "bill" has succeeded.
[2026-04-28 23:44:15.096 +01:00] [INF] [35] Emby.Server.Implementations.Session.SessionManager: Current/Max sessions for user "bill": 1/0
[2026-04-28 23:44:15.096 +01:00] [INF] [35] Emby.Server.Implementations.Session.SessionManager: Logging out access token "2854e99b0b8b42d2acb34620593c5577"
[2026-04-28 23:44:15.098 +01:00] [INF] [35] Emby.Server.Implementations.Session.SessionManager: Creating new access token for user dd66cf8d-c616-4ca1-b2c2-6df5ba8890ef
[2026-04-28 23:44:20.093 +01:00] [INF] [35] Jellyfin.Server.Implementations.Users.UserManager: Authentication request for "bill" has succeeded.
[2026-04-28 23:44:20.093 +01:00] [INF] [35] Emby.Server.Implementations.Session.SessionManager: Current/Max sessions for user "bill": 1/0
[2026-04-28 23:44:20.093 +01:00] [INF] [35] Emby.Server.Implementations.Session.SessionManager: Logging out access token "d4beef3742f045738c2c9cd664af47b2"
[2026-04-28 23:44:20.095 +01:00] [INF] [35] Emby.Server.Implementations.Session.SessionManager: Creating new access token for user dd66cf8d-c616-4ca1-b2c2-6df5ba8890ef
[2026-04-28 23:44:25.102 +01:00] [INF] [32] Jellyfin.Server.Implementations.Users.UserManager: Authentication request for "bill" has succeeded.
[2026-04-28 23:44:25.102 +01:00] [INF] [32] Emby.Server.Implementations.Session.SessionManager: Current/Max sessions for user "bill": 1/0
[2026-04-28 23:44:25.102 +01:00] [INF] [32] Emby.Server.Implementations.Session.SessionManager: Logging out access token "02c7dca6189f45aebbe1d79ea5afba8f"
[2026-04-28 23:44:25.104 +01:00] [INF] [32] Emby.Server.Implementations.Session.SessionManager: Creating new access token for user dd66cf8d-c616-4ca1-b2c2-6df5ba8890ef
[2026-04-28 23:44:30.106 +01:00] [INF] [32] Jellyfin.Server.Implementations.Users.UserManager: Authentication request for "bill" has succeeded.
[2026-04-28 23:44:30.106 +01:00] [INF] [32] Emby.Server.Implementations.Session.SessionManager: Current/Max sessions for user "bill": 1/0
[2026-04-28 23:44:30.107 +01:00] [INF] [32] Emby.Server.Implementations.Session.SessionManager: Logging out access token "3321f3e0c3e34ae9b1fca1be8e7098f8"
[2026-04-28 23:44:30.108 +01:00] [INF] [32] Emby.Server.Implementations.Session.SessionManager: Creating new access token for user dd66cf8d-c616-4ca1-b2c2-6df5ba8890ef
[2026-04-28 23:44:35.103 +01:00] [INF] [32] Jellyfin.Server.Implementations.Users.UserManager: Authentication request for "bill" has succeeded.
[2026-04-28 23:44:35.103 +01:00] [INF] [32] Emby.Server.Implementations.Session.SessionManager: Current/Max sessions for user "bill": 1/0
[2026-04-28 23:44:35.103 +01:00] [INF] [32] Emby.Server.Implementations.Session.SessionManager: Logging out access token "0bcbf224f9f24cb0938006d9ff7e066b"
[2026-04-28 23:44:35.105 +01:00] [INF] [32] Emby.Server.Implementations.Session.SessionManager: Creating new access token for user dd66cf8d-c616-4ca1-b2c2-6df5ba8890ef
[2026-04-28 23:44:40.102 +01:00] [INF] [32] Jellyfin.Server.Implementations.Users.UserManager: Authentication request for "bill" has succeeded.
[2026-04-28 23:44:40.102 +01:00] [INF] [32] Emby.Server.Implementations.Session.SessionManager: Current/Max sessions for user "bill": 1/0
[2026-04-28 23:44:40.102 +01:00] [INF] [32] Emby.Server.Implementations.Session.SessionManager: Logging out access token "ddda2f8644834a0f9f5ac16ad8a160da"
[2026-04-28 23:44:40.104 +01:00] [INF] [32] Emby.Server.Implementations.Session.SessionManager: Creating new access token for user dd66cf8d-c616-4ca1-b2c2-6df5ba8890ef
[2026-04-28 23:44:45.100 +01:00] [INF] [32] Jellyfin.Server.Implementations.Users.UserManager: Authentication request for "bill" has succeeded.
[2026-04-28 23:44:45.100 +01:00] [INF] [32] Emby.Server.Implementations.Session.SessionManager: Current/Max sessions for user "bill": 1/0
[2026-04-28 23:44:45.100 +01:00] [INF] [32] Emby.Server.Implementations.Session.SessionManager: Logging out access token "ae6e942204834b55bbdf108ce0f3202b"
[2026-04-28 23:44:45.102 +01:00] [INF] [32] Emby.Server.Implementations.Session.SessionManager: Creating new access token for user dd66cf8d-c616-4ca1-b2c2-6df5ba8890ef
[2026-04-28 23:44:50.094 +01:00] [INF] [34] Jellyfin.Server.Implementations.Users.UserManager: Authentication request for "bill" has succeeded.
[2026-04-28 23:44:50.094 +01:00] [INF] [34] Emby.Server.Implementations.Session.SessionManager: Current/Max sessions for user "bill": 1/0
[2026-04-28 23:44:50.095 +01:00] [INF] [34] Emby.Server.Implementations.Session.SessionManager: Logging out access token "b5115b2cd2cd48dea1da562cfd83b900"
[2026-04-28 23:44:50.096 +01:00] [INF] [34] Emby.Server.Implementations.Session.SessionManager: Creating new access token for user dd66cf8d-c616-4ca1-b2c2-6df5ba8890ef
[2026-04-28 23:44:55.097 +01:00] [INF] [34] Jellyfin.Server.Implementations.Users.UserManager: Authentication request for "bill" has succeeded.
[2026-04-28 23:44:55.097 +01:00] [INF] [34] Emby.Server.Implementations.Session.SessionManager: Current/Max sessions for user "bill": 1/0
[2026-04-28 23:44:55.097 +01:00] [INF] [34] Emby.Server.Implementations.Session.SessionManager: Logging out access token "d6b61259f0bd4e48b988d5a07e371843"
[2026-04-28 23:44:55.099 +01:00] [INF] [34] Emby.Server.Implementations.Session.SessionManager: Creating new access token for user dd66cf8d-c616-4ca1-b2c2-6df5ba8890ef
[2026-04-28 23:45:00.128 +01:00] [INF] [34] Jellyfin.Server.Implementations.Users.UserManager: Authentication request for "bill" has succeeded.
[2026-04-28 23:45:00.128 +01:00] [INF] [34] Emby.Server.Implementations.Session.SessionManager: Current/Max sessions for user "bill": 1/0
[2026-04-28 23:45:00.128 +01:00] [INF] [34] Emby.Server.Implementations.Session.SessionManager: Logging out access token "c7d59c13fc164f788769beda1cfb8a5d"
[2026-04-28 23:45:00.130 +01:00] [INF] [34] Emby.Server.Implementations.Session.SessionManager: Creating new access token for user dd66cf8d-c616-4ca1-b2c2-6df5ba8890ef
[2026-04-28 23:45:05.095 +01:00] [INF] [34] Jellyfin.Server.Implementations.Users.UserManager: Authentication request for "bill" has succeeded.
[2026-04-28 23:45:05.095 +01:00] [INF] [34] Emby.Server.Implementations.Session.SessionManager: Current/Max sessions for user "bill": 1/0
[2026-04-28 23:45:05.095 +01:00] [INF] [34] Emby.Server.Implementations.Session.SessionManager: Logging out access token "82224604b09846fbbb09643a642a607a"
[2026-04-28 23:45:05.097 +01:00] [INF] [34] Emby.Server.Implementations.Session.SessionManager: Creating new access token for user dd66cf8d-c616-4ca1-b2c2-6df5ba8890ef
[2026-04-28 23:45:10.097 +01:00] [INF] [36] Jellyfin.Server.Implementations.Users.UserManager: Authentication request for "bill" has succeeded.
[2026-04-28 23:45:10.097 +01:00] [INF] [36] Emby.Server.Implementations.Session.SessionManager: Current/Max sessions for user "bill": 1/0
[2026-04-28 23:45:10.097 +01:00] [INF] [36] Emby.Server.Implementations.Session.SessionManager: Logging out access token "a821fb80fa784ea9add58680971aaa2b"
[2026-04-28 23:45:10.099 +01:00] [INF] [36] Emby.Server.Implementations.Session.SessionManager: Creating new access token for user dd66cf8d-c616-4ca1-b2c2-6df5ba8890ef
[2026-04-28 23:45:15.090 +01:00] [INF] [36] Jellyfin.Server.Implementations.Users.UserManager: Authentication request for "bill" has succeeded.
[2026-04-28 23:45:15.090 +01:00] [INF] [36] Emby.Server.Implementations.Session.SessionManager: Current/Max sessions for user "bill": 1/0
[2026-04-28 23:45:15.090 +01:00] [INF] [36] Emby.Server.Implementations.Session.SessionManager: Logging out access token "6283f448fa434a8cab192dfef846f1c8"
[2026-04-28 23:45:15.093 +01:00] [INF] [36] Emby.Server.Implementations.Session.SessionManager: Creating new access token for user dd66cf8d-c616-4ca1-b2c2-6df5ba8890ef
[2026-04-28 23:45:20.094 +01:00] [INF] [36] Jellyfin.Server.Implementations.Users.UserManager: Authentication request for "bill" has succeeded.
[2026-04-28 23:45:20.094 +01:00] [INF] [36] Emby.Server.Implementations.Session.SessionManager: Current/Max sessions for user "bill": 1/0
[2026-04-28 23:45:20.094 +01:00] [INF] [36] Emby.Server.Implementations.Session.SessionManager: Logging out access token "8cb8576f0c8641bdb13e67d06c453348"
[2026-04-28 23:45:20.096 +01:00] [INF] [36] Emby.Server.Implementations.Session.SessionManager: Creating new access token for user dd66cf8d-c616-4ca1-b2c2-6df5ba8890ef
[2026-04-28 23:45:25.092 +01:00] [INF] [36] Jellyfin.Server.Implementations.Users.UserManager: Authentication request for "bill" has succeeded.
[2026-04-28 23:45:25.092 +01:00] [INF] [36] Emby.Server.Implementations.Session.SessionManager: Current/Max sessions for user "bill": 1/0
[2026-04-28 23:45:25.092 +01:00] [INF] [36] Emby.Server.Implementations.Session.SessionManager: Logging out access token "7acfbd2311654e67914e100a9389f601"
[2026-04-28 23:45:25.094 +01:00] [INF] [36] Emby.Server.Implementations.Session.SessionManager: Creating new access token for user dd66cf8d-c616-4ca1-b2c2-6df5ba8890ef
[2026-04-28 23:45:30.097 +01:00] [INF] [34] Jellyfin.Server.Implementations.Users.UserManager: Authentication request for "bill" has succeeded.
[2026-04-28 23:45:30.097 +01:00] [INF] [34] Emby.Server.Implementations.Session.SessionManager: Current/Max sessions for user "bill": 1/0
[2026-04-28 23:45:30.097 +01:00] [INF] [34] Emby.Server.Implementations.Session.SessionManager: Logging out access token "898d3d0a7c6e44179adbe67f3be100ef"
[2026-04-28 23:45:30.099 +01:00] [INF] [34] Emby.Server.Implementations.Session.SessionManager: Creating new access token for user dd66cf8d-c616-4ca1-b2c2-6df5ba8890ef
[2026-04-28 23:45:35.105 +01:00] [INF] [32] Jellyfin.Server.Implementations.Users.UserManager: Authentication request for "bill" has succeeded.
[2026-04-28 23:45:35.105 +01:00] [INF] [32] Emby.Server.Implementations.Session.SessionManager: Current/Max sessions for user "bill": 1/0
[2026-04-28 23:45:35.105 +01:00] [INF] [32] Emby.Server.Implementations.Session.SessionManager: Logging out access token "0958fd5e080848a88069c8fe43e44298"
[2026-04-28 23:45:35.106 +01:00] [INF] [32] Emby.Server.Implementations.Session.SessionManager: Creating new access token for user dd66cf8d-c616-4ca1-b2c2-6df5ba8890ef
[2026-04-28 23:45:40.094 +01:00] [INF] [37] Jellyfin.Server.Implementations.Users.UserManager: Authentication request for "bill" has succeeded.
[2026-04-28 23:45:40.094 +01:00] [INF] [37] Emby.Server.Implementations.Session.SessionManager: Current/Max sessions for user "bill": 1/0
[2026-04-28 23:45:40.094 +01:00] [INF] [37] Emby.Server.Implementations.Session.SessionManager: Logging out access token "a7deb17487a441a99d3180b934dac1ba"
[2026-04-28 23:45:40.096 +01:00] [INF] [37] Emby.Server.Implementations.Session.SessionManager: Creating new access token for user dd66cf8d-c616-4ca1-b2c2-6df5ba8890ef
[2026-04-28 23:45:45.093 +01:00] [INF] [37] Jellyfin.Server.Implementations.Users.UserManager: Authentication request for "bill" has succeeded.
[2026-04-28 23:45:45.093 +01:00] [INF] [37] Emby.Server.Implementations.Session.SessionManager: Current/Max sessions for user "bill": 1/0
[2026-04-28 23:45:45.093 +01:00] [INF] [37] Emby.Server.Implementations.Session.SessionManager: Logging out access token "85ce47eb69854102a344b050a8d3fb4f"
[2026-04-28 23:45:45.095 +01:00] [INF] [37] Emby.Server.Implementations.Session.SessionManager: Creating new access token for user dd66cf8d-c616-4ca1-b2c2-6df5ba8890ef
[2026-04-28 23:45:50.094 +01:00] [INF] [37] Jellyfin.Server.Implementations.Users.UserManager: Authentication request for "bill" has succeeded.
[2026-04-28 23:45:50.094 +01:00] [INF] [37] Emby.Server.Implementations.Session.SessionManager: Current/Max sessions for user "bill": 1/0
[2026-04-28 23:45:50.094 +01:00] [INF] [37] Emby.Server.Implementations.Session.SessionManager: Logging out access token "8f884412a3e2478fb0ed8c22cc58a8e8"
[2026-04-28 23:45:50.096 +01:00] [INF] [37] Emby.Server.Implementations.Session.SessionManager: Creating new access token for user dd66cf8d-c616-4ca1-b2c2-6df5ba8890ef
[2026-04-28 23:45:55.088 +01:00] [INF] [37] Jellyfin.Server.Implementations.Users.UserManager: Authentication request for "bill" has succeeded.
[2026-04-28 23:45:55.088 +01:00] [INF] [37] Emby.Server.Implementations.Session.SessionManager: Current/Max sessions for user "bill": 1/0
[2026-04-28 23:45:55.088 +01:00] [INF] [37] Emby.Server.Implementations.Session.SessionManager: Logging out access token "8ed07108397649c1ae563d6667d06c94"
[2026-04-28 23:45:55.090 +01:00] [INF] [37] Emby.Server.Implementations.Session.SessionManager: Creating new access token for user dd66cf8d-c616-4ca1-b2c2-6df5ba8890ef
[2026-04-28 23:46:00.114 +01:00] [INF] [36] Jellyfin.Server.Implementations.Users.UserManager: Authentication request for "bill" has succeeded.
[2026-04-28 23:46:00.114 +01:00] [INF] [36] Emby.Server.Implementations.Session.SessionManager: Current/Max sessions for user "bill": 1/0
[2026-04-28 23:46:00.114 +01:00] [INF] [36] Emby.Server.Implementations.Session.SessionManager: Logging out access token "35a47c5a1e6446ddadf98ee593e35e6f"
[2026-04-28 23:46:00.116 +01:00] [INF] [36] Emby.Server.Implementations.Session.SessionManager: Creating new access token for user dd66cf8d-c616-4ca1-b2c2-6df5ba8890ef
[2026-04-28 23:46:05.095 +01:00] [INF] [37] Jellyfin.Server.Implementations.Users.UserManager: Authentication request for "bill" has succeeded.
[2026-04-28 23:46:05.095 +01:00] [INF] [37] Emby.Server.Implementations.Session.SessionManager: Current/Max sessions for user "bill": 1/0
[2026-04-28 23:46:05.095 +01:00] [INF] [37] Emby.Server.Implementations.Session.SessionManager: Logging out access token "ae5ba2d358d4403481e9d7aecbad1871"
[2026-04-28 23:46:05.097 +01:00] [INF] [37] Emby.Server.Implementations.Session.SessionManager: Creating new access token for user dd66cf8d-c616-4ca1-b2c2-6df5ba8890ef
[2026-04-28 23:46:10.098 +01:00] [INF] [37] Jellyfin.Server.Implementations.Users.UserManager: Authentication request for "bill" has succeeded.
[2026-04-28 23:46:10.098 +01:00] [INF] [37] Emby.Server.Implementations.Session.SessionManager: Current/Max sessions for user "bill": 1/0
[2026-04-28 23:46:10.098 +01:00] [INF] [37] Emby.Server.Implementations.Session.SessionManager: Logging out access token "cc947588a3e440bb9213748abcc8c5ee"
[2026-04-28 23:46:10.100 +01:00] [INF] [37] Emby.Server.Implementations.Session.SessionManager: Creating new access token for user dd66cf8d-c616-4ca1-b2c2-6df5ba8890ef
[2026-04-28 23:46:15.094 +01:00] [INF] [36] Jellyfin.Server.Implementations.Users.UserManager: Authentication request for "bill" has succeeded.
[2026-04-28 23:46:15.094 +01:00] [INF] [36] Emby.Server.Implementations.Session.SessionManager: Current/Max sessions for user "bill": 1/0
[2026-04-28 23:46:15.094 +01:00] [INF] [36] Emby.Server.Implementations.Session.SessionManager: Logging out access token "54082eff45394f73a8545ac9d09e08a9"
[2026-04-28 23:46:15.096 +01:00] [INF] [36] Emby.Server.Implementations.Session.SessionManager: Creating new access token for user dd66cf8d-c616-4ca1-b2c2-6df5ba8890ef
[2026-04-28 23:46:20.099 +01:00] [INF] [32] Jellyfin.Server.Implementations.Users.UserManager: Authentication request for "bill" has succeeded.
[2026-04-28 23:46:20.099 +01:00] [INF] [32] Emby.Server.Implementations.Session.SessionManager: Current/Max sessions for user "bill": 1/0
[2026-04-28 23:46:20.099 +01:00] [INF] [32] Emby.Server.Implementations.Session.SessionManager: Logging out access token "e95b65450b7f4ed78e581b2326ed5f30"
[2026-04-28 23:46:20.102 +01:00] [INF] [32] Emby.Server.Implementations.Session.SessionManager: Creating new access token for user dd66cf8d-c616-4ca1-b2c2-6df5ba8890ef
[2026-04-28 23:46:25.095 +01:00] [INF] [37] Jellyfin.Server.Implementations.Users.UserManager: Authentication request for "bill" has succeeded.
[2026-04-28 23:46:25.095 +01:00] [INF] [37] Emby.Server.Implementations.Session.SessionManager: Current/Max sessions for user "bill": 1/0
[2026-04-28 23:46:25.095 +01:00] [INF] [37] Emby.Server.Implementations.Session.SessionManager: Logging out access token "73e96b8d20e94ef6ae38b6489716fcb5"
[2026-04-28 23:46:25.098 +01:00] [INF] [37] Emby.Server.Implementations.Session.SessionManager: Creating new access token for user dd66cf8d-c616-4ca1-b2c2-6df5ba8890ef
[2026-04-28 23:46:30.103 +01:00] [INF] [32] Jellyfin.Server.Implementations.Users.UserManager: Authentication request for "bill" has succeeded.
[2026-04-28 23:46:30.103 +01:00] [INF] [32] Emby.Server.Implementations.Session.SessionManager: Current/Max sessions for user "bill": 1/0
[2026-04-28 23:46:30.103 +01:00] [INF] [32] Emby.Server.Implementations.Session.SessionManager: Logging out access token "33d3ec9a81724bad88f148b15bc66b4b"
[2026-04-28 23:46:30.105 +01:00] [INF] [32] Emby.Server.Implementations.Session.SessionManager: Creating new access token for user dd66cf8d-c616-4ca1-b2c2-6df5ba8890ef
[2026-04-28 23:46:35.105 +01:00] [INF] [32] Jellyfin.Server.Implementations.Users.UserManager: Authentication request for "bill" has succeeded.
[2026-04-28 23:46:35.105 +01:00] [INF] [32] Emby.Server.Implementations.Session.SessionManager: Current/Max sessions for user "bill": 1/0
[2026-04-28 23:46:35.105 +01:00] [INF] [32] Emby.Server.Implementations.Session.SessionManager: Logging out access token "93c804ed10484d8184c35da66903a346"
[2026-04-28 23:46:35.109 +01:00] [INF] [32] Emby.Server.Implementations.Session.SessionManager: Creating new access token for user dd66cf8d-c616-4ca1-b2c2-6df5ba8890ef
[2026-04-28 23:46:40.106 +01:00] [INF] [32] Jellyfin.Server.Implementations.Users.UserManager: Authentication request for "bill" has succeeded.
[2026-04-28 23:46:40.106 +01:00] [INF] [32] Emby.Server.Implementations.Session.SessionManager: Current/Max sessions for user "bill": 1/0
[2026-04-28 23:46:40.106 +01:00] [INF] [32] Emby.Server.Implementations.Session.SessionManager: Logging out access token "e26fc34a2b554d2bbd7966afc0d6c188"
[2026-04-28 23:46:40.109 +01:00] [INF] [32] Emby.Server.Implementations.Session.SessionManager: Creating new access token for user dd66cf8d-c616-4ca1-b2c2-6df5ba8890ef
[2026-04-28 23:46:45.088 +01:00] [INF] [37] Jellyfin.Server.Implementations.Users.UserManager: Authentication request for "bill" has succeeded.
[2026-04-28 23:46:45.088 +01:00] [INF] [37] Emby.Server.Implementations.Session.SessionManager: Current/Max sessions for user "bill": 1/0
[2026-04-28 23:46:45.088 +01:00] [INF] [37] Emby.Server.Implementations.Session.SessionManager: Logging out access token "c78c6028903c4a7ab13a2509957c3402"
[2026-04-28 23:46:45.090 +01:00] [INF] [37] Emby.Server.Implementations.Session.SessionManager: Creating new access token for user dd66cf8d-c616-4ca1-b2c2-6df5ba8890ef
[2026-04-28 23:46:50.099 +01:00] [INF] [32] Jellyfin.Server.Implementations.Users.UserManager: Authentication request for "bill" has succeeded.
[2026-04-28 23:46:50.099 +01:00] [INF] [32] Emby.Server.Implementations.Session.SessionManager: Current/Max sessions for user "bill": 1/0
[2026-04-28 23:46:50.099 +01:00] [INF] [32] Emby.Server.Implementations.Session.SessionManager: Logging out access token "718e5ed787ec4d01881a95cd0c82d25b"
[2026-04-28 23:46:50.101 +01:00] [INF] [32] Emby.Server.Implementations.Session.SessionManager: Creating new access token for user dd66cf8d-c616-4ca1-b2c2-6df5ba8890ef
[2026-04-28 23:46:55.100 +01:00] [INF] [36] Jellyfin.Server.Implementations.Users.UserManager: Authentication request for "bill" has succeeded.
[2026-04-28 23:46:55.100 +01:00] [INF] [36] Emby.Server.Implementations.Session.SessionManager: Current/Max sessions for user "bill": 1/0
[2026-04-28 23:46:55.100 +01:00] [INF] [36] Emby.Server.Implementations.Session.SessionManager: Logging out access token "5f0115e61eee4e26a18f6a1621aa360b"
[2026-04-28 23:46:55.102 +01:00] [INF] [36] Emby.Server.Implementations.Session.SessionManager: Creating new access token for user dd66cf8d-c616-4ca1-b2c2-6df5ba8890ef
[2026-04-28 23:47:00.126 +01:00] [INF] [32] Jellyfin.Server.Implementations.Users.UserManager: Authentication request for "bill" has succeeded.
[2026-04-28 23:47:00.126 +01:00] [INF] [32] Emby.Server.Implementations.Session.SessionManager: Current/Max sessions for user "bill": 1/0
[2026-04-28 23:47:00.126 +01:00] [INF] [32] Emby.Server.Implementations.Session.SessionManager: Logging out access token "ec9537b92b3145cfaed22a702f30370b"
[2026-04-28 23:47:00.128 +01:00] [INF] [32] Emby.Server.Implementations.Session.SessionManager: Creating new access token for user dd66cf8d-c616-4ca1-b2c2-6df5ba8890ef
[2026-04-28 23:47:05.095 +01:00] [INF] [35] Jellyfin.Server.Implementations.Users.UserManager: Authentication request for "bill" has succeeded.
[2026-04-28 23:47:05.095 +01:00] [INF] [35] Emby.Server.Implementations.Session.SessionManager: Current/Max sessions for user "bill": 1/0
[2026-04-28 23:47:05.096 +01:00] [INF] [35] Emby.Server.Implementations.Session.SessionManager: Logging out access token "c977d2ab092d47dca694e0d3f1e0330b"
[2026-04-28 23:47:05.098 +01:00] [INF] [35] Emby.Server.Implementations.Session.SessionManager: Creating new access token for user dd66cf8d-c616-4ca1-b2c2-6df5ba8890ef
[2026-04-28 23:47:10.094 +01:00] [INF] [35] Jellyfin.Server.Implementations.Users.UserManager: Authentication request for "bill" has succeeded.
[2026-04-28 23:47:10.094 +01:00] [INF] [35] Emby.Server.Implementations.Session.SessionManager: Current/Max sessions for user "bill": 1/0
[2026-04-28 23:47:10.094 +01:00] [INF] [35] Emby.Server.Implementations.Session.SessionManager: Logging out access token "21fea617276f4f0a99cbeca0cbf9a350"
[2026-04-28 23:47:10.096 +01:00] [INF] [35] Emby.Server.Implementations.Session.SessionManager: Creating new access token for user dd66cf8d-c616-4ca1-b2c2-6df5ba8890ef
[2026-04-28 23:47:15.100 +01:00] [INF] [32] Jellyfin.Server.Implementations.Users.UserManager: Authentication request for "bill" has succeeded.
[2026-04-28 23:47:15.100 +01:00] [INF] [32] Emby.Server.Implementations.Session.SessionManager: Current/Max sessions for user "bill": 1/0
[2026-04-28 23:47:15.100 +01:00] [INF] [32] Emby.Server.Implementations.Session.SessionManager: Logging out access token "2f0e79c6fc99426c989609cf99ab98a1"
[2026-04-28 23:47:15.102 +01:00] [INF] [32] Emby.Server.Implementations.Session.SessionManager: Creating new access token for user dd66cf8d-c616-4ca1-b2c2-6df5ba8890ef
[2026-04-28 23:47:20.105 +01:00] [INF] [32] Jellyfin.Server.Implementations.Users.UserManager: Authentication request for "bill" has succeeded.
[2026-04-28 23:47:20.105 +01:00] [INF] [32] Emby.Server.Implementations.Session.SessionManager: Current/Max sessions for user "bill": 1/0
[2026-04-28 23:47:20.105 +01:00] [INF] [32] Emby.Server.Implementations.Session.SessionManager: Logging out access token "29748f91a4744a1d88aa5fb9cf05b468"
[2026-04-28 23:47:20.107 +01:00] [INF] [32] Emby.Server.Implementations.Session.SessionManager: Creating new access token for user dd66cf8d-c616-4ca1-b2c2-6df5ba8890ef
[2026-04-28 23:47:25.100 +01:00] [INF] [32] Jellyfin.Server.Implementations.Users.UserManager: Authentication request for "bill" has succeeded.
[2026-04-28 23:47:25.100 +01:00] [INF] [32] Emby.Server.Implementations.Session.SessionManager: Current/Max sessions for user "bill": 1/0
[2026-04-28 23:47:25.100 +01:00] [INF] [32] Emby.Server.Implementations.Session.SessionManager: Logging out access token "cee34668582648a780fe13360c91dfe7"
[2026-04-28 23:47:25.102 +01:00] [INF] [32] Emby.Server.Implementations.Session.SessionManager: Creating new access token for user dd66cf8d-c616-4ca1-b2c2-6df5ba8890ef
[2026-04-28 23:47:30.102 +01:00] [INF] [32] Jellyfin.Server.Implementations.Users.UserManager: Authentication request for "bill" has succeeded.
[2026-04-28 23:47:30.102 +01:00] [INF] [32] Emby.Server.Implementations.Session.SessionManager: Current/Max sessions for user "bill": 1/0
[2026-04-28 23:47:30.102 +01:00] [INF] [32] Emby.Server.Implementations.Session.SessionManager: Logging out access token "37dd4da164c346669561a977df71edcb"
[2026-04-28 23:47:30.103 +01:00] [INF] [32] Emby.Server.Implementations.Session.SessionManager: Creating new access token for user dd66cf8d-c616-4ca1-b2c2-6df5ba8890ef
[2026-04-28 23:47:35.094 +01:00] [INF] [36] Jellyfin.Server.Implementations.Users.UserManager: Authentication request for "bill" has succeeded.
[2026-04-28 23:47:35.094 +01:00] [INF] [36] Emby.Server.Implementations.Session.SessionManager: Current/Max sessions for user "bill": 1/0
[2026-04-28 23:47:35.094 +01:00] [INF] [36] Emby.Server.Implementations.Session.SessionManager: Logging out access token "ad5a9ef50a6b44e8ae7bc6e2ac0521f7"
[2026-04-28 23:47:35.096 +01:00] [INF] [36] Emby.Server.Implementations.Session.SessionManager: Creating new access token for user dd66cf8d-c616-4ca1-b2c2-6df5ba8890ef
[2026-04-28 23:47:40.092 +01:00] [INF] [33] Jellyfin.Server.Implementations.Users.UserManager: Authentication request for "bill" has succeeded.
[2026-04-28 23:47:40.092 +01:00] [INF] [33] Emby.Server.Implementations.Session.SessionManager: Current/Max sessions for user "bill": 1/0
[2026-04-28 23:47:40.092 +01:00] [INF] [33] Emby.Server.Implementations.Session.SessionManager: Logging out access token "668c2f6ca161490db3ee7ce0a51f46a5"
[2026-04-28 23:47:40.094 +01:00] [INF] [33] Emby.Server.Implementations.Session.SessionManager: Creating new access token for user dd66cf8d-c616-4ca1-b2c2-6df5ba8890ef
[2026-04-28 23:47:45.093 +01:00] [INF] [36] Jellyfin.Server.Implementations.Users.UserManager: Authentication request for "bill" has succeeded.
[2026-04-28 23:47:45.093 +01:00] [INF] [36] Emby.Server.Implementations.Session.SessionManager: Current/Max sessions for user "bill": 1/0
[2026-04-28 23:47:45.093 +01:00] [INF] [36] Emby.Server.Implementations.Session.SessionManager: Logging out access token "aeca43a4d98c4c8dab64562615044a26"
[2026-04-28 23:47:45.095 +01:00] [INF] [36] Emby.Server.Implementations.Session.SessionManager: Creating new access token for user dd66cf8d-c616-4ca1-b2c2-6df5ba8890ef
[2026-04-28 23:47:50.095 +01:00] [INF] [33] Jellyfin.Server.Implementations.Users.UserManager: Authentication request for "bill" has succeeded.
[2026-04-28 23:47:50.095 +01:00] [INF] [33] Emby.Server.Implementations.Session.SessionManager: Current/Max sessions for user "bill": 1/0
[2026-04-28 23:47:50.095 +01:00] [INF] [33] Emby.Server.Implementations.Session.SessionManager: Logging out access token "36a9c8f6c9f44a7aa402fba625c7d4bd"
[2026-04-28 23:47:50.098 +01:00] [INF] [33] Emby.Server.Implementations.Session.SessionManager: Creating new access token for user dd66cf8d-c616-4ca1-b2c2-6df5ba8890ef
[2026-04-28 23:47:55.098 +01:00] [INF] [33] Jellyfin.Server.Implementations.Users.UserManager: Authentication request for "bill" has succeeded.
[2026-04-28 23:47:55.098 +01:00] [INF] [33] Emby.Server.Implementations.Session.SessionManager: Current/Max sessions for user "bill": 1/0
[2026-04-28 23:47:55.098 +01:00] [INF] [33] Emby.Server.Implementations.Session.SessionManager: Logging out access token "348f161043a74997829b467aa5c2d920"
[2026-04-28 23:47:55.100 +01:00] [INF] [33] Emby.Server.Implementations.Session.SessionManager: Creating new access token for user dd66cf8d-c616-4ca1-b2c2-6df5ba8890ef
[2026-04-28 23:48:00.111 +01:00] [INF] [36] Jellyfin.Server.Implementations.Users.UserManager: Authentication request for "bill" has succeeded.
[2026-04-28 23:48:00.111 +01:00] [INF] [36] Emby.Server.Implementations.Session.SessionManager: Current/Max sessions for user "bill": 1/0
[2026-04-28 23:48:00.111 +01:00] [INF] [36] Emby.Server.Implementations.Session.SessionManager: Logging out access token "7be2f471921142cb90d8de851b285b02"
[2026-04-28 23:48:00.113 +01:00] [INF] [36] Emby.Server.Implementations.Session.SessionManager: Creating new access token for user dd66cf8d-c616-4ca1-b2c2-6df5ba8890ef
[2026-04-28 23:48:05.101 +01:00] [INF] [32] Jellyfin.Server.Implementations.Users.UserManager: Authentication request for "bill" has succeeded.
[2026-04-28 23:48:05.101 +01:00] [INF] [32] Emby.Server.Implementations.Session.SessionManager: Current/Max sessions for user "bill": 1/0
[2026-04-28 23:48:05.101 +01:00] [INF] [32] Emby.Server.Implementations.Session.SessionManager: Logging out access token "dfaede748b1f4f15a8fa085bf1e77792"
[2026-04-28 23:48:05.104 +01:00] [INF] [32] Emby.Server.Implementations.Session.SessionManager: Creating new access token for user dd66cf8d-c616-4ca1-b2c2-6df5ba8890ef
[2026-04-28 23:48:10.100 +01:00] [INF] [33] Jellyfin.Server.Implementations.Users.UserManager: Authentication request for "bill" has succeeded.
[2026-04-28 23:48:10.100 +01:00] [INF] [33] Emby.Server.Implementations.Session.SessionManager: Current/Max sessions for user "bill": 1/0
[2026-04-28 23:48:10.100 +01:00] [INF] [33] Emby.Server.Implementations.Session.SessionManager: Logging out access token "2d6ffacf78d544a3830e59370f16e3db"
[2026-04-28 23:48:10.102 +01:00] [INF] [33] Emby.Server.Implementations.Session.SessionManager: Creating new access token for user dd66cf8d-c616-4ca1-b2c2-6df5ba8890ef
[2026-04-28 23:48:15.094 +01:00] [INF] [33] Jellyfin.Server.Implementations.Users.UserManager: Authentication request for "bill" has succeeded.
[2026-04-28 23:48:15.094 +01:00] [INF] [33] Emby.Server.Implementations.Session.SessionManager: Current/Max sessions for user "bill": 1/0
[2026-04-28 23:48:15.095 +01:00] [INF] [33] Emby.Server.Implementations.Session.SessionManager: Logging out access token "a3f030170d6745868b3800cb5b14116a"
[2026-04-28 23:48:15.097 +01:00] [INF] [33] Emby.Server.Implementations.Session.SessionManager: Creating new access token for user dd66cf8d-c616-4ca1-b2c2-6df5ba8890ef
[2026-04-28 23:48:20.113 +01:00] [INF] [32] Jellyfin.Server.Implementations.Users.UserManager: Authentication request for "bill" has succeeded.
[2026-04-28 23:48:20.113 +01:00] [INF] [32] Emby.Server.Implementations.Session.SessionManager: Current/Max sessions for user "bill": 1/0
[2026-04-28 23:48:20.113 +01:00] [INF] [32] Emby.Server.Implementations.Session.SessionManager: Logging out access token "f60c12c48d204615bcbd24dc604f39ec"
[2026-04-28 23:48:20.114 +01:00] [INF] [32] Emby.Server.Implementations.Session.SessionManager: Creating new access token for user dd66cf8d-c616-4ca1-b2c2-6df5ba8890ef
[2026-04-28 23:48:25.099 +01:00] [INF] [32] Jellyfin.Server.Implementations.Users.UserManager: Authentication request for "bill" has succeeded.
[2026-04-28 23:48:25.099 +01:00] [INF] [32] Emby.Server.Implementations.Session.SessionManager: Current/Max sessions for user "bill": 1/0
[2026-04-28 23:48:25.099 +01:00] [INF] [32] Emby.Server.Implementations.Session.SessionManager: Logging out access token "d5bbb92c9d1b4ea7b5d79ba25184c499"
[2026-04-28 23:48:25.101 +01:00] [INF] [32] Emby.Server.Implementations.Session.SessionManager: Creating new access token for user dd66cf8d-c616-4ca1-b2c2-6df5ba8890ef
[2026-04-28 23:48:30.104 +01:00] [INF] [32] Jellyfin.Server.Implementations.Users.UserManager: Authentication request for "bill" has succeeded.
[2026-04-28 23:48:30.104 +01:00] [INF] [32] Emby.Server.Implementations.Session.SessionManager: Current/Max sessions for user "bill": 1/0
[2026-04-28 23:48:30.104 +01:00] [INF] [32] Emby.Server.Implementations.Session.SessionManager: Logging out access token "c5ccdf607ce2466fb3abe619b68c7ba5"
[2026-04-28 23:48:30.107 +01:00] [INF] [32] Emby.Server.Implementations.Session.SessionManager: Creating new access token for user dd66cf8d-c616-4ca1-b2c2-6df5ba8890ef
[2026-04-28 23:48:35.094 +01:00] [INF] [33] Jellyfin.Server.Implementations.Users.UserManager: Authentication request for "bill" has succeeded.
[2026-04-28 23:48:35.094 +01:00] [INF] [33] Emby.Server.Implementations.Session.SessionManager: Current/Max sessions for user "bill": 1/0
[2026-04-28 23:48:35.094 +01:00] [INF] [33] Emby.Server.Implementations.Session.SessionManager: Logging out access token "90f5c2c90a1b4ad29baa8715ced3dcc1"
[2026-04-28 23:48:35.096 +01:00] [INF] [33] Emby.Server.Implementations.Session.SessionManager: Creating new access token for user dd66cf8d-c616-4ca1-b2c2-6df5ba8890ef
[2026-04-28 23:48:40.102 +01:00] [INF] [32] Jellyfin.Server.Implementations.Users.UserManager: Authentication request for "bill" has succeeded.
[2026-04-28 23:48:40.102 +01:00] [INF] [32] Emby.Server.Implementations.Session.SessionManager: Current/Max sessions for user "bill": 1/0
[2026-04-28 23:48:40.102 +01:00] [INF] [32] Emby.Server.Implementations.Session.SessionManager: Logging out access token "28ff085c5ead40729ce64596954067bd"
[2026-04-28 23:48:40.104 +01:00] [INF] [32] Emby.Server.Implementations.Session.SessionManager: Creating new access token for user dd66cf8d-c616-4ca1-b2c2-6df5ba8890ef
[2026-04-28 23:48:45.093 +01:00] [INF] [18] Jellyfin.Server.Implementations.Users.UserManager: Authentication request for "bill" has succeeded.
[2026-04-28 23:48:45.093 +01:00] [INF] [18] Emby.Server.Implementations.Session.SessionManager: Current/Max sessions for user "bill": 1/0
[2026-04-28 23:48:45.093 +01:00] [INF] [18] Emby.Server.Implementations.Session.SessionManager: Logging out access token "cb77989f6b5c44dd9cef4519fb8b891f"
[2026-04-28 23:48:45.095 +01:00] [INF] [18] Emby.Server.Implementations.Session.SessionManager: Creating new access token for user dd66cf8d-c616-4ca1-b2c2-6df5ba8890ef
[2026-04-28 23:48:50.095 +01:00] [INF] [36] Jellyfin.Server.Implementations.Users.UserManager: Authentication request for "bill" has succeeded.
[2026-04-28 23:48:50.095 +01:00] [INF] [36] Emby.Server.Implementations.Session.SessionManager: Current/Max sessions for user "bill": 1/0
[2026-04-28 23:48:50.095 +01:00] [INF] [36] Emby.Server.Implementations.Session.SessionManager: Logging out access token "db5a92fe3c9f4d1ab07e2610c316defb"
[2026-04-28 23:48:50.097 +01:00] [INF] [36] Emby.Server.Implementations.Session.SessionManager: Creating new access token for user dd66cf8d-c616-4ca1-b2c2-6df5ba8890ef
[2026-04-28 23:48:55.095 +01:00] [INF] [36] Jellyfin.Server.Implementations.Users.UserManager: Authentication request for "bill" has succeeded.
[2026-04-28 23:48:55.095 +01:00] [INF] [36] Emby.Server.Implementations.Session.SessionManager: Current/Max sessions for user "bill": 1/0
[2026-04-28 23:48:55.095 +01:00] [INF] [36] Emby.Server.Implementations.Session.SessionManager: Logging out access token "12fe4c0d5531435dbe6d97a5f7253214"
[2026-04-28 23:48:55.097 +01:00] [INF] [36] Emby.Server.Implementations.Session.SessionManager: Creating new access token for user dd66cf8d-c616-4ca1-b2c2-6df5ba8890ef
[2026-04-28 23:49:00.116 +01:00] [INF] [32] Jellyfin.Server.Implementations.Users.UserManager: Authentication request for "bill" has succeeded.
[2026-04-28 23:49:00.116 +01:00] [INF] [32] Emby.Server.Implementations.Session.SessionManager: Current/Max sessions for user "bill": 1/0
[2026-04-28 23:49:00.116 +01:00] [INF] [32] Emby.Server.Implementations.Session.SessionManager: Logging out access token "95a8787e1430444b929963ccbbe0dcf4"
[2026-04-28 23:49:00.118 +01:00] [INF] [32] Emby.Server.Implementations.Session.SessionManager: Creating new access token for user dd66cf8d-c616-4ca1-b2c2-6df5ba8890ef
[2026-04-28 23:49:05.097 +01:00] [INF] [18] Jellyfin.Server.Implementations.Users.UserManager: Authentication request for "bill" has succeeded.
[2026-04-28 23:49:05.097 +01:00] [INF] [18] Emby.Server.Implementations.Session.SessionManager: Current/Max sessions for user "bill": 1/0
[2026-04-28 23:49:05.097 +01:00] [INF] [18] Emby.Server.Implementations.Session.SessionManager: Logging out access token "dd20dbf897554b1282744d7a335de657"
[2026-04-28 23:49:05.099 +01:00] [INF] [18] Emby.Server.Implementations.Session.SessionManager: Creating new access token for user dd66cf8d-c616-4ca1-b2c2-6df5ba8890ef
[2026-04-28 23:49:10.097 +01:00] [INF] [36] Jellyfin.Server.Implementations.Users.UserManager: Authentication request for "bill" has succeeded.
[2026-04-28 23:49:10.097 +01:00] [INF] [36] Emby.Server.Implementations.Session.SessionManager: Current/Max sessions for user "bill": 1/0
[2026-04-28 23:49:10.097 +01:00] [INF] [36] Emby.Server.Implementations.Session.SessionManager: Logging out access token "17d9c76c70414f6da2c6e34b4eadda6d"
[2026-04-28 23:49:10.099 +01:00] [INF] [36] Emby.Server.Implementations.Session.SessionManager: Creating new access token for user dd66cf8d-c616-4ca1-b2c2-6df5ba8890ef
[2026-04-28 23:49:15.094 +01:00] [INF] [36] Jellyfin.Server.Implementations.Users.UserManager: Authentication request for "bill" has succeeded.
[2026-04-28 23:49:15.094 +01:00] [INF] [36] Emby.Server.Implementations.Session.SessionManager: Current/Max sessions for user "bill": 1/0
[2026-04-28 23:49:15.094 +01:00] [INF] [36] Emby.Server.Implementations.Session.SessionManager: Logging out access token "42dcd142065b4cbba37940f7b2d0a189"
[2026-04-28 23:49:15.096 +01:00] [INF] [36] Emby.Server.Implementations.Session.SessionManager: Creating new access token for user dd66cf8d-c616-4ca1-b2c2-6df5ba8890ef
[2026-04-28 23:49:20.105 +01:00] [INF] [32] Jellyfin.Server.Implementations.Users.UserManager: Authentication request for "bill" has succeeded.
[2026-04-28 23:49:20.105 +01:00] [INF] [32] Emby.Server.Implementations.Session.SessionManager: Current/Max sessions for user "bill": 1/0
[2026-04-28 23:49:20.105 +01:00] [INF] [32] Emby.Server.Implementations.Session.SessionManager: Logging out access token "9c122b1c5c0949648f753118bbe4eaab"
[2026-04-28 23:49:20.107 +01:00] [INF] [32] Emby.Server.Implementations.Session.SessionManager: Creating new access token for user dd66cf8d-c616-4ca1-b2c2-6df5ba8890ef
[2026-04-28 23:49:25.098 +01:00] [INF] [32] Jellyfin.Server.Implementations.Users.UserManager: Authentication request for "bill" has succeeded.
[2026-04-28 23:49:25.098 +01:00] [INF] [32] Emby.Server.Implementations.Session.SessionManager: Current/Max sessions for user "bill": 1/0
[2026-04-28 23:49:25.098 +01:00] [INF] [32] Emby.Server.Implementations.Session.SessionManager: Logging out access token "ac583bf9ae5f437da7c4e51feb18bd78"
[2026-04-28 23:49:25.100 +01:00] [INF] [32] Emby.Server.Implementations.Session.SessionManager: Creating new access token for user dd66cf8d-c616-4ca1-b2c2-6df5ba8890ef
[2026-04-28 23:49:30.097 +01:00] [INF] [32] Jellyfin.Server.Implementations.Users.UserManager: Authentication request for "bill" has succeeded.
[2026-04-28 23:49:30.097 +01:00] [INF] [32] Emby.Server.Implementations.Session.SessionManager: Current/Max sessions for user "bill": 1/0
[2026-04-28 23:49:30.097 +01:00] [INF] [32] Emby.Server.Implementations.Session.SessionManager: Logging out access token "daf00c881b804661b9db319c4c9a6476"
[2026-04-28 23:49:30.099 +01:00] [INF] [32] Emby.Server.Implementations.Session.SessionManager: Creating new access token for user dd66cf8d-c616-4ca1-b2c2-6df5ba8890ef
[2026-04-28 23:49:35.101 +01:00] [INF] [32] Jellyfin.Server.Implementations.Users.UserManager: Authentication request for "bill" has succeeded.
[2026-04-28 23:49:35.101 +01:00] [INF] [32] Emby.Server.Implementations.Session.SessionManager: Current/Max sessions for user "bill": 1/0
[2026-04-28 23:49:35.101 +01:00] [INF] [32] Emby.Server.Implementations.Session.SessionManager: Logging out access token "f6cc5799b3e648c49195e356e0098bf5"
[2026-04-28 23:49:35.102 +01:00] [INF] [32] Emby.Server.Implementations.Session.SessionManager: Creating new access token for user dd66cf8d-c616-4ca1-b2c2-6df5ba8890ef
[2026-04-28 23:49:40.106 +01:00] [INF] [32] Jellyfin.Server.Implementations.Users.UserManager: Authentication request for "bill" has succeeded.
[2026-04-28 23:49:40.106 +01:00] [INF] [32] Emby.Server.Implementations.Session.SessionManager: Current/Max sessions for user "bill": 1/0
[2026-04-28 23:49:40.106 +01:00] [INF] [32] Emby.Server.Implementations.Session.SessionManager: Logging out access token "51b1618d2745410caf4c81430751e490"
[2026-04-28 23:49:40.108 +01:00] [INF] [32] Emby.Server.Implementations.Session.SessionManager: Creating new access token for user dd66cf8d-c616-4ca1-b2c2-6df5ba8890ef
[2026-04-28 23:49:45.092 +01:00] [INF] [18] Jellyfin.Server.Implementations.Users.UserManager: Authentication request for "bill" has succeeded.
[2026-04-28 23:49:45.092 +01:00] [INF] [18] Emby.Server.Implementations.Session.SessionManager: Current/Max sessions for user "bill": 1/0
[2026-04-28 23:49:45.092 +01:00] [INF] [18] Emby.Server.Implementations.Session.SessionManager: Logging out access token "408f0e6a7304415999c00ffc7e3f62d7"
[2026-04-28 23:49:45.094 +01:00] [INF] [18] Emby.Server.Implementations.Session.SessionManager: Creating new access token for user dd66cf8d-c616-4ca1-b2c2-6df5ba8890ef
[2026-04-28 23:49:50.093 +01:00] [INF] [18] Jellyfin.Server.Implementations.Users.UserManager: Authentication request for "bill" has succeeded.
[2026-04-28 23:49:50.093 +01:00] [INF] [18] Emby.Server.Implementations.Session.SessionManager: Current/Max sessions for user "bill": 1/0
[2026-04-28 23:49:50.093 +01:00] [INF] [18] Emby.Server.Implementations.Session.SessionManager: Logging out access token "1e203dc0907b4deea816aeaaff4edba5"
[2026-04-28 23:49:50.095 +01:00] [INF] [18] Emby.Server.Implementations.Session.SessionManager: Creating new access token for user dd66cf8d-c616-4ca1-b2c2-6df5ba8890ef
[2026-04-28 23:49:55.096 +01:00] [INF] [18] Jellyfin.Server.Implementations.Users.UserManager: Authentication request for "bill" has succeeded.
[2026-04-28 23:49:55.096 +01:00] [INF] [18] Emby.Server.Implementations.Session.SessionManager: Current/Max sessions for user "bill": 1/0
[2026-04-28 23:49:55.096 +01:00] [INF] [18] Emby.Server.Implementations.Session.SessionManager: Logging out access token "97571fb280cf48bf885b00ca2e15f340"
[2026-04-28 23:49:55.097 +01:00] [INF] [18] Emby.Server.Implementations.Session.SessionManager: Creating new access token for user dd66cf8d-c616-4ca1-b2c2-6df5ba8890ef
[2026-04-28 23:50:00.136 +01:00] [INF] [18] Jellyfin.Server.Implementations.Users.UserManager: Authentication request for "bill" has succeeded.
[2026-04-28 23:50:00.136 +01:00] [INF] [18] Emby.Server.Implementations.Session.SessionManager: Current/Max sessions for user "bill": 1/0
[2026-04-28 23:50:00.136 +01:00] [INF] [18] Emby.Server.Implementations.Session.SessionManager: Logging out access token "4d24b77a462c4a37925e5a2a1f0da7e0"
[2026-04-28 23:50:00.138 +01:00] [INF] [18] Emby.Server.Implementations.Session.SessionManager: Creating new access token for user dd66cf8d-c616-4ca1-b2c2-6df5ba8890ef
[2026-04-28 23:50:05.092 +01:00] [INF] [18] Jellyfin.Server.Implementations.Users.UserManager: Authentication request for "bill" has succeeded.
[2026-04-28 23:50:05.092 +01:00] [INF] [18] Emby.Server.Implementations.Session.SessionManager: Current/Max sessions for user "bill": 1/0
[2026-04-28 23:50:05.092 +01:00] [INF] [18] Emby.Server.Implementations.Session.SessionManager: Logging out access token "a823e3e943e2452fb29e3b65277d356d"
[2026-04-28 23:50:05.094 +01:00] [INF] [18] Emby.Server.Implementations.Session.SessionManager: Creating new access token for user dd66cf8d-c616-4ca1-b2c2-6df5ba8890ef
[2026-04-28 23:50:10.093 +01:00] [INF] [36] Jellyfin.Server.Implementations.Users.UserManager: Authentication request for "bill" has succeeded.
[2026-04-28 23:50:10.093 +01:00] [INF] [36] Emby.Server.Implementations.Session.SessionManager: Current/Max sessions for user "bill": 1/0
[2026-04-28 23:50:10.093 +01:00] [INF] [36] Emby.Server.Implementations.Session.SessionManager: Logging out access token "71349035a9d64796b72483224bf46e3c"
[2026-04-28 23:50:10.095 +01:00] [INF] [36] Emby.Server.Implementations.Session.SessionManager: Creating new access token for user dd66cf8d-c616-4ca1-b2c2-6df5ba8890ef
[2026-04-28 23:50:15.096 +01:00] [INF] [18] Jellyfin.Server.Implementations.Users.UserManager: Authentication request for "bill" has succeeded.
[2026-04-28 23:50:15.096 +01:00] [INF] [18] Emby.Server.Implementations.Session.SessionManager: Current/Max sessions for user "bill": 1/0
[2026-04-28 23:50:15.096 +01:00] [INF] [18] Emby.Server.Implementations.Session.SessionManager: Logging out access token "b75cc515d6c141b3b23e0d7ea78f8bb8"
[2026-04-28 23:50:15.097 +01:00] [INF] [18] Emby.Server.Implementations.Session.SessionManager: Creating new access token for user dd66cf8d-c616-4ca1-b2c2-6df5ba8890ef
[2026-04-28 23:50:20.102 +01:00] [INF] [32] Jellyfin.Server.Implementations.Users.UserManager: Authentication request for "bill" has succeeded.
[2026-04-28 23:50:20.103 +01:00] [INF] [32] Emby.Server.Implementations.Session.SessionManager: Current/Max sessions for user "bill": 1/0
[2026-04-28 23:50:20.103 +01:00] [INF] [32] Emby.Server.Implementations.Session.SessionManager: Logging out access token "e3f2a450c4474750a783954a7113247c"
[2026-04-28 23:50:20.104 +01:00] [INF] [32] Emby.Server.Implementations.Session.SessionManager: Creating new access token for user dd66cf8d-c616-4ca1-b2c2-6df5ba8890ef
[2026-04-28 23:50:25.095 +01:00] [INF] [18] Jellyfin.Server.Implementations.Users.UserManager: Authentication request for "bill" has succeeded.
[2026-04-28 23:50:25.095 +01:00] [INF] [18] Emby.Server.Implementations.Session.SessionManager: Current/Max sessions for user "bill": 1/0
[2026-04-28 23:50:25.095 +01:00] [INF] [18] Emby.Server.Implementations.Session.SessionManager: Logging out access token "e209854dfa4a432588d48ac069bd61a6"
[2026-04-28 23:50:25.097 +01:00] [INF] [18] Emby.Server.Implementations.Session.SessionManager: Creating new access token for user dd66cf8d-c616-4ca1-b2c2-6df5ba8890ef
[2026-04-28 23:50:30.098 +01:00] [INF] [36] Jellyfin.Server.Implementations.Users.UserManager: Authentication request for "bill" has succeeded.
[2026-04-28 23:50:30.098 +01:00] [INF] [36] Emby.Server.Implementations.Session.SessionManager: Current/Max sessions for user "bill": 1/0
[2026-04-28 23:50:30.098 +01:00] [INF] [36] Emby.Server.Implementations.Session.SessionManager: Logging out access token "31643748a490406085240035ffaf4249"
[2026-04-28 23:50:30.100 +01:00] [INF] [36] Emby.Server.Implementations.Session.SessionManager: Creating new access token for user dd66cf8d-c616-4ca1-b2c2-6df5ba8890ef
[2026-04-28 23:50:35.098 +01:00] [INF] [18] Jellyfin.Server.Implementations.Users.UserManager: Authentication request for "bill" has succeeded.
[2026-04-28 23:50:35.098 +01:00] [INF] [18] Emby.Server.Implementations.Session.SessionManager: Current/Max sessions for user "bill": 1/0
[2026-04-28 23:50:35.098 +01:00] [INF] [18] Emby.Server.Implementations.Session.SessionManager: Logging out access token "f245e2eac72c4dc8ae249b0d0ebd75ab"
[2026-04-28 23:50:35.100 +01:00] [INF] [18] Emby.Server.Implementations.Session.SessionManager: Creating new access token for user dd66cf8d-c616-4ca1-b2c2-6df5ba8890ef
[2026-04-28 23:50:40.100 +01:00] [INF] [32] Jellyfin.Server.Implementations.Users.UserManager: Authentication request for "bill" has succeeded.
[2026-04-28 23:50:40.101 +01:00] [INF] [32] Emby.Server.Implementations.Session.SessionManager: Current/Max sessions for user "bill": 1/0
[2026-04-28 23:50:40.101 +01:00] [INF] [32] Emby.Server.Implementations.Session.SessionManager: Logging out access token "8e437872a6854866948ffb6cbabbb74f"
[2026-04-28 23:50:40.102 +01:00] [INF] [32] Emby.Server.Implementations.Session.SessionManager: Creating new access token for user dd66cf8d-c616-4ca1-b2c2-6df5ba8890ef
[2026-04-28 23:50:45.094 +01:00] [INF] [18] Jellyfin.Server.Implementations.Users.UserManager: Authentication request for "bill" has succeeded.
[2026-04-28 23:50:45.094 +01:00] [INF] [18] Emby.Server.Implementations.Session.SessionManager: Current/Max sessions for user "bill": 1/0
[2026-04-28 23:50:45.094 +01:00] [INF] [18] Emby.Server.Implementations.Session.SessionManager: Logging out access token "3796a4a0d989444db6fe071da17396a0"
[2026-04-28 23:50:45.096 +01:00] [INF] [18] Emby.Server.Implementations.Session.SessionManager: Creating new access token for user dd66cf8d-c616-4ca1-b2c2-6df5ba8890ef
[2026-04-28 23:50:50.103 +01:00] [INF] [32] Jellyfin.Server.Implementations.Users.UserManager: Authentication request for "bill" has succeeded.
[2026-04-28 23:50:50.103 +01:00] [INF] [32] Emby.Server.Implementations.Session.SessionManager: Current/Max sessions for user "bill": 1/0
[2026-04-28 23:50:50.103 +01:00] [INF] [32] Emby.Server.Implementations.Session.SessionManager: Logging out access token "327b90c072334937a3e26062a155972a"
[2026-04-28 23:50:50.105 +01:00] [INF] [32] Emby.Server.Implementations.Session.SessionManager: Creating new access token for user dd66cf8d-c616-4ca1-b2c2-6df5ba8890ef
[2026-04-28 23:50:55.099 +01:00] [INF] [18] Jellyfin.Server.Implementations.Users.UserManager: Authentication request for "bill" has succeeded.
[2026-04-28 23:50:55.099 +01:00] [INF] [18] Emby.Server.Implementations.Session.SessionManager: Current/Max sessions for user "bill": 1/0
[2026-04-28 23:50:55.099 +01:00] [INF] [18] Emby.Server.Implementations.Session.SessionManager: Logging out access token "532b3e45eb3a4991861ca719b6d806ff"
[2026-04-28 23:50:55.101 +01:00] [INF] [18] Emby.Server.Implementations.Session.SessionManager: Creating new access token for user dd66cf8d-c616-4ca1-b2c2-6df5ba8890ef
[2026-04-28 23:51:00.120 +01:00] [INF] [32] Jellyfin.Server.Implementations.Users.UserManager: Authentication request for "bill" has succeeded.
[2026-04-28 23:51:00.120 +01:00] [INF] [32] Emby.Server.Implementations.Session.SessionManager: Current/Max sessions for user "bill": 1/0
[2026-04-28 23:51:00.120 +01:00] [INF] [32] Emby.Server.Implementations.Session.SessionManager: Logging out access token "9cbbf484181c40b6a943dc7a347fe17e"
[2026-04-28 23:51:00.122 +01:00] [INF] [32] Emby.Server.Implementations.Session.SessionManager: Creating new access token for user dd66cf8d-c616-4ca1-b2c2-6df5ba8890ef
[2026-04-28 23:51:05.101 +01:00] [INF] [18] Jellyfin.Server.Implementations.Users.UserManager: Authentication request for "bill" has succeeded.
[2026-04-28 23:51:05.101 +01:00] [INF] [18] Emby.Server.Implementations.Session.SessionManager: Current/Max sessions for user "bill": 1/0
[2026-04-28 23:51:05.101 +01:00] [INF] [18] Emby.Server.Implementations.Session.SessionManager: Logging out access token "6d32ed63ec79437db2262a107e31abae"
[2026-04-28 23:51:05.103 +01:00] [INF] [18] Emby.Server.Implementations.Session.SessionManager: Creating new access token for user dd66cf8d-c616-4ca1-b2c2-6df5ba8890ef
[2026-04-28 23:51:10.098 +01:00] [INF] [33] Jellyfin.Server.Implementations.Users.UserManager: Authentication request for "bill" has succeeded.
[2026-04-28 23:51:10.098 +01:00] [INF] [33] Emby.Server.Implementations.Session.SessionManager: Current/Max sessions for user "bill": 1/0
[2026-04-28 23:51:10.098 +01:00] [INF] [33] Emby.Server.Implementations.Session.SessionManager: Logging out access token "4363998e539144f1bce8acc8636512b6"
[2026-04-28 23:51:10.100 +01:00] [INF] [33] Emby.Server.Implementations.Session.SessionManager: Creating new access token for user dd66cf8d-c616-4ca1-b2c2-6df5ba8890ef
[2026-04-28 23:51:15.090 +01:00] [INF] [18] Jellyfin.Server.Implementations.Users.UserManager: Authentication request for "bill" has succeeded.
[2026-04-28 23:51:15.091 +01:00] [INF] [18] Emby.Server.Implementations.Session.SessionManager: Current/Max sessions for user "bill": 1/0
[2026-04-28 23:51:15.091 +01:00] [INF] [18] Emby.Server.Implementations.Session.SessionManager: Logging out access token "cfee95806e1d4e2d83973d2967ae7e83"
[2026-04-28 23:51:15.092 +01:00] [INF] [18] Emby.Server.Implementations.Session.SessionManager: Creating new access token for user dd66cf8d-c616-4ca1-b2c2-6df5ba8890ef
[2026-04-28 23:51:20.093 +01:00] [INF] [18] Jellyfin.Server.Implementations.Users.UserManager: Authentication request for "bill" has succeeded.
[2026-04-28 23:51:20.093 +01:00] [INF] [18] Emby.Server.Implementations.Session.SessionManager: Current/Max sessions for user "bill": 1/0
[2026-04-28 23:51:20.093 +01:00] [INF] [18] Emby.Server.Implementations.Session.SessionManager: Logging out access token "ead0efbdd9b74ee19a92e1fc8b07ac44"
[2026-04-28 23:51:20.095 +01:00] [INF] [18] Emby.Server.Implementations.Session.SessionManager: Creating new access token for user dd66cf8d-c616-4ca1-b2c2-6df5ba8890ef
[2026-04-28 23:51:25.096 +01:00] [INF] [18] Jellyfin.Server.Implementations.Users.UserManager: Authentication request for "bill" has succeeded.
[2026-04-28 23:51:25.096 +01:00] [INF] [18] Emby.Server.Implementations.Session.SessionManager: Current/Max sessions for user "bill": 1/0
[2026-04-28 23:51:25.096 +01:00] [INF] [18] Emby.Server.Implementations.Session.SessionManager: Logging out access token "844cc9f6f7b44e6d8f016105a77ff5b3"
[2026-04-28 23:51:25.098 +01:00] [INF] [18] Emby.Server.Implementations.Session.SessionManager: Creating new access token for user dd66cf8d-c616-4ca1-b2c2-6df5ba8890ef
[2026-04-28 23:51:30.105 +01:00] [INF] [32] Jellyfin.Server.Implementations.Users.UserManager: Authentication request for "bill" has succeeded.
[2026-04-28 23:51:30.105 +01:00] [INF] [32] Emby.Server.Implementations.Session.SessionManager: Current/Max sessions for user "bill": 1/0
[2026-04-28 23:51:30.105 +01:00] [INF] [32] Emby.Server.Implementations.Session.SessionManager: Logging out access token "56577ec1ca29426a8280a609219db8f2"
[2026-04-28 23:51:30.107 +01:00] [INF] [32] Emby.Server.Implementations.Session.SessionManager: Creating new access token for user dd66cf8d-c616-4ca1-b2c2-6df5ba8890ef
[2026-04-28 23:51:35.095 +01:00] [INF] [18] Jellyfin.Server.Implementations.Users.UserManager: Authentication request for "bill" has succeeded.
[2026-04-28 23:51:35.096 +01:00] [INF] [18] Emby.Server.Implementations.Session.SessionManager: Current/Max sessions for user "bill": 1/0
[2026-04-28 23:51:35.096 +01:00] [INF] [18] Emby.Server.Implementations.Session.SessionManager: Logging out access token "d64bece37b1347f38e4e337194392961"
[2026-04-28 23:51:35.098 +01:00] [INF] [18] Emby.Server.Implementations.Session.SessionManager: Creating new access token for user dd66cf8d-c616-4ca1-b2c2-6df5ba8890ef
[2026-04-28 23:51:40.102 +01:00] [INF] [32] Jellyfin.Server.Implementations.Users.UserManager: Authentication request for "bill" has succeeded.
[2026-04-28 23:51:40.103 +01:00] [INF] [32] Emby.Server.Implementations.Session.SessionManager: Current/Max sessions for user "bill": 1/0
[2026-04-28 23:51:40.103 +01:00] [INF] [32] Emby.Server.Implementations.Session.SessionManager: Logging out access token "17e90fd61ba741ef9838e4b47a16c335"
[2026-04-28 23:51:40.104 +01:00] [INF] [32] Emby.Server.Implementations.Session.SessionManager: Creating new access token for user dd66cf8d-c616-4ca1-b2c2-6df5ba8890ef
[2026-04-28 23:51:45.094 +01:00] [INF] [18] Jellyfin.Server.Implementations.Users.UserManager: Authentication request for "bill" has succeeded.
[2026-04-28 23:51:45.094 +01:00] [INF] [18] Emby.Server.Implementations.Session.SessionManager: Current/Max sessions for user "bill": 1/0
[2026-04-28 23:51:45.094 +01:00] [INF] [18] Emby.Server.Implementations.Session.SessionManager: Logging out access token "417252cf681048a5b26f82c9db337d12"
[2026-04-28 23:51:45.096 +01:00] [INF] [18] Emby.Server.Implementations.Session.SessionManager: Creating new access token for user dd66cf8d-c616-4ca1-b2c2-6df5ba8890ef
[2026-04-28 23:51:50.094 +01:00] [INF] [18] Jellyfin.Server.Implementations.Users.UserManager: Authentication request for "bill" has succeeded.
[2026-04-28 23:51:50.094 +01:00] [INF] [18] Emby.Server.Implementations.Session.SessionManager: Current/Max sessions for user "bill": 1/0
[2026-04-28 23:51:50.094 +01:00] [INF] [18] Emby.Server.Implementations.Session.SessionManager: Logging out access token "c14eb9fa593b421eba529dcfedf87ee8"
[2026-04-28 23:51:50.096 +01:00] [INF] [18] Emby.Server.Implementations.Session.SessionManager: Creating new access token for user dd66cf8d-c616-4ca1-b2c2-6df5ba8890ef
[2026-04-28 23:51:55.097 +01:00] [INF] [32] Jellyfin.Server.Implementations.Users.UserManager: Authentication request for "bill" has succeeded.
[2026-04-28 23:51:55.097 +01:00] [INF] [32] Emby.Server.Implementations.Session.SessionManager: Current/Max sessions for user "bill": 1/0
[2026-04-28 23:51:55.097 +01:00] [INF] [32] Emby.Server.Implementations.Session.SessionManager: Logging out access token "869bbfad56b24075acf218f8c246fcc9"
[2026-04-28 23:51:55.099 +01:00] [INF] [32] Emby.Server.Implementations.Session.SessionManager: Creating new access token for user dd66cf8d-c616-4ca1-b2c2-6df5ba8890ef
[2026-04-28 23:52:00.115 +01:00] [INF] [18] Jellyfin.Server.Implementations.Users.UserManager: Authentication request for "bill" has succeeded.
[2026-04-28 23:52:00.115 +01:00] [INF] [18] Emby.Server.Implementations.Session.SessionManager: Current/Max sessions for user "bill": 1/0
[2026-04-28 23:52:00.115 +01:00] [INF] [18] Emby.Server.Implementations.Session.SessionManager: Logging out access token "ca8a071ad59e430a966b28175a520f35"
[2026-04-28 23:52:00.117 +01:00] [INF] [18] Emby.Server.Implementations.Session.SessionManager: Creating new access token for user dd66cf8d-c616-4ca1-b2c2-6df5ba8890ef
[2026-04-28 23:52:05.097 +01:00] [INF] [33] Jellyfin.Server.Implementations.Users.UserManager: Authentication request for "bill" has succeeded.
[2026-04-28 23:52:05.097 +01:00] [INF] [33] Emby.Server.Implementations.Session.SessionManager: Current/Max sessions for user "bill": 1/0
[2026-04-28 23:52:05.097 +01:00] [INF] [33] Emby.Server.Implementations.Session.SessionManager: Logging out access token "88399d2ee0b948c9944a5af86d162942"
[2026-04-28 23:52:05.100 +01:00] [INF] [33] Emby.Server.Implementations.Session.SessionManager: Creating new access token for user dd66cf8d-c616-4ca1-b2c2-6df5ba8890ef
[2026-04-28 23:52:10.094 +01:00] [INF] [18] Jellyfin.Server.Implementations.Users.UserManager: Authentication request for "bill" has succeeded.
[2026-04-28 23:52:10.094 +01:00] [INF] [18] Emby.Server.Implementations.Session.SessionManager: Current/Max sessions for user "bill": 1/0
[2026-04-28 23:52:10.094 +01:00] [INF] [18] Emby.Server.Implementations.Session.SessionManager: Logging out access token "4a0b3aa22b63400db2efb867466a251a"
[2026-04-28 23:52:10.097 +01:00] [INF] [18] Emby.Server.Implementations.Session.SessionManager: Creating new access token for user dd66cf8d-c616-4ca1-b2c2-6df5ba8890ef
[2026-04-28 23:52:15.094 +01:00] [INF] [18] Jellyfin.Server.Implementations.Users.UserManager: Authentication request for "bill" has succeeded.
[2026-04-28 23:52:15.094 +01:00] [INF] [18] Emby.Server.Implementations.Session.SessionManager: Current/Max sessions for user "bill": 1/0
[2026-04-28 23:52:15.094 +01:00] [INF] [18] Emby.Server.Implementations.Session.SessionManager: Logging out access token "f67b6ba3c5c64250a3f47a4d5e828b78"
[2026-04-28 23:52:15.096 +01:00] [INF] [18] Emby.Server.Implementations.Session.SessionManager: Creating new access token for user dd66cf8d-c616-4ca1-b2c2-6df5ba8890ef
[2026-04-28 23:52:20.093 +01:00] [INF] [18] Jellyfin.Server.Implementations.Users.UserManager: Authentication request for "bill" has succeeded.
[2026-04-28 23:52:20.093 +01:00] [INF] [18] Emby.Server.Implementations.Session.SessionManager: Current/Max sessions for user "bill": 1/0
[2026-04-28 23:52:20.093 +01:00] [INF] [18] Emby.Server.Implementations.Session.SessionManager: Logging out access token "6fec88ccf04a460aad2f8936d27658b7"
[2026-04-28 23:52:20.095 +01:00] [INF] [18] Emby.Server.Implementations.Session.SessionManager: Creating new access token for user dd66cf8d-c616-4ca1-b2c2-6df5ba8890ef
[2026-04-28 23:52:25.101 +01:00] [INF] [32] Jellyfin.Server.Implementations.Users.UserManager: Authentication request for "bill" has succeeded.
[2026-04-28 23:52:25.101 +01:00] [INF] [32] Emby.Server.Implementations.Session.SessionManager: Current/Max sessions for user "bill": 1/0
[2026-04-28 23:52:25.101 +01:00] [INF] [32] Emby.Server.Implementations.Session.SessionManager: Logging out access token "4cc8f6277b3f4f7d959de465e593e1a4"
[2026-04-28 23:52:25.103 +01:00] [INF] [32] Emby.Server.Implementations.Session.SessionManager: Creating new access token for user dd66cf8d-c616-4ca1-b2c2-6df5ba8890ef
[2026-04-28 23:52:30.096 +01:00] [INF] [33] Jellyfin.Server.Implementations.Users.UserManager: Authentication request for "bill" has succeeded.
[2026-04-28 23:52:30.096 +01:00] [INF] [33] Emby.Server.Implementations.Session.SessionManager: Current/Max sessions for user "bill": 1/0
[2026-04-28 23:52:30.096 +01:00] [INF] [33] Emby.Server.Implementations.Session.SessionManager: Logging out access token "9bfa77a84c814a51bab03db640efbc98"
[2026-04-28 23:52:30.103 +01:00] [INF] [33] Emby.Server.Implementations.Session.SessionManager: Creating new access token for user dd66cf8d-c616-4ca1-b2c2-6df5ba8890ef
[2026-04-28 23:52:35.106 +01:00] [INF] [32] Jellyfin.Server.Implementations.Users.UserManager: Authentication request for "bill" has succeeded.
[2026-04-28 23:52:35.106 +01:00] [INF] [32] Emby.Server.Implementations.Session.SessionManager: Current/Max sessions for user "bill": 1/0
[2026-04-28 23:52:35.106 +01:00] [INF] [32] Emby.Server.Implementations.Session.SessionManager: Logging out access token "11b1807a29344a569c82a926578796c4"
[2026-04-28 23:52:35.108 +01:00] [INF] [32] Emby.Server.Implementations.Session.SessionManager: Creating new access token for user dd66cf8d-c616-4ca1-b2c2-6df5ba8890ef
[2026-04-28 23:52:40.088 +01:00] [INF] [33] Jellyfin.Server.Implementations.Users.UserManager: Authentication request for "bill" has succeeded.
[2026-04-28 23:52:40.088 +01:00] [INF] [33] Emby.Server.Implementations.Session.SessionManager: Current/Max sessions for user "bill": 1/0
[2026-04-28 23:52:40.088 +01:00] [INF] [33] Emby.Server.Implementations.Session.SessionManager: Logging out access token "79cd2de68c98416ea69f6cb893f9f65c"
[2026-04-28 23:52:40.090 +01:00] [INF] [33] Emby.Server.Implementations.Session.SessionManager: Creating new access token for user dd66cf8d-c616-4ca1-b2c2-6df5ba8890ef
[2026-04-28 23:52:45.094 +01:00] [INF] [32] Jellyfin.Server.Implementations.Users.UserManager: Authentication request for "bill" has succeeded.
[2026-04-28 23:52:45.094 +01:00] [INF] [32] Emby.Server.Implementations.Session.SessionManager: Current/Max sessions for user "bill": 1/0
[2026-04-28 23:52:45.094 +01:00] [INF] [32] Emby.Server.Implementations.Session.SessionManager: Logging out access token "d1273f7a33174c59be3c7fe68707238a"
[2026-04-28 23:52:45.096 +01:00] [INF] [32] Emby.Server.Implementations.Session.SessionManager: Creating new access token for user dd66cf8d-c616-4ca1-b2c2-6df5ba8890ef
[2026-04-28 23:52:50.105 +01:00] [INF] [32] Jellyfin.Server.Implementations.Users.UserManager: Authentication request for "bill" has succeeded.
[2026-04-28 23:52:50.105 +01:00] [INF] [32] Emby.Server.Implementations.Session.SessionManager: Current/Max sessions for user "bill": 1/0
[2026-04-28 23:52:50.105 +01:00] [INF] [32] Emby.Server.Implementations.Session.SessionManager: Logging out access token "f1f9f19f901c451cbe5c02f575c67281"
[2026-04-28 23:52:50.107 +01:00] [INF] [32] Emby.Server.Implementations.Session.SessionManager: Creating new access token for user dd66cf8d-c616-4ca1-b2c2-6df5ba8890ef
[2026-04-28 23:52:55.099 +01:00] [INF] [18] Jellyfin.Server.Implementations.Users.UserManager: Authentication request for "bill" has succeeded.
[2026-04-28 23:52:55.099 +01:00] [INF] [18] Emby.Server.Implementations.Session.SessionManager: Current/Max sessions for user "bill": 1/0
[2026-04-28 23:52:55.099 +01:00] [INF] [18] Emby.Server.Implementations.Session.SessionManager: Logging out access token "7c446fa668dc4e249f9edfa62bd73fba"
[2026-04-28 23:52:55.102 +01:00] [INF] [18] Emby.Server.Implementations.Session.SessionManager: Creating new access token for user dd66cf8d-c616-4ca1-b2c2-6df5ba8890ef
[2026-04-28 23:53:00.120 +01:00] [INF] [18] Jellyfin.Server.Implementations.Users.UserManager: Authentication request for "bill" has succeeded.
[2026-04-28 23:53:00.120 +01:00] [INF] [18] Emby.Server.Implementations.Session.SessionManager: Current/Max sessions for user "bill": 1/0
[2026-04-28 23:53:00.120 +01:00] [INF] [18] Emby.Server.Implementations.Session.SessionManager: Logging out access token "f4ff32f05e23421d9e16a06876113c8a"
[2026-04-28 23:53:00.122 +01:00] [INF] [18] Emby.Server.Implementations.Session.SessionManager: Creating new access token for user dd66cf8d-c616-4ca1-b2c2-6df5ba8890ef
[2026-04-28 23:53:05.109 +01:00] [INF] [32] Jellyfin.Server.Implementations.Users.UserManager: Authentication request for "bill" has succeeded.
[2026-04-28 23:53:05.109 +01:00] [INF] [32] Emby.Server.Implementations.Session.SessionManager: Current/Max sessions for user "bill": 1/0
[2026-04-28 23:53:05.109 +01:00] [INF] [32] Emby.Server.Implementations.Session.SessionManager: Logging out access token "a5098975e2ae4cdda5db4e5f28d79317"
[2026-04-28 23:53:05.110 +01:00] [INF] [32] Emby.Server.Implementations.Session.SessionManager: Creating new access token for user dd66cf8d-c616-4ca1-b2c2-6df5ba8890ef
[2026-04-28 23:53:10.096 +01:00] [INF] [18] Jellyfin.Server.Implementations.Users.UserManager: Authentication request for "bill" has succeeded.
[2026-04-28 23:53:10.096 +01:00] [INF] [18] Emby.Server.Implementations.Session.SessionManager: Current/Max sessions for user "bill": 1/0
[2026-04-28 23:53:10.096 +01:00] [INF] [18] Emby.Server.Implementations.Session.SessionManager: Logging out access token "734451fe35e54c7e81754053a0c408fa"
[2026-04-28 23:53:10.099 +01:00] [INF] [18] Emby.Server.Implementations.Session.SessionManager: Creating new access token for user dd66cf8d-c616-4ca1-b2c2-6df5ba8890ef
[2026-04-28 23:53:15.094 +01:00] [INF] [35] Jellyfin.Server.Implementations.Users.UserManager: Authentication request for "bill" has succeeded.
[2026-04-28 23:53:15.094 +01:00] [INF] [35] Emby.Server.Implementations.Session.SessionManager: Current/Max sessions for user "bill": 1/0
[2026-04-28 23:53:15.094 +01:00] [INF] [35] Emby.Server.Implementations.Session.SessionManager: Logging out access token "81cceccd22954f54b6273f111b040b56"
[2026-04-28 23:53:15.096 +01:00] [INF] [35] Emby.Server.Implementations.Session.SessionManager: Creating new access token for user dd66cf8d-c616-4ca1-b2c2-6df5ba8890ef
[2026-04-28 23:53:20.095 +01:00] [INF] [18] Jellyfin.Server.Implementations.Users.UserManager: Authentication request for "bill" has succeeded.
[2026-04-28 23:53:20.095 +01:00] [INF] [18] Emby.Server.Implementations.Session.SessionManager: Current/Max sessions for user "bill": 1/0
[2026-04-28 23:53:20.095 +01:00] [INF] [18] Emby.Server.Implementations.Session.SessionManager: Logging out access token "8e352f649a8e4b5fa9737cc732899301"
[2026-04-28 23:53:20.097 +01:00] [INF] [18] Emby.Server.Implementations.Session.SessionManager: Creating new access token for user dd66cf8d-c616-4ca1-b2c2-6df5ba8890ef
[2026-04-28 23:53:25.094 +01:00] [INF] [35] Jellyfin.Server.Implementations.Users.UserManager: Authentication request for "bill" has succeeded.
[2026-04-28 23:53:25.094 +01:00] [INF] [35] Emby.Server.Implementations.Session.SessionManager: Current/Max sessions for user "bill": 1/0
[2026-04-28 23:53:25.094 +01:00] [INF] [35] Emby.Server.Implementations.Session.SessionManager: Logging out access token "8682e7000f0c4562827158d18b8c42e2"
[2026-04-28 23:53:25.096 +01:00] [INF] [35] Emby.Server.Implementations.Session.SessionManager: Creating new access token for user dd66cf8d-c616-4ca1-b2c2-6df5ba8890ef
[2026-04-28 23:53:30.096 +01:00] [INF] [18] Jellyfin.Server.Implementations.Users.UserManager: Authentication request for "bill" has succeeded.
[2026-04-28 23:53:30.096 +01:00] [INF] [18] Emby.Server.Implementations.Session.SessionManager: Current/Max sessions for user "bill": 1/0
[2026-04-28 23:53:30.096 +01:00] [INF] [18] Emby.Server.Implementations.Session.SessionManager: Logging out access token "58f90eece7434d7da77e817515b9a98a"
[2026-04-28 23:53:30.098 +01:00] [INF] [18] Emby.Server.Implementations.Session.SessionManager: Creating new access token for user dd66cf8d-c616-4ca1-b2c2-6df5ba8890ef
[2026-04-28 23:53:35.090 +01:00] [INF] [33] Jellyfin.Server.Implementations.Users.UserManager: Authentication request for "bill" has succeeded.
[2026-04-28 23:53:35.090 +01:00] [INF] [33] Emby.Server.Implementations.Session.SessionManager: Current/Max sessions for user "bill": 1/0
[2026-04-28 23:53:35.090 +01:00] [INF] [33] Emby.Server.Implementations.Session.SessionManager: Logging out access token "7c164f9c2dc14cf8a2db0d120c6de7ed"
[2026-04-28 23:53:35.092 +01:00] [INF] [33] Emby.Server.Implementations.Session.SessionManager: Creating new access token for user dd66cf8d-c616-4ca1-b2c2-6df5ba8890ef
[2026-04-28 23:53:40.084 +01:00] [INF] [18] Jellyfin.Server.Implementations.Users.UserManager: Authentication request for "bill" has succeeded.
[2026-04-28 23:53:40.084 +01:00] [INF] [18] Emby.Server.Implementations.Session.SessionManager: Current/Max sessions for user "bill": 1/0
[2026-04-28 23:53:40.084 +01:00] [INF] [18] Emby.Server.Implementations.Session.SessionManager: Logging out access token "63a4e83738464ebab4ee2b5e3edddaea"
[2026-04-28 23:53:40.085 +01:00] [INF] [18] Emby.Server.Implementations.Session.SessionManager: Creating new access token for user dd66cf8d-c616-4ca1-b2c2-6df5ba8890ef
[2026-04-28 23:53:45.095 +01:00] [INF] [35] Jellyfin.Server.Implementations.Users.UserManager: Authentication request for "bill" has succeeded.
[2026-04-28 23:53:45.095 +01:00] [INF] [35] Emby.Server.Implementations.Session.SessionManager: Current/Max sessions for user "bill": 1/0
[2026-04-28 23:53:45.095 +01:00] [INF] [35] Emby.Server.Implementations.Session.SessionManager: Logging out access token "50336f2ce7e14481bbbc57d7ab023ed2"
[2026-04-28 23:53:45.097 +01:00] [INF] [35] Emby.Server.Implementations.Session.SessionManager: Creating new access token for user dd66cf8d-c616-4ca1-b2c2-6df5ba8890ef
[2026-04-28 23:53:50.096 +01:00] [INF] [35] Jellyfin.Server.Implementations.Users.UserManager: Authentication request for "bill" has succeeded.
[2026-04-28 23:53:50.096 +01:00] [INF] [35] Emby.Server.Implementations.Session.SessionManager: Current/Max sessions for user "bill": 1/0
[2026-04-28 23:53:50.096 +01:00] [INF] [35] Emby.Server.Implementations.Session.SessionManager: Logging out access token "2d039f4beccd42208487ea6ac66f91ca"
[2026-04-28 23:53:50.098 +01:00] [INF] [35] Emby.Server.Implementations.Session.SessionManager: Creating new access token for user dd66cf8d-c616-4ca1-b2c2-6df5ba8890ef
[2026-04-28 23:53:55.093 +01:00] [INF] [35] Jellyfin.Server.Implementations.Users.UserManager: Authentication request for "bill" has succeeded.
[2026-04-28 23:53:55.093 +01:00] [INF] [35] Emby.Server.Implementations.Session.SessionManager: Current/Max sessions for user "bill": 1/0
[2026-04-28 23:53:55.093 +01:00] [INF] [35] Emby.Server.Implementations.Session.SessionManager: Logging out access token "de4d9caf7fbd4f61ae27f217ba492ca2"
[2026-04-28 23:53:55.094 +01:00] [INF] [35] Emby.Server.Implementations.Session.SessionManager: Creating new access token for user dd66cf8d-c616-4ca1-b2c2-6df5ba8890ef
[2026-04-28 23:54:00.118 +01:00] [INF] [33] Jellyfin.Server.Implementations.Users.UserManager: Authentication request for "bill" has succeeded.
[2026-04-28 23:54:00.118 +01:00] [INF] [33] Emby.Server.Implementations.Session.SessionManager: Current/Max sessions for user "bill": 1/0
[2026-04-28 23:54:00.118 +01:00] [INF] [33] Emby.Server.Implementations.Session.SessionManager: Logging out access token "1b13479cd6634fc69c7cbe9632fa3e60"
[2026-04-28 23:54:00.120 +01:00] [INF] [33] Emby.Server.Implementations.Session.SessionManager: Creating new access token for user dd66cf8d-c616-4ca1-b2c2-6df5ba8890ef
[2026-04-28 23:54:05.102 +01:00] [INF] [35] Jellyfin.Server.Implementations.Users.UserManager: Authentication request for "bill" has succeeded.
[2026-04-28 23:54:05.102 +01:00] [INF] [35] Emby.Server.Implementations.Session.SessionManager: Current/Max sessions for user "bill": 1/0
[2026-04-28 23:54:05.102 +01:00] [INF] [35] Emby.Server.Implementations.Session.SessionManager: Logging out access token "a37c7a68206b426ca0357fbf3b695a49"
[2026-04-28 23:54:05.104 +01:00] [INF] [35] Emby.Server.Implementations.Session.SessionManager: Creating new access token for user dd66cf8d-c616-4ca1-b2c2-6df5ba8890ef
[2026-04-28 23:54:10.098 +01:00] [INF] [18] Jellyfin.Server.Implementations.Users.UserManager: Authentication request for "bill" has succeeded.
[2026-04-28 23:54:10.099 +01:00] [INF] [18] Emby.Server.Implementations.Session.SessionManager: Current/Max sessions for user "bill": 1/0
[2026-04-28 23:54:10.099 +01:00] [INF] [18] Emby.Server.Implementations.Session.SessionManager: Logging out access token "123ae70259cb45b58776a22b1a974827"
[2026-04-28 23:54:10.101 +01:00] [INF] [18] Emby.Server.Implementations.Session.SessionManager: Creating new access token for user dd66cf8d-c616-4ca1-b2c2-6df5ba8890ef
[2026-04-28 23:54:15.095 +01:00] [INF] [18] Jellyfin.Server.Implementations.Users.UserManager: Authentication request for "bill" has succeeded.
[2026-04-28 23:54:15.095 +01:00] [INF] [18] Emby.Server.Implementations.Session.SessionManager: Current/Max sessions for user "bill": 1/0
[2026-04-28 23:54:15.095 +01:00] [INF] [18] Emby.Server.Implementations.Session.SessionManager: Logging out access token "d1e9356c3b9542f0b2434650901dfb56"
[2026-04-28 23:54:15.097 +01:00] [INF] [18] Emby.Server.Implementations.Session.SessionManager: Creating new access token for user dd66cf8d-c616-4ca1-b2c2-6df5ba8890ef
[2026-04-28 23:54:20.097 +01:00] [INF] [35] Jellyfin.Server.Implementations.Users.UserManager: Authentication request for "bill" has succeeded.
[2026-04-28 23:54:20.097 +01:00] [INF] [35] Emby.Server.Implementations.Session.SessionManager: Current/Max sessions for user "bill": 1/0
[2026-04-28 23:54:20.097 +01:00] [INF] [35] Emby.Server.Implementations.Session.SessionManager: Logging out access token "14bdacb5c7de4425811d2b881bb1ec55"
[2026-04-28 23:54:20.099 +01:00] [INF] [35] Emby.Server.Implementations.Session.SessionManager: Creating new access token for user dd66cf8d-c616-4ca1-b2c2-6df5ba8890ef
[2026-04-28 23:54:25.094 +01:00] [INF] [35] Jellyfin.Server.Implementations.Users.UserManager: Authentication request for "bill" has succeeded.
[2026-04-28 23:54:25.094 +01:00] [INF] [35] Emby.Server.Implementations.Session.SessionManager: Current/Max sessions for user "bill": 1/0
[2026-04-28 23:54:25.094 +01:00] [INF] [35] Emby.Server.Implementations.Session.SessionManager: Logging out access token "128745ddd7b1408fac0f374f47ceb891"
[2026-04-28 23:54:25.096 +01:00] [INF] [35] Emby.Server.Implementations.Session.SessionManager: Creating new access token for user dd66cf8d-c616-4ca1-b2c2-6df5ba8890ef
[2026-04-28 23:54:30.098 +01:00] [INF] [33] Jellyfin.Server.Implementations.Users.UserManager: Authentication request for "bill" has succeeded.
[2026-04-28 23:54:30.098 +01:00] [INF] [33] Emby.Server.Implementations.Session.SessionManager: Current/Max sessions for user "bill": 1/0
[2026-04-28 23:54:30.098 +01:00] [INF] [33] Emby.Server.Implementations.Session.SessionManager: Logging out access token "13a601ca55bd4be6b71b156965d3d4a2"
[2026-04-28 23:54:30.102 +01:00] [INF] [33] Emby.Server.Implementations.Session.SessionManager: Creating new access token for user dd66cf8d-c616-4ca1-b2c2-6df5ba8890ef
[2026-04-28 23:54:35.093 +01:00] [INF] [35] Jellyfin.Server.Implementations.Users.UserManager: Authentication request for "bill" has succeeded.
[2026-04-28 23:54:35.093 +01:00] [INF] [35] Emby.Server.Implementations.Session.SessionManager: Current/Max sessions for user "bill": 1/0
[2026-04-28 23:54:35.093 +01:00] [INF] [35] Emby.Server.Implementations.Session.SessionManager: Logging out access token "4dfc70c0590140eb98811b82ba1c31ec"
[2026-04-28 23:54:35.096 +01:00] [INF] [35] Emby.Server.Implementations.Session.SessionManager: Creating new access token for user dd66cf8d-c616-4ca1-b2c2-6df5ba8890ef
[2026-04-28 23:54:40.091 +01:00] [INF] [18] Jellyfin.Server.Implementations.Users.UserManager: Authentication request for "bill" has succeeded.
[2026-04-28 23:54:40.091 +01:00] [INF] [18] Emby.Server.Implementations.Session.SessionManager: Current/Max sessions for user "bill": 1/0
[2026-04-28 23:54:40.091 +01:00] [INF] [18] Emby.Server.Implementations.Session.SessionManager: Logging out access token "aaf3c7326d844761aed78806669741d8"
[2026-04-28 23:54:40.093 +01:00] [INF] [18] Emby.Server.Implementations.Session.SessionManager: Creating new access token for user dd66cf8d-c616-4ca1-b2c2-6df5ba8890ef
[2026-04-28 23:54:42.099 +01:00] [WRN] [33] Jellyfin.Networking.Manager.NetworkManager: "::ffff:192.168.65.1": Only loopback "::1" returned, using that as bind address.
[2026-04-28 23:54:42.180 +01:00] [INF] [35] Jellyfin.Api.Auth.CustomAuthenticationHandler: "CustomAuthentication" was not authenticated. Failure message: "Invalid token."
[2026-04-28 23:54:45.098 +01:00] [INF] [33] Jellyfin.Server.Implementations.Users.UserManager: Authentication request for "bill" has succeeded.
[2026-04-28 23:54:45.098 +01:00] [INF] [33] Emby.Server.Implementations.Session.SessionManager: Current/Max sessions for user "bill": 1/0
[2026-04-28 23:54:45.098 +01:00] [INF] [33] Emby.Server.Implementations.Session.SessionManager: Logging out access token "f8ce6deb38d349eb951022eacac5e772"
[2026-04-28 23:54:45.100 +01:00] [INF] [33] Emby.Server.Implementations.Session.SessionManager: Creating new access token for user dd66cf8d-c616-4ca1-b2c2-6df5ba8890ef
[2026-04-28 23:54:50.092 +01:00] [INF] [33] Jellyfin.Server.Implementations.Users.UserManager: Authentication request for "bill" has succeeded.
[2026-04-28 23:54:50.092 +01:00] [INF] [33] Emby.Server.Implementations.Session.SessionManager: Current/Max sessions for user "bill": 1/0
[2026-04-28 23:54:50.092 +01:00] [INF] [33] Emby.Server.Implementations.Session.SessionManager: Logging out access token "55c8000943544725895eaca453c3b0ae"
[2026-04-28 23:54:50.096 +01:00] [INF] [33] Emby.Server.Implementations.Session.SessionManager: Creating new access token for user dd66cf8d-c616-4ca1-b2c2-6df5ba8890ef
[2026-04-28 23:54:55.096 +01:00] [INF] [36] Jellyfin.Server.Implementations.Users.UserManager: Authentication request for "bill" has succeeded.
[2026-04-28 23:54:55.096 +01:00] [INF] [36] Emby.Server.Implementations.Session.SessionManager: Current/Max sessions for user "bill": 1/0
[2026-04-28 23:54:55.096 +01:00] [INF] [36] Emby.Server.Implementations.Session.SessionManager: Logging out access token "cc377809a3814530a5d9a3a974cd92bd"
[2026-04-28 23:54:55.099 +01:00] [INF] [36] Emby.Server.Implementations.Session.SessionManager: Creating new access token for user dd66cf8d-c616-4ca1-b2c2-6df5ba8890ef
[2026-04-28 23:55:00.137 +01:00] [INF] [33] Jellyfin.Server.Implementations.Users.UserManager: Authentication request for "bill" has succeeded.
[2026-04-28 23:55:00.137 +01:00] [INF] [33] Emby.Server.Implementations.Session.SessionManager: Current/Max sessions for user "bill": 1/0
[2026-04-28 23:55:00.137 +01:00] [INF] [33] Emby.Server.Implementations.Session.SessionManager: Logging out access token "6953716cc6d347748344cb8b007a37de"
[2026-04-28 23:55:00.140 +01:00] [INF] [33] Emby.Server.Implementations.Session.SessionManager: Creating new access token for user dd66cf8d-c616-4ca1-b2c2-6df5ba8890ef
[2026-04-28 23:55:05.097 +01:00] [INF] [35] Jellyfin.Server.Implementations.Users.UserManager: Authentication request for "bill" has succeeded.
[2026-04-28 23:55:05.097 +01:00] [INF] [35] Emby.Server.Implementations.Session.SessionManager: Current/Max sessions for user "bill": 1/0
[2026-04-28 23:55:05.097 +01:00] [INF] [35] Emby.Server.Implementations.Session.SessionManager: Logging out access token "caf72864b3c948489b36ee67017ec394"
[2026-04-28 23:55:05.099 +01:00] [INF] [35] Emby.Server.Implementations.Session.SessionManager: Creating new access token for user dd66cf8d-c616-4ca1-b2c2-6df5ba8890ef
[2026-04-28 23:55:10.091 +01:00] [INF] [35] Jellyfin.Server.Implementations.Users.UserManager: Authentication request for "bill" has succeeded.
[2026-04-28 23:55:10.091 +01:00] [INF] [35] Emby.Server.Implementations.Session.SessionManager: Current/Max sessions for user "bill": 1/0
[2026-04-28 23:55:10.091 +01:00] [INF] [35] Emby.Server.Implementations.Session.SessionManager: Logging out access token "6d2d60720b8143b5b1f33bfa0d5aba8a"
[2026-04-28 23:55:10.095 +01:00] [INF] [35] Emby.Server.Implementations.Session.SessionManager: Creating new access token for user dd66cf8d-c616-4ca1-b2c2-6df5ba8890ef
[2026-04-28 23:55:15.102 +01:00] [INF] [33] Jellyfin.Server.Implementations.Users.UserManager: Authentication request for "bill" has succeeded.
[2026-04-28 23:55:15.102 +01:00] [INF] [33] Emby.Server.Implementations.Session.SessionManager: Current/Max sessions for user "bill": 1/0
[2026-04-28 23:55:15.102 +01:00] [INF] [33] Emby.Server.Implementations.Session.SessionManager: Logging out access token "16a4b816a49f4df7ad275ec259659c0e"
[2026-04-28 23:55:15.104 +01:00] [INF] [33] Emby.Server.Implementations.Session.SessionManager: Creating new access token for user dd66cf8d-c616-4ca1-b2c2-6df5ba8890ef
[2026-04-28 23:55:20.096 +01:00] [INF] [35] Jellyfin.Server.Implementations.Users.UserManager: Authentication request for "bill" has succeeded.
[2026-04-28 23:55:20.096 +01:00] [INF] [35] Emby.Server.Implementations.Session.SessionManager: Current/Max sessions for user "bill": 1/0
[2026-04-28 23:55:20.096 +01:00] [INF] [35] Emby.Server.Implementations.Session.SessionManager: Logging out access token "52d2a101bb224f83bf4278f487502cd2"
[2026-04-28 23:55:20.098 +01:00] [INF] [35] Emby.Server.Implementations.Session.SessionManager: Creating new access token for user dd66cf8d-c616-4ca1-b2c2-6df5ba8890ef
[2026-04-28 23:55:25.092 +01:00] [INF] [33] Jellyfin.Server.Implementations.Users.UserManager: Authentication request for "bill" has succeeded.
[2026-04-28 23:55:25.093 +01:00] [INF] [33] Emby.Server.Implementations.Session.SessionManager: Current/Max sessions for user "bill": 1/0
[2026-04-28 23:55:25.093 +01:00] [INF] [33] Emby.Server.Implementations.Session.SessionManager: Logging out access token "ceb14e7303b3417a92db59a51de62249"
[2026-04-28 23:55:25.094 +01:00] [INF] [33] Emby.Server.Implementations.Session.SessionManager: Creating new access token for user dd66cf8d-c616-4ca1-b2c2-6df5ba8890ef
[2026-04-28 23:55:30.096 +01:00] [INF] [35] Jellyfin.Server.Implementations.Users.UserManager: Authentication request for "bill" has succeeded.
[2026-04-28 23:55:30.096 +01:00] [INF] [35] Emby.Server.Implementations.Session.SessionManager: Current/Max sessions for user "bill": 1/0
[2026-04-28 23:55:30.096 +01:00] [INF] [35] Emby.Server.Implementations.Session.SessionManager: Logging out access token "26ff14243e454ccb9637b79063df3f2f"
[2026-04-28 23:55:30.098 +01:00] [INF] [35] Emby.Server.Implementations.Session.SessionManager: Creating new access token for user dd66cf8d-c616-4ca1-b2c2-6df5ba8890ef
[2026-04-28 23:55:35.096 +01:00] [INF] [35] Jellyfin.Server.Implementations.Users.UserManager: Authentication request for "bill" has succeeded.
[2026-04-28 23:55:35.096 +01:00] [INF] [35] Emby.Server.Implementations.Session.SessionManager: Current/Max sessions for user "bill": 1/0
[2026-04-28 23:55:35.096 +01:00] [INF] [35] Emby.Server.Implementations.Session.SessionManager: Logging out access token "fa5bd52418e845f29cc06dc3aa288ba9"
[2026-04-28 23:55:35.098 +01:00] [INF] [35] Emby.Server.Implementations.Session.SessionManager: Creating new access token for user dd66cf8d-c616-4ca1-b2c2-6df5ba8890ef
[2026-04-28 23:55:40.092 +01:00] [INF] [36] Jellyfin.Server.Implementations.Users.UserManager: Authentication request for "bill" has succeeded.
[2026-04-28 23:55:40.092 +01:00] [INF] [36] Emby.Server.Implementations.Session.SessionManager: Current/Max sessions for user "bill": 1/0
[2026-04-28 23:55:40.092 +01:00] [INF] [36] Emby.Server.Implementations.Session.SessionManager: Logging out access token "7c50b61cc931455f8f08434d88bdc688"
[2026-04-28 23:55:40.094 +01:00] [INF] [36] Emby.Server.Implementations.Session.SessionManager: Creating new access token for user dd66cf8d-c616-4ca1-b2c2-6df5ba8890ef
[2026-04-28 23:55:45.096 +01:00] [INF] [36] Jellyfin.Server.Implementations.Users.UserManager: Authentication request for "bill" has succeeded.
[2026-04-28 23:55:45.096 +01:00] [INF] [36] Emby.Server.Implementations.Session.SessionManager: Current/Max sessions for user "bill": 1/0
[2026-04-28 23:55:45.096 +01:00] [INF] [36] Emby.Server.Implementations.Session.SessionManager: Logging out access token "7e0725047be34f65a92a51411eb00965"
[2026-04-28 23:55:45.098 +01:00] [INF] [36] Emby.Server.Implementations.Session.SessionManager: Creating new access token for user dd66cf8d-c616-4ca1-b2c2-6df5ba8890ef
[2026-04-28 23:55:50.097 +01:00] [INF] [35] Jellyfin.Server.Implementations.Users.UserManager: Authentication request for "bill" has succeeded.
[2026-04-28 23:55:50.098 +01:00] [INF] [35] Emby.Server.Implementations.Session.SessionManager: Current/Max sessions for user "bill": 1/0
[2026-04-28 23:55:50.098 +01:00] [INF] [35] Emby.Server.Implementations.Session.SessionManager: Logging out access token "d614c0876bf0459aa8594aa4d688c598"
[2026-04-28 23:55:50.100 +01:00] [INF] [35] Emby.Server.Implementations.Session.SessionManager: Creating new access token for user dd66cf8d-c616-4ca1-b2c2-6df5ba8890ef
[2026-04-28 23:55:55.097 +01:00] [INF] [33] Jellyfin.Server.Implementations.Users.UserManager: Authentication request for "bill" has succeeded.
[2026-04-28 23:55:55.097 +01:00] [INF] [33] Emby.Server.Implementations.Session.SessionManager: Current/Max sessions for user "bill": 1/0
[2026-04-28 23:55:55.097 +01:00] [INF] [33] Emby.Server.Implementations.Session.SessionManager: Logging out access token "1f4d0e61bc5a45aebe7a2e35665087a7"
[2026-04-28 23:55:55.099 +01:00] [INF] [33] Emby.Server.Implementations.Session.SessionManager: Creating new access token for user dd66cf8d-c616-4ca1-b2c2-6df5ba8890ef
[2026-04-28 23:56:00.125 +01:00] [INF] [33] Jellyfin.Server.Implementations.Users.UserManager: Authentication request for "bill" has succeeded.
[2026-04-28 23:56:00.125 +01:00] [INF] [33] Emby.Server.Implementations.Session.SessionManager: Current/Max sessions for user "bill": 1/0
[2026-04-28 23:56:00.125 +01:00] [INF] [33] Emby.Server.Implementations.Session.SessionManager: Logging out access token "0e1f73413b844d678e948ca590228275"
[2026-04-28 23:56:00.127 +01:00] [INF] [33] Emby.Server.Implementations.Session.SessionManager: Creating new access token for user dd66cf8d-c616-4ca1-b2c2-6df5ba8890ef
[2026-04-28 23:56:05.092 +01:00] [INF] [33] Jellyfin.Server.Implementations.Users.UserManager: Authentication request for "bill" has succeeded.
[2026-04-28 23:56:05.092 +01:00] [INF] [33] Emby.Server.Implementations.Session.SessionManager: Current/Max sessions for user "bill": 1/0
[2026-04-28 23:56:05.092 +01:00] [INF] [33] Emby.Server.Implementations.Session.SessionManager: Logging out access token "f9a0e9d9e22f488889490e02ced1205b"
[2026-04-28 23:56:05.094 +01:00] [INF] [33] Emby.Server.Implementations.Session.SessionManager: Creating new access token for user dd66cf8d-c616-4ca1-b2c2-6df5ba8890ef
[2026-04-28 23:56:10.098 +01:00] [INF] [33] Jellyfin.Server.Implementations.Users.UserManager: Authentication request for "bill" has succeeded.
[2026-04-28 23:56:10.098 +01:00] [INF] [33] Emby.Server.Implementations.Session.SessionManager: Current/Max sessions for user "bill": 1/0
[2026-04-28 23:56:10.098 +01:00] [INF] [33] Emby.Server.Implementations.Session.SessionManager: Logging out access token "636a86eef13643669936d219097b806d"
[2026-04-28 23:56:10.100 +01:00] [INF] [33] Emby.Server.Implementations.Session.SessionManager: Creating new access token for user dd66cf8d-c616-4ca1-b2c2-6df5ba8890ef
[2026-04-28 23:56:15.095 +01:00] [INF] [35] Jellyfin.Server.Implementations.Users.UserManager: Authentication request for "bill" has succeeded.
[2026-04-28 23:56:15.095 +01:00] [INF] [35] Emby.Server.Implementations.Session.SessionManager: Current/Max sessions for user "bill": 1/0
[2026-04-28 23:56:15.095 +01:00] [INF] [35] Emby.Server.Implementations.Session.SessionManager: Logging out access token "e6c13d687f5d453996011499d72f1856"
[2026-04-28 23:56:15.097 +01:00] [INF] [35] Emby.Server.Implementations.Session.SessionManager: Creating new access token for user dd66cf8d-c616-4ca1-b2c2-6df5ba8890ef
[2026-04-28 23:56:20.096 +01:00] [INF] [35] Jellyfin.Server.Implementations.Users.UserManager: Authentication request for "bill" has succeeded.
[2026-04-28 23:56:20.096 +01:00] [INF] [35] Emby.Server.Implementations.Session.SessionManager: Current/Max sessions for user "bill": 1/0
[2026-04-28 23:56:20.096 +01:00] [INF] [35] Emby.Server.Implementations.Session.SessionManager: Logging out access token "9a53b3bc5530428fbd9d0bdb05e08ba7"
[2026-04-28 23:56:20.098 +01:00] [INF] [35] Emby.Server.Implementations.Session.SessionManager: Creating new access token for user dd66cf8d-c616-4ca1-b2c2-6df5ba8890ef
[2026-04-28 23:56:25.099 +01:00] [INF] [33] Jellyfin.Server.Implementations.Users.UserManager: Authentication request for "bill" has succeeded.
[2026-04-28 23:56:25.099 +01:00] [INF] [33] Emby.Server.Implementations.Session.SessionManager: Current/Max sessions for user "bill": 1/0
[2026-04-28 23:56:25.099 +01:00] [INF] [33] Emby.Server.Implementations.Session.SessionManager: Logging out access token "0418d20de00443b4bc54b0d5f99b55f1"
[2026-04-28 23:56:25.101 +01:00] [INF] [33] Emby.Server.Implementations.Session.SessionManager: Creating new access token for user dd66cf8d-c616-4ca1-b2c2-6df5ba8890ef
[2026-04-28 23:56:30.098 +01:00] [INF] [35] Jellyfin.Server.Implementations.Users.UserManager: Authentication request for "bill" has succeeded.
[2026-04-28 23:56:30.098 +01:00] [INF] [35] Emby.Server.Implementations.Session.SessionManager: Current/Max sessions for user "bill": 1/0
[2026-04-28 23:56:30.098 +01:00] [INF] [35] Emby.Server.Implementations.Session.SessionManager: Logging out access token "8814c62ae90049799bb5d9d8774eecec"
[2026-04-28 23:56:30.100 +01:00] [INF] [35] Emby.Server.Implementations.Session.SessionManager: Creating new access token for user dd66cf8d-c616-4ca1-b2c2-6df5ba8890ef
[2026-04-28 23:56:35.103 +01:00] [INF] [31] Jellyfin.Server.Implementations.Users.UserManager: Authentication request for "bill" has succeeded.
[2026-04-28 23:56:35.103 +01:00] [INF] [31] Emby.Server.Implementations.Session.SessionManager: Current/Max sessions for user "bill": 1/0
[2026-04-28 23:56:35.103 +01:00] [INF] [31] Emby.Server.Implementations.Session.SessionManager: Logging out access token "a360edcc60354fe780c8012ca9f83073"
[2026-04-28 23:56:35.105 +01:00] [INF] [31] Emby.Server.Implementations.Session.SessionManager: Creating new access token for user dd66cf8d-c616-4ca1-b2c2-6df5ba8890ef
[2026-04-28 23:56:40.092 +01:00] [INF] [35] Jellyfin.Server.Implementations.Users.UserManager: Authentication request for "bill" has succeeded.
[2026-04-28 23:56:40.092 +01:00] [INF] [35] Emby.Server.Implementations.Session.SessionManager: Current/Max sessions for user "bill": 1/0
[2026-04-28 23:56:40.092 +01:00] [INF] [35] Emby.Server.Implementations.Session.SessionManager: Logging out access token "d11e4e73acd04894942d653a09b574f7"
[2026-04-28 23:56:40.094 +01:00] [INF] [35] Emby.Server.Implementations.Session.SessionManager: Creating new access token for user dd66cf8d-c616-4ca1-b2c2-6df5ba8890ef
[2026-04-28 23:56:45.092 +01:00] [INF] [35] Jellyfin.Server.Implementations.Users.UserManager: Authentication request for "bill" has succeeded.
[2026-04-28 23:56:45.092 +01:00] [INF] [35] Emby.Server.Implementations.Session.SessionManager: Current/Max sessions for user "bill": 1/0
[2026-04-28 23:56:45.092 +01:00] [INF] [35] Emby.Server.Implementations.Session.SessionManager: Logging out access token "8bcff1e9195b43e5af07abd0b7e409af"
[2026-04-28 23:56:45.095 +01:00] [INF] [35] Emby.Server.Implementations.Session.SessionManager: Creating new access token for user dd66cf8d-c616-4ca1-b2c2-6df5ba8890ef
[2026-04-28 23:56:50.103 +01:00] [INF] [31] Jellyfin.Server.Implementations.Users.UserManager: Authentication request for "bill" has succeeded.
[2026-04-28 23:56:50.103 +01:00] [INF] [31] Emby.Server.Implementations.Session.SessionManager: Current/Max sessions for user "bill": 1/0
[2026-04-28 23:56:50.103 +01:00] [INF] [31] Emby.Server.Implementations.Session.SessionManager: Logging out access token "f3a72d0973cb4303b319992124d71814"
[2026-04-28 23:56:50.105 +01:00] [INF] [31] Emby.Server.Implementations.Session.SessionManager: Creating new access token for user dd66cf8d-c616-4ca1-b2c2-6df5ba8890ef
[2026-04-28 23:56:55.098 +01:00] [INF] [3] Jellyfin.Server.Implementations.Users.UserManager: Authentication request for "bill" has succeeded.
[2026-04-28 23:56:55.098 +01:00] [INF] [3] Emby.Server.Implementations.Session.SessionManager: Current/Max sessions for user "bill": 1/0
[2026-04-28 23:56:55.098 +01:00] [INF] [3] Emby.Server.Implementations.Session.SessionManager: Logging out access token "36473790acfa4960985b46f18115777b"
[2026-04-28 23:56:55.100 +01:00] [INF] [3] Emby.Server.Implementations.Session.SessionManager: Creating new access token for user dd66cf8d-c616-4ca1-b2c2-6df5ba8890ef
[2026-04-28 23:57:00.130 +01:00] [INF] [36] Jellyfin.Server.Implementations.Users.UserManager: Authentication request for "bill" has succeeded.
[2026-04-28 23:57:00.130 +01:00] [INF] [36] Emby.Server.Implementations.Session.SessionManager: Current/Max sessions for user "bill": 1/0
[2026-04-28 23:57:00.130 +01:00] [INF] [36] Emby.Server.Implementations.Session.SessionManager: Logging out access token "fcd8fe6588264d9f9b585a0f8fe96f60"
[2026-04-28 23:57:00.132 +01:00] [INF] [36] Emby.Server.Implementations.Session.SessionManager: Creating new access token for user dd66cf8d-c616-4ca1-b2c2-6df5ba8890ef
[2026-04-28 23:57:05.098 +01:00] [INF] [35] Jellyfin.Server.Implementations.Users.UserManager: Authentication request for "bill" has succeeded.
[2026-04-28 23:57:05.098 +01:00] [INF] [35] Emby.Server.Implementations.Session.SessionManager: Current/Max sessions for user "bill": 1/0
[2026-04-28 23:57:05.098 +01:00] [INF] [35] Emby.Server.Implementations.Session.SessionManager: Logging out access token "a37ff4e72ca9480885a355129378772e"
[2026-04-28 23:57:05.100 +01:00] [INF] [35] Emby.Server.Implementations.Session.SessionManager: Creating new access token for user dd66cf8d-c616-4ca1-b2c2-6df5ba8890ef
[2026-04-28 23:57:10.101 +01:00] [INF] [36] Jellyfin.Server.Implementations.Users.UserManager: Authentication request for "bill" has succeeded.
[2026-04-28 23:57:10.101 +01:00] [INF] [36] Emby.Server.Implementations.Session.SessionManager: Current/Max sessions for user "bill": 1/0
[2026-04-28 23:57:10.101 +01:00] [INF] [36] Emby.Server.Implementations.Session.SessionManager: Logging out access token "c8b78fb8e2354768b49d7649e5f1a787"
[2026-04-28 23:57:10.103 +01:00] [INF] [36] Emby.Server.Implementations.Session.SessionManager: Creating new access token for user dd66cf8d-c616-4ca1-b2c2-6df5ba8890ef
[2026-04-28 23:57:15.107 +01:00] [INF] [3] Jellyfin.Server.Implementations.Users.UserManager: Authentication request for "bill" has succeeded.
[2026-04-28 23:57:15.107 +01:00] [INF] [3] Emby.Server.Implementations.Session.SessionManager: Current/Max sessions for user "bill": 1/0
[2026-04-28 23:57:15.107 +01:00] [INF] [3] Emby.Server.Implementations.Session.SessionManager: Logging out access token "757a4cea51964149855ecf593caafc66"
[2026-04-28 23:57:15.109 +01:00] [INF] [3] Emby.Server.Implementations.Session.SessionManager: Creating new access token for user dd66cf8d-c616-4ca1-b2c2-6df5ba8890ef
[2026-04-28 23:57:20.096 +01:00] [INF] [36] Jellyfin.Server.Implementations.Users.UserManager: Authentication request for "bill" has succeeded.
[2026-04-28 23:57:20.096 +01:00] [INF] [36] Emby.Server.Implementations.Session.SessionManager: Current/Max sessions for user "bill": 1/0
[2026-04-28 23:57:20.096 +01:00] [INF] [36] Emby.Server.Implementations.Session.SessionManager: Logging out access token "9da30f6eb4904347a5dd8f2d92ec46e6"
[2026-04-28 23:57:20.098 +01:00] [INF] [36] Emby.Server.Implementations.Session.SessionManager: Creating new access token for user dd66cf8d-c616-4ca1-b2c2-6df5ba8890ef
[2026-04-28 23:57:25.100 +01:00] [INF] [36] Jellyfin.Server.Implementations.Users.UserManager: Authentication request for "bill" has succeeded.
[2026-04-28 23:57:25.100 +01:00] [INF] [36] Emby.Server.Implementations.Session.SessionManager: Current/Max sessions for user "bill": 1/0
[2026-04-28 23:57:25.100 +01:00] [INF] [36] Emby.Server.Implementations.Session.SessionManager: Logging out access token "fbc5f5219a8147c691b396cce2dcbbeb"
[2026-04-28 23:57:25.102 +01:00] [INF] [36] Emby.Server.Implementations.Session.SessionManager: Creating new access token for user dd66cf8d-c616-4ca1-b2c2-6df5ba8890ef
[2026-04-28 23:57:30.112 +01:00] [INF] [3] Jellyfin.Server.Implementations.Users.UserManager: Authentication request for "bill" has succeeded.
[2026-04-28 23:57:30.112 +01:00] [INF] [3] Emby.Server.Implementations.Session.SessionManager: Current/Max sessions for user "bill": 1/0
[2026-04-28 23:57:30.112 +01:00] [INF] [3] Emby.Server.Implementations.Session.SessionManager: Logging out access token "2c1669598dbf429bae5304c5c0805d35"
[2026-04-28 23:57:30.114 +01:00] [INF] [3] Emby.Server.Implementations.Session.SessionManager: Creating new access token for user dd66cf8d-c616-4ca1-b2c2-6df5ba8890ef
[2026-04-28 23:57:35.105 +01:00] [INF] [30] Jellyfin.Server.Implementations.Users.UserManager: Authentication request for "bill" has succeeded.
[2026-04-28 23:57:35.105 +01:00] [INF] [30] Emby.Server.Implementations.Session.SessionManager: Current/Max sessions for user "bill": 1/0
[2026-04-28 23:57:35.105 +01:00] [INF] [30] Emby.Server.Implementations.Session.SessionManager: Logging out access token "3ecfaf43a4b2409e94c96b37a97629f2"
[2026-04-28 23:57:35.107 +01:00] [INF] [30] Emby.Server.Implementations.Session.SessionManager: Creating new access token for user dd66cf8d-c616-4ca1-b2c2-6df5ba8890ef
[2026-04-28 23:57:40.096 +01:00] [INF] [36] Jellyfin.Server.Implementations.Users.UserManager: Authentication request for "bill" has succeeded.
[2026-04-28 23:57:40.096 +01:00] [INF] [36] Emby.Server.Implementations.Session.SessionManager: Current/Max sessions for user "bill": 1/0
[2026-04-28 23:57:40.096 +01:00] [INF] [36] Emby.Server.Implementations.Session.SessionManager: Logging out access token "aea05411ec9c42a09a7651abd003aa5a"
[2026-04-28 23:57:40.098 +01:00] [INF] [36] Emby.Server.Implementations.Session.SessionManager: Creating new access token for user dd66cf8d-c616-4ca1-b2c2-6df5ba8890ef
[2026-04-28 23:57:45.106 +01:00] [INF] [3] Jellyfin.Server.Implementations.Users.UserManager: Authentication request for "bill" has succeeded.
[2026-04-28 23:57:45.106 +01:00] [INF] [3] Emby.Server.Implementations.Session.SessionManager: Current/Max sessions for user "bill": 1/0
[2026-04-28 23:57:45.106 +01:00] [INF] [3] Emby.Server.Implementations.Session.SessionManager: Logging out access token "6d9b41d152d04c85ac266255269a10e7"
[2026-04-28 23:57:45.108 +01:00] [INF] [3] Emby.Server.Implementations.Session.SessionManager: Creating new access token for user dd66cf8d-c616-4ca1-b2c2-6df5ba8890ef
[2026-04-28 23:57:50.105 +01:00] [INF] [3] Jellyfin.Server.Implementations.Users.UserManager: Authentication request for "bill" has succeeded.
[2026-04-28 23:57:50.105 +01:00] [INF] [3] Emby.Server.Implementations.Session.SessionManager: Current/Max sessions for user "bill": 1/0
[2026-04-28 23:57:50.105 +01:00] [INF] [3] Emby.Server.Implementations.Session.SessionManager: Logging out access token "39b502fe39b04f509a614d1648676523"
[2026-04-28 23:57:50.107 +01:00] [INF] [3] Emby.Server.Implementations.Session.SessionManager: Creating new access token for user dd66cf8d-c616-4ca1-b2c2-6df5ba8890ef
[2026-04-28 23:57:55.104 +01:00] [INF] [3] Jellyfin.Server.Implementations.Users.UserManager: Authentication request for "bill" has succeeded.
[2026-04-28 23:57:55.104 +01:00] [INF] [3] Emby.Server.Implementations.Session.SessionManager: Current/Max sessions for user "bill": 1/0
[2026-04-28 23:57:55.104 +01:00] [INF] [3] Emby.Server.Implementations.Session.SessionManager: Logging out access token "16c2e5f5b98444ce9cf2cd6ed9460f46"
[2026-04-28 23:57:55.106 +01:00] [INF] [3] Emby.Server.Implementations.Session.SessionManager: Creating new access token for user dd66cf8d-c616-4ca1-b2c2-6df5ba8890ef
[2026-04-28 23:58:00.125 +01:00] [INF] [3] Jellyfin.Server.Implementations.Users.UserManager: Authentication request for "bill" has succeeded.
[2026-04-28 23:58:00.125 +01:00] [INF] [3] Emby.Server.Implementations.Session.SessionManager: Current/Max sessions for user "bill": 1/0
[2026-04-28 23:58:00.125 +01:00] [INF] [3] Emby.Server.Implementations.Session.SessionManager: Logging out access token "b278cb413d6a4b4d8de8d889ff5a4f07"
[2026-04-28 23:58:00.127 +01:00] [INF] [3] Emby.Server.Implementations.Session.SessionManager: Creating new access token for user dd66cf8d-c616-4ca1-b2c2-6df5ba8890ef
[2026-04-28 23:58:05.098 +01:00] [INF] [36] Jellyfin.Server.Implementations.Users.UserManager: Authentication request for "bill" has succeeded.
[2026-04-28 23:58:05.098 +01:00] [INF] [36] Emby.Server.Implementations.Session.SessionManager: Current/Max sessions for user "bill": 1/0
[2026-04-28 23:58:05.098 +01:00] [INF] [36] Emby.Server.Implementations.Session.SessionManager: Logging out access token "cded053119b144f483888d8da41aaab2"
[2026-04-28 23:58:05.099 +01:00] [INF] [36] Emby.Server.Implementations.Session.SessionManager: Creating new access token for user dd66cf8d-c616-4ca1-b2c2-6df5ba8890ef
[2026-04-28 23:58:10.099 +01:00] [INF] [30] Jellyfin.Server.Implementations.Users.UserManager: Authentication request for "bill" has succeeded.
[2026-04-28 23:58:10.099 +01:00] [INF] [30] Emby.Server.Implementations.Session.SessionManager: Current/Max sessions for user "bill": 1/0
[2026-04-28 23:58:10.099 +01:00] [INF] [30] Emby.Server.Implementations.Session.SessionManager: Logging out access token "cd0e5ad122114ab7bf99cf0185d28e67"
[2026-04-28 23:58:10.100 +01:00] [INF] [30] Emby.Server.Implementations.Session.SessionManager: Creating new access token for user dd66cf8d-c616-4ca1-b2c2-6df5ba8890ef
[2026-04-28 23:58:15.109 +01:00] [INF] [3] Jellyfin.Server.Implementations.Users.UserManager: Authentication request for "bill" has succeeded.
[2026-04-28 23:58:15.109 +01:00] [INF] [3] Emby.Server.Implementations.Session.SessionManager: Current/Max sessions for user "bill": 1/0
[2026-04-28 23:58:15.109 +01:00] [INF] [3] Emby.Server.Implementations.Session.SessionManager: Logging out access token "2b1aab6895fa47eba8a86202946b7f85"
[2026-04-28 23:58:15.110 +01:00] [INF] [3] Emby.Server.Implementations.Session.SessionManager: Creating new access token for user dd66cf8d-c616-4ca1-b2c2-6df5ba8890ef
[2026-04-28 23:58:20.097 +01:00] [INF] [30] Jellyfin.Server.Implementations.Users.UserManager: Authentication request for "bill" has succeeded.
[2026-04-28 23:58:20.097 +01:00] [INF] [30] Emby.Server.Implementations.Session.SessionManager: Current/Max sessions for user "bill": 1/0
[2026-04-28 23:58:20.097 +01:00] [INF] [30] Emby.Server.Implementations.Session.SessionManager: Logging out access token "65ad9cbde9584aea8cd077f74c51a5e7"
[2026-04-28 23:58:20.100 +01:00] [INF] [30] Emby.Server.Implementations.Session.SessionManager: Creating new access token for user dd66cf8d-c616-4ca1-b2c2-6df5ba8890ef
[2026-04-28 23:58:25.093 +01:00] [INF] [36] Jellyfin.Server.Implementations.Users.UserManager: Authentication request for "bill" has succeeded.
[2026-04-28 23:58:25.093 +01:00] [INF] [36] Emby.Server.Implementations.Session.SessionManager: Current/Max sessions for user "bill": 1/0
[2026-04-28 23:58:25.093 +01:00] [INF] [36] Emby.Server.Implementations.Session.SessionManager: Logging out access token "8696daff87b94a2794661e7563c0a46d"
[2026-04-28 23:58:25.095 +01:00] [INF] [36] Emby.Server.Implementations.Session.SessionManager: Creating new access token for user dd66cf8d-c616-4ca1-b2c2-6df5ba8890ef
[2026-04-28 23:58:30.105 +01:00] [INF] [30] Jellyfin.Server.Implementations.Users.UserManager: Authentication request for "bill" has succeeded.
[2026-04-28 23:58:30.105 +01:00] [INF] [30] Emby.Server.Implementations.Session.SessionManager: Current/Max sessions for user "bill": 1/0
[2026-04-28 23:58:30.105 +01:00] [INF] [30] Emby.Server.Implementations.Session.SessionManager: Logging out access token "0d7a5bb620564953a7414364cf67d4a9"
[2026-04-28 23:58:30.107 +01:00] [INF] [30] Emby.Server.Implementations.Session.SessionManager: Creating new access token for user dd66cf8d-c616-4ca1-b2c2-6df5ba8890ef
[2026-04-28 23:58:35.102 +01:00] [INF] [36] Jellyfin.Server.Implementations.Users.UserManager: Authentication request for "bill" has succeeded.
[2026-04-28 23:58:35.102 +01:00] [INF] [36] Emby.Server.Implementations.Session.SessionManager: Current/Max sessions for user "bill": 1/0
[2026-04-28 23:58:35.102 +01:00] [INF] [36] Emby.Server.Implementations.Session.SessionManager: Logging out access token "4596ab4f641d490ca12f730eb1d364fb"
[2026-04-28 23:58:35.103 +01:00] [INF] [36] Emby.Server.Implementations.Session.SessionManager: Creating new access token for user dd66cf8d-c616-4ca1-b2c2-6df5ba8890ef
[2026-04-28 23:58:40.105 +01:00] [INF] [30] Jellyfin.Server.Implementations.Users.UserManager: Authentication request for "bill" has succeeded.
[2026-04-28 23:58:40.105 +01:00] [INF] [30] Emby.Server.Implementations.Session.SessionManager: Current/Max sessions for user "bill": 1/0
[2026-04-28 23:58:40.105 +01:00] [INF] [30] Emby.Server.Implementations.Session.SessionManager: Logging out access token "856e0647fc7145449979de6092656a5d"
[2026-04-28 23:58:40.107 +01:00] [INF] [30] Emby.Server.Implementations.Session.SessionManager: Creating new access token for user dd66cf8d-c616-4ca1-b2c2-6df5ba8890ef
[2026-04-28 23:58:45.107 +01:00] [INF] [30] Jellyfin.Server.Implementations.Users.UserManager: Authentication request for "bill" has succeeded.
[2026-04-28 23:58:45.107 +01:00] [INF] [30] Emby.Server.Implementations.Session.SessionManager: Current/Max sessions for user "bill": 1/0
[2026-04-28 23:58:45.107 +01:00] [INF] [30] Emby.Server.Implementations.Session.SessionManager: Logging out access token "af800eda283049c187e849f2ad033dfd"
[2026-04-28 23:58:45.109 +01:00] [INF] [30] Emby.Server.Implementations.Session.SessionManager: Creating new access token for user dd66cf8d-c616-4ca1-b2c2-6df5ba8890ef
[2026-04-28 23:58:50.107 +01:00] [INF] [3] Jellyfin.Server.Implementations.Users.UserManager: Authentication request for "bill" has succeeded.
[2026-04-28 23:58:50.107 +01:00] [INF] [3] Emby.Server.Implementations.Session.SessionManager: Current/Max sessions for user "bill": 1/0
[2026-04-28 23:58:50.107 +01:00] [INF] [3] Emby.Server.Implementations.Session.SessionManager: Logging out access token "9a28498e6b884725b90f53210c88f0b6"
[2026-04-28 23:58:50.110 +01:00] [INF] [3] Emby.Server.Implementations.Session.SessionManager: Creating new access token for user dd66cf8d-c616-4ca1-b2c2-6df5ba8890ef
[2026-04-28 23:58:55.108 +01:00] [INF] [30] Jellyfin.Server.Implementations.Users.UserManager: Authentication request for "bill" has succeeded.
[2026-04-28 23:58:55.108 +01:00] [INF] [30] Emby.Server.Implementations.Session.SessionManager: Current/Max sessions for user "bill": 1/0
[2026-04-28 23:58:55.108 +01:00] [INF] [30] Emby.Server.Implementations.Session.SessionManager: Logging out access token "4af8445ae87c41e59a4d71de19314615"
[2026-04-28 23:58:55.110 +01:00] [INF] [30] Emby.Server.Implementations.Session.SessionManager: Creating new access token for user dd66cf8d-c616-4ca1-b2c2-6df5ba8890ef
[2026-04-28 23:59:00.130 +01:00] [INF] [3] Jellyfin.Server.Implementations.Users.UserManager: Authentication request for "bill" has succeeded.
[2026-04-28 23:59:00.130 +01:00] [INF] [3] Emby.Server.Implementations.Session.SessionManager: Current/Max sessions for user "bill": 1/0
[2026-04-28 23:59:00.130 +01:00] [INF] [3] Emby.Server.Implementations.Session.SessionManager: Logging out access token "d8e880f0fa3b4ca494fdfda3f0321f8a"
[2026-04-28 23:59:00.132 +01:00] [INF] [3] Emby.Server.Implementations.Session.SessionManager: Creating new access token for user dd66cf8d-c616-4ca1-b2c2-6df5ba8890ef
[2026-04-28 23:59:05.098 +01:00] [INF] [36] Jellyfin.Server.Implementations.Users.UserManager: Authentication request for "bill" has succeeded.
[2026-04-28 23:59:05.098 +01:00] [INF] [36] Emby.Server.Implementations.Session.SessionManager: Current/Max sessions for user "bill": 1/0
[2026-04-28 23:59:05.098 +01:00] [INF] [36] Emby.Server.Implementations.Session.SessionManager: Logging out access token "8c855a494edf446a8474782deee1e1e0"
[2026-04-28 23:59:05.100 +01:00] [INF] [36] Emby.Server.Implementations.Session.SessionManager: Creating new access token for user dd66cf8d-c616-4ca1-b2c2-6df5ba8890ef
[2026-04-28 23:59:10.094 +01:00] [INF] [36] Jellyfin.Server.Implementations.Users.UserManager: Authentication request for "bill" has succeeded.
[2026-04-28 23:59:10.094 +01:00] [INF] [36] Emby.Server.Implementations.Session.SessionManager: Current/Max sessions for user "bill": 1/0
[2026-04-28 23:59:10.094 +01:00] [INF] [36] Emby.Server.Implementations.Session.SessionManager: Logging out access token "4abc85a6edf54bce8a28c6321cabb387"
[2026-04-28 23:59:10.097 +01:00] [INF] [36] Emby.Server.Implementations.Session.SessionManager: Creating new access token for user dd66cf8d-c616-4ca1-b2c2-6df5ba8890ef
[2026-04-28 23:59:15.106 +01:00] [INF] [3] Jellyfin.Server.Implementations.Users.UserManager: Authentication request for "bill" has succeeded.
[2026-04-28 23:59:15.106 +01:00] [INF] [3] Emby.Server.Implementations.Session.SessionManager: Current/Max sessions for user "bill": 1/0
[2026-04-28 23:59:15.106 +01:00] [INF] [3] Emby.Server.Implementations.Session.SessionManager: Logging out access token "6b087fcf2b464cc8bea4f08b29307704"
[2026-04-28 23:59:15.108 +01:00] [INF] [3] Emby.Server.Implementations.Session.SessionManager: Creating new access token for user dd66cf8d-c616-4ca1-b2c2-6df5ba8890ef
[2026-04-28 23:59:20.109 +01:00] [INF] [3] Jellyfin.Server.Implementations.Users.UserManager: Authentication request for "bill" has succeeded.
[2026-04-28 23:59:20.109 +01:00] [INF] [3] Emby.Server.Implementations.Session.SessionManager: Current/Max sessions for user "bill": 1/0
[2026-04-28 23:59:20.109 +01:00] [INF] [3] Emby.Server.Implementations.Session.SessionManager: Logging out access token "5ef8c2bfc0ef4c43b81666a022ba0dfa"
[2026-04-28 23:59:20.111 +01:00] [INF] [3] Emby.Server.Implementations.Session.SessionManager: Creating new access token for user dd66cf8d-c616-4ca1-b2c2-6df5ba8890ef
[2026-04-28 23:59:25.098 +01:00] [INF] [3] Jellyfin.Server.Implementations.Users.UserManager: Authentication request for "bill" has succeeded.
[2026-04-28 23:59:25.098 +01:00] [INF] [3] Emby.Server.Implementations.Session.SessionManager: Current/Max sessions for user "bill": 1/0
[2026-04-28 23:59:25.098 +01:00] [INF] [3] Emby.Server.Implementations.Session.SessionManager: Logging out access token "57f582d91cc44759819a31d10cd570f8"
[2026-04-28 23:59:25.100 +01:00] [INF] [3] Emby.Server.Implementations.Session.SessionManager: Creating new access token for user dd66cf8d-c616-4ca1-b2c2-6df5ba8890ef
[2026-04-28 23:59:30.112 +01:00] [INF] [3] Jellyfin.Server.Implementations.Users.UserManager: Authentication request for "bill" has succeeded.
[2026-04-28 23:59:30.112 +01:00] [INF] [3] Emby.Server.Implementations.Session.SessionManager: Current/Max sessions for user "bill": 1/0
[2026-04-28 23:59:30.112 +01:00] [INF] [3] Emby.Server.Implementations.Session.SessionManager: Logging out access token "2fc39246df37407ca4ff21dbc10dc1b0"
[2026-04-28 23:59:30.114 +01:00] [INF] [3] Emby.Server.Implementations.Session.SessionManager: Creating new access token for user dd66cf8d-c616-4ca1-b2c2-6df5ba8890ef
[2026-04-28 23:59:35.108 +01:00] [INF] [30] Jellyfin.Server.Implementations.Users.UserManager: Authentication request for "bill" has succeeded.
[2026-04-28 23:59:35.108 +01:00] [INF] [30] Emby.Server.Implementations.Session.SessionManager: Current/Max sessions for user "bill": 1/0
[2026-04-28 23:59:35.108 +01:00] [INF] [30] Emby.Server.Implementations.Session.SessionManager: Logging out access token "a8e5bbdd37044d8380d8779f4d0828fc"
[2026-04-28 23:59:35.110 +01:00] [INF] [30] Emby.Server.Implementations.Session.SessionManager: Creating new access token for user dd66cf8d-c616-4ca1-b2c2-6df5ba8890ef
[2026-04-28 23:59:40.108 +01:00] [INF] [3] Jellyfin.Server.Implementations.Users.UserManager: Authentication request for "bill" has succeeded.
[2026-04-28 23:59:40.108 +01:00] [INF] [3] Emby.Server.Implementations.Session.SessionManager: Current/Max sessions for user "bill": 1/0
[2026-04-28 23:59:40.108 +01:00] [INF] [3] Emby.Server.Implementations.Session.SessionManager: Logging out access token "aa76a6a9c6e5445080456265b864f1d3"
[2026-04-28 23:59:40.110 +01:00] [INF] [3] Emby.Server.Implementations.Session.SessionManager: Creating new access token for user dd66cf8d-c616-4ca1-b2c2-6df5ba8890ef
[2026-04-28 23:59:45.102 +01:00] [INF] [30] Jellyfin.Server.Implementations.Users.UserManager: Authentication request for "bill" has succeeded.
[2026-04-28 23:59:45.102 +01:00] [INF] [30] Emby.Server.Implementations.Session.SessionManager: Current/Max sessions for user "bill": 1/0
[2026-04-28 23:59:45.102 +01:00] [INF] [30] Emby.Server.Implementations.Session.SessionManager: Logging out access token "eeab9e2d30b44216b024235986d857f0"
[2026-04-28 23:59:45.104 +01:00] [INF] [30] Emby.Server.Implementations.Session.SessionManager: Creating new access token for user dd66cf8d-c616-4ca1-b2c2-6df5ba8890ef
[2026-04-28 23:59:50.097 +01:00] [INF] [36] Jellyfin.Server.Implementations.Users.UserManager: Authentication request for "bill" has succeeded.
[2026-04-28 23:59:50.097 +01:00] [INF] [36] Emby.Server.Implementations.Session.SessionManager: Current/Max sessions for user "bill": 1/0
[2026-04-28 23:59:50.097 +01:00] [INF] [36] Emby.Server.Implementations.Session.SessionManager: Logging out access token "0d2670c7759f48c9be4a5d76f3c65262"
[2026-04-28 23:59:50.098 +01:00] [INF] [36] Emby.Server.Implementations.Session.SessionManager: Creating new access token for user dd66cf8d-c616-4ca1-b2c2-6df5ba8890ef
[2026-04-28 23:59:55.102 +01:00] [INF] [3] Jellyfin.Server.Implementations.Users.UserManager: Authentication request for "bill" has succeeded.
[2026-04-28 23:59:55.102 +01:00] [INF] [3] Emby.Server.Implementations.Session.SessionManager: Current/Max sessions for user "bill": 1/0
[2026-04-28 23:59:55.102 +01:00] [INF] [3] Emby.Server.Implementations.Session.SessionManager: Logging out access token "5dcdb221784e434f9cdbcf6218825193"
[2026-04-28 23:59:55.104 +01:00] [INF] [3] Emby.Server.Implementations.Session.SessionManager: Creating new access token for user dd66cf8d-c616-4ca1-b2c2-6df5ba8890ef
