[2026-04-22 01:29:11.568 +01:00] [INF] [4] Emby.Server.Implementations.AppBase.BaseConfigurationManager: Setting cache path: "/config/cache"
[2026-04-22 01:29:11.662 +01:00] [INF] [12] Jellyfin.Server.ServerSetupApp.SetupServer: Kestrel is listening on "all interfaces"
[2026-04-22 01:29:11.672 +01:00] [INF] [12] Main: Jellyfin version: "10.11.8"
[2026-04-22 01:29:11.673 +01:00] [INF] [12] Main: Environment Variables: ["[JELLYFIN_DATA_DIR, /config/data]", "[JELLYFIN_CACHE_DIR, /config/cache]", "[JELLYFIN_CONFIG_DIR, /config]", "[JELLYFIN_WEB_DIR, /usr/share/jellyfin/web]", "[JELLYFIN_LOG_DIR, /config/log]"]
[2026-04-22 01:29:11.674 +01:00] [INF] [12] Main: Arguments: ["/usr/lib/jellyfin/bin/jellyfin.dll", "--ffmpeg=/usr/lib/jellyfin-ffmpeg/ffmpeg"]
[2026-04-22 01:29:11.674 +01:00] [INF] [12] Main: Operating system: "Ubuntu 24.04.4 LTS"
[2026-04-22 01:29:11.674 +01:00] [INF] [12] Main: Architecture: Arm64
[2026-04-22 01:29:11.674 +01:00] [INF] [12] Main: 64-Bit Process: True
[2026-04-22 01:29:11.674 +01:00] [INF] [12] Main: User Interactive: True
[2026-04-22 01:29:11.674 +01:00] [INF] [12] Main: Processor count: 16
[2026-04-22 01:29:11.674 +01:00] [INF] [12] Main: Program data path: "/config/data"
[2026-04-22 01:29:11.674 +01:00] [INF] [12] Main: Log directory path: "/config/log"
[2026-04-22 01:29:11.674 +01:00] [INF] [12] Main: Config directory path: "/config"
[2026-04-22 01:29:11.674 +01:00] [INF] [12] Main: Cache path: "/config/cache"
[2026-04-22 01:29:11.674 +01:00] [INF] [12] Main: Temp directory path: "/tmp/jellyfin"
[2026-04-22 01:29:11.674 +01:00] [INF] [12] Main: Web resources path: "/usr/share/jellyfin/web"
[2026-04-22 01:29:11.674 +01:00] [INF] [12] Main: Application directory: "/usr/lib/jellyfin/bin/"
[2026-04-22 01:29:11.680 +01:00] [INF] [12] Jellyfin.Server.Startup: Storage path `"/config/data/data"` (Unknown) successfully checked with "44.1TiB" free which is over the minimum of "2GiB".
[2026-04-22 01:29:11.680 +01:00] [INF] [12] Jellyfin.Server.Startup: Storage path `"/config/cache"` (Unknown) successfully checked with "44.1TiB" free which is over the minimum of "2GiB".
[2026-04-22 01:29:11.681 +01:00] [INF] [12] Jellyfin.Server.Startup: Storage path `"/config/data"` (Unknown) successfully checked with "44.1TiB" free which is over the minimum of "2GiB".
[2026-04-22 01:29:11.693 +01:00] [INF] [12] Emby.Server.Implementations.AppBase.BaseConfigurationManager: Setting cache path: "/config/cache"
[2026-04-22 01:29:11.715 +01:00] [INF] [12] Jellyfin.Database.Providers.Sqlite.SqliteDatabaseProvider: SQLite connection string: "Data Source=/config/data/data/jellyfin.db;Cache=Default;Default Timeout=30;Pooling=True"
[2026-04-22 01:29:11.717 +01:00] [INF] [12] Jellyfin.Database.Providers.Sqlite.SqliteDatabaseProvider: SQLITE connection pragma command set to: 
"PRAGMA locking_mode=NORMAL;
PRAGMA journal_size_limit=134217728;
PRAGMA synchronous=1;
PRAGMA temp_store=2;
"
[2026-04-22 01:29:11.717 +01:00] [INF] [12] Jellyfin.Database.Implementations.Locking.NoLockBehavior: The database locking mode has been set to: NoLock.
[2026-04-22 01:29:11.728 +01:00] [INF] [12] Jellyfin.Server.Migrations.JellyfinMigrationService: Initialise Migration service.
[2026-04-22 01:29:11.728 +01:00] [INF] [12] Jellyfin.Server.Migrations.JellyfinMigrationService: System initialisation detected. Seed data.
[2026-04-22 01:29:12.075 +01:00] [INF] [12] Jellyfin.Server.Migrations.JellyfinMigrationService: Seed migration null-"CleanMusicArtist".
[2026-04-22 01:29:12.077 +01:00] [INF] [12] Jellyfin.Server.Migrations.JellyfinMigrationService: Seed migration ef103419-8451-40d8-9f34-d1a8e93a1679-"CreateUserLoggingConfigFile".
[2026-04-22 01:29:12.078 +01:00] [INF] [12] Jellyfin.Server.Migrations.JellyfinMigrationService: Seed migration 4124c2cd-e939-4ffb-9be9-9b311c413638-"DisableTranscodingThrottling".
[2026-04-22 01:29:12.079 +01:00] [INF] [12] Jellyfin.Server.Migrations.JellyfinMigrationService: Seed migration cf6fabc2-9fbe-4933-84a5-ffe52ef22a58-"FixAudioData".
[2026-04-22 01:29:12.079 +01:00] [INF] [12] Jellyfin.Server.Migrations.JellyfinMigrationService: Seed migration null-"FixDates".
[2026-04-22 01:29:12.080 +01:00] [INF] [12] Jellyfin.Server.Migrations.JellyfinMigrationService: Seed migration null-"FixLibrarySubtitleDownloadLanguages".
[2026-04-22 01:29:12.080 +01:00] [INF] [12] Jellyfin.Server.Migrations.JellyfinMigrationService: Seed migration 615dfa9e-2497-4dbb-a472-61938b752c5b-"FixPlaylistOwner".
[2026-04-22 01:29:12.080 +01:00] [INF] [12] Jellyfin.Server.Migrations.JellyfinMigrationService: Seed migration 3793eb59-bc8c-456c-8b9f-bd5a62a42978-"MigrateActivityLogDb".
[2026-04-22 01:29:12.081 +01:00] [INF] [12] Jellyfin.Server.Migrations.JellyfinMigrationService: Seed migration 5bd72f41-e6f3-4f60-90aa-09869abe0e22-"MigrateAuthenticationDb".
[2026-04-22 01:29:12.081 +01:00] [INF] [12] Jellyfin.Server.Migrations.JellyfinMigrationService: Seed migration 06387815-c3cc-421f-a888-fb5f9992bea8-"MigrateDisplayPreferencesDb".
[2026-04-22 01:29:12.081 +01:00] [INF] [12] Jellyfin.Server.Migrations.JellyfinMigrationService: Seed migration null-"MigrateKeyframeData".
[2026-04-22 01:29:12.082 +01:00] [INF] [12] Jellyfin.Server.Migrations.JellyfinMigrationService: Seed migration null-"MigrateLibraryDb".
[2026-04-22 01:29:12.082 +01:00] [INF] [12] Jellyfin.Server.Migrations.JellyfinMigrationService: Seed migration null-"MigrateLibraryDbCompatibilityCheck".
[2026-04-22 01:29:12.082 +01:00] [INF] [12] Jellyfin.Server.Migrations.JellyfinMigrationService: Seed migration null-"MigrateLibraryUserData".
[2026-04-22 01:29:12.082 +01:00] [INF] [12] Jellyfin.Server.Migrations.JellyfinMigrationService: Seed migration null-"MigrateRatingLevels".
[2026-04-22 01:29:12.083 +01:00] [INF] [12] Jellyfin.Server.Migrations.JellyfinMigrationService: Seed migration 5c4b82a2-f053-4009-bd05-b6fcad82f14c-"MigrateUserDb".
[2026-04-22 01:29:12.083 +01:00] [INF] [12] Jellyfin.Server.Migrations.JellyfinMigrationService: Seed migration null-"MoveExtractedFiles".
[2026-04-22 01:29:12.083 +01:00] [INF] [12] Jellyfin.Server.Migrations.JellyfinMigrationService: Seed migration null-"RefreshInternalDateModified".
[2026-04-22 01:29:12.084 +01:00] [INF] [12] Jellyfin.Server.Migrations.JellyfinMigrationService: Seed migration a81f75e0-8f43-416f-a5e8-516ccab4d8cc-"RemoveDownloadImagesInAdvance".
[2026-04-22 01:29:12.084 +01:00] [INF] [12] Jellyfin.Server.Migrations.JellyfinMigrationService: Seed migration acbe17b7-8435-4a83-8b64-6fcf162cb9bd-"RemoveDuplicateExtras".
[2026-04-22 01:29:12.084 +01:00] [INF] [12] Jellyfin.Server.Migrations.JellyfinMigrationService: Seed migration 96c156a2-7a13-4b3b-a8b8-fb80c94d20c0-"RemoveDuplicatePlaylistChildren".
[2026-04-22 01:29:12.084 +01:00] [INF] [12] Jellyfin.Server.Migrations.JellyfinMigrationService: Seed migration null-"ReseedFolderFlag".
[2026-04-22 01:29:12.085 +01:00] [INF] [12] Jellyfin.Server.Migrations.JellyfinMigrationService: Seed migration 9b354818-94d5-4b68-ac49-e35cb85f9d84-"CreateNetworkConfiguration".
[2026-04-22 01:29:12.085 +01:00] [INF] [12] Jellyfin.Server.Migrations.JellyfinMigrationService: Seed migration a8e61960-7726-4450-8f3d-82c12daabbcb-"MigrateEncodingOptions".
[2026-04-22 01:29:12.085 +01:00] [INF] [12] Jellyfin.Server.Migrations.JellyfinMigrationService: Seed migration a6dcacf4-c057-4ef9-80d3-61cef9ddb4f0-"MigrateMusicBrainzTimeout".
[2026-04-22 01:29:12.086 +01:00] [INF] [12] Jellyfin.Server.Migrations.JellyfinMigrationService: Seed migration 4fb5c950-1991-11ee-9b4b-0800200c9a66-"MigrateNetworkConfiguration".
[2026-04-22 01:29:12.086 +01:00] [INF] [12] Jellyfin.Server.Migrations.JellyfinMigrationService: Seed migration e73b777d-cd5c-4e71-957a-b86b3660b7cf-"RenameEnableGroupingIntoCollections".
[2026-04-22 01:29:12.088 +01:00] [INF] [12] Jellyfin.Server.Migrations.JellyfinMigrationService: Migration system initialisation completed.
[2026-04-22 01:29:12.091 +01:00] [INF] [12] Jellyfin.Server.Migrations.JellyfinMigrationService: There are 0 migrations for stage PreInitialisation.
[2026-04-22 01:29:12.094 +01:00] [INF] [12] Emby.Server.Implementations.AppBase.BaseConfigurationManager: Setting cache path: "/config/cache"
[2026-04-22 01:29:12.101 +01:00] [INF] [12] Emby.Server.Implementations.ApplicationHost: Loading assemblies
[2026-04-22 01:29:12.114 +01:00] [INF] [12] Jellyfin.Networking.Manager.NetworkManager: Defined LAN subnets: ["::1/128", "fe80::/10", "fc00::/7", "127.0.0.1/8", "10.0.0.0/8", "172.16.0.0/12", "192.168.0.0/16"]
[2026-04-22 01:29:12.114 +01:00] [INF] [12] Jellyfin.Networking.Manager.NetworkManager: Defined LAN exclusions: []
[2026-04-22 01:29:12.114 +01:00] [INF] [12] Jellyfin.Networking.Manager.NetworkManager: Used LAN subnets: ["::1/128", "fe80::/10", "fc00::/7", "127.0.0.1/8", "10.0.0.0/8", "172.16.0.0/12", "192.168.0.0/16"]
[2026-04-22 01:29:12.115 +01:00] [INF] [12] Jellyfin.Networking.Manager.NetworkManager: Filtered interface addresses: []
[2026-04-22 01:29:12.115 +01:00] [INF] [12] Jellyfin.Networking.Manager.NetworkManager: Bind Addresses ["::"]
[2026-04-22 01:29:12.115 +01:00] [INF] [12] Jellyfin.Networking.Manager.NetworkManager: Remote IP filter is "Allowlist"
[2026-04-22 01:29:12.115 +01:00] [INF] [12] Jellyfin.Networking.Manager.NetworkManager: Filtered subnets: []
[2026-04-22 01:29:12.143 +01:00] [INF] [12] Jellyfin.Database.Providers.Sqlite.SqliteDatabaseProvider: SQLite connection string: "Data Source=/config/data/data/jellyfin.db;Cache=Default;Default Timeout=30;Pooling=True"
[2026-04-22 01:29:12.143 +01:00] [INF] [12] Jellyfin.Database.Providers.Sqlite.SqliteDatabaseProvider: SQLITE connection pragma command set to: 
"PRAGMA locking_mode=NORMAL;
PRAGMA journal_size_limit=134217728;
PRAGMA synchronous=1;
PRAGMA temp_store=2;
"
[2026-04-22 01:29:12.143 +01:00] [INF] [12] Jellyfin.Database.Implementations.Locking.NoLockBehavior: The database locking mode has been set to: NoLock.
[2026-04-22 01:29:12.145 +01:00] [INF] [12] Main: Prepare system for possible migrations
[2026-04-22 01:29:12.158 +01:00] [INF] [12] Main: A migration will attempt to modify the jellyfin.db, will attempt to backup the file now.
[2026-04-22 01:29:12.160 +01:00] [INF] [12] Main: Jellyfin database has been backed up as "20260422122912"
[2026-04-22 01:29:12.162 +01:00] [INF] [12] Jellyfin.Server.Migrations.JellyfinMigrationService: There are 0 migrations for stage CoreInitialisation.
[2026-04-22 01:29:12.162 +01:00] [INF] [12] InternalDatabaseMigration: Perform migration "20200514181226_AddActivityLog"
[2026-04-22 01:29:12.177 +01:00] [INF] [12] InternalDatabaseMigration: Migration "20200514181226_AddActivityLog" was successfully applied
[2026-04-22 01:29:12.177 +01:00] [INF] [12] InternalDatabaseMigration: Perform migration "20200613202153_AddUsers"
[2026-04-22 01:29:12.188 +01:00] [INF] [12] InternalDatabaseMigration: Migration "20200613202153_AddUsers" was successfully applied
[2026-04-22 01:29:12.188 +01:00] [INF] [12] InternalDatabaseMigration: Perform migration "20200728005145_AddDisplayPreferences"
[2026-04-22 01:29:12.197 +01:00] [INF] [12] InternalDatabaseMigration: Migration "20200728005145_AddDisplayPreferences" was successfully applied
[2026-04-22 01:29:12.197 +01:00] [INF] [12] InternalDatabaseMigration: Perform migration "20200905220533_FixDisplayPreferencesIndex"
[2026-04-22 01:29:12.201 +01:00] [INF] [12] InternalDatabaseMigration: Migration "20200905220533_FixDisplayPreferencesIndex" was successfully applied
[2026-04-22 01:29:12.201 +01:00] [INF] [12] InternalDatabaseMigration: Perform migration "20201004171403_AddMaxActiveSessions"
[2026-04-22 01:29:12.209 +01:00] [INF] [12] InternalDatabaseMigration: Migration "20201004171403_AddMaxActiveSessions" was successfully applied
[2026-04-22 01:29:12.209 +01:00] [INF] [12] InternalDatabaseMigration: Perform migration "20201204223655_AddCustomDisplayPreferences"
[2026-04-22 01:29:12.219 +01:00] [INF] [12] InternalDatabaseMigration: Migration "20201204223655_AddCustomDisplayPreferences" was successfully applied
[2026-04-22 01:29:12.219 +01:00] [INF] [12] InternalDatabaseMigration: Perform migration "20210320181425_AddIndexesAndCollations"
[2026-04-22 01:29:12.226 +01:00] [WRN] [12] Microsoft.EntityFrameworkCore.Migrations: An operation of type '"SqlOperation"' will be attempted while a rebuild of table '"ImageInfos"' is pending. The database may not be in an expected state. Review the SQL generated by this migration to help diagnose any failures. Consider moving these operations to a subsequent migration.
[2026-04-22 01:29:12.226 +01:00] [WRN] [12] Microsoft.EntityFrameworkCore.Migrations: An operation of type '"SqlOperation"' will be attempted while a rebuild of table '"ImageInfos"' is pending. The database may not be in an expected state. Review the SQL generated by this migration to help diagnose any failures. Consider moving these operations to a subsequent migration.
[2026-04-22 01:29:12.227 +01:00] [WRN] [12] Microsoft.EntityFrameworkCore.Migrations: An operation of type '"SqlOperation"' will be attempted while a rebuild of table '"Permissions"' is pending. The database may not be in an expected state. Review the SQL generated by this migration to help diagnose any failures. Consider moving these operations to a subsequent migration.
[2026-04-22 01:29:12.227 +01:00] [WRN] [12] Microsoft.EntityFrameworkCore.Migrations: An operation of type '"SqlOperation"' will be attempted while a rebuild of table '"Permissions"' is pending. The database may not be in an expected state. Review the SQL generated by this migration to help diagnose any failures. Consider moving these operations to a subsequent migration.
[2026-04-22 01:29:12.227 +01:00] [WRN] [12] Microsoft.EntityFrameworkCore.Migrations: An operation of type '"SqlOperation"' will be attempted while a rebuild of table '"Preferences"' is pending. The database may not be in an expected state. Review the SQL generated by this migration to help diagnose any failures. Consider moving these operations to a subsequent migration.
[2026-04-22 01:29:12.227 +01:00] [WRN] [12] Microsoft.EntityFrameworkCore.Migrations: An operation of type '"SqlOperation"' will be attempted while a rebuild of table '"Preferences"' is pending. The database may not be in an expected state. Review the SQL generated by this migration to help diagnose any failures. Consider moving these operations to a subsequent migration.
[2026-04-22 01:29:12.227 +01:00] [WRN] [12] Microsoft.EntityFrameworkCore.Migrations: An operation of type '"SqlOperation"' will be attempted while a rebuild of table '"Users"' is pending. The database may not be in an expected state. Review the SQL generated by this migration to help diagnose any failures. Consider moving these operations to a subsequent migration.
[2026-04-22 01:29:12.227 +01:00] [WRN] [12] Microsoft.EntityFrameworkCore.Migrations: An operation of type '"SqlOperation"' will be attempted while a rebuild of table '"Users"' is pending. The database may not be in an expected state. Review the SQL generated by this migration to help diagnose any failures. Consider moving these operations to a subsequent migration.
[2026-04-22 01:29:12.235 +01:00] [INF] [12] InternalDatabaseMigration: Migration "20210320181425_AddIndexesAndCollations" was successfully applied
[2026-04-22 01:29:12.235 +01:00] [INF] [12] InternalDatabaseMigration: Perform migration "20210407110544_NullableCustomPrefValue"
[2026-04-22 01:29:12.243 +01:00] [INF] [12] InternalDatabaseMigration: Migration "20210407110544_NullableCustomPrefValue" was successfully applied
[2026-04-22 01:29:12.243 +01:00] [INF] [12] InternalDatabaseMigration: Perform migration "20210814002109_AddDevices"
[2026-04-22 01:29:12.250 +01:00] [INF] [12] InternalDatabaseMigration: Migration "20210814002109_AddDevices" was successfully applied
[2026-04-22 01:29:12.250 +01:00] [INF] [12] InternalDatabaseMigration: Perform migration "20221022080052_AddIndexActivityLogsDateCreated"
[2026-04-22 01:29:12.258 +01:00] [INF] [12] InternalDatabaseMigration: Migration "20221022080052_AddIndexActivityLogsDateCreated" was successfully applied
[2026-04-22 01:29:12.258 +01:00] [INF] [12] InternalDatabaseMigration: Perform migration "20230526173516_RemoveEasyPassword"
[2026-04-22 01:29:12.267 +01:00] [INF] [12] InternalDatabaseMigration: Migration "20230526173516_RemoveEasyPassword" was successfully applied
[2026-04-22 01:29:12.267 +01:00] [INF] [12] InternalDatabaseMigration: Perform migration "20230626233818_AddTrickplayInfos"
[2026-04-22 01:29:12.273 +01:00] [INF] [12] InternalDatabaseMigration: Migration "20230626233818_AddTrickplayInfos" was successfully applied
[2026-04-22 01:29:12.273 +01:00] [INF] [12] InternalDatabaseMigration: Perform migration "20230923170422_UserCastReceiver"
[2026-04-22 01:29:12.279 +01:00] [INF] [12] InternalDatabaseMigration: Migration "20230923170422_UserCastReceiver" was successfully applied
[2026-04-22 01:29:12.279 +01:00] [INF] [12] InternalDatabaseMigration: Perform migration "20240729140605_AddMediaSegments"
[2026-04-22 01:29:12.284 +01:00] [INF] [12] InternalDatabaseMigration: Migration "20240729140605_AddMediaSegments" was successfully applied
[2026-04-22 01:29:12.284 +01:00] [INF] [12] InternalDatabaseMigration: Perform migration "20240928082930_MarkSegmentProviderIdNonNullable"
[2026-04-22 01:29:12.292 +01:00] [INF] [12] InternalDatabaseMigration: Migration "20240928082930_MarkSegmentProviderIdNonNullable" was successfully applied
[2026-04-22 01:29:12.292 +01:00] [INF] [12] InternalDatabaseMigration: Perform migration "20241020103111_LibraryDbMigration"
[2026-04-22 01:29:12.314 +01:00] [INF] [12] InternalDatabaseMigration: Migration "20241020103111_LibraryDbMigration" was successfully applied
[2026-04-22 01:29:12.314 +01:00] [INF] [12] InternalDatabaseMigration: Perform migration "20241111131257_AddedCustomDataKey"
[2026-04-22 01:29:12.324 +01:00] [INF] [12] InternalDatabaseMigration: Migration "20241111131257_AddedCustomDataKey" was successfully applied
[2026-04-22 01:29:12.324 +01:00] [INF] [12] InternalDatabaseMigration: Perform migration "20241111135439_AddedCustomDataKeyKey"
[2026-04-22 01:29:12.345 +01:00] [INF] [12] InternalDatabaseMigration: Migration "20241111135439_AddedCustomDataKeyKey" was successfully applied
[2026-04-22 01:29:12.345 +01:00] [INF] [12] InternalDatabaseMigration: Perform migration "20241112152323_FixAncestorIdConfig"
[2026-04-22 01:29:12.364 +01:00] [INF] [12] InternalDatabaseMigration: Migration "20241112152323_FixAncestorIdConfig" was successfully applied
[2026-04-22 01:29:12.364 +01:00] [INF] [12] InternalDatabaseMigration: Perform migration "20241112232041_FixMediaStreams"
[2026-04-22 01:29:12.386 +01:00] [INF] [12] InternalDatabaseMigration: Migration "20241112232041_FixMediaStreams" was successfully applied
[2026-04-22 01:29:12.386 +01:00] [INF] [12] InternalDatabaseMigration: Perform migration "20241112234144_FixMediaStreams2"
[2026-04-22 01:29:12.407 +01:00] [INF] [12] InternalDatabaseMigration: Migration "20241112234144_FixMediaStreams2" was successfully applied
[2026-04-22 01:29:12.407 +01:00] [INF] [12] InternalDatabaseMigration: Perform migration "20241113133548_EnforceUniqueItemValue"
[2026-04-22 01:29:12.417 +01:00] [INF] [12] InternalDatabaseMigration: Migration "20241113133548_EnforceUniqueItemValue" was successfully applied
[2026-04-22 01:29:12.417 +01:00] [INF] [12] InternalDatabaseMigration: Perform migration "20250202021306_FixedCollation"
[2026-04-22 01:29:12.438 +01:00] [INF] [12] InternalDatabaseMigration: Migration "20250202021306_FixedCollation" was successfully applied
[2026-04-22 01:29:12.438 +01:00] [INF] [12] InternalDatabaseMigration: Perform migration "20250204092455_MakeStartEndDateNullable"
[2026-04-22 01:29:12.463 +01:00] [INF] [12] InternalDatabaseMigration: Migration "20250204092455_MakeStartEndDateNullable" was successfully applied
[2026-04-22 01:29:12.463 +01:00] [INF] [12] InternalDatabaseMigration: Perform migration "20250214031148_ChannelIdGuid"
[2026-04-22 01:29:12.477 +01:00] [INF] [12] InternalDatabaseMigration: Migration "20250214031148_ChannelIdGuid" was successfully applied
[2026-04-22 01:29:12.477 +01:00] [INF] [12] InternalDatabaseMigration: Perform migration "20250326065026_AddInheritedParentalRatingSubValue"
[2026-04-22 01:29:12.483 +01:00] [WRN] [4] Microsoft.Extensions.Diagnostics.HealthChecks.DefaultHealthCheckService: Health check "StartupCheck" with status Degraded completed after 0.3273ms with message '"Server is still starting up."'
[2026-04-22 01:29:12.492 +01:00] [INF] [12] InternalDatabaseMigration: Migration "20250326065026_AddInheritedParentalRatingSubValue" was successfully applied
[2026-04-22 01:29:12.492 +01:00] [INF] [12] InternalDatabaseMigration: Perform migration "20250327101120_AddKeyframeData"
[2026-04-22 01:29:12.504 +01:00] [INF] [12] InternalDatabaseMigration: Migration "20250327101120_AddKeyframeData" was successfully applied
[2026-04-22 01:29:12.504 +01:00] [INF] [12] InternalDatabaseMigration: Perform migration "20250327171413_AddHdr10PlusFlag"
[2026-04-22 01:29:12.518 +01:00] [INF] [12] InternalDatabaseMigration: Migration "20250327171413_AddHdr10PlusFlag" was successfully applied
[2026-04-22 01:29:12.518 +01:00] [INF] [12] InternalDatabaseMigration: Perform migration "20250331182844_FixAttachmentMigration"
[2026-04-22 01:29:12.539 +01:00] [INF] [12] InternalDatabaseMigration: Migration "20250331182844_FixAttachmentMigration" was successfully applied
[2026-04-22 01:29:12.539 +01:00] [INF] [12] InternalDatabaseMigration: Perform migration "20250401142247_FixAncestors"
[2026-04-22 01:29:12.548 +01:00] [INF] [12] InternalDatabaseMigration: Migration "20250401142247_FixAncestors" was successfully applied
[2026-04-22 01:29:12.549 +01:00] [INF] [12] InternalDatabaseMigration: Perform migration "20250405075612_FixItemValuesIndices"
[2026-04-22 01:29:12.558 +01:00] [INF] [12] InternalDatabaseMigration: Migration "20250405075612_FixItemValuesIndices" was successfully applied
[2026-04-22 01:29:12.558 +01:00] [INF] [12] InternalDatabaseMigration: Perform migration "20250609115616_DetachUserDataInsteadOfDelete"
[2026-04-22 01:29:12.578 +01:00] [INF] [12] InternalDatabaseMigration: Migration "20250609115616_DetachUserDataInsteadOfDelete" was successfully applied
[2026-04-22 01:29:12.578 +01:00] [INF] [12] InternalDatabaseMigration: Perform migration "20250622170802_BaseItemImageInfoDateModifiedNullable"
[2026-04-22 01:29:12.597 +01:00] [INF] [12] InternalDatabaseMigration: Migration "20250622170802_BaseItemImageInfoDateModifiedNullable" was successfully applied
[2026-04-22 01:29:12.597 +01:00] [INF] [12] InternalDatabaseMigration: Perform migration "20250714044826_ResetJournalMode"
[2026-04-22 01:29:12.608 +01:00] [INF] [12] InternalDatabaseMigration: Migration "20250714044826_ResetJournalMode" was successfully applied
[2026-04-22 01:29:12.608 +01:00] [INF] [12] InternalDatabaseMigration: Perform migration "20250913211637_AddProperParentChildRelationBaseItemWithCascade"
[2026-04-22 01:29:12.632 +01:00] [INF] [12] InternalDatabaseMigration: Migration "20250913211637_AddProperParentChildRelationBaseItemWithCascade" was successfully applied
[2026-04-22 01:29:12.632 +01:00] [INF] [12] InternalDatabaseMigration: Perform migration "20250925203415_ExtendPeopleMapKey"
[2026-04-22 01:29:12.653 +01:00] [INF] [12] InternalDatabaseMigration: Migration "20250925203415_ExtendPeopleMapKey" was successfully applied
[2026-04-22 01:29:12.796 +01:00] [INF] [12] Emby.Server.Implementations.AppBase.BaseConfigurationManager: Saving system configuration
[2026-04-22 01:29:12.797 +01:00] [INF] [12] Emby.Server.Implementations.AppBase.BaseConfigurationManager: Setting cache path: "/config/cache"
[2026-04-22 01:29:12.798 +01:00] [INF] [12] Emby.Server.Implementations.Plugins.PluginManager: Loaded plugin: "TMDb" "10.11.8.0"
[2026-04-22 01:29:12.799 +01:00] [INF] [12] Emby.Server.Implementations.Plugins.PluginManager: Loaded plugin: "Studio Images" "10.11.8.0"
[2026-04-22 01:29:12.799 +01:00] [INF] [12] Emby.Server.Implementations.Plugins.PluginManager: Loaded plugin: "OMDb" "10.11.8.0"
[2026-04-22 01:29:12.803 +01:00] [INF] [12] Emby.Server.Implementations.Plugins.PluginManager: Loaded plugin: "MusicBrainz" "10.11.8.0"
[2026-04-22 01:29:12.803 +01:00] [INF] [12] Emby.Server.Implementations.Plugins.PluginManager: Loaded plugin: "AudioDB" "10.11.8.0"
[2026-04-22 01:29:12.816 +01:00] [INF] [12] Jellyfin.Server.Migrations.JellyfinMigrationService: There are 5 migrations for stage AppInitialisation.
[2026-04-22 01:29:12.816 +01:00] [INF] [12] InternalCodeMigration: Perform migration "20250420090000_AddDefaultPluginRepository"
[2026-04-22 01:29:12.817 +01:00] [INF] [12] Emby.Server.Implementations.AppBase.BaseConfigurationManager: Saving system configuration
[2026-04-22 01:29:12.818 +01:00] [INF] [12] Emby.Server.Implementations.AppBase.BaseConfigurationManager: Setting cache path: "/config/cache"
[2026-04-22 01:29:12.819 +01:00] [INF] [12] InternalCodeMigration: Migration "20250420090000_AddDefaultPluginRepository" was successfully applied
[2026-04-22 01:29:12.819 +01:00] [INF] [12] InternalCodeMigration: Perform migration "20250420110000_ReaddDefaultPluginRepository"
[2026-04-22 01:29:12.819 +01:00] [INF] [12] InternalCodeMigration: Migration "20250420110000_ReaddDefaultPluginRepository" was successfully applied
[2026-04-22 01:29:12.819 +01:00] [INF] [12] InternalCodeMigration: Perform migration "20250420160000_AddDefaultCastReceivers"
[2026-04-22 01:29:12.820 +01:00] [INF] [12] Emby.Server.Implementations.AppBase.BaseConfigurationManager: Saving system configuration
[2026-04-22 01:29:12.820 +01:00] [INF] [12] Emby.Server.Implementations.AppBase.BaseConfigurationManager: Setting cache path: "/config/cache"
[2026-04-22 01:29:12.821 +01:00] [INF] [12] InternalCodeMigration: Migration "20250420160000_AddDefaultCastReceivers" was successfully applied
[2026-04-22 01:29:12.821 +01:00] [INF] [12] InternalCodeMigration: Perform migration "20250420170000_UpdateDefaultPluginRepository"
[2026-04-22 01:29:12.821 +01:00] [INF] [12] Emby.Server.Implementations.AppBase.BaseConfigurationManager: Saving system configuration
[2026-04-22 01:29:12.822 +01:00] [INF] [12] Emby.Server.Implementations.AppBase.BaseConfigurationManager: Setting cache path: "/config/cache"
[2026-04-22 01:29:12.822 +01:00] [INF] [12] InternalCodeMigration: Migration "20250420170000_UpdateDefaultPluginRepository" was successfully applied
[2026-04-22 01:29:12.822 +01:00] [INF] [12] InternalCodeMigration: Perform migration "20250420230000_MoveTrickplayFiles"
[2026-04-22 01:29:12.899 +01:00] [INF] [12] Jellyfin.Server.Migrations.Routines.MoveTrickplayFiles: Checked: 5000 - Moved: 0 - Time: 00:00:00.0718359
[2026-04-22 01:29:12.899 +01:00] [INF] [12] Jellyfin.Server.Migrations.Routines.MoveTrickplayFiles: Moved 0 items in 00:00:00.0721482
[2026-04-22 01:29:12.900 +01:00] [INF] [12] InternalCodeMigration: Migration "20250420230000_MoveTrickplayFiles" was successfully applied
[2026-04-22 01:29:12.900 +01:00] [INF] [12] Main: Attempt to cleanup JellyfinDb backup.
[2026-04-22 01:29:12.911 +01:00] [INF] [12] Main: Kestrel is listening on "all interfaces"
[2026-04-22 01:29:12.917 +01:00] [WRN] [11] Microsoft.AspNetCore.DataProtection.KeyManagement.XmlKeyManager: No XML encryptor configured. Key {38df1192-0976-413a-98da-a58b23420ec4} may be persisted to storage in unencrypted form.
[2026-04-22 01:29:13.079 +01:00] [WRN] [12] Microsoft.AspNetCore.StaticFiles.StaticFileMiddleware: The WebRootPath was not found: "/run/s6-rc:s6-rc-init:bahgEA/servicedirs/svc-jellyfin/wwwroot". Static files may be unavailable.
[2026-04-22 01:29:13.228 +01:00] [INF] [12] Emby.Server.Implementations.ApplicationHost: Running startup tasks
[2026-04-22 01:29:13.232 +01:00] [INF] [12] Emby.Server.Implementations.ScheduledTasks.TaskManager: Daily trigger for "Generate Trickplay Images" set to fire at 2026-04-22 03:00:00.000 +01:00, which is 01:30:46.7677113 from now.
[2026-04-22 01:29:13.233 +01:00] [INF] [12] Emby.Server.Implementations.ScheduledTasks.TaskManager: Daily trigger for "Extract Chapter Images" set to fire at 2026-04-22 02:00:00.000 +01:00, which is 00:30:46.7663858 from now.
[2026-04-22 01:29:13.261 +01:00] [INF] [12] MediaBrowser.MediaEncoding.Encoder.MediaEncoder: Found ffmpeg version "7.1.3"
[2026-04-22 01:29:13.276 +01:00] [INF] [12] MediaBrowser.MediaEncoding.Encoder.MediaEncoder: Available "decoders": ["libdav1d", "av1", "av1_cuvid", "av1_rkmpp", "h264", "h264_rkmpp", "h264_cuvid", "hevc", "hevc_rkmpp", "hevc_cuvid", "mpeg1_rkmpp", "mpeg2video", "mpeg2_rkmpp", "mpeg2_cuvid", "mpeg4", "mpeg4_rkmpp", "mpeg4_cuvid", "msmpeg4", "vc1_cuvid", "vp8", "vp8_rkmpp", "libvpx", "vp8_cuvid", "vp9", "vp9_rkmpp", "libvpx-vp9", "vp9_cuvid", "aac", "ac3", "ac4", "dca", "flac", "mp3", "truehd"]
[2026-04-22 01:29:13.283 +01:00] [INF] [12] MediaBrowser.MediaEncoding.Encoder.MediaEncoder: Available "encoders": ["libsvtav1", "av1_nvenc", "libx264", "h264_nvenc", "h264_v4l2m2m", "h264_rkmpp", "libx265", "hevc_nvenc", "hevc_rkmpp", "mjpeg_rkmpp", "aac", "libfdk_aac", "ac3", "alac", "dca", "flac", "libmp3lame", "libopus", "truehd", "libvorbis", "srt"]
[2026-04-22 01:29:13.289 +01:00] [INF] [12] MediaBrowser.MediaEncoding.Encoder.MediaEncoder: Available filters: ["bwdif_cuda", "bwdif_opencl", "hwupload_cuda", "overlay_opencl", "overlay_cuda", "overlay_rkrga", "scale_cuda", "scale_opencl", "scale_rkrga", "tonemapx", "tonemap_cuda", "tonemap_opencl", "transpose_cuda", "transpose_opencl", "vpp_rkrga", "yadif_cuda", "yadif_opencl", "zscale", "alphasrc"]
[2026-04-22 01:29:13.313 +01:00] [WRN] [12] MediaBrowser.MediaEncoding.Encoder.MediaEncoder: Filter: "overlay_vaapi" with option "Action to take when encountering EOF from secondary input" is not available
[2026-04-22 01:29:13.318 +01:00] [WRN] [12] MediaBrowser.MediaEncoding.Encoder.MediaEncoder: Filter: "overlay_vulkan" with option "Action to take when encountering EOF from secondary input" is not available
[2026-04-22 01:29:13.362 +01:00] [INF] [12] MediaBrowser.MediaEncoding.Encoder.MediaEncoder: Available hwaccel types: ["cuda", "drm", "opencl", "rkmpp"]
[2026-04-22 01:29:16.241 +01:00] [INF] [4] Emby.Server.Implementations.ScheduledTasks.TaskManager: "Clean Transcode Directory" Completed after 0 minute(s) and 0 seconds
[2026-04-22 01:29:16.241 +01:00] [INF] [18] Emby.Server.Implementations.ScheduledTasks.TaskManager: "Clean up collections and playlists" Completed after 0 minute(s) and 0 seconds
[2026-04-22 01:29:16.952 +01:00] [INF] [18] Emby.Server.Implementations.ScheduledTasks.TaskManager: "Update Plugins" Completed after 0 minute(s) and 0 seconds
[2026-04-22 01:29:23.278 +01:00] [INF] [12] MediaBrowser.MediaEncoding.Encoder.MediaEncoder: FFmpeg: "/usr/lib/jellyfin-ffmpeg/ffmpeg"
[2026-04-22 01:29:23.279 +01:00] [INF] [12] Emby.Server.Implementations.ApplicationHost: ServerId: "e52bfaac3d6d4d919b57f5dab6e1f580"
[2026-04-22 01:29:23.279 +01:00] [INF] [12] Emby.Server.Implementations.ApplicationHost: Core startup complete
[2026-04-22 01:29:23.279 +01:00] [INF] [12] Main: Startup complete 0:00:11.7963101
[2026-04-22 01:29:25.687 +01:00] [INF] [4] Jellyfin.Api.Auth.CustomAuthenticationHandler: "CustomAuthentication" was not authenticated. Failure message: "Invalid token."
[2026-04-22 01:29:25.688 +01:00] [INF] [6] Jellyfin.Api.Auth.CustomAuthenticationHandler: "CustomAuthentication" was not authenticated. Failure message: "Invalid token."
[2026-04-22 01:29:25.689 +01:00] [INF] [12] Jellyfin.Api.Auth.CustomAuthenticationHandler: "CustomAuthentication" was not authenticated. Failure message: "Invalid token."
[2026-04-22 01:29:25.689 +01:00] [INF] [22] Jellyfin.Api.Auth.CustomAuthenticationHandler: "CustomAuthentication" was not authenticated. Failure message: "Invalid token."
[2026-04-22 01:29:25.689 +01:00] [INF] [23] Jellyfin.Api.Auth.CustomAuthenticationHandler: "CustomAuthentication" was not authenticated. Failure message: "Invalid token."
[2026-04-22 01:29:25.689 +01:00] [INF] [4] Jellyfin.Api.Auth.CustomAuthenticationHandler: "CustomAuthentication" was not authenticated. Failure message: "Invalid token."
[2026-04-22 01:29:25.690 +01:00] [INF] [6] Jellyfin.Api.Auth.CustomAuthenticationHandler: "CustomAuthentication" was not authenticated. Failure message: "Invalid token."
[2026-04-22 01:29:25.690 +01:00] [INF] [22] Jellyfin.Api.Auth.CustomAuthenticationHandler: "CustomAuthentication" was not authenticated. Failure message: "Invalid token."
[2026-04-22 01:29:25.690 +01:00] [INF] [23] Jellyfin.Api.Auth.CustomAuthenticationHandler: "CustomAuthentication" was not authenticated. Failure message: "Invalid token."
[2026-04-22 01:29:25.691 +01:00] [ERR] [12] Jellyfin.Api.Middleware.ExceptionMiddleware: Error processing request: "Invalid token". URL "GET" "/socket".
[2026-04-22 01:29:25.692 +01:00] [INF] [6] Jellyfin.Api.Auth.CustomAuthenticationHandler: AuthenticationScheme: "CustomAuthentication" was challenged.
[2026-04-22 01:29:25.692 +01:00] [INF] [4] Jellyfin.Api.Auth.CustomAuthenticationHandler: AuthenticationScheme: "CustomAuthentication" was challenged.
[2026-04-22 01:29:25.695 +01:00] [WRN] [22] Jellyfin.Networking.Manager.NetworkManager: "::ffff:192.168.65.1": Only loopback "::1" returned, using that as bind address.
[2026-04-22 01:29:25.700 +01:00] [INF] [6] Jellyfin.Api.Auth.CustomAuthenticationHandler: "CustomAuthentication" was not authenticated. Failure message: "Invalid token."
[2026-04-22 01:29:25.701 +01:00] [INF] [6] Jellyfin.Api.Auth.CustomAuthenticationHandler: "CustomAuthentication" was not authenticated. Failure message: "Invalid token."
[2026-04-22 01:29:25.701 +01:00] [INF] [6] Jellyfin.Api.Auth.CustomAuthenticationHandler: AuthenticationScheme: "CustomAuthentication" was challenged.
[2026-04-22 01:29:26.590 +01:00] [WRN] [22] Jellyfin.Networking.Manager.NetworkManager: "::ffff:192.168.65.1": Only loopback "::1" returned, using that as bind address.
[2026-04-22 01:29:26.665 +01:00] [INF] [22] Jellyfin.Api.Auth.CustomAuthenticationHandler: "CustomAuthentication" was not authenticated. Failure message: "Invalid token."
[2026-04-22 01:29:26.668 +01:00] [WRN] [22] Jellyfin.Networking.Manager.NetworkManager: "::ffff:192.168.65.1": Only loopback "::1" returned, using that as bind address.
[2026-04-22 01:29:26.760 +01:00] [WRN] [22] Jellyfin.Networking.Manager.NetworkManager: "::ffff:192.168.65.1": Only loopback "::1" returned, using that as bind address.
[2026-04-22 01:29:29.013 +01:00] [WRN] [22] Jellyfin.Networking.Manager.NetworkManager: "::ffff:192.168.65.1": Only loopback "::1" returned, using that as bind address.
[2026-04-22 01:29:29.037 +01:00] [INF] [22] Jellyfin.Api.Auth.CustomAuthenticationHandler: "CustomAuthentication" was not authenticated. Failure message: "Invalid token."
[2026-04-22 01:29:29.038 +01:00] [WRN] [22] Jellyfin.Networking.Manager.NetworkManager: "::ffff:192.168.65.1": Only loopback "::1" returned, using that as bind address.
[2026-04-22 01:29:29.137 +01:00] [WRN] [6] Jellyfin.Networking.Manager.NetworkManager: "::ffff:192.168.65.1": Only loopback "::1" returned, using that as bind address.
[2026-04-22 01:29:29.933 +01:00] [WRN] [4] Jellyfin.Networking.Manager.NetworkManager: "::ffff:192.168.65.1": Only loopback "::1" returned, using that as bind address.
[2026-04-22 01:29:29.986 +01:00] [WRN] [6] Jellyfin.Networking.Manager.NetworkManager: "::ffff:192.168.65.1": Only loopback "::1" returned, using that as bind address.
[2026-04-22 01:29:30.012 +01:00] [WRN] [23] Jellyfin.Networking.Manager.NetworkManager: "::ffff:192.168.65.1": Only loopback "::1" returned, using that as bind address.
[2026-04-22 01:29:30.112 +01:00] [WRN] [23] Jellyfin.Networking.Manager.NetworkManager: "::ffff:192.168.65.1": Only loopback "::1" returned, using that as bind address.
[2026-04-22 01:29:30.115 +01:00] [WRN] [6] Jellyfin.Networking.Manager.NetworkManager: "::ffff:192.168.65.1": Only loopback "::1" returned, using that as bind address.
[2026-04-22 01:29:30.120 +01:00] [WRN] [23] Jellyfin.Networking.Manager.NetworkManager: "::ffff:192.168.65.1": Only loopback "::1" returned, using that as bind address.
[2026-04-22 01:29:30.126 +01:00] [WRN] [6] Jellyfin.Networking.Manager.NetworkManager: "::ffff:192.168.65.1": Only loopback "::1" returned, using that as bind address.
[2026-04-22 01:30:48.125 +01:00] [WRN] [3] Jellyfin.Networking.Manager.NetworkManager: "::ffff:192.168.65.1": Only loopback "::1" returned, using that as bind address.
[2026-04-22 01:30:48.174 +01:00] [WRN] [3] Jellyfin.Networking.Manager.NetworkManager: "::ffff:192.168.65.1": Only loopback "::1" returned, using that as bind address.
[2026-04-22 01:30:48.270 +01:00] [WRN] [3] Jellyfin.Networking.Manager.NetworkManager: "::ffff:192.168.65.1": Only loopback "::1" returned, using that as bind address.
[2026-04-22 01:30:48.272 +01:00] [WRN] [24] Jellyfin.Networking.Manager.NetworkManager: "::ffff:192.168.65.1": Only loopback "::1" returned, using that as bind address.
[2026-04-22 01:30:48.279 +01:00] [WRN] [24] Jellyfin.Networking.Manager.NetworkManager: "::ffff:192.168.65.1": Only loopback "::1" returned, using that as bind address.
[2026-04-22 01:30:48.785 +01:00] [WRN] [26] Jellyfin.Networking.Manager.NetworkManager: "::ffff:192.168.65.1": Only loopback "::1" returned, using that as bind address.
[2026-04-22 01:30:48.809 +01:00] [WRN] [22] Jellyfin.Networking.Manager.NetworkManager: "::ffff:192.168.65.1": Only loopback "::1" returned, using that as bind address.
[2026-04-22 01:30:48.909 +01:00] [WRN] [26] Jellyfin.Networking.Manager.NetworkManager: "::ffff:192.168.65.1": Only loopback "::1" returned, using that as bind address.
[2026-04-22 01:30:48.912 +01:00] [WRN] [26] Jellyfin.Networking.Manager.NetworkManager: "::ffff:192.168.65.1": Only loopback "::1" returned, using that as bind address.
[2026-04-22 01:30:48.916 +01:00] [WRN] [26] Jellyfin.Networking.Manager.NetworkManager: "::ffff:192.168.65.1": Only loopback "::1" returned, using that as bind address.
[2026-04-22 01:30:51.867 +01:00] [WRN] [3] Jellyfin.Networking.Manager.NetworkManager: "::ffff:192.168.65.1": Only loopback "::1" returned, using that as bind address.
[2026-04-22 01:30:51.938 +01:00] [WRN] [3] Jellyfin.Networking.Manager.NetworkManager: "::ffff:192.168.65.1": Only loopback "::1" returned, using that as bind address.
[2026-04-22 01:30:52.036 +01:00] [WRN] [3] Jellyfin.Networking.Manager.NetworkManager: "::ffff:192.168.65.1": Only loopback "::1" returned, using that as bind address.
[2026-04-22 01:30:52.045 +01:00] [WRN] [22] Jellyfin.Networking.Manager.NetworkManager: "::ffff:192.168.65.1": Only loopback "::1" returned, using that as bind address.
[2026-04-22 01:30:52.050 +01:00] [WRN] [3] Jellyfin.Networking.Manager.NetworkManager: "::ffff:192.168.65.1": Only loopback "::1" returned, using that as bind address.
[2026-04-22 01:30:52.055 +01:00] [WRN] [22] Jellyfin.Networking.Manager.NetworkManager: "::ffff:192.168.65.1": Only loopback "::1" returned, using that as bind address.
[2026-04-22 01:30:52.951 +01:00] [WRN] [24] Jellyfin.Networking.Manager.NetworkManager: "::ffff:192.168.65.1": Only loopback "::1" returned, using that as bind address.
[2026-04-22 01:30:52.995 +01:00] [WRN] [22] Jellyfin.Networking.Manager.NetworkManager: "::ffff:192.168.65.1": Only loopback "::1" returned, using that as bind address.
[2026-04-22 01:30:53.090 +01:00] [WRN] [24] Jellyfin.Networking.Manager.NetworkManager: "::ffff:192.168.65.1": Only loopback "::1" returned, using that as bind address.
[2026-04-22 01:30:53.092 +01:00] [WRN] [22] Jellyfin.Networking.Manager.NetworkManager: "::ffff:192.168.65.1": Only loopback "::1" returned, using that as bind address.
[2026-04-22 01:30:53.097 +01:00] [WRN] [24] Jellyfin.Networking.Manager.NetworkManager: "::ffff:192.168.65.1": Only loopback "::1" returned, using that as bind address.
[2026-04-22 01:30:57.192 +01:00] [INF] [24] Emby.Server.Implementations.AppBase.BaseConfigurationManager: Saving system configuration
[2026-04-22 01:30:57.194 +01:00] [INF] [24] Emby.Server.Implementations.AppBase.BaseConfigurationManager: Setting cache path: "/config/cache"
[2026-04-22 01:30:57.208 +01:00] [WRN] [24] Jellyfin.Networking.Manager.NetworkManager: "::ffff:192.168.65.1": Only loopback "::1" returned, using that as bind address.
[2026-04-22 01:30:57.220 +01:00] [WRN] [24] Jellyfin.Server.Implementations.Users.UserManager: No users, creating one with username "abc"
[2026-04-22 01:31:02.859 +01:00] [WRN] [24] Jellyfin.Networking.Manager.NetworkManager: "::ffff:192.168.65.1": Only loopback "::1" returned, using that as bind address.
[2026-04-22 01:31:10.335 +01:00] [WRN] [22] Jellyfin.Networking.Manager.NetworkManager: "::ffff:192.168.65.1": Only loopback "::1" returned, using that as bind address.
[2026-04-22 01:31:46.046 +01:00] [ERR] [27] Jellyfin.Api.Middleware.ExceptionMiddleware: Error processing request. URL "GET" "/Environment/DirectoryContents".
System.UnauthorizedAccessException: Access to the path '/movies/._Dune (2021) [2160p] [4K] [WEB] [HDR] [5.1] [YTS.MX]' is denied.
 ---> System.IO.IOException: Operation not permitted
   --- End of inner exception stack trace ---
   at System.IO.FileSystemInfo.Create(String fullPath, String fileName, Boolean asDirectory, FileStatus& fileStatus)
   at System.IO.Enumeration.FileSystemEnumerableFactory.<>c.<FileSystemInfos>b__7_0(FileSystemEntry& entry)
   at System.IO.Enumeration.FileSystemEnumerator`1.MoveNext()
   at System.Linq.Enumerable.IEnumerableSelectIterator`2.MoveNext()
   at System.Linq.Enumerable.IEnumerableWhereIterator`1.ToArray()
   at System.Linq.Enumerable.OrderedIterator`2.MoveNext()
   at System.Linq.Enumerable.IteratorSelectIterator`2.MoveNext()
   at System.Text.Json.Serialization.Converters.IEnumerableDefaultConverter`2.OnWriteResume(Utf8JsonWriter writer, TCollection value, JsonSerializerOptions options, WriteStack& state)
   at System.Text.Json.Serialization.JsonCollectionConverter`2.OnTryWrite(Utf8JsonWriter writer, TCollection value, JsonSerializerOptions options, WriteStack& state)
   at System.Text.Json.Serialization.JsonConverter`1.TryWrite(Utf8JsonWriter writer, T& value, JsonSerializerOptions options, WriteStack& state)
   at System.Text.Json.Serialization.JsonConverter`1.WriteCore(Utf8JsonWriter writer, T& value, JsonSerializerOptions options, WriteStack& state)
   at System.Text.Json.Serialization.Metadata.JsonTypeInfo`1.SerializeAsync(PipeWriter pipeWriter, T rootValue, Int32 flushThreshold, CancellationToken cancellationToken, Object rootValueBoxed)
   at System.Text.Json.Serialization.Metadata.JsonTypeInfo`1.SerializeAsync(PipeWriter pipeWriter, T rootValue, Int32 flushThreshold, CancellationToken cancellationToken, Object rootValueBoxed)
   at System.Text.Json.Serialization.Metadata.JsonTypeInfo`1.SerializeAsync(PipeWriter pipeWriter, T rootValue, Int32 flushThreshold, CancellationToken cancellationToken, Object rootValueBoxed)
   at System.Text.Json.Serialization.Metadata.JsonTypeInfo`1.SerializeAsync(PipeWriter pipeWriter, T rootValue, Int32 flushThreshold, CancellationToken cancellationToken, Object rootValueBoxed)
   at Microsoft.AspNetCore.Mvc.Formatters.SystemTextJsonOutputFormatter.WriteResponseBodyAsync(OutputFormatterWriteContext context, Encoding selectedEncoding)
   at Microsoft.AspNetCore.Mvc.Infrastructure.ResourceInvoker.<InvokeNextResultFilterAsync>g__Awaited|30_0[TFilter,TFilterAsync](ResourceInvoker invoker, Task lastTask, State next, Scope scope, Object state, Boolean isCompleted)
   at Microsoft.AspNetCore.Mvc.Infrastructure.ResourceInvoker.Rethrow(ResultExecutedContextSealed context)
   at Microsoft.AspNetCore.Mvc.Infrastructure.ResourceInvoker.ResultNext[TFilter,TFilterAsync](State& next, Scope& scope, Object& state, Boolean& isCompleted)
   at Microsoft.AspNetCore.Mvc.Infrastructure.ResourceInvoker.InvokeResultFilters()
--- End of stack trace from previous location ---
   at Microsoft.AspNetCore.Mvc.Infrastructure.ResourceInvoker.<InvokeNextResourceFilter>g__Awaited|25_0(ResourceInvoker invoker, Task lastTask, State next, Scope scope, Object state, Boolean isCompleted)
   at Microsoft.AspNetCore.Mvc.Infrastructure.ResourceInvoker.Rethrow(ResourceExecutedContextSealed context)
   at Microsoft.AspNetCore.Mvc.Infrastructure.ResourceInvoker.Next(State& next, Scope& scope, Object& state, Boolean& isCompleted)
   at Microsoft.AspNetCore.Mvc.Infrastructure.ResourceInvoker.InvokeFilterPipelineAsync()
--- End of stack trace from previous location ---
   at Microsoft.AspNetCore.Mvc.Infrastructure.ResourceInvoker.<InvokeAsync>g__Awaited|17_0(ResourceInvoker invoker, Task task, IDisposable scope)
   at Microsoft.AspNetCore.Mvc.Infrastructure.ResourceInvoker.<InvokeAsync>g__Awaited|17_0(ResourceInvoker invoker, Task task, IDisposable scope)
   at Jellyfin.Api.Middleware.ServerStartupMessageMiddleware.Invoke(HttpContext httpContext, IServerApplicationHost serverApplicationHost, ILocalizationManager localizationManager)
   at Jellyfin.Api.Middleware.WebSocketHandlerMiddleware.Invoke(HttpContext httpContext, IWebSocketManager webSocketManager)
   at Jellyfin.Api.Middleware.IPBasedAccessValidationMiddleware.Invoke(HttpContext httpContext, INetworkManager networkManager)
   at Microsoft.AspNetCore.Authorization.AuthorizationMiddleware.Invoke(HttpContext context)
   at Jellyfin.Api.Middleware.QueryStringDecodingMiddleware.Invoke(HttpContext httpContext)
   at Swashbuckle.AspNetCore.ReDoc.ReDocMiddleware.Invoke(HttpContext httpContext)
   at Swashbuckle.AspNetCore.SwaggerUI.SwaggerUIMiddleware.Invoke(HttpContext httpContext)
   at Swashbuckle.AspNetCore.Swagger.SwaggerMiddleware.Invoke(HttpContext httpContext, ISwaggerProvider swaggerProvider)
   at Microsoft.AspNetCore.Authentication.AuthenticationMiddleware.Invoke(HttpContext context)
   at Jellyfin.Api.Middleware.RobotsRedirectionMiddleware.Invoke(HttpContext httpContext)
   at Jellyfin.Api.Middleware.LegacyEmbyRouteRewriteMiddleware.Invoke(HttpContext httpContext)
   at Microsoft.AspNetCore.ResponseCompression.ResponseCompressionMiddleware.InvokeCore(HttpContext context)
   at Jellyfin.Api.Middleware.ResponseTimeMiddleware.Invoke(HttpContext context, IServerConfigurationManager serverConfigurationManager)
   at Jellyfin.Api.Middleware.ExceptionMiddleware.Invoke(HttpContext context)
[2026-04-22 01:31:58.096 +01:00] [ERR] [27] Jellyfin.Api.Middleware.ExceptionMiddleware: Error processing request. URL "GET" "/Environment/DirectoryContents".
System.UnauthorizedAccessException: Access to the path '/movies/._Dune (2021) [2160p] [4K] [WEB] [HDR] [5.1] [YTS.MX]' is denied.
 ---> System.IO.IOException: Operation not permitted
   --- End of inner exception stack trace ---
   at System.IO.FileSystemInfo.Create(String fullPath, String fileName, Boolean asDirectory, FileStatus& fileStatus)
   at System.IO.Enumeration.FileSystemEnumerableFactory.<>c.<FileSystemInfos>b__7_0(FileSystemEntry& entry)
   at System.IO.Enumeration.FileSystemEnumerator`1.MoveNext()
   at System.Linq.Enumerable.IEnumerableSelectIterator`2.MoveNext()
   at System.Linq.Enumerable.IEnumerableWhereIterator`1.ToArray()
   at System.Linq.Enumerable.OrderedIterator`2.MoveNext()
   at System.Linq.Enumerable.IteratorSelectIterator`2.MoveNext()
   at System.Text.Json.Serialization.Converters.IEnumerableDefaultConverter`2.OnWriteResume(Utf8JsonWriter writer, TCollection value, JsonSerializerOptions options, WriteStack& state)
   at System.Text.Json.Serialization.JsonCollectionConverter`2.OnTryWrite(Utf8JsonWriter writer, TCollection value, JsonSerializerOptions options, WriteStack& state)
   at System.Text.Json.Serialization.JsonConverter`1.TryWrite(Utf8JsonWriter writer, T& value, JsonSerializerOptions options, WriteStack& state)
   at System.Text.Json.Serialization.JsonConverter`1.WriteCore(Utf8JsonWriter writer, T& value, JsonSerializerOptions options, WriteStack& state)
   at System.Text.Json.Serialization.Metadata.JsonTypeInfo`1.SerializeAsync(PipeWriter pipeWriter, T rootValue, Int32 flushThreshold, CancellationToken cancellationToken, Object rootValueBoxed)
   at System.Text.Json.Serialization.Metadata.JsonTypeInfo`1.SerializeAsync(PipeWriter pipeWriter, T rootValue, Int32 flushThreshold, CancellationToken cancellationToken, Object rootValueBoxed)
   at System.Text.Json.Serialization.Metadata.JsonTypeInfo`1.SerializeAsync(PipeWriter pipeWriter, T rootValue, Int32 flushThreshold, CancellationToken cancellationToken, Object rootValueBoxed)
   at System.Text.Json.Serialization.Metadata.JsonTypeInfo`1.SerializeAsync(PipeWriter pipeWriter, T rootValue, Int32 flushThreshold, CancellationToken cancellationToken, Object rootValueBoxed)
   at Microsoft.AspNetCore.Mvc.Formatters.SystemTextJsonOutputFormatter.WriteResponseBodyAsync(OutputFormatterWriteContext context, Encoding selectedEncoding)
   at Microsoft.AspNetCore.Mvc.Infrastructure.ResourceInvoker.<InvokeNextResultFilterAsync>g__Awaited|30_0[TFilter,TFilterAsync](ResourceInvoker invoker, Task lastTask, State next, Scope scope, Object state, Boolean isCompleted)
   at Microsoft.AspNetCore.Mvc.Infrastructure.ResourceInvoker.Rethrow(ResultExecutedContextSealed context)
   at Microsoft.AspNetCore.Mvc.Infrastructure.ResourceInvoker.ResultNext[TFilter,TFilterAsync](State& next, Scope& scope, Object& state, Boolean& isCompleted)
   at Microsoft.AspNetCore.Mvc.Infrastructure.ResourceInvoker.InvokeResultFilters()
--- End of stack trace from previous location ---
   at Microsoft.AspNetCore.Mvc.Infrastructure.ResourceInvoker.<InvokeNextResourceFilter>g__Awaited|25_0(ResourceInvoker invoker, Task lastTask, State next, Scope scope, Object state, Boolean isCompleted)
   at Microsoft.AspNetCore.Mvc.Infrastructure.ResourceInvoker.Rethrow(ResourceExecutedContextSealed context)
   at Microsoft.AspNetCore.Mvc.Infrastructure.ResourceInvoker.Next(State& next, Scope& scope, Object& state, Boolean& isCompleted)
   at Microsoft.AspNetCore.Mvc.Infrastructure.ResourceInvoker.InvokeFilterPipelineAsync()
--- End of stack trace from previous location ---
   at Microsoft.AspNetCore.Mvc.Infrastructure.ResourceInvoker.<InvokeAsync>g__Awaited|17_0(ResourceInvoker invoker, Task task, IDisposable scope)
   at Microsoft.AspNetCore.Mvc.Infrastructure.ResourceInvoker.<InvokeAsync>g__Awaited|17_0(ResourceInvoker invoker, Task task, IDisposable scope)
   at Jellyfin.Api.Middleware.ServerStartupMessageMiddleware.Invoke(HttpContext httpContext, IServerApplicationHost serverApplicationHost, ILocalizationManager localizationManager)
   at Jellyfin.Api.Middleware.WebSocketHandlerMiddleware.Invoke(HttpContext httpContext, IWebSocketManager webSocketManager)
   at Jellyfin.Api.Middleware.IPBasedAccessValidationMiddleware.Invoke(HttpContext httpContext, INetworkManager networkManager)
   at Microsoft.AspNetCore.Authorization.AuthorizationMiddleware.Invoke(HttpContext context)
   at Jellyfin.Api.Middleware.QueryStringDecodingMiddleware.Invoke(HttpContext httpContext)
   at Swashbuckle.AspNetCore.ReDoc.ReDocMiddleware.Invoke(HttpContext httpContext)
   at Swashbuckle.AspNetCore.SwaggerUI.SwaggerUIMiddleware.Invoke(HttpContext httpContext)
   at Swashbuckle.AspNetCore.Swagger.SwaggerMiddleware.Invoke(HttpContext httpContext, ISwaggerProvider swaggerProvider)
   at Microsoft.AspNetCore.Authentication.AuthenticationMiddleware.Invoke(HttpContext context)
   at Jellyfin.Api.Middleware.RobotsRedirectionMiddleware.Invoke(HttpContext httpContext)
   at Jellyfin.Api.Middleware.LegacyEmbyRouteRewriteMiddleware.Invoke(HttpContext httpContext)
   at Microsoft.AspNetCore.ResponseCompression.ResponseCompressionMiddleware.InvokeCore(HttpContext context)
   at Jellyfin.Api.Middleware.ResponseTimeMiddleware.Invoke(HttpContext context, IServerConfigurationManager serverConfigurationManager)
   at Jellyfin.Api.Middleware.ExceptionMiddleware.Invoke(HttpContext context)
[2026-04-22 01:32:13.969 +01:00] [ERR] [3] Jellyfin.Api.Middleware.ExceptionMiddleware: Error processing request. URL "GET" "/Environment/DirectoryContents".
System.UnauthorizedAccessException: Access to the path '/audiobooks/._Alan Watts- Out of Your Mind (Essential Lectures)' is denied.
 ---> System.IO.IOException: Operation not permitted
   --- End of inner exception stack trace ---
   at System.IO.FileSystemInfo.Create(String fullPath, String fileName, Boolean asDirectory, FileStatus& fileStatus)
   at System.IO.Enumeration.FileSystemEnumerableFactory.<>c.<FileSystemInfos>b__7_0(FileSystemEntry& entry)
   at System.IO.Enumeration.FileSystemEnumerator`1.MoveNext()
   at System.Linq.Enumerable.IEnumerableSelectIterator`2.MoveNext()
   at System.Linq.Enumerable.IEnumerableWhereIterator`1.ToArray()
   at System.Linq.Enumerable.OrderedIterator`2.MoveNext()
   at System.Linq.Enumerable.IteratorSelectIterator`2.MoveNext()
   at System.Text.Json.Serialization.Converters.IEnumerableDefaultConverter`2.OnWriteResume(Utf8JsonWriter writer, TCollection value, JsonSerializerOptions options, WriteStack& state)
   at System.Text.Json.Serialization.JsonCollectionConverter`2.OnTryWrite(Utf8JsonWriter writer, TCollection value, JsonSerializerOptions options, WriteStack& state)
   at System.Text.Json.Serialization.JsonConverter`1.TryWrite(Utf8JsonWriter writer, T& value, JsonSerializerOptions options, WriteStack& state)
   at System.Text.Json.Serialization.JsonConverter`1.WriteCore(Utf8JsonWriter writer, T& value, JsonSerializerOptions options, WriteStack& state)
   at System.Text.Json.Serialization.Metadata.JsonTypeInfo`1.SerializeAsync(PipeWriter pipeWriter, T rootValue, Int32 flushThreshold, CancellationToken cancellationToken, Object rootValueBoxed)
   at System.Text.Json.Serialization.Metadata.JsonTypeInfo`1.SerializeAsync(PipeWriter pipeWriter, T rootValue, Int32 flushThreshold, CancellationToken cancellationToken, Object rootValueBoxed)
   at System.Text.Json.Serialization.Metadata.JsonTypeInfo`1.SerializeAsync(PipeWriter pipeWriter, T rootValue, Int32 flushThreshold, CancellationToken cancellationToken, Object rootValueBoxed)
   at System.Text.Json.Serialization.Metadata.JsonTypeInfo`1.SerializeAsync(PipeWriter pipeWriter, T rootValue, Int32 flushThreshold, CancellationToken cancellationToken, Object rootValueBoxed)
   at Microsoft.AspNetCore.Mvc.Formatters.SystemTextJsonOutputFormatter.WriteResponseBodyAsync(OutputFormatterWriteContext context, Encoding selectedEncoding)
   at Microsoft.AspNetCore.Mvc.Infrastructure.ResourceInvoker.<InvokeNextResultFilterAsync>g__Awaited|30_0[TFilter,TFilterAsync](ResourceInvoker invoker, Task lastTask, State next, Scope scope, Object state, Boolean isCompleted)
   at Microsoft.AspNetCore.Mvc.Infrastructure.ResourceInvoker.Rethrow(ResultExecutedContextSealed context)
   at Microsoft.AspNetCore.Mvc.Infrastructure.ResourceInvoker.ResultNext[TFilter,TFilterAsync](State& next, Scope& scope, Object& state, Boolean& isCompleted)
   at Microsoft.AspNetCore.Mvc.Infrastructure.ResourceInvoker.InvokeResultFilters()
--- End of stack trace from previous location ---
   at Microsoft.AspNetCore.Mvc.Infrastructure.ResourceInvoker.<InvokeNextResourceFilter>g__Awaited|25_0(ResourceInvoker invoker, Task lastTask, State next, Scope scope, Object state, Boolean isCompleted)
   at Microsoft.AspNetCore.Mvc.Infrastructure.ResourceInvoker.Rethrow(ResourceExecutedContextSealed context)
   at Microsoft.AspNetCore.Mvc.Infrastructure.ResourceInvoker.Next(State& next, Scope& scope, Object& state, Boolean& isCompleted)
   at Microsoft.AspNetCore.Mvc.Infrastructure.ResourceInvoker.InvokeFilterPipelineAsync()
--- End of stack trace from previous location ---
   at Microsoft.AspNetCore.Mvc.Infrastructure.ResourceInvoker.<InvokeAsync>g__Awaited|17_0(ResourceInvoker invoker, Task task, IDisposable scope)
   at Microsoft.AspNetCore.Mvc.Infrastructure.ResourceInvoker.<InvokeAsync>g__Awaited|17_0(ResourceInvoker invoker, Task task, IDisposable scope)
   at Jellyfin.Api.Middleware.ServerStartupMessageMiddleware.Invoke(HttpContext httpContext, IServerApplicationHost serverApplicationHost, ILocalizationManager localizationManager)
   at Jellyfin.Api.Middleware.WebSocketHandlerMiddleware.Invoke(HttpContext httpContext, IWebSocketManager webSocketManager)
   at Jellyfin.Api.Middleware.IPBasedAccessValidationMiddleware.Invoke(HttpContext httpContext, INetworkManager networkManager)
   at Microsoft.AspNetCore.Authorization.AuthorizationMiddleware.Invoke(HttpContext context)
   at Jellyfin.Api.Middleware.QueryStringDecodingMiddleware.Invoke(HttpContext httpContext)
   at Swashbuckle.AspNetCore.ReDoc.ReDocMiddleware.Invoke(HttpContext httpContext)
   at Swashbuckle.AspNetCore.SwaggerUI.SwaggerUIMiddleware.Invoke(HttpContext httpContext)
   at Swashbuckle.AspNetCore.Swagger.SwaggerMiddleware.Invoke(HttpContext httpContext, ISwaggerProvider swaggerProvider)
   at Microsoft.AspNetCore.Authentication.AuthenticationMiddleware.Invoke(HttpContext context)
   at Jellyfin.Api.Middleware.RobotsRedirectionMiddleware.Invoke(HttpContext httpContext)
   at Jellyfin.Api.Middleware.LegacyEmbyRouteRewriteMiddleware.Invoke(HttpContext httpContext)
   at Microsoft.AspNetCore.ResponseCompression.ResponseCompressionMiddleware.InvokeCore(HttpContext context)
   at Jellyfin.Api.Middleware.ResponseTimeMiddleware.Invoke(HttpContext context, IServerConfigurationManager serverConfigurationManager)
   at Jellyfin.Api.Middleware.ExceptionMiddleware.Invoke(HttpContext context)
[2026-04-22 01:32:28.582 +01:00] [WRN] [3] MediaBrowser.Controller.Entities.BaseItem: Library folder "/media_local/movies" is inaccessible or empty, skipping
[2026-04-22 01:32:28.584 +01:00] [WRN] [3] MediaBrowser.Controller.Entities.BaseItem: Library folder "/config/data/data/playlists" is inaccessible or empty, skipping
[2026-04-22 01:32:31.628 +01:00] [WRN] [28] Jellyfin.Networking.Manager.NetworkManager: "::ffff:192.168.65.1": Only loopback "::1" returned, using that as bind address.
[2026-04-22 01:32:32.796 +01:00] [INF] [28] Emby.Server.Implementations.AppBase.BaseConfigurationManager: Saving system configuration
[2026-04-22 01:32:32.802 +01:00] [INF] [28] Emby.Server.Implementations.AppBase.BaseConfigurationManager: Setting cache path: "/config/cache"
[2026-04-22 01:32:32.813 +01:00] [WRN] [28] Jellyfin.Networking.Manager.NetworkManager: "::ffff:192.168.65.1": Only loopback "::1" returned, using that as bind address.
[2026-04-22 01:32:33.906 +01:00] [INF] [30] Jellyfin.Networking.Manager.NetworkManager: Defined LAN subnets: ["::1/128", "fe80::/10", "fc00::/7", "127.0.0.1/8", "10.0.0.0/8", "172.16.0.0/12", "192.168.0.0/16"]
[2026-04-22 01:32:33.906 +01:00] [INF] [30] Jellyfin.Networking.Manager.NetworkManager: Defined LAN exclusions: []
[2026-04-22 01:32:33.907 +01:00] [INF] [30] Jellyfin.Networking.Manager.NetworkManager: Used LAN subnets: ["::1/128", "fe80::/10", "fc00::/7", "127.0.0.1/8", "10.0.0.0/8", "172.16.0.0/12", "192.168.0.0/16"]
[2026-04-22 01:32:33.907 +01:00] [INF] [30] Jellyfin.Networking.Manager.NetworkManager: Filtered interface addresses: []
[2026-04-22 01:32:33.907 +01:00] [INF] [30] Jellyfin.Networking.Manager.NetworkManager: Bind Addresses ["::"]
[2026-04-22 01:32:33.907 +01:00] [INF] [30] Jellyfin.Networking.Manager.NetworkManager: Remote IP filter is "Allowlist"
[2026-04-22 01:32:33.907 +01:00] [INF] [30] Jellyfin.Networking.Manager.NetworkManager: Filtered subnets: []
[2026-04-22 01:32:33.914 +01:00] [WRN] [28] Jellyfin.Networking.Manager.NetworkManager: "::ffff:192.168.65.1": Only loopback "::1" returned, using that as bind address.
[2026-04-22 01:32:34.515 +01:00] [INF] [28] Emby.Server.Implementations.AppBase.BaseConfigurationManager: Saving system configuration
[2026-04-22 01:32:34.517 +01:00] [INF] [28] Emby.Server.Implementations.AppBase.BaseConfigurationManager: Setting cache path: "/config/cache"
[2026-04-22 01:32:34.520 +01:00] [INF] [30] Emby.Server.Implementations.Library.LibraryManager: Validating media library
[2026-04-22 01:32:34.536 +01:00] [WRN] [30] MediaBrowser.Controller.Entities.BaseItem: Library folder "/media_local/movies" is inaccessible or empty, skipping
[2026-04-22 01:32:34.537 +01:00] [WRN] [30] MediaBrowser.Controller.Entities.BaseItem: Library folder "/config/data/data/playlists" is inaccessible or empty, skipping
[2026-04-22 01:32:34.562 +01:00] [WRN] [31] MediaBrowser.Controller.Entities.BaseItem: Library folder "/media_local/movies" is inaccessible or empty, skipping
[2026-04-22 01:32:34.563 +01:00] [WRN] [31] MediaBrowser.Controller.Entities.BaseItem: Library folder "/config/data/data/playlists" is inaccessible or empty, skipping
[2026-04-22 01:32:34.604 +01:00] [WRN] [30] Jellyfin.Networking.Manager.NetworkManager: "::ffff:192.168.65.1": Only loopback "::1" returned, using that as bind address.
[2026-04-22 01:32:34.651 +01:00] [WRN] [3] Jellyfin.Networking.Manager.NetworkManager: "::ffff:192.168.65.1": Only loopback "::1" returned, using that as bind address.
[2026-04-22 01:32:34.661 +01:00] [INF] [31] Emby.Server.Implementations.ScheduledTasks.TaskManager: "Scan Media Library" Completed after 0 minute(s) and 0 seconds
[2026-04-22 01:32:34.750 +01:00] [WRN] [28] Jellyfin.Networking.Manager.NetworkManager: "::ffff:192.168.65.1": Only loopback "::1" returned, using that as bind address.
[2026-04-22 01:32:34.760 +01:00] [WRN] [31] Jellyfin.Networking.Manager.NetworkManager: "::ffff:192.168.65.1": Only loopback "::1" returned, using that as bind address.
[2026-04-22 01:32:38.454 +01:00] [INF] [3] Jellyfin.Server.Implementations.Users.UserManager: Authentication request for "bill" has succeeded.
[2026-04-22 01:32:38.455 +01:00] [INF] [3] Emby.Server.Implementations.Session.SessionManager: Current/Max sessions for user "bill": 0/0
[2026-04-22 01:32:38.455 +01:00] [INF] [3] Emby.Server.Implementations.Session.SessionManager: Creating new access token for user dd66cf8d-c616-4ca1-b2c2-6df5ba8890ef
[2026-04-22 01:32:38.518 +01:00] [INF] [3] Emby.Server.Implementations.HttpServer.WebSocketManager: WS "::ffff:192.168.65.1" request
[2026-04-22 01:32:44.603 +01:00] [WRN] [3] Jellyfin.Networking.Manager.NetworkManager: "::ffff:192.168.65.1": Only loopback "::1" returned, using that as bind address.
[2026-04-22 01:32:46.134 +01:00] [INF] [31] Emby.Server.Implementations.Library.LibraryManager: Validating media library
[2026-04-22 01:32:46.145 +01:00] [WRN] [31] MediaBrowser.Controller.Entities.BaseItem: Library folder "/media_local/movies" is inaccessible or empty, skipping
[2026-04-22 01:32:46.147 +01:00] [WRN] [31] MediaBrowser.Controller.Entities.BaseItem: Library folder "/config/data/data/playlists" is inaccessible or empty, skipping
[2026-04-22 01:32:46.169 +01:00] [WRN] [28] MediaBrowser.Controller.Entities.BaseItem: Library folder "/media_local/movies" is inaccessible or empty, skipping
[2026-04-22 01:32:46.171 +01:00] [WRN] [28] MediaBrowser.Controller.Entities.BaseItem: Library folder "/config/data/data/playlists" is inaccessible or empty, skipping
[2026-04-22 01:32:46.174 +01:00] [INF] [28] Emby.Server.Implementations.ScheduledTasks.TaskManager: "Scan Media Library" Completed after 0 minute(s) and 0 seconds
[2026-04-22 01:32:53.666 +01:00] [WRN] [30] Jellyfin.Networking.Manager.NetworkManager: "::ffff:192.168.65.1": Only loopback "::1" returned, using that as bind address.
[2026-04-22 01:34:11.110 +01:00] [WRN] [3] Jellyfin.Networking.Manager.NetworkManager: "::ffff:192.168.65.1": Only loopback "::1" returned, using that as bind address.
[2026-04-22 01:34:12.039 +01:00] [INF] [29] Emby.Server.Implementations.Library.LibraryManager: Validating media library
[2026-04-22 01:34:12.056 +01:00] [WRN] [29] MediaBrowser.Controller.Entities.BaseItem: Library folder "/config/data/data/playlists" is inaccessible or empty, skipping
[2026-04-22 01:34:12.104 +01:00] [WRN] [29] MediaBrowser.Controller.Entities.BaseItem: Library folder "/config/data/data/playlists" is inaccessible or empty, skipping
[2026-04-22 01:34:12.287 +01:00] [ERR] [29] MediaBrowser.Providers.Movies.MovieMetadataService: Error in "Probe Provider"
MediaBrowser.Common.FfmpegException: ffprobe failed - streams and format are both null.
   at MediaBrowser.MediaEncoding.Encoder.MediaEncoder.GetMediaInfoInternal(String inputPath, String primaryPath, MediaProtocol protocol, Boolean extractChapters, String probeSizeArgument, Boolean isAudio, Nullable`1 videoType, CancellationToken cancellationToken)
   at MediaBrowser.MediaEncoding.Encoder.MediaEncoder.GetMediaInfoInternal(String inputPath, String primaryPath, MediaProtocol protocol, Boolean extractChapters, String probeSizeArgument, Boolean isAudio, Nullable`1 videoType, CancellationToken cancellationToken)
   at MediaBrowser.Providers.MediaInfo.FFProbeVideoInfo.ProbeVideo[T](T item, MetadataRefreshOptions options, CancellationToken cancellationToken)
   at MediaBrowser.Providers.Manager.MetadataService`2.RunCustomProvider(ICustomMetadataProvider`1 provider, TItemType item, String logName, MetadataRefreshOptions options, RefreshResult refreshResult, CancellationToken cancellationToken)
[2026-04-22 01:35:10.554 +01:00] [WRN] [23] Microsoft.EntityFrameworkCore.Query: Compiling a query which loads related collections for more than one collection navigation, either via 'Include' or through projection, but no 'QuerySplittingBehavior' has been configured. By default, Entity Framework will use 'QuerySplittingBehavior.SingleQuery', which can potentially result in slow query performance. See https://go.microsoft.com/fwlink/?linkid=2134277 for more information. To identify the query that's triggering this warning call 'ConfigureWarnings(w => w.Throw(RelationalEventId.MultipleCollectionIncludeWarning))'.
[2026-04-22 01:35:19.171 +01:00] [INF] [8] Emby.Server.Implementations.ScheduledTasks.TaskManager: "Scan Media Library" Completed after 1 minute(s) and 7 seconds
[2026-04-22 01:35:19.209 +01:00] [INF] [11] Emby.Server.Implementations.IO.LibraryMonitor: Watching directory "/media_local/movies"
[2026-04-22 01:36:26.522 +01:00] [INF] [3] Emby.Server.Implementations.Session.SessionWebSocketListener: Sending ForceKeepAlive message to 1 inactive WebSockets.
[2026-04-22 01:36:50.132 +01:00] [WRN] [32] Jellyfin.Networking.Manager.NetworkManager: "::ffff:192.168.65.1": Only loopback "::1" returned, using that as bind address.
[2026-04-22 01:36:51.513 +01:00] [INF] [32] Emby.Server.Implementations.IO.LibraryMonitor: Stopping directory watching for path "/media_local/movies"
[2026-04-22 01:36:51.514 +01:00] [INF] [32] Emby.Server.Implementations.Library.LibraryManager: Validating media library
[2026-04-22 01:36:51.589 +01:00] [WRN] [11] MediaBrowser.Controller.Entities.BaseItem: Library folder "/config/data/data/playlists" is inaccessible or empty, skipping
[2026-04-22 01:36:51.725 +01:00] [WRN] [30] MediaBrowser.Controller.Entities.BaseItem: Library folder "/config/data/data/playlists" is inaccessible or empty, skipping
[2026-04-22 01:36:53.383 +01:00] [INF] [32] Emby.Server.Implementations.ScheduledTasks.TaskManager: "Scan Media Library" Completed after 0 minute(s) and 1 seconds
[2026-04-22 01:36:53.414 +01:00] [INF] [11] Emby.Server.Implementations.IO.LibraryMonitor: Watching directory "/media_local/movies"
[2026-04-22 01:37:00.595 +01:00] [WRN] [11] Jellyfin.Networking.Manager.NetworkManager: "::ffff:192.168.65.1": Only loopback "::1" returned, using that as bind address.
[2026-04-22 01:37:04.531 +01:00] [ERR] [32] Jellyfin.Api.Middleware.ExceptionMiddleware: Error processing request. URL "GET" "/Environment/DirectoryContents".
System.UnauthorizedAccessException: Access to the path '/movies/._Dune (2021) [2160p] [4K] [WEB] [HDR] [5.1] [YTS.MX]' is denied.
 ---> System.IO.IOException: Operation not permitted
   --- End of inner exception stack trace ---
   at System.IO.FileSystemInfo.Create(String fullPath, String fileName, Boolean asDirectory, FileStatus& fileStatus)
   at System.IO.Enumeration.FileSystemEnumerableFactory.<>c.<FileSystemInfos>b__7_0(FileSystemEntry& entry)
   at System.IO.Enumeration.FileSystemEnumerator`1.MoveNext()
   at System.Linq.Enumerable.IEnumerableSelectIterator`2.MoveNext()
   at System.Linq.Enumerable.IEnumerableWhereIterator`1.ToArray()
   at System.Linq.Enumerable.OrderedIterator`2.MoveNext()
   at System.Linq.Enumerable.IteratorSelectIterator`2.MoveNext()
   at System.Text.Json.Serialization.Converters.IEnumerableDefaultConverter`2.OnWriteResume(Utf8JsonWriter writer, TCollection value, JsonSerializerOptions options, WriteStack& state)
   at System.Text.Json.Serialization.JsonCollectionConverter`2.OnTryWrite(Utf8JsonWriter writer, TCollection value, JsonSerializerOptions options, WriteStack& state)
   at System.Text.Json.Serialization.JsonConverter`1.TryWrite(Utf8JsonWriter writer, T& value, JsonSerializerOptions options, WriteStack& state)
   at System.Text.Json.Serialization.JsonConverter`1.WriteCore(Utf8JsonWriter writer, T& value, JsonSerializerOptions options, WriteStack& state)
   at System.Text.Json.Serialization.Metadata.JsonTypeInfo`1.SerializeAsync(PipeWriter pipeWriter, T rootValue, Int32 flushThreshold, CancellationToken cancellationToken, Object rootValueBoxed)
   at System.Text.Json.Serialization.Metadata.JsonTypeInfo`1.SerializeAsync(PipeWriter pipeWriter, T rootValue, Int32 flushThreshold, CancellationToken cancellationToken, Object rootValueBoxed)
   at System.Text.Json.Serialization.Metadata.JsonTypeInfo`1.SerializeAsync(PipeWriter pipeWriter, T rootValue, Int32 flushThreshold, CancellationToken cancellationToken, Object rootValueBoxed)
   at System.Text.Json.Serialization.Metadata.JsonTypeInfo`1.SerializeAsync(PipeWriter pipeWriter, T rootValue, Int32 flushThreshold, CancellationToken cancellationToken, Object rootValueBoxed)
   at Microsoft.AspNetCore.Mvc.Formatters.SystemTextJsonOutputFormatter.WriteResponseBodyAsync(OutputFormatterWriteContext context, Encoding selectedEncoding)
   at Microsoft.AspNetCore.Mvc.Infrastructure.ResourceInvoker.<InvokeNextResultFilterAsync>g__Awaited|30_0[TFilter,TFilterAsync](ResourceInvoker invoker, Task lastTask, State next, Scope scope, Object state, Boolean isCompleted)
   at Microsoft.AspNetCore.Mvc.Infrastructure.ResourceInvoker.Rethrow(ResultExecutedContextSealed context)
   at Microsoft.AspNetCore.Mvc.Infrastructure.ResourceInvoker.ResultNext[TFilter,TFilterAsync](State& next, Scope& scope, Object& state, Boolean& isCompleted)
   at Microsoft.AspNetCore.Mvc.Infrastructure.ResourceInvoker.InvokeResultFilters()
--- End of stack trace from previous location ---
   at Microsoft.AspNetCore.Mvc.Infrastructure.ResourceInvoker.<InvokeNextResourceFilter>g__Awaited|25_0(ResourceInvoker invoker, Task lastTask, State next, Scope scope, Object state, Boolean isCompleted)
   at Microsoft.AspNetCore.Mvc.Infrastructure.ResourceInvoker.Rethrow(ResourceExecutedContextSealed context)
   at Microsoft.AspNetCore.Mvc.Infrastructure.ResourceInvoker.Next(State& next, Scope& scope, Object& state, Boolean& isCompleted)
   at Microsoft.AspNetCore.Mvc.Infrastructure.ResourceInvoker.InvokeFilterPipelineAsync()
--- End of stack trace from previous location ---
   at Microsoft.AspNetCore.Mvc.Infrastructure.ResourceInvoker.<InvokeAsync>g__Awaited|17_0(ResourceInvoker invoker, Task task, IDisposable scope)
   at Microsoft.AspNetCore.Mvc.Infrastructure.ResourceInvoker.<InvokeAsync>g__Awaited|17_0(ResourceInvoker invoker, Task task, IDisposable scope)
   at Jellyfin.Api.Middleware.ServerStartupMessageMiddleware.Invoke(HttpContext httpContext, IServerApplicationHost serverApplicationHost, ILocalizationManager localizationManager)
   at Jellyfin.Api.Middleware.WebSocketHandlerMiddleware.Invoke(HttpContext httpContext, IWebSocketManager webSocketManager)
   at Jellyfin.Api.Middleware.IPBasedAccessValidationMiddleware.Invoke(HttpContext httpContext, INetworkManager networkManager)
   at Microsoft.AspNetCore.Authorization.AuthorizationMiddleware.Invoke(HttpContext context)
   at Jellyfin.Api.Middleware.QueryStringDecodingMiddleware.Invoke(HttpContext httpContext)
   at Swashbuckle.AspNetCore.ReDoc.ReDocMiddleware.Invoke(HttpContext httpContext)
   at Swashbuckle.AspNetCore.SwaggerUI.SwaggerUIMiddleware.Invoke(HttpContext httpContext)
   at Swashbuckle.AspNetCore.Swagger.SwaggerMiddleware.Invoke(HttpContext httpContext, ISwaggerProvider swaggerProvider)
   at Microsoft.AspNetCore.Authentication.AuthenticationMiddleware.Invoke(HttpContext context)
   at Jellyfin.Api.Middleware.RobotsRedirectionMiddleware.Invoke(HttpContext httpContext)
   at Jellyfin.Api.Middleware.LegacyEmbyRouteRewriteMiddleware.Invoke(HttpContext httpContext)
   at Microsoft.AspNetCore.ResponseCompression.ResponseCompressionMiddleware.InvokeCore(HttpContext context)
   at Jellyfin.Api.Middleware.ResponseTimeMiddleware.Invoke(HttpContext context, IServerConfigurationManager serverConfigurationManager)
   at Jellyfin.Api.Middleware.ExceptionMiddleware.Invoke(HttpContext context)
[2026-04-22 01:37:06.598 +01:00] [INF] [31] Emby.Server.Implementations.IO.LibraryMonitor: Stopping directory watching for path "/media_local/movies"
[2026-04-22 01:37:06.674 +01:00] [ERR] [31] Emby.Server.Implementations.Library.LibraryManager: Error in GetFilteredFileSystemEntries isPhysicalRoot: False IsVf: False
System.UnauthorizedAccessException: Access to the path '/movies/._Dune (2021) [2160p] [4K] [WEB] [HDR] [5.1] [YTS.MX]' is denied.
 ---> System.IO.IOException: Operation not permitted
   --- End of inner exception stack trace ---
   at System.IO.FileSystemInfo.Create(String fullPath, String fileName, Boolean asDirectory, FileStatus& fileStatus)
   at System.IO.Enumeration.FileSystemEnumerableFactory.<>c.<FileSystemInfos>b__7_0(FileSystemEntry& entry)
   at System.IO.Enumeration.FileSystemEnumerator`1.MoveNext()
   at System.Linq.Enumerable.IEnumerableSelectIterator`2.ToArray()
   at MediaBrowser.Controller.IO.FileData.GetFilteredFileSystemEntries(IDirectoryService directoryService, String path, IFileSystem fileSystem, IServerApplicationHost appHost, ILogger logger, ItemResolveArgs args, Int32 flattenFolderDepth, Boolean resolveShortcuts)
   at Emby.Server.Implementations.Library.LibraryManager.ResolvePath(FileSystemMetadata fileInfo, IDirectoryService directoryService, IItemResolver[] resolvers, Folder parent, Nullable`1 collectionType, LibraryOptions libraryOptions)
[2026-04-22 01:37:06.678 +01:00] [WRN] [31] MediaBrowser.Controller.Entities.BaseItem: Library folder "/config/data/data/playlists" is inaccessible or empty, skipping
[2026-04-22 01:37:06.686 +01:00] [ERR] [31] MediaBrowser.Controller.Entities.BaseItem: Error refreshing owned items for "/movies"
System.UnauthorizedAccessException: Access to the path '/movies/._Dune (2021) [2160p] [4K] [WEB] [HDR] [5.1] [YTS.MX]' is denied.
 ---> System.IO.IOException: Operation not permitted
   --- End of inner exception stack trace ---
   at System.IO.FileSystemInfo.Create(String fullPath, String fileName, Boolean asDirectory, FileStatus& fileStatus)
   at System.IO.Enumeration.FileSystemEnumerableFactory.<>c.<FileSystemInfos>b__7_0(FileSystemEntry& entry)
   at System.IO.Enumeration.FileSystemEnumerator`1.MoveNext()
   at System.Linq.Enumerable.IEnumerableSelectIterator`2.ToArray()
   at MediaBrowser.Controller.Providers.DirectoryService.GetFileSystemEntries(String path)
   at MediaBrowser.Controller.Entities.BaseItem.GetFileSystemChildren(IDirectoryService directoryService)
   at MediaBrowser.Controller.Entities.BaseItem.RefreshMetadata(MetadataRefreshOptions options, CancellationToken cancellationToken)
[2026-04-22 01:37:06.687 +01:00] [ERR] [31] MediaBrowser.Providers.Folders.FolderMetadataService: Error validating images for "/movies"
System.UnauthorizedAccessException: Access to the path '/movies/._Dune (2021) [2160p] [4K] [WEB] [HDR] [5.1] [YTS.MX]' is denied.
 ---> System.IO.IOException: Operation not permitted
   --- End of inner exception stack trace ---
   at System.IO.FileSystemInfo.Create(String fullPath, String fileName, Boolean asDirectory, FileStatus& fileStatus)
   at System.IO.Enumeration.FileSystemEnumerableFactory.<>c.<FileSystemInfos>b__7_0(FileSystemEntry& entry)
   at System.IO.Enumeration.FileSystemEnumerator`1.MoveNext()
   at System.Linq.Enumerable.IEnumerableSelectIterator`2.ToArray()
   at System.Linq.Enumerable.SelectManySingleSelectorIterator`2.ToList()
   at MediaBrowser.Providers.Manager.ItemImageProvider.ValidateImages(BaseItem item, IEnumerable`1 providers, ImageRefreshOptions refreshOptions)
   at MediaBrowser.Providers.Manager.MetadataService`2.RefreshMetadata(BaseItem item, MetadataRefreshOptions refreshOptions, CancellationToken cancellationToken)
[2026-04-22 01:37:06.723 +01:00] [ERR] [31] MediaBrowser.Providers.Folders.CollectionFolderMetadataService: Error validating images for "/config/data/root/default/Movies (external)"
System.UnauthorizedAccessException: Access to the path '/movies/._Dune (2021) [2160p] [4K] [WEB] [HDR] [5.1] [YTS.MX]' is denied.
 ---> System.IO.IOException: Operation not permitted
   --- End of inner exception stack trace ---
   at System.IO.FileSystemInfo.Create(String fullPath, String fileName, Boolean asDirectory, FileStatus& fileStatus)
   at System.IO.Enumeration.FileSystemEnumerableFactory.<>c.<FileInfos>b__5_0(FileSystemEntry& entry)
   at System.IO.Enumeration.FileSystemEnumerator`1.MoveNext()
   at System.Linq.Enumerable.IEnumerableWhereIterator`1.MoveNext()
   at System.Linq.Enumerable.IEnumerableSelectIterator`2.MoveNext()
   at System.Collections.Generic.SegmentedArrayBuilder`1.AddRange(IEnumerable`1 source)
   at System.Linq.Enumerable.SelectManySingleSelectorIterator`2.ToArray()
   at System.Linq.Enumerable.OrderedIterator`1.ToList()
   at MediaBrowser.LocalMetadata.Images.LocalImageProvider.GetImages(BaseItem item, IEnumerable`1 paths, IDirectoryService directoryService)
   at MediaBrowser.LocalMetadata.Images.CollectionFolderLocalImageProvider.GetImages(BaseItem item, IDirectoryService directoryService)
   at System.Linq.Enumerable.SelectManySingleSelectorIterator`2.ToList()
   at MediaBrowser.Providers.Manager.ItemImageProvider.ValidateImages(BaseItem item, IEnumerable`1 providers, ImageRefreshOptions refreshOptions)
   at MediaBrowser.Providers.Manager.MetadataService`2.RefreshMetadata(BaseItem item, MetadataRefreshOptions refreshOptions, CancellationToken cancellationToken)
[2026-04-22 01:37:06.735 +01:00] [ERR] [31] MediaBrowser.Providers.Folders.CollectionFolderMetadataService: Error validating images for "/config/data/root/default/Movies (external)"
System.UnauthorizedAccessException: Access to the path '/movies/._Dune (2021) [2160p] [4K] [WEB] [HDR] [5.1] [YTS.MX]' is denied.
 ---> System.IO.IOException: Operation not permitted
   --- End of inner exception stack trace ---
   at System.IO.FileSystemInfo.Create(String fullPath, String fileName, Boolean asDirectory, FileStatus& fileStatus)
   at System.IO.Enumeration.FileSystemEnumerableFactory.<>c.<FileInfos>b__5_0(FileSystemEntry& entry)
   at System.IO.Enumeration.FileSystemEnumerator`1.MoveNext()
   at System.Linq.Enumerable.IEnumerableWhereIterator`1.MoveNext()
   at System.Linq.Enumerable.IEnumerableSelectIterator`2.MoveNext()
   at System.Collections.Generic.SegmentedArrayBuilder`1.AddRange(IEnumerable`1 source)
   at System.Linq.Enumerable.SelectManySingleSelectorIterator`2.ToArray()
   at System.Linq.Enumerable.OrderedIterator`1.ToList()
   at MediaBrowser.LocalMetadata.Images.LocalImageProvider.GetImages(BaseItem item, IEnumerable`1 paths, IDirectoryService directoryService)
   at MediaBrowser.LocalMetadata.Images.CollectionFolderLocalImageProvider.GetImages(BaseItem item, IDirectoryService directoryService)
   at System.Linq.Enumerable.SelectManySingleSelectorIterator`2.ToList()
   at MediaBrowser.Providers.Manager.ItemImageProvider.ValidateImages(BaseItem item, IEnumerable`1 providers, ImageRefreshOptions refreshOptions)
   at MediaBrowser.Providers.Manager.MetadataService`2.RefreshMetadata(BaseItem item, MetadataRefreshOptions refreshOptions, CancellationToken cancellationToken)
[2026-04-22 01:37:06.738 +01:00] [INF] [32] Emby.Server.Implementations.Library.LibraryManager: Validating media library
[2026-04-22 01:37:06.784 +01:00] [ERR] [11] Emby.Server.Implementations.Library.LibraryManager: Error in GetFilteredFileSystemEntries isPhysicalRoot: False IsVf: False
System.UnauthorizedAccessException: Access to the path '/movies/._Dune (2021) [2160p] [4K] [WEB] [HDR] [5.1] [YTS.MX]' is denied.
 ---> System.IO.IOException: Operation not permitted
   --- End of inner exception stack trace ---
   at System.IO.FileSystemInfo.Create(String fullPath, String fileName, Boolean asDirectory, FileStatus& fileStatus)
   at System.IO.Enumeration.FileSystemEnumerableFactory.<>c.<FileSystemInfos>b__7_0(FileSystemEntry& entry)
   at System.IO.Enumeration.FileSystemEnumerator`1.MoveNext()
   at System.Linq.Enumerable.IEnumerableSelectIterator`2.ToArray()
   at MediaBrowser.Controller.IO.FileData.GetFilteredFileSystemEntries(IDirectoryService directoryService, String path, IFileSystem fileSystem, IServerApplicationHost appHost, ILogger logger, ItemResolveArgs args, Int32 flattenFolderDepth, Boolean resolveShortcuts)
   at Emby.Server.Implementations.Library.LibraryManager.ResolvePath(FileSystemMetadata fileInfo, IDirectoryService directoryService, IItemResolver[] resolvers, Folder parent, Nullable`1 collectionType, LibraryOptions libraryOptions)
[2026-04-22 01:37:06.789 +01:00] [WRN] [11] MediaBrowser.Controller.Entities.BaseItem: Library folder "/config/data/data/playlists" is inaccessible or empty, skipping
[2026-04-22 01:37:06.790 +01:00] [ERR] [11] MediaBrowser.Controller.Entities.BaseItem: Error refreshing owned items for "/movies"
System.UnauthorizedAccessException: Access to the path '/movies/._Dune (2021) [2160p] [4K] [WEB] [HDR] [5.1] [YTS.MX]' is denied.
 ---> System.IO.IOException: Operation not permitted
   --- End of inner exception stack trace ---
   at System.IO.FileSystemInfo.Create(String fullPath, String fileName, Boolean asDirectory, FileStatus& fileStatus)
   at System.IO.Enumeration.FileSystemEnumerableFactory.<>c.<FileSystemInfos>b__7_0(FileSystemEntry& entry)
   at System.IO.Enumeration.FileSystemEnumerator`1.MoveNext()
   at System.Linq.Enumerable.IEnumerableSelectIterator`2.ToArray()
   at MediaBrowser.Controller.Providers.DirectoryService.GetFileSystemEntries(String path)
   at MediaBrowser.Controller.Entities.BaseItem.GetFileSystemChildren(IDirectoryService directoryService)
   at MediaBrowser.Controller.Entities.BaseItem.RefreshMetadata(MetadataRefreshOptions options, CancellationToken cancellationToken)
[2026-04-22 01:37:06.791 +01:00] [ERR] [11] MediaBrowser.Providers.Folders.FolderMetadataService: Error validating images for "/movies"
System.UnauthorizedAccessException: Access to the path '/movies/._Dune (2021) [2160p] [4K] [WEB] [HDR] [5.1] [YTS.MX]' is denied.
 ---> System.IO.IOException: Operation not permitted
   --- End of inner exception stack trace ---
   at System.IO.FileSystemInfo.Create(String fullPath, String fileName, Boolean asDirectory, FileStatus& fileStatus)
   at System.IO.Enumeration.FileSystemEnumerableFactory.<>c.<FileSystemInfos>b__7_0(FileSystemEntry& entry)
   at System.IO.Enumeration.FileSystemEnumerator`1.MoveNext()
   at System.Linq.Enumerable.IEnumerableSelectIterator`2.ToArray()
   at System.Linq.Enumerable.SelectManySingleSelectorIterator`2.ToList()
   at MediaBrowser.Providers.Manager.ItemImageProvider.ValidateImages(BaseItem item, IEnumerable`1 providers, ImageRefreshOptions refreshOptions)
   at MediaBrowser.Providers.Manager.MetadataService`2.RefreshMetadata(BaseItem item, MetadataRefreshOptions refreshOptions, CancellationToken cancellationToken)
[2026-04-22 01:37:06.800 +01:00] [ERR] [11] MediaBrowser.Providers.Folders.CollectionFolderMetadataService: Error validating images for "/config/data/root/default/Movies (external)"
System.UnauthorizedAccessException: Access to the path '/movies/._Dune (2021) [2160p] [4K] [WEB] [HDR] [5.1] [YTS.MX]' is denied.
 ---> System.IO.IOException: Operation not permitted
   --- End of inner exception stack trace ---
   at System.IO.FileSystemInfo.Create(String fullPath, String fileName, Boolean asDirectory, FileStatus& fileStatus)
   at System.IO.Enumeration.FileSystemEnumerableFactory.<>c.<FileInfos>b__5_0(FileSystemEntry& entry)
   at System.IO.Enumeration.FileSystemEnumerator`1.MoveNext()
   at System.Linq.Enumerable.IEnumerableWhereIterator`1.MoveNext()
   at System.Linq.Enumerable.IEnumerableSelectIterator`2.MoveNext()
   at System.Collections.Generic.SegmentedArrayBuilder`1.AddRange(IEnumerable`1 source)
   at System.Linq.Enumerable.SelectManySingleSelectorIterator`2.ToArray()
   at System.Linq.Enumerable.OrderedIterator`1.ToList()
   at MediaBrowser.LocalMetadata.Images.LocalImageProvider.GetImages(BaseItem item, IEnumerable`1 paths, IDirectoryService directoryService)
   at MediaBrowser.LocalMetadata.Images.CollectionFolderLocalImageProvider.GetImages(BaseItem item, IDirectoryService directoryService)
   at System.Linq.Enumerable.SelectManySingleSelectorIterator`2.ToList()
   at MediaBrowser.Providers.Manager.ItemImageProvider.ValidateImages(BaseItem item, IEnumerable`1 providers, ImageRefreshOptions refreshOptions)
   at MediaBrowser.Providers.Manager.MetadataService`2.RefreshMetadata(BaseItem item, MetadataRefreshOptions refreshOptions, CancellationToken cancellationToken)
[2026-04-22 01:37:06.802 +01:00] [ERR] [11] MediaBrowser.Providers.Folders.CollectionFolderMetadataService: Error validating images for "/config/data/root/default/Movies (external)"
System.UnauthorizedAccessException: Access to the path '/movies/._Dune (2021) [2160p] [4K] [WEB] [HDR] [5.1] [YTS.MX]' is denied.
 ---> System.IO.IOException: Operation not permitted
   --- End of inner exception stack trace ---
   at System.IO.FileSystemInfo.Create(String fullPath, String fileName, Boolean asDirectory, FileStatus& fileStatus)
   at System.IO.Enumeration.FileSystemEnumerableFactory.<>c.<FileInfos>b__5_0(FileSystemEntry& entry)
   at System.IO.Enumeration.FileSystemEnumerator`1.MoveNext()
   at System.Linq.Enumerable.IEnumerableWhereIterator`1.MoveNext()
   at System.Linq.Enumerable.IEnumerableSelectIterator`2.MoveNext()
   at System.Collections.Generic.SegmentedArrayBuilder`1.AddRange(IEnumerable`1 source)
   at System.Linq.Enumerable.SelectManySingleSelectorIterator`2.ToArray()
   at System.Linq.Enumerable.OrderedIterator`1.ToList()
   at MediaBrowser.LocalMetadata.Images.LocalImageProvider.GetImages(BaseItem item, IEnumerable`1 paths, IDirectoryService directoryService)
   at MediaBrowser.LocalMetadata.Images.CollectionFolderLocalImageProvider.GetImages(BaseItem item, IDirectoryService directoryService)
   at System.Linq.Enumerable.SelectManySingleSelectorIterator`2.ToList()
   at MediaBrowser.Providers.Manager.ItemImageProvider.ValidateImages(BaseItem item, IEnumerable`1 providers, ImageRefreshOptions refreshOptions)
   at MediaBrowser.Providers.Manager.MetadataService`2.RefreshMetadata(BaseItem item, MetadataRefreshOptions refreshOptions, CancellationToken cancellationToken)
[2026-04-22 01:37:06.812 +01:00] [ERR] [11] Emby.Server.Implementations.Library.LibraryManager: Error in GetFilteredFileSystemEntries isPhysicalRoot: False IsVf: False
System.UnauthorizedAccessException: Access to the path '/movies/._Dune (2021) [2160p] [4K] [WEB] [HDR] [5.1] [YTS.MX]' is denied.
 ---> System.IO.IOException: Operation not permitted
   --- End of inner exception stack trace ---
   at System.IO.FileSystemInfo.Create(String fullPath, String fileName, Boolean asDirectory, FileStatus& fileStatus)
   at System.IO.Enumeration.FileSystemEnumerableFactory.<>c.<FileSystemInfos>b__7_0(FileSystemEntry& entry)
   at System.IO.Enumeration.FileSystemEnumerator`1.MoveNext()
   at System.Linq.Enumerable.IEnumerableSelectIterator`2.ToArray()
   at MediaBrowser.Controller.IO.FileData.GetFilteredFileSystemEntries(IDirectoryService directoryService, String path, IFileSystem fileSystem, IServerApplicationHost appHost, ILogger logger, ItemResolveArgs args, Int32 flattenFolderDepth, Boolean resolveShortcuts)
   at Emby.Server.Implementations.Library.LibraryManager.ResolvePath(FileSystemMetadata fileInfo, IDirectoryService directoryService, IItemResolver[] resolvers, Folder parent, Nullable`1 collectionType, LibraryOptions libraryOptions)
[2026-04-22 01:37:06.817 +01:00] [WRN] [11] MediaBrowser.Controller.Entities.BaseItem: Library folder "/config/data/data/playlists" is inaccessible or empty, skipping
[2026-04-22 01:37:06.820 +01:00] [ERR] [32] MediaBrowser.Controller.Entities.BaseItem: Error retrieving children
System.UnauthorizedAccessException: Access to the path '/movies/._Dune (2021) [2160p] [4K] [WEB] [HDR] [5.1] [YTS.MX]' is denied.
 ---> System.IO.IOException: Operation not permitted
   --- End of inner exception stack trace ---
   at System.IO.FileSystemInfo.Create(String fullPath, String fileName, Boolean asDirectory, FileStatus& fileStatus)
   at System.IO.Enumeration.FileSystemEnumerableFactory.<>c.<FileSystemInfos>b__7_0(FileSystemEntry& entry)
   at System.IO.Enumeration.FileSystemEnumerator`1.MoveNext()
   at System.Linq.Enumerable.IEnumerableSelectIterator`2.ToArray()
   at MediaBrowser.Controller.Providers.DirectoryService.GetFileSystemEntries(String path)
   at MediaBrowser.Controller.Entities.BaseItem.GetFileSystemChildren(IDirectoryService directoryService)
   at MediaBrowser.Controller.Entities.Folder.GetNonCachedChildren(IDirectoryService directoryService)
   at MediaBrowser.Controller.Entities.Folder.ValidateChildrenInternal2(IProgress`1 progress, Boolean recursive, Boolean refreshChildMetadata, Boolean allowRemoveRoot, MetadataRefreshOptions refreshOptions, IDirectoryService directoryService, CancellationToken cancellationToken)
[2026-04-22 01:37:06.870 +01:00] [ERR] [4] MediaBrowser.Controller.Entities.BaseItem: Error refreshing owned items for "/movies"
System.UnauthorizedAccessException: Access to the path '/movies/._Dune (2021) [2160p] [4K] [WEB] [HDR] [5.1] [YTS.MX]' is denied.
 ---> System.IO.IOException: Operation not permitted
   --- End of inner exception stack trace ---
   at System.IO.FileSystemInfo.Create(String fullPath, String fileName, Boolean asDirectory, FileStatus& fileStatus)
   at System.IO.Enumeration.FileSystemEnumerableFactory.<>c.<FileSystemInfos>b__7_0(FileSystemEntry& entry)
   at System.IO.Enumeration.FileSystemEnumerator`1.MoveNext()
   at System.Linq.Enumerable.IEnumerableSelectIterator`2.ToArray()
   at MediaBrowser.Controller.Providers.DirectoryService.GetFileSystemEntries(String path)
   at MediaBrowser.Controller.Entities.BaseItem.GetFileSystemChildren(IDirectoryService directoryService)
   at MediaBrowser.Controller.Entities.BaseItem.RefreshMetadata(MetadataRefreshOptions options, CancellationToken cancellationToken)
[2026-04-22 01:37:06.871 +01:00] [ERR] [4] MediaBrowser.Providers.Folders.FolderMetadataService: Error validating images for "/movies"
System.UnauthorizedAccessException: Access to the path '/movies/._Dune (2021) [2160p] [4K] [WEB] [HDR] [5.1] [YTS.MX]' is denied.
 ---> System.IO.IOException: Operation not permitted
   --- End of inner exception stack trace ---
   at System.IO.FileSystemInfo.Create(String fullPath, String fileName, Boolean asDirectory, FileStatus& fileStatus)
   at System.IO.Enumeration.FileSystemEnumerableFactory.<>c.<FileSystemInfos>b__7_0(FileSystemEntry& entry)
   at System.IO.Enumeration.FileSystemEnumerator`1.MoveNext()
   at System.Linq.Enumerable.IEnumerableSelectIterator`2.ToArray()
   at System.Linq.Enumerable.SelectManySingleSelectorIterator`2.ToList()
   at MediaBrowser.Providers.Manager.ItemImageProvider.ValidateImages(BaseItem item, IEnumerable`1 providers, ImageRefreshOptions refreshOptions)
   at MediaBrowser.Providers.Manager.MetadataService`2.RefreshMetadata(BaseItem item, MetadataRefreshOptions refreshOptions, CancellationToken cancellationToken)
[2026-04-22 01:37:08.412 +01:00] [INF] [31] Emby.Server.Implementations.ScheduledTasks.TaskManager: "Scan Media Library" Completed after 0 minute(s) and 1 seconds
[2026-04-22 01:37:08.441 +01:00] [INF] [11] Emby.Server.Implementations.IO.LibraryMonitor: Watching directory "/media_local/movies"
[2026-04-22 01:37:09.162 +01:00] [INF] [4] Emby.Server.Implementations.IO.LibraryMonitor: Watching directory "/movies"
[2026-04-22 01:37:11.310 +01:00] [WRN] [11] Jellyfin.Networking.Manager.NetworkManager: "::ffff:192.168.65.1": Only loopback "::1" returned, using that as bind address.
[2026-04-22 01:37:15.219 +01:00] [WRN] [32] Jellyfin.Networking.Manager.NetworkManager: "::ffff:192.168.65.1": Only loopback "::1" returned, using that as bind address.
[2026-04-22 01:37:27.168 +01:00] [WRN] [30] Jellyfin.Networking.Manager.NetworkManager: "::ffff:192.168.65.1": Only loopback "::1" returned, using that as bind address.
[2026-04-22 01:37:30.631 +01:00] [INF] [28] Jellyfin.Api.Auth.CustomAuthenticationHandler: "CustomAuthentication" was not authenticated. Failure message: "Invalid token."
[2026-04-22 01:37:30.631 +01:00] [INF] [28] Jellyfin.Api.Auth.CustomAuthenticationHandler: "CustomAuthentication" was not authenticated. Failure message: "Invalid token."
[2026-04-22 01:37:30.631 +01:00] [INF] [28] Jellyfin.Api.Auth.CustomAuthenticationHandler: AuthenticationScheme: "CustomAuthentication" was challenged.
[2026-04-22 01:37:30.685 +01:00] [INF] [30] Jellyfin.Api.Auth.CustomAuthenticationHandler: "CustomAuthentication" was not authenticated. Failure message: "Invalid token."
[2026-04-22 01:37:30.685 +01:00] [INF] [30] Jellyfin.Api.Auth.CustomAuthenticationHandler: "CustomAuthentication" was not authenticated. Failure message: "Invalid token."
[2026-04-22 01:37:30.685 +01:00] [INF] [30] Jellyfin.Api.Auth.CustomAuthenticationHandler: AuthenticationScheme: "CustomAuthentication" was challenged.
[2026-04-22 01:37:42.009 +01:00] [ERR] [30] Jellyfin.Api.Middleware.ExceptionMiddleware: Error processing request. URL "GET" "/Environment/DirectoryContents".
System.UnauthorizedAccessException: Access to the path '/shows/._Lovely Runner (2024)' is denied.
 ---> System.IO.IOException: Operation not permitted
   --- End of inner exception stack trace ---
   at System.IO.FileSystemInfo.Create(String fullPath, String fileName, Boolean asDirectory, FileStatus& fileStatus)
   at System.IO.Enumeration.FileSystemEnumerableFactory.<>c.<FileSystemInfos>b__7_0(FileSystemEntry& entry)
   at System.IO.Enumeration.FileSystemEnumerator`1.MoveNext()
   at System.Linq.Enumerable.IEnumerableSelectIterator`2.MoveNext()
   at System.Linq.Enumerable.IEnumerableWhereIterator`1.ToArray()
   at System.Linq.Enumerable.OrderedIterator`2.MoveNext()
   at System.Linq.Enumerable.IteratorSelectIterator`2.MoveNext()
   at System.Text.Json.Serialization.Converters.IEnumerableDefaultConverter`2.OnWriteResume(Utf8JsonWriter writer, TCollection value, JsonSerializerOptions options, WriteStack& state)
   at System.Text.Json.Serialization.JsonCollectionConverter`2.OnTryWrite(Utf8JsonWriter writer, TCollection value, JsonSerializerOptions options, WriteStack& state)
   at System.Text.Json.Serialization.JsonConverter`1.TryWrite(Utf8JsonWriter writer, T& value, JsonSerializerOptions options, WriteStack& state)
   at System.Text.Json.Serialization.JsonConverter`1.WriteCore(Utf8JsonWriter writer, T& value, JsonSerializerOptions options, WriteStack& state)
   at System.Text.Json.Serialization.Metadata.JsonTypeInfo`1.SerializeAsync(PipeWriter pipeWriter, T rootValue, Int32 flushThreshold, CancellationToken cancellationToken, Object rootValueBoxed)
   at System.Text.Json.Serialization.Metadata.JsonTypeInfo`1.SerializeAsync(PipeWriter pipeWriter, T rootValue, Int32 flushThreshold, CancellationToken cancellationToken, Object rootValueBoxed)
   at System.Text.Json.Serialization.Metadata.JsonTypeInfo`1.SerializeAsync(PipeWriter pipeWriter, T rootValue, Int32 flushThreshold, CancellationToken cancellationToken, Object rootValueBoxed)
   at System.Text.Json.Serialization.Metadata.JsonTypeInfo`1.SerializeAsync(PipeWriter pipeWriter, T rootValue, Int32 flushThreshold, CancellationToken cancellationToken, Object rootValueBoxed)
   at Microsoft.AspNetCore.Mvc.Formatters.SystemTextJsonOutputFormatter.WriteResponseBodyAsync(OutputFormatterWriteContext context, Encoding selectedEncoding)
   at Microsoft.AspNetCore.Mvc.Infrastructure.ResourceInvoker.<InvokeNextResultFilterAsync>g__Awaited|30_0[TFilter,TFilterAsync](ResourceInvoker invoker, Task lastTask, State next, Scope scope, Object state, Boolean isCompleted)
   at Microsoft.AspNetCore.Mvc.Infrastructure.ResourceInvoker.Rethrow(ResultExecutedContextSealed context)
   at Microsoft.AspNetCore.Mvc.Infrastructure.ResourceInvoker.ResultNext[TFilter,TFilterAsync](State& next, Scope& scope, Object& state, Boolean& isCompleted)
   at Microsoft.AspNetCore.Mvc.Infrastructure.ResourceInvoker.InvokeResultFilters()
--- End of stack trace from previous location ---
   at Microsoft.AspNetCore.Mvc.Infrastructure.ResourceInvoker.<InvokeNextResourceFilter>g__Awaited|25_0(ResourceInvoker invoker, Task lastTask, State next, Scope scope, Object state, Boolean isCompleted)
   at Microsoft.AspNetCore.Mvc.Infrastructure.ResourceInvoker.Rethrow(ResourceExecutedContextSealed context)
   at Microsoft.AspNetCore.Mvc.Infrastructure.ResourceInvoker.Next(State& next, Scope& scope, Object& state, Boolean& isCompleted)
   at Microsoft.AspNetCore.Mvc.Infrastructure.ResourceInvoker.InvokeFilterPipelineAsync()
--- End of stack trace from previous location ---
   at Microsoft.AspNetCore.Mvc.Infrastructure.ResourceInvoker.<InvokeAsync>g__Awaited|17_0(ResourceInvoker invoker, Task task, IDisposable scope)
   at Microsoft.AspNetCore.Mvc.Infrastructure.ResourceInvoker.<InvokeAsync>g__Awaited|17_0(ResourceInvoker invoker, Task task, IDisposable scope)
   at Jellyfin.Api.Middleware.ServerStartupMessageMiddleware.Invoke(HttpContext httpContext, IServerApplicationHost serverApplicationHost, ILocalizationManager localizationManager)
   at Jellyfin.Api.Middleware.WebSocketHandlerMiddleware.Invoke(HttpContext httpContext, IWebSocketManager webSocketManager)
   at Jellyfin.Api.Middleware.IPBasedAccessValidationMiddleware.Invoke(HttpContext httpContext, INetworkManager networkManager)
   at Microsoft.AspNetCore.Authorization.AuthorizationMiddleware.Invoke(HttpContext context)
   at Jellyfin.Api.Middleware.QueryStringDecodingMiddleware.Invoke(HttpContext httpContext)
   at Swashbuckle.AspNetCore.ReDoc.ReDocMiddleware.Invoke(HttpContext httpContext)
   at Swashbuckle.AspNetCore.SwaggerUI.SwaggerUIMiddleware.Invoke(HttpContext httpContext)
   at Swashbuckle.AspNetCore.Swagger.SwaggerMiddleware.Invoke(HttpContext httpContext, ISwaggerProvider swaggerProvider)
   at Microsoft.AspNetCore.Authentication.AuthenticationMiddleware.Invoke(HttpContext context)
   at Jellyfin.Api.Middleware.RobotsRedirectionMiddleware.Invoke(HttpContext httpContext)
   at Jellyfin.Api.Middleware.LegacyEmbyRouteRewriteMiddleware.Invoke(HttpContext httpContext)
   at Microsoft.AspNetCore.ResponseCompression.ResponseCompressionMiddleware.InvokeCore(HttpContext context)
   at Jellyfin.Api.Middleware.ResponseTimeMiddleware.Invoke(HttpContext context, IServerConfigurationManager serverConfigurationManager)
   at Jellyfin.Api.Middleware.ExceptionMiddleware.Invoke(HttpContext context)
[2026-04-22 01:41:54.993 +01:00] [INF] [22] Emby.Server.Implementations.IO.LibraryMonitor: Stopping directory watching for path "/media_local/movies"
[2026-04-22 01:41:54.993 +01:00] [INF] [22] Emby.Server.Implementations.IO.LibraryMonitor: Stopping directory watching for path "/movies"
[2026-04-22 01:41:54.994 +01:00] [INF] [22] Emby.Server.Implementations.Library.LibraryManager: Validating media library
[2026-04-22 01:41:55.113 +01:00] [WRN] [22] MediaBrowser.Controller.Entities.BaseItem: Library folder "/config/data/data/playlists" is inaccessible or empty, skipping
[2026-04-22 01:41:55.167 +01:00] [WRN] [30] MediaBrowser.Controller.Entities.BaseItem: Library folder "/config/data/data/playlists" is inaccessible or empty, skipping
[2026-04-22 01:41:55.669 +01:00] [ERR] [30] Emby.Server.Implementations.Library.LibraryManager: Error resolving path "/movies/Y Tu Mamá También (2001) [1080p] [BluRay] [5.1] [YTS.MX]"
System.UnauthorizedAccessException: Access to the path '/movies/Y Tu Mamá También (2001) [1080p] [BluRay] [5.1] [YTS.MX]/._Y.Tu.Mamá.También.2001.1080p.BluRay.x264.AAC5.1-[YTS.MX].mp4' is denied.
 ---> System.IO.IOException: Operation not permitted
   --- End of inner exception stack trace ---
   at System.IO.FileSystemInfo.Create(String fullPath, String fileName, Boolean asDirectory, FileStatus& fileStatus)
   at System.IO.Enumeration.FileSystemEnumerableFactory.<>c.<FileSystemInfos>b__7_0(FileSystemEntry& entry)
   at System.IO.Enumeration.FileSystemEnumerator`1.MoveNext()
   at System.Linq.Enumerable.IEnumerableSelectIterator`2.ToArray()
   at MediaBrowser.Controller.IO.FileData.GetFilteredFileSystemEntries(IDirectoryService directoryService, String path, IFileSystem fileSystem, IServerApplicationHost appHost, ILogger logger, ItemResolveArgs args, Int32 flattenFolderDepth, Boolean resolveShortcuts)
   at Emby.Server.Implementations.Library.LibraryManager.ResolvePath(FileSystemMetadata fileInfo, IDirectoryService directoryService, IItemResolver[] resolvers, Folder parent, Nullable`1 collectionType, LibraryOptions libraryOptions)
   at Emby.Server.Implementations.Library.LibraryManager.ResolveFileList(IReadOnlyList`1 fileList, IDirectoryService directoryService, Folder parent, Nullable`1 collectionType, IItemResolver[] resolvers, LibraryOptions libraryOptions)+MoveNext()
[2026-04-22 01:42:08.419 +01:00] [WRN] [22] Jellyfin.Networking.Manager.NetworkManager: "::ffff:192.168.65.1": Only loopback "::1" returned, using that as bind address.
[2026-04-22 01:42:48.216 +01:00] [WRN] [22] MediaBrowser.Controller.Entities.BaseItem: Library folder "/config/data/data/playlists" is inaccessible or empty, skipping
[2026-04-22 01:42:48.358 +01:00] [INF] [22] Emby.Server.Implementations.ScheduledTasks.TaskManager: Attempting to cancel Scheduled Task "Scan Media Library"
[2026-04-22 01:42:48.359 +01:00] [ERR] [23] MediaBrowser.Controller.LibraryTaskScheduler.LimitedConcurrencyLibraryScheduler: Error while performing a library operation
System.Threading.Tasks.TaskCanceledException: The operation was canceled.
 ---> System.Threading.Tasks.TaskCanceledException: The operation was canceled.
 ---> System.IO.IOException: Unable to read data from the transport connection: Operation canceled.
 ---> System.Net.Sockets.SocketException (125): Operation canceled
   --- End of inner exception stack trace ---
   at System.Net.Sockets.Socket.AwaitableSocketAsyncEventArgs.ThrowException(SocketError error, CancellationToken cancellationToken)
   at System.Net.Sockets.Socket.AwaitableSocketAsyncEventArgs.System.Threading.Tasks.Sources.IValueTaskSource<System.Int32>.GetResult(Int16 token)
   at System.Net.Security.SslStream.EnsureFullTlsFrameAsync[TIOAdapter](CancellationToken cancellationToken, Int32 estimatedSize)
   at System.Runtime.CompilerServices.PoolingAsyncValueTaskMethodBuilder`1.StateMachineBox`1.System.Threading.Tasks.Sources.IValueTaskSource<TResult>.GetResult(Int16 token)
   at System.Net.Security.SslStream.ReadAsyncInternal[TIOAdapter](Memory`1 buffer, CancellationToken cancellationToken)
   at System.Runtime.CompilerServices.PoolingAsyncValueTaskMethodBuilder`1.StateMachineBox`1.System.Threading.Tasks.Sources.IValueTaskSource<TResult>.GetResult(Int16 token)
   at System.Net.Http.HttpConnection.FillAsync(Boolean async)
   at System.Net.Http.HttpConnection.CopyToContentLengthAsync(Stream destination, Boolean async, UInt64 length, Int32 bufferSize, CancellationToken cancellationToken)
   at System.Net.Http.HttpConnection.ContentLengthReadStream.CompleteCopyToAsync(Task copyTask, CancellationToken cancellationToken)
   --- End of inner exception stack trace ---
   at System.Net.Http.HttpConnection.ContentLengthReadStream.CompleteCopyToAsync(Task copyTask, CancellationToken cancellationToken)
   at System.Net.Http.HttpConnectionResponseContent.<SerializeToStreamAsync>g__Impl|6_0(Stream stream, CancellationToken cancellationToken)
   at System.Net.Http.HttpContent.LoadIntoBufferAsyncCore(Task serializeToStreamTask, MemoryStream tempBuffer)
   at System.Net.Http.HttpClient.<SendAsync>g__Core|83_0(HttpRequestMessage request, HttpCompletionOption completionOption, CancellationTokenSource cts, Boolean disposeCts, CancellationTokenSource pendingRequestsCts, CancellationToken originalCancellationToken)
   --- End of inner exception stack trace ---
   at System.Net.Http.HttpClient.HandleFailure(Exception e, Boolean telemetryStarted, HttpResponseMessage response, CancellationTokenSource cts, CancellationToken cancellationToken, CancellationTokenSource pendingRequestsCts)
   at System.Net.Http.HttpClient.<SendAsync>g__Core|83_0(HttpRequestMessage request, HttpCompletionOption completionOption, CancellationTokenSource cts, Boolean disposeCts, CancellationTokenSource pendingRequestsCts, CancellationToken originalCancellationToken)
   at MediaBrowser.Providers.Manager.ItemImageProvider.DownloadMultiImages(BaseItem item, ImageType imageType, ImageRefreshOptions refreshOptions, Int32 limit, IRemoteImageProvider provider, RefreshResult result, IEnumerable`1 images, Int32 minWidth, CancellationToken cancellationToken)
   at MediaBrowser.Providers.Manager.ItemImageProvider.RefreshFromProvider(BaseItem item, IRemoteImageProvider provider, ImageRefreshOptions refreshOptions, TypeOptions savedOptions, Int32 backdropLimit, List`1 downloadedImages, RefreshResult result, CancellationToken cancellationToken)
   at MediaBrowser.Providers.Manager.ItemImageProvider.RefreshImages(BaseItem item, LibraryOptions libraryOptions, IEnumerable`1 providers, ImageRefreshOptions refreshOptions, CancellationToken cancellationToken)
   at MediaBrowser.Providers.Manager.MetadataService`2.RefreshMetadata(BaseItem item, MetadataRefreshOptions refreshOptions, CancellationToken cancellationToken)
   at MediaBrowser.Controller.Entities.BaseItem.RefreshMetadata(MetadataRefreshOptions options, CancellationToken cancellationToken)
   at MediaBrowser.Controller.Entities.Folder.RefreshChildMetadata(BaseItem child, MetadataRefreshOptions refreshOptions, Boolean recursive, IProgress`1 progress, CancellationToken cancellationToken)
   at MediaBrowser.Controller.LibraryTaskScheduler.LimitedConcurrencyLibraryScheduler.ProcessItem(TaskQueueItem item)
[2026-04-22 01:42:49.894 +01:00] [INF] [23] Emby.Server.Implementations.Library.LibraryManager: Post-scan task cancelled: "GenresPostScanTask"
[2026-04-22 01:42:49.894 +01:00] [INF] [23] Emby.Server.Implementations.ScheduledTasks.TaskManager: "Scan Media Library" Cancelled after 0 minute(s) and 54 seconds
[2026-04-22 01:42:49.916 +01:00] [INF] [22] Emby.Server.Implementations.IO.LibraryMonitor: Stopping directory watching for path "/media_local/movies"
[2026-04-22 01:42:49.916 +01:00] [INF] [22] Emby.Server.Implementations.IO.LibraryMonitor: Stopping directory watching for path "/movies"
[2026-04-22 01:42:49.916 +01:00] [INF] [22] Emby.Server.Implementations.IO.LibraryMonitor: Stopping directory watching for path "/audiobooks"
[2026-04-22 01:42:49.916 +01:00] [INF] [22] Emby.Server.Implementations.Library.LibraryManager: Validating media library
[2026-04-22 01:42:49.942 +01:00] [INF] [28] Emby.Server.Implementations.IO.LibraryMonitor: Watching directory "/media_local/movies"
[2026-04-22 01:42:50.408 +01:00] [WRN] [8] MediaBrowser.Controller.Entities.BaseItem: Library folder "/config/data/data/playlists" is inaccessible or empty, skipping
[2026-04-22 01:42:50.611 +01:00] [INF] [26] Emby.Server.Implementations.IO.LibraryMonitor: Watching directory "/audiobooks"
[2026-04-22 01:42:50.653 +01:00] [INF] [30] Emby.Server.Implementations.IO.LibraryMonitor: Watching directory "/movies"
[2026-04-22 01:42:50.670 +01:00] [WRN] [22] MediaBrowser.Controller.Entities.BaseItem: Library folder "/config/data/data/playlists" is inaccessible or empty, skipping
[2026-04-22 01:42:51.211 +01:00] [ERR] [26] Emby.Server.Implementations.Library.LibraryManager: Error resolving path "/movies/Y Tu Mamá También (2001) [1080p] [BluRay] [5.1] [YTS.MX]"
System.UnauthorizedAccessException: Access to the path '/movies/Y Tu Mamá También (2001) [1080p] [BluRay] [5.1] [YTS.MX]/._Y.Tu.Mamá.También.2001.1080p.BluRay.x264.AAC5.1-[YTS.MX].mp4' is denied.
 ---> System.IO.IOException: Operation not permitted
   --- End of inner exception stack trace ---
   at System.IO.FileSystemInfo.Create(String fullPath, String fileName, Boolean asDirectory, FileStatus& fileStatus)
   at System.IO.Enumeration.FileSystemEnumerableFactory.<>c.<FileSystemInfos>b__7_0(FileSystemEntry& entry)
   at System.IO.Enumeration.FileSystemEnumerator`1.MoveNext()
   at System.Linq.Enumerable.IEnumerableSelectIterator`2.ToArray()
   at MediaBrowser.Controller.IO.FileData.GetFilteredFileSystemEntries(IDirectoryService directoryService, String path, IFileSystem fileSystem, IServerApplicationHost appHost, ILogger logger, ItemResolveArgs args, Int32 flattenFolderDepth, Boolean resolveShortcuts)
   at Emby.Server.Implementations.Library.LibraryManager.ResolvePath(FileSystemMetadata fileInfo, IDirectoryService directoryService, IItemResolver[] resolvers, Folder parent, Nullable`1 collectionType, LibraryOptions libraryOptions)
   at Emby.Server.Implementations.Library.LibraryManager.ResolveFileList(IReadOnlyList`1 fileList, IDirectoryService directoryService, Folder parent, Nullable`1 collectionType, IItemResolver[] resolvers, LibraryOptions libraryOptions)+MoveNext()
[2026-04-22 01:43:11.600 +01:00] [WRN] [22] MediaBrowser.Controller.Entities.BaseItem: Library folder "/config/data/data/playlists" is inaccessible or empty, skipping
[2026-04-22 01:43:11.809 +01:00] [INF] [28] Emby.Server.Implementations.ScheduledTasks.TaskManager: Attempting to cancel Scheduled Task "Scan Media Library"
[2026-04-22 01:43:11.810 +01:00] [ERR] [30] MediaBrowser.Controller.LibraryTaskScheduler.LimitedConcurrencyLibraryScheduler: Error while performing a library operation
System.OperationCanceledException: The operation was canceled.
   at System.Threading.CancellationToken.ThrowOperationCanceledException()
   at MediaBrowser.Controller.Entities.Folder.ValidateChildrenInternal2(IProgress`1 progress, Boolean recursive, Boolean refreshChildMetadata, Boolean allowRemoveRoot, MetadataRefreshOptions refreshOptions, IDirectoryService directoryService, CancellationToken cancellationToken)
   at MediaBrowser.Controller.Entities.Folder.ValidateChildrenInternal(IProgress`1 progress, Boolean recursive, Boolean refreshChildMetadata, Boolean allowRemoveRoot, MetadataRefreshOptions refreshOptions, IDirectoryService directoryService, CancellationToken cancellationToken)
   at MediaBrowser.Controller.LibraryTaskScheduler.LimitedConcurrencyLibraryScheduler.ProcessItem(TaskQueueItem item)
[2026-04-22 01:43:13.277 +01:00] [INF] [30] Emby.Server.Implementations.Library.LibraryManager: Post-scan task cancelled: "GenresPostScanTask"
[2026-04-22 01:43:13.277 +01:00] [INF] [30] Emby.Server.Implementations.ScheduledTasks.TaskManager: "Scan Media Library" Cancelled after 0 minute(s) and 23 seconds
[2026-04-22 01:43:13.320 +01:00] [INF] [26] Emby.Server.Implementations.IO.LibraryMonitor: Stopping directory watching for path "/media_local/movies"
[2026-04-22 01:43:13.320 +01:00] [INF] [26] Emby.Server.Implementations.IO.LibraryMonitor: Stopping directory watching for path "/movies"
[2026-04-22 01:43:13.320 +01:00] [INF] [26] Emby.Server.Implementations.IO.LibraryMonitor: Stopping directory watching for path "/audiobooks"
[2026-04-22 01:43:13.320 +01:00] [INF] [26] Emby.Server.Implementations.IO.LibraryMonitor: Stopping directory watching for path "/shows"
[2026-04-22 01:43:13.320 +01:00] [INF] [26] Emby.Server.Implementations.Library.LibraryManager: Validating media library
[2026-04-22 01:43:13.363 +01:00] [INF] [22] Emby.Server.Implementations.IO.LibraryMonitor: Watching directory "/media_local/movies"
[2026-04-22 01:43:13.877 +01:00] [WRN] [26] MediaBrowser.Controller.Entities.BaseItem: Library folder "/config/data/data/playlists" is inaccessible or empty, skipping
[2026-04-22 01:43:13.974 +01:00] [INF] [12] Emby.Server.Implementations.IO.LibraryMonitor: Watching directory "/audiobooks"
[2026-04-22 01:43:14.042 +01:00] [INF] [8] Emby.Server.Implementations.IO.LibraryMonitor: Watching directory "/shows"
[2026-04-22 01:43:14.043 +01:00] [INF] [28] Emby.Server.Implementations.IO.LibraryMonitor: Watching directory "/movies"
[2026-04-22 01:43:14.109 +01:00] [WRN] [22] MediaBrowser.Controller.Entities.BaseItem: Library folder "/config/data/data/playlists" is inaccessible or empty, skipping
[2026-04-22 01:43:14.179 +01:00] [WRN] [30] Jellyfin.Networking.Manager.NetworkManager: "::ffff:192.168.65.1": Only loopback "::1" returned, using that as bind address.
[2026-04-22 01:43:14.591 +01:00] [ERR] [34] Emby.Server.Implementations.Library.LibraryManager: Error resolving path "/movies/Y Tu Mamá También (2001) [1080p] [BluRay] [5.1] [YTS.MX]"
System.UnauthorizedAccessException: Access to the path '/movies/Y Tu Mamá También (2001) [1080p] [BluRay] [5.1] [YTS.MX]/._Y.Tu.Mamá.También.2001.1080p.BluRay.x264.AAC5.1-[YTS.MX].mp4' is denied.
 ---> System.IO.IOException: Operation not permitted
   --- End of inner exception stack trace ---
   at System.IO.FileSystemInfo.Create(String fullPath, String fileName, Boolean asDirectory, FileStatus& fileStatus)
   at System.IO.Enumeration.FileSystemEnumerableFactory.<>c.<FileSystemInfos>b__7_0(FileSystemEntry& entry)
   at System.IO.Enumeration.FileSystemEnumerator`1.MoveNext()
   at System.Linq.Enumerable.IEnumerableSelectIterator`2.ToArray()
   at MediaBrowser.Controller.IO.FileData.GetFilteredFileSystemEntries(IDirectoryService directoryService, String path, IFileSystem fileSystem, IServerApplicationHost appHost, ILogger logger, ItemResolveArgs args, Int32 flattenFolderDepth, Boolean resolveShortcuts)
   at Emby.Server.Implementations.Library.LibraryManager.ResolvePath(FileSystemMetadata fileInfo, IDirectoryService directoryService, IItemResolver[] resolvers, Folder parent, Nullable`1 collectionType, LibraryOptions libraryOptions)
   at Emby.Server.Implementations.Library.LibraryManager.ResolveFileList(IReadOnlyList`1 fileList, IDirectoryService directoryService, Folder parent, Nullable`1 collectionType, IItemResolver[] resolvers, LibraryOptions libraryOptions)+MoveNext()
[2026-04-22 01:43:22.464 +01:00] [INF] [26] MediaBrowser.Providers.TV.SeriesMetadataService: Creating Season "Season Unknown" entry for "Goblin (2016-2017)"
[2026-04-22 01:43:29.752 +01:00] [INF] [30] MediaBrowser.Providers.TV.SeriesMetadataService: Creating Season "Season Unknown" entry for "Lovely Runner"
[2026-04-22 01:43:30.916 +01:00] [WRN] [22] Jellyfin.Networking.Manager.NetworkManager: "::ffff:192.168.65.1": Only loopback "::1" returned, using that as bind address.
[2026-04-22 01:43:35.489 +01:00] [WRN] [8] MediaBrowser.Providers.MediaInfo.AudioFileProber: File "/audiobooks/Alan Watts - Eastern Thought in the Modern World - Intellectual Yoga.mp3" only has ID3v1 tags, some fields may be truncated
[2026-04-22 01:43:39.887 +01:00] [INF] [12] MediaBrowser.Providers.TV.SeriesMetadataService: Removing virtual season null in series "Lovely Runner"
[2026-04-22 01:43:39.887 +01:00] [INF] [12] Emby.Server.Implementations.Library.LibraryManager: Removing item, Type: "Season", Name: "Season Unknown", Path: "", Id: 4cab4814-21af-90ce-c747-87424d2586d5
[2026-04-22 01:43:40.076 +01:00] [INF] [12] MediaBrowser.Providers.TV.SeriesMetadataService: Creating Season "Season 1" entry for "Lovely Runner"
[2026-04-22 01:43:43.098 +01:00] [INF] [12] MediaBrowser.Providers.TV.SeriesMetadataService: Creating Season "Season Unknown" entry for "Reacher"
[2026-04-22 01:43:43.242 +01:00] [ERR] [28] MediaBrowser.Providers.TV.EpisodeMetadataService: Error in "Probe Provider"
MediaBrowser.Common.FfmpegException: ffprobe failed - streams and format are both null.
   at MediaBrowser.MediaEncoding.Encoder.MediaEncoder.GetMediaInfoInternal(String inputPath, String primaryPath, MediaProtocol protocol, Boolean extractChapters, String probeSizeArgument, Boolean isAudio, Nullable`1 videoType, CancellationToken cancellationToken)
   at MediaBrowser.MediaEncoding.Encoder.MediaEncoder.GetMediaInfoInternal(String inputPath, String primaryPath, MediaProtocol protocol, Boolean extractChapters, String probeSizeArgument, Boolean isAudio, Nullable`1 videoType, CancellationToken cancellationToken)
   at MediaBrowser.Providers.MediaInfo.FFProbeVideoInfo.ProbeVideo[T](T item, MetadataRefreshOptions options, CancellationToken cancellationToken)
   at MediaBrowser.Providers.Manager.MetadataService`2.RunCustomProvider(ICustomMetadataProvider`1 provider, TItemType item, String logName, MetadataRefreshOptions options, RefreshResult refreshResult, CancellationToken cancellationToken)
[2026-04-22 01:43:45.317 +01:00] [ERR] [12] MediaBrowser.Providers.TV.EpisodeMetadataService: Error in "Probe Provider"
MediaBrowser.Common.FfmpegException: ffprobe failed - streams and format are both null.
   at MediaBrowser.MediaEncoding.Encoder.MediaEncoder.GetMediaInfoInternal(String inputPath, String primaryPath, MediaProtocol protocol, Boolean extractChapters, String probeSizeArgument, Boolean isAudio, Nullable`1 videoType, CancellationToken cancellationToken)
   at MediaBrowser.MediaEncoding.Encoder.MediaEncoder.GetMediaInfoInternal(String inputPath, String primaryPath, MediaProtocol protocol, Boolean extractChapters, String probeSizeArgument, Boolean isAudio, Nullable`1 videoType, CancellationToken cancellationToken)
   at MediaBrowser.Providers.MediaInfo.FFProbeVideoInfo.ProbeVideo[T](T item, MetadataRefreshOptions options, CancellationToken cancellationToken)
   at MediaBrowser.Providers.Manager.MetadataService`2.RunCustomProvider(ICustomMetadataProvider`1 provider, TItemType item, String logName, MetadataRefreshOptions options, RefreshResult refreshResult, CancellationToken cancellationToken)
[2026-04-22 01:43:46.533 +01:00] [ERR] [26] MediaBrowser.Providers.TV.EpisodeMetadataService: Error in "Probe Provider"
MediaBrowser.Common.FfmpegException: ffprobe failed - streams and format are both null.
   at MediaBrowser.MediaEncoding.Encoder.MediaEncoder.GetMediaInfoInternal(String inputPath, String primaryPath, MediaProtocol protocol, Boolean extractChapters, String probeSizeArgument, Boolean isAudio, Nullable`1 videoType, CancellationToken cancellationToken)
   at MediaBrowser.MediaEncoding.Encoder.MediaEncoder.GetMediaInfoInternal(String inputPath, String primaryPath, MediaProtocol protocol, Boolean extractChapters, String probeSizeArgument, Boolean isAudio, Nullable`1 videoType, CancellationToken cancellationToken)
   at MediaBrowser.Providers.MediaInfo.FFProbeVideoInfo.ProbeVideo[T](T item, MetadataRefreshOptions options, CancellationToken cancellationToken)
   at MediaBrowser.Providers.Manager.MetadataService`2.RunCustomProvider(ICustomMetadataProvider`1 provider, TItemType item, String logName, MetadataRefreshOptions options, RefreshResult refreshResult, CancellationToken cancellationToken)
[2026-04-22 01:43:48.296 +01:00] [WRN] [26] MediaBrowser.Controller.Entities.BaseItem: Library folder "/config/data/data/playlists" is inaccessible or empty, skipping
[2026-04-22 01:43:49.073 +01:00] [INF] [34] MediaBrowser.Providers.TV.SeriesMetadataService: Removing virtual season null in series "Reacher"
[2026-04-22 01:43:49.073 +01:00] [INF] [34] Emby.Server.Implementations.Library.LibraryManager: Removing item, Type: "Season", Name: "Season Unknown", Path: "", Id: 5031f09d-0514-fcaf-43ce-fa28d698a288
[2026-04-22 01:43:49.091 +01:00] [INF] [25] MediaBrowser.Providers.TV.SeriesMetadataService: Removing virtual season 1 in series "Lovely Runner"
[2026-04-22 01:43:49.091 +01:00] [INF] [25] Emby.Server.Implementations.Library.LibraryManager: Removing item, Type: "Season", Name: "Season 1", Path: "", Id: 1cd034be-214e-0d4f-f8b5-b8f0b93d59dd
[2026-04-22 01:43:49.119 +01:00] [INF] [25] MediaBrowser.Providers.TV.SeriesMetadataService: Creating Season "Season 1" entry for "Lovely Runner"
[2026-04-22 01:43:49.562 +01:00] [INF] [34] MediaBrowser.Providers.TV.SeriesMetadataService: Creating Season "Season 3" entry for "Reacher"
[2026-04-22 01:43:50.107 +01:00] [INF] [26] MediaBrowser.Providers.TV.SeriesMetadataService: Creating Season "Season Unknown" entry for "Star Trek The Original Series TOS Full Incl Extras 720p BrRip EN-SUB x264-[MULVAcoded]"
[2026-04-22 01:43:50.575 +01:00] [INF] [29] MediaBrowser.Providers.TV.SeriesMetadataService: Creating Season "Season Unknown" entry for "Reacher"
[2026-04-22 01:43:51.651 +01:00] [INF] [28] MediaBrowser.Providers.TV.SeriesMetadataService: Creating Season "Season Unknown" entry for "When Life Gives You Tangerines"
[2026-04-22 01:43:53.443 +01:00] [INF] [26] MediaBrowser.Providers.TV.SeriesMetadataService: Creating Season "Season Unknown" entry for "South Park"
[2026-04-22 01:43:54.491 +01:00] [INF] [8] MediaBrowser.Providers.TV.SeriesMetadataService: Creating Season "Season Unknown" entry for "Shōgun"
[2026-04-22 01:43:55.339 +01:00] [ERR] [34] MediaBrowser.Providers.Manager.ProviderManager: IOException saving to "/config/data/metadata/People/N/Nicky Guadagni/folder.jpg". Will retry saving to "/config/data/metadata/library/7a/7aa86c3f9150a093f43a23524a69dcbd/folder.jpg"
System.IO.IOException: The process cannot access the file '/config/data/metadata/People/N/Nicky Guadagni/folder.jpg' because it is being used by another process.
   at Microsoft.Win32.SafeHandles.SafeFileHandle.Init(String path, FileMode mode, FileAccess access, FileShare share, FileOptions options, Int64 preallocationSize, Int64& fileLength, UnixFileMode& filePermissions)
   at Microsoft.Win32.SafeHandles.SafeFileHandle.Open(String fullPath, FileMode mode, FileAccess access, FileShare share, FileOptions options, Int64 preallocationSize, UnixFileMode openPermissions, Int64& fileLength, UnixFileMode& filePermissions, Boolean failForSymlink, Boolean& wasSymlink, Func`4 createOpenException)
   at System.IO.Strategies.OSFileStreamStrategy..ctor(String path, FileMode mode, FileAccess access, FileShare share, FileOptions options, Int64 preallocationSize, Nullable`1 unixCreateMode)
   at System.IO.FileStream..ctor(String path, FileStreamOptions options)
   at MediaBrowser.Providers.Manager.ImageSaver.SaveImageToLocation(Stream source, String path, CancellationToken cancellationToken)
   at MediaBrowser.Providers.Manager.ImageSaver.SaveImageToLocation(Stream source, String path, String retryPath, CancellationToken cancellationToken)
[2026-04-22 01:43:55.483 +01:00] [INF] [12] MediaBrowser.Providers.TV.SeriesMetadataService: Creating Season "Season Unknown" entry for "Twinkling Watermelon"
[2026-04-22 01:43:55.606 +01:00] [INF] [37] Emby.Server.Implementations.Chapters.ChapterManager: Skipping chapter image extraction for "Twinkling.Watermelon.S01E01" as the average chapter duration 0 was lower than the minimum threshold 10000000
[2026-04-22 01:43:55.804 +01:00] [INF] [29] Emby.Server.Implementations.Chapters.ChapterManager: Stopping chapter extraction for "Star.Trek.TOS.S01E05.The.Enemy.Within" because a chapter was found with a position greater than the runtime.
[2026-04-22 01:43:56.053 +01:00] [INF] [26] Emby.Server.Implementations.Chapters.ChapterManager: Stopping chapter extraction for "Star.Trek.TOS.S01E06.Mudd's.Women" because a chapter was found with a position greater than the runtime.
[2026-04-22 01:43:56.304 +01:00] [INF] [8] Emby.Server.Implementations.Chapters.ChapterManager: Stopping chapter extraction for "Star.Trek.TOS.S01E07.What.Are.Little.Girls.Made.Of" because a chapter was found with a position greater than the runtime.
[2026-04-22 01:43:56.731 +01:00] [INF] [8] Emby.Server.Implementations.Chapters.ChapterManager: Stopping chapter extraction for "Star.Trek.TOS.S01E08.Miri" because a chapter was found with a position greater than the runtime.
[2026-04-22 01:43:56.819 +01:00] [INF] [29] Emby.Server.Implementations.Chapters.ChapterManager: Skipping chapter image extraction for "Twinkling.Watermelon.S01E02" as the average chapter duration 0 was lower than the minimum threshold 10000000
[2026-04-22 01:43:57.150 +01:00] [INF] [26] MediaBrowser.Providers.TV.SeriesMetadataService: Creating Season "Season 3" entry for "Reacher"
[2026-04-22 01:43:57.158 +01:00] [INF] [29] Emby.Server.Implementations.Chapters.ChapterManager: Stopping chapter extraction for "Star.Trek.TOS.S01E09.Dagger.of.the.Mind" because a chapter was found with a position greater than the runtime.
[2026-04-22 01:43:57.343 +01:00] [INF] [28] Emby.Server.Implementations.Chapters.ChapterManager: Skipping chapter image extraction for "Twinkling.Watermelon.S01E03" as the average chapter duration 0 was lower than the minimum threshold 10000000
[2026-04-22 01:43:57.449 +01:00] [INF] [8] Emby.Server.Implementations.Chapters.ChapterManager: Stopping chapter extraction for "Star.Trek.TOS.S01E10.The.Corbomite.Maneuver" because a chapter was found with a position greater than the runtime.
[2026-04-22 01:43:57.664 +01:00] [INF] [37] MediaBrowser.Providers.TV.SeriesMetadataService: Removing virtual season null in series "Reacher"
[2026-04-22 01:43:57.664 +01:00] [INF] [37] Emby.Server.Implementations.Library.LibraryManager: Removing item, Type: "Season", Name: "Season Unknown", Path: "", Id: 5031f09d-0514-fcaf-43ce-fa28d698a288
[2026-04-22 01:43:58.644 +01:00] [INF] [25] Emby.Server.Implementations.Chapters.ChapterManager: Skipping chapter image extraction for "Twinkling.Watermelon.S01E05" as the average chapter duration 0 was lower than the minimum threshold 10000000
[2026-04-22 01:43:58.933 +01:00] [INF] [8] Emby.Server.Implementations.Chapters.ChapterManager: Stopping chapter extraction for "Star.Trek.TOS.S01E13.The.Conscience.of.the.King" because a chapter was found with a position greater than the runtime.
[2026-04-22 01:43:59.028 +01:00] [INF] [25] Emby.Server.Implementations.Chapters.ChapterManager: Stopping chapter extraction for "Star.Trek.TOS.S01E14.Balance.of.Terror" because a chapter was found with a position greater than the runtime.
[2026-04-22 01:44:00.166 +01:00] [INF] [25] Emby.Server.Implementations.Chapters.ChapterManager: Skipping chapter image extraction for "Twinkling.Watermelon.S01E06" as the average chapter duration 0 was lower than the minimum threshold 10000000
[2026-04-22 01:44:00.664 +01:00] [INF] [26] Emby.Server.Implementations.Chapters.ChapterManager: Skipping chapter image extraction for "Twinkling.Watermelon.S01E07" as the average chapter duration 0 was lower than the minimum threshold 10000000
[2026-04-22 01:44:01.070 +01:00] [INF] [38] Emby.Server.Implementations.Chapters.ChapterManager: Skipping chapter image extraction for "Twinkling.Watermelon.S01E08" as the average chapter duration 0 was lower than the minimum threshold 10000000
[2026-04-22 01:44:01.873 +01:00] [INF] [26] Emby.Server.Implementations.Chapters.ChapterManager: Skipping chapter image extraction for "Twinkling.Watermelon.S01E09" as the average chapter duration 0 was lower than the minimum threshold 10000000
[2026-04-22 01:44:02.422 +01:00] [INF] [37] Emby.Server.Implementations.Chapters.ChapterManager: Skipping chapter image extraction for "Twinkling.Watermelon.S01E10" as the average chapter duration 0 was lower than the minimum threshold 10000000
[2026-04-22 01:44:02.814 +01:00] [INF] [38] Emby.Server.Implementations.Chapters.ChapterManager: Skipping chapter image extraction for "Twinkling.Watermelon.S01E11" as the average chapter duration 0 was lower than the minimum threshold 10000000
[2026-04-22 01:44:03.662 +01:00] [INF] [37] Emby.Server.Implementations.Chapters.ChapterManager: Skipping chapter image extraction for "Twinkling.Watermelon.S01E12" as the average chapter duration 0 was lower than the minimum threshold 10000000
[2026-04-22 01:44:04.232 +01:00] [INF] [8] Emby.Server.Implementations.Chapters.ChapterManager: Skipping chapter image extraction for "Twinkling.Watermelon.S01E13" as the average chapter duration 0 was lower than the minimum threshold 10000000
[2026-04-22 01:44:05.415 +01:00] [INF] [38] Emby.Server.Implementations.Chapters.ChapterManager: Skipping chapter image extraction for "Twinkling.Watermelon.S01E15" as the average chapter duration 0 was lower than the minimum threshold 10000000
[2026-04-22 01:44:06.123 +01:00] [INF] [34] MediaBrowser.Providers.TV.SeriesMetadataService: Removing virtual season null in series "Twinkling Watermelon"
[2026-04-22 01:44:06.123 +01:00] [INF] [34] Emby.Server.Implementations.Library.LibraryManager: Removing item, Type: "Season", Name: "Season Unknown", Path: "", Id: 87b0e87e-9d55-40d0-a066-2f0442cb7e0a
[2026-04-22 01:44:06.144 +01:00] [INF] [34] MediaBrowser.Providers.TV.SeriesMetadataService: Creating Season "Season 1" entry for "Twinkling Watermelon"
[2026-04-22 01:44:08.341 +01:00] [ERR] [22] MediaBrowser.Providers.Movies.MovieMetadataService: Error in "Probe Provider"
MediaBrowser.Common.FfmpegException: ffprobe failed - streams and format are both null.
   at MediaBrowser.MediaEncoding.Encoder.MediaEncoder.GetMediaInfoInternal(String inputPath, String primaryPath, MediaProtocol protocol, Boolean extractChapters, String probeSizeArgument, Boolean isAudio, Nullable`1 videoType, CancellationToken cancellationToken)
   at MediaBrowser.MediaEncoding.Encoder.MediaEncoder.GetMediaInfoInternal(String inputPath, String primaryPath, MediaProtocol protocol, Boolean extractChapters, String probeSizeArgument, Boolean isAudio, Nullable`1 videoType, CancellationToken cancellationToken)
   at MediaBrowser.Providers.MediaInfo.FFProbeVideoInfo.ProbeVideo[T](T item, MetadataRefreshOptions options, CancellationToken cancellationToken)
   at MediaBrowser.Providers.Manager.MetadataService`2.RunCustomProvider(ICustomMetadataProvider`1 provider, TItemType item, String logName, MetadataRefreshOptions options, RefreshResult refreshResult, CancellationToken cancellationToken)
[2026-04-22 01:44:10.755 +01:00] [WRN] [26] MediaBrowser.Controller.Entities.BaseItem: Library folder "/config/data/data/playlists" is inaccessible or empty, skipping
[2026-04-22 01:44:11.111 +01:00] [INF] [38] Emby.Server.Implementations.ScheduledTasks.TaskManager: Attempting to cancel Scheduled Task "Scan Media Library"
[2026-04-22 01:44:11.135 +01:00] [ERR] [24] MediaBrowser.Controller.LibraryTaskScheduler.LimitedConcurrencyLibraryScheduler: Error while performing a library operation
System.Threading.Tasks.TaskCanceledException: A task was canceled.
   at System.Text.Json.Serialization.ReadBufferState.ReadFromStreamAsync(Stream utf8Json, CancellationToken cancellationToken, Boolean fillBuffer)
   at System.Text.Json.Serialization.Metadata.JsonTypeInfo`1.DeserializeAsync(Stream utf8Json, CancellationToken cancellationToken)
   at MediaBrowser.Providers.Plugins.Omdb.OmdbProvider.GetSeasonRootObject(String imdbId, Int32 seasonId, CancellationToken cancellationToken)
   at MediaBrowser.Providers.Plugins.Omdb.OmdbProvider.GetSeasonRootObject(String imdbId, Int32 seasonId, CancellationToken cancellationToken)
   at MediaBrowser.Providers.Plugins.Omdb.OmdbProvider.FetchEpisodeData[T](MetadataResult`1 itemResult, Int32 episodeNumber, Int32 seasonNumber, String episodeImdbId, String seriesImdbId, String language, String country, CancellationToken cancellationToken)
   at MediaBrowser.Providers.Plugins.Omdb.OmdbEpisodeProvider.GetMetadata(EpisodeInfo info, CancellationToken cancellationToken)
   at MediaBrowser.Providers.Manager.MetadataService`2.ExecuteRemoteProviders(MetadataResult`1 temp, String logName, Boolean replaceData, TIdType id, IEnumerable`1 providers, CancellationToken cancellationToken)
   at MediaBrowser.Providers.Manager.MetadataService`2.RefreshWithProviders(MetadataResult`1 metadata, TIdType id, MetadataRefreshOptions options, ICollection`1 providers, ItemImageProvider imageService, Boolean isSavingMetadata, CancellationToken cancellationToken)
   at MediaBrowser.Providers.Manager.MetadataService`2.RefreshMetadata(BaseItem item, MetadataRefreshOptions refreshOptions, CancellationToken cancellationToken)
   at MediaBrowser.Controller.Entities.BaseItem.RefreshMetadata(MetadataRefreshOptions options, CancellationToken cancellationToken)
   at MediaBrowser.Controller.Entities.TV.Series.RefreshAllMetadata(MetadataRefreshOptions refreshOptions, IProgress`1 progress, CancellationToken cancellationToken)
   at MediaBrowser.Controller.Entities.Folder.RefreshAllMetadataForContainer(IMetadataContainer container, MetadataRefreshOptions refreshOptions, IProgress`1 progress, CancellationToken cancellationToken)
   at MediaBrowser.Controller.Entities.Folder.RefreshChildMetadata(BaseItem child, MetadataRefreshOptions refreshOptions, Boolean recursive, IProgress`1 progress, CancellationToken cancellationToken)
   at MediaBrowser.Controller.LibraryTaskScheduler.LimitedConcurrencyLibraryScheduler.ProcessItem(TaskQueueItem item)
[2026-04-22 01:44:11.138 +01:00] [ERR] [28] MediaBrowser.Controller.LibraryTaskScheduler.LimitedConcurrencyLibraryScheduler: Error while performing a library operation
System.OperationCanceledException: The operation was canceled.
   at System.Threading.CancellationToken.ThrowOperationCanceledException()
   at Jellyfin.Server.Implementations.Item.BaseItemRepository.UpdateOrInsertItems(IReadOnlyList`1 items, CancellationToken cancellationToken)
   at Emby.Server.Implementations.Library.LibraryManager.UpdateItemsAsync(IReadOnlyList`1 items, BaseItem parent, ItemUpdateType updateReason, CancellationToken cancellationToken)
   at MediaBrowser.Controller.Entities.BaseItem.UpdateToRepositoryAsync(ItemUpdateType updateReason, CancellationToken cancellationToken)
   at MediaBrowser.Providers.Manager.MetadataService`2.SaveItemAsync(MetadataResult`1 result, ItemUpdateType reason, Boolean reattachUserData, CancellationToken cancellationToken)
   at MediaBrowser.Providers.Manager.MetadataService`2.<RefreshMetadata>g__SaveInternal|36_0(BaseItem item, MetadataRefreshOptions refreshOptions, ItemUpdateType updateType, Boolean isFirstRefresh, Boolean requiresRefresh, MetadataResult`1 metadataResult, CancellationToken cancellationToken)
   at MediaBrowser.Providers.Manager.MetadataService`2.RefreshMetadata(BaseItem item, MetadataRefreshOptions refreshOptions, CancellationToken cancellationToken)
   at MediaBrowser.Controller.Entities.BaseItem.RefreshMetadata(MetadataRefreshOptions options, CancellationToken cancellationToken)
   at MediaBrowser.Controller.Entities.Folder.RefreshChildMetadata(BaseItem child, MetadataRefreshOptions refreshOptions, Boolean recursive, IProgress`1 progress, CancellationToken cancellationToken)
   at MediaBrowser.Controller.LibraryTaskScheduler.LimitedConcurrencyLibraryScheduler.ProcessItem(TaskQueueItem item)
[2026-04-22 01:44:11.200 +01:00] [ERR] [28] MediaBrowser.Controller.LibraryTaskScheduler.LimitedConcurrencyLibraryScheduler: Error while performing a library operation
System.OperationCanceledException: The operation was canceled.
   at System.Threading.CancellationToken.ThrowOperationCanceledException()
   at Emby.Server.Implementations.Library.LibraryManager.SavePeopleMetadataAsync(IEnumerable`1 people, CancellationToken cancellationToken)
   at Emby.Server.Implementations.Library.LibraryManager.UpdatePeopleAsync(BaseItem item, IReadOnlyList`1 people, CancellationToken cancellationToken)
   at MediaBrowser.Providers.Manager.MetadataService`2.SaveItemAsync(MetadataResult`1 result, ItemUpdateType reason, Boolean reattachUserData, CancellationToken cancellationToken)
   at MediaBrowser.Providers.Manager.MetadataService`2.<RefreshMetadata>g__SaveInternal|36_0(BaseItem item, MetadataRefreshOptions refreshOptions, ItemUpdateType updateType, Boolean isFirstRefresh, Boolean requiresRefresh, MetadataResult`1 metadataResult, CancellationToken cancellationToken)
   at MediaBrowser.Providers.Manager.MetadataService`2.RefreshMetadata(BaseItem item, MetadataRefreshOptions refreshOptions, CancellationToken cancellationToken)
   at MediaBrowser.Controller.Entities.BaseItem.RefreshMetadata(MetadataRefreshOptions options, CancellationToken cancellationToken)
   at MediaBrowser.Controller.Entities.Folder.RefreshChildMetadata(BaseItem child, MetadataRefreshOptions refreshOptions, Boolean recursive, IProgress`1 progress, CancellationToken cancellationToken)
   at MediaBrowser.Controller.LibraryTaskScheduler.LimitedConcurrencyLibraryScheduler.ProcessItem(TaskQueueItem item)
[2026-04-22 01:44:11.482 +01:00] [INF] [37] MediaBrowser.Providers.TV.SeriesMetadataService: Removing virtual season null in series "Shōgun"
[2026-04-22 01:44:11.482 +01:00] [INF] [37] Emby.Server.Implementations.Library.LibraryManager: Removing item, Type: "Season", Name: "Season Unknown", Path: "", Id: ca888650-d280-2fae-edb7-b21d1ef46580
[2026-04-22 01:44:11.502 +01:00] [INF] [37] MediaBrowser.Providers.TV.SeriesMetadataService: Creating Season "Season 1" entry for "Shōgun"
[2026-04-22 01:44:13.194 +01:00] [INF] [28] Emby.Server.Implementations.Library.LibraryManager: Post-scan task cancelled: "ArtistsPostScanTask"
[2026-04-22 01:44:13.194 +01:00] [INF] [28] Emby.Server.Implementations.ScheduledTasks.TaskManager: "Scan Media Library" Cancelled after 0 minute(s) and 59 seconds
[2026-04-22 01:44:13.228 +01:00] [INF] [24] Emby.Server.Implementations.IO.LibraryMonitor: Stopping directory watching for path "/media_local/movies"
[2026-04-22 01:44:13.228 +01:00] [INF] [24] Emby.Server.Implementations.IO.LibraryMonitor: Stopping directory watching for path "/media_local/shows"
[2026-04-22 01:44:13.228 +01:00] [INF] [24] Emby.Server.Implementations.IO.LibraryMonitor: Stopping directory watching for path "/movies"
[2026-04-22 01:44:13.228 +01:00] [INF] [24] Emby.Server.Implementations.IO.LibraryMonitor: Stopping directory watching for path "/audiobooks"
[2026-04-22 01:44:13.228 +01:00] [INF] [24] Emby.Server.Implementations.IO.LibraryMonitor: Stopping directory watching for path "/shows"
[2026-04-22 01:44:13.228 +01:00] [INF] [24] Emby.Server.Implementations.Library.LibraryManager: Validating media library
[2026-04-22 01:44:13.242 +01:00] [INF] [11] Emby.Server.Implementations.IO.LibraryMonitor: Watching directory "/media_local/shows"
[2026-04-22 01:44:13.298 +01:00] [INF] [37] Emby.Server.Implementations.IO.LibraryMonitor: Watching directory "/media_local/movies"
[2026-04-22 01:44:13.968 +01:00] [WRN] [24] MediaBrowser.Controller.Entities.BaseItem: Library folder "/config/data/data/playlists" is inaccessible or empty, skipping
[2026-04-22 01:44:13.989 +01:00] [INF] [34] Emby.Server.Implementations.IO.LibraryMonitor: Watching directory "/shows"
[2026-04-22 01:44:14.018 +01:00] [INF] [38] Emby.Server.Implementations.IO.LibraryMonitor: Watching directory "/audiobooks"
[2026-04-22 01:44:14.042 +01:00] [INF] [26] Emby.Server.Implementations.IO.LibraryMonitor: Watching directory "/movies"
[2026-04-22 01:44:14.100 +01:00] [WRN] [24] MediaBrowser.Controller.Entities.BaseItem: Library folder "/config/data/data/playlists" is inaccessible or empty, skipping
[2026-04-22 01:44:14.731 +01:00] [ERR] [37] Emby.Server.Implementations.Library.LibraryManager: Error resolving path "/movies/Y Tu Mamá También (2001) [1080p] [BluRay] [5.1] [YTS.MX]"
System.UnauthorizedAccessException: Access to the path '/movies/Y Tu Mamá También (2001) [1080p] [BluRay] [5.1] [YTS.MX]/._Y.Tu.Mamá.También.2001.1080p.BluRay.x264.AAC5.1-[YTS.MX].mp4' is denied.
 ---> System.IO.IOException: Operation not permitted
   --- End of inner exception stack trace ---
   at System.IO.FileSystemInfo.Create(String fullPath, String fileName, Boolean asDirectory, FileStatus& fileStatus)
   at System.IO.Enumeration.FileSystemEnumerableFactory.<>c.<FileSystemInfos>b__7_0(FileSystemEntry& entry)
   at System.IO.Enumeration.FileSystemEnumerator`1.MoveNext()
   at System.Linq.Enumerable.IEnumerableSelectIterator`2.ToArray()
   at MediaBrowser.Controller.IO.FileData.GetFilteredFileSystemEntries(IDirectoryService directoryService, String path, IFileSystem fileSystem, IServerApplicationHost appHost, ILogger logger, ItemResolveArgs args, Int32 flattenFolderDepth, Boolean resolveShortcuts)
   at Emby.Server.Implementations.Library.LibraryManager.ResolvePath(FileSystemMetadata fileInfo, IDirectoryService directoryService, IItemResolver[] resolvers, Folder parent, Nullable`1 collectionType, LibraryOptions libraryOptions)
   at Emby.Server.Implementations.Library.LibraryManager.ResolveFileList(IReadOnlyList`1 fileList, IDirectoryService directoryService, Folder parent, Nullable`1 collectionType, IItemResolver[] resolvers, LibraryOptions libraryOptions)+MoveNext()
[2026-04-22 01:44:17.375 +01:00] [INF] [11] MediaBrowser.Providers.TV.SeriesMetadataService: Removing virtual season null in series "Star Trek The Original Series TOS Full Incl Extras 720p BrRip EN-SUB x264-[MULVAcoded]"
[2026-04-22 01:44:17.375 +01:00] [INF] [11] Emby.Server.Implementations.Library.LibraryManager: Removing item, Type: "Season", Name: "Season Unknown", Path: "", Id: a66b356d-7a37-08b2-1818-cc74b1c3d3ff
[2026-04-22 01:44:22.072 +01:00] [INF] [11] MediaBrowser.Providers.TV.SeriesMetadataService: Removing virtual season null in series "When Life Gives You Tangerines"
[2026-04-22 01:44:22.072 +01:00] [INF] [11] Emby.Server.Implementations.Library.LibraryManager: Removing item, Type: "Season", Name: "Season Unknown", Path: "", Id: 0fbc7797-d21e-37d2-0f80-07571a9ecc0d
[2026-04-22 01:44:22.096 +01:00] [INF] [11] MediaBrowser.Providers.TV.SeriesMetadataService: Creating Season "Season 1" entry for "When Life Gives You Tangerines"
[2026-04-22 01:44:22.268 +01:00] [INF] [24] MediaBrowser.Providers.TV.SeriesMetadataService: Removing virtual season 1 in series "Lovely Runner"
[2026-04-22 01:44:22.268 +01:00] [INF] [24] Emby.Server.Implementations.Library.LibraryManager: Removing item, Type: "Season", Name: "Season 1", Path: "", Id: 1cd034be-214e-0d4f-f8b5-b8f0b93d59dd
[2026-04-22 01:44:22.286 +01:00] [INF] [24] MediaBrowser.Providers.TV.SeriesMetadataService: Creating Season "Season 1" entry for "Lovely Runner"
[2026-04-22 01:44:22.571 +01:00] [INF] [26] MediaBrowser.Providers.TV.SeriesMetadataService: Removing virtual season 3 in series "Reacher"
[2026-04-22 01:44:22.571 +01:00] [INF] [26] Emby.Server.Implementations.Library.LibraryManager: Removing item, Type: "Season", Name: "Season 3", Path: "", Id: e75d58a6-e17f-883e-6d44-472465608ead
[2026-04-22 01:44:22.602 +01:00] [INF] [26] MediaBrowser.Providers.TV.SeriesMetadataService: Creating Season "Season 3" entry for "Reacher"
[2026-04-22 01:44:22.674 +01:00] [INF] [26] MediaBrowser.Providers.TV.SeriesMetadataService: Creating Season "Season Unknown" entry for "When Life Gives You Tangerines"
[2026-04-22 01:44:24.848 +01:00] [INF] [38] MediaBrowser.Providers.TV.SeriesMetadataService: Removing virtual season null in series "South Park"
[2026-04-22 01:44:24.848 +01:00] [INF] [38] Emby.Server.Implementations.Library.LibraryManager: Removing item, Type: "Season", Name: "Season Unknown", Path: "", Id: e3aacc06-2330-6ab6-7f4b-f03ca71f56b0
[2026-04-22 01:44:24.885 +01:00] [INF] [38] MediaBrowser.Providers.TV.SeriesMetadataService: Creating Season "Season Unknown" entry for "South Park"
[2026-04-22 01:44:32.099 +01:00] [INF] [37] MediaBrowser.Providers.TV.SeriesMetadataService: Removing virtual season null in series "When Life Gives You Tangerines"
[2026-04-22 01:44:32.099 +01:00] [INF] [37] Emby.Server.Implementations.Library.LibraryManager: Removing item, Type: "Season", Name: "Season Unknown", Path: "", Id: 221a6532-04e8-73b3-82db-56f690847d9e
[2026-04-22 01:44:32.277 +01:00] [INF] [37] MediaBrowser.Providers.TV.SeriesMetadataService: Creating Season "Season 1" entry for "When Life Gives You Tangerines"
[2026-04-22 01:44:32.355 +01:00] [ERR] [36] MediaBrowser.Providers.TV.EpisodeMetadataService: Error in "TheMovieDb"
System.IO.IOException: The process cannot access the file '/config/data/metadata/library/3e/3e38a041282ec996ae52cfd7afcaaf19/poster.jpg' because it is being used by another process.
   at Microsoft.Win32.SafeHandles.SafeFileHandle.Init(String path, FileMode mode, FileAccess access, FileShare share, FileOptions options, Int64 preallocationSize, Int64& fileLength, UnixFileMode& filePermissions)
   at Microsoft.Win32.SafeHandles.SafeFileHandle.Open(String fullPath, FileMode mode, FileAccess access, FileShare share, FileOptions options, Int64 preallocationSize, UnixFileMode openPermissions, Int64& fileLength, UnixFileMode& filePermissions, Boolean failForSymlink, Boolean& wasSymlink, Func`4 createOpenException)
   at System.IO.Strategies.OSFileStreamStrategy..ctor(String path, FileMode mode, FileAccess access, FileShare share, FileOptions options, Int64 preallocationSize, Nullable`1 unixCreateMode)
   at System.IO.FileStream..ctor(String path, FileStreamOptions options)
   at MediaBrowser.Providers.Manager.ImageSaver.SaveImageToLocation(Stream source, String path, CancellationToken cancellationToken)
   at MediaBrowser.Providers.Manager.ImageSaver.SaveImageToLocation(Stream source, String path, String retryPath, CancellationToken cancellationToken)
   at MediaBrowser.Providers.Manager.ImageSaver.SaveImage(BaseItem item, Stream source, String mimeType, ImageType type, Nullable`1 imageIndex, Nullable`1 saveLocallyWithMedia, CancellationToken cancellationToken)
   at MediaBrowser.Providers.Manager.ImageSaver.SaveImage(BaseItem item, Stream source, String mimeType, ImageType type, Nullable`1 imageIndex, Nullable`1 saveLocallyWithMedia, CancellationToken cancellationToken)
   at MediaBrowser.Providers.Manager.ItemImageProvider.DownloadImage(BaseItem item, IRemoteImageProvider provider, RefreshResult result, IEnumerable`1 images, Int32 minWidth, ImageType type, CancellationToken cancellationToken)
   at MediaBrowser.Providers.Manager.ItemImageProvider.DownloadImage(BaseItem item, IRemoteImageProvider provider, RefreshResult result, IEnumerable`1 images, Int32 minWidth, ImageType type, CancellationToken cancellationToken)
   at MediaBrowser.Providers.Manager.ItemImageProvider.RefreshFromProvider(BaseItem item, IRemoteImageProvider provider, ImageRefreshOptions refreshOptions, TypeOptions savedOptions, Int32 backdropLimit, List`1 downloadedImages, RefreshResult result, CancellationToken cancellationToken)
[2026-04-22 01:44:32.389 +01:00] [WRN] [34] MediaBrowser.Controller.Entities.BaseItem: Library folder "/config/data/data/playlists" is inaccessible or empty, skipping
[2026-04-22 01:44:33.929 +01:00] [WRN] [22] Jellyfin.Networking.Manager.NetworkManager: "::ffff:192.168.65.1": Only loopback "::1" returned, using that as bind address.
[2026-04-22 01:44:35.891 +01:00] [ERR] [34] MediaBrowser.Providers.TV.EpisodeMetadataService: Error in "TheMovieDb"
System.IO.IOException: The process cannot access the file '/config/data/metadata/library/d5/d52075ffb1313b81cf7c725629739df9/poster.jpg' because it is being used by another process.
   at Microsoft.Win32.SafeHandles.SafeFileHandle.Init(String path, FileMode mode, FileAccess access, FileShare share, FileOptions options, Int64 preallocationSize, Int64& fileLength, UnixFileMode& filePermissions)
   at Microsoft.Win32.SafeHandles.SafeFileHandle.Open(String fullPath, FileMode mode, FileAccess access, FileShare share, FileOptions options, Int64 preallocationSize, UnixFileMode openPermissions, Int64& fileLength, UnixFileMode& filePermissions, Boolean failForSymlink, Boolean& wasSymlink, Func`4 createOpenException)
   at System.IO.Strategies.OSFileStreamStrategy..ctor(String path, FileMode mode, FileAccess access, FileShare share, FileOptions options, Int64 preallocationSize, Nullable`1 unixCreateMode)
   at System.IO.FileStream..ctor(String path, FileStreamOptions options)
   at MediaBrowser.Providers.Manager.ImageSaver.SaveImageToLocation(Stream source, String path, CancellationToken cancellationToken)
   at MediaBrowser.Providers.Manager.ImageSaver.SaveImageToLocation(Stream source, String path, String retryPath, CancellationToken cancellationToken)
   at MediaBrowser.Providers.Manager.ImageSaver.SaveImage(BaseItem item, Stream source, String mimeType, ImageType type, Nullable`1 imageIndex, Nullable`1 saveLocallyWithMedia, CancellationToken cancellationToken)
   at MediaBrowser.Providers.Manager.ImageSaver.SaveImage(BaseItem item, Stream source, String mimeType, ImageType type, Nullable`1 imageIndex, Nullable`1 saveLocallyWithMedia, CancellationToken cancellationToken)
   at MediaBrowser.Providers.Manager.ItemImageProvider.DownloadImage(BaseItem item, IRemoteImageProvider provider, RefreshResult result, IEnumerable`1 images, Int32 minWidth, ImageType type, CancellationToken cancellationToken)
   at MediaBrowser.Providers.Manager.ItemImageProvider.DownloadImage(BaseItem item, IRemoteImageProvider provider, RefreshResult result, IEnumerable`1 images, Int32 minWidth, ImageType type, CancellationToken cancellationToken)
   at MediaBrowser.Providers.Manager.ItemImageProvider.RefreshFromProvider(BaseItem item, IRemoteImageProvider provider, ImageRefreshOptions refreshOptions, TypeOptions savedOptions, Int32 backdropLimit, List`1 downloadedImages, RefreshResult result, CancellationToken cancellationToken)
[2026-04-22 01:45:08.284 +01:00] [WRN] [51] Jellyfin.Networking.Manager.NetworkManager: "::ffff:192.168.65.1": Only loopback "::1" returned, using that as bind address.
[2026-04-22 01:45:10.887 +01:00] [ERR] [25] MediaBrowser.Providers.TV.EpisodeMetadataService: Error in "TheMovieDb"
System.IO.IOException: The process cannot access the file '/config/data/metadata/library/a8/a8bea8ed3d41128645b8281145e3af76/poster.jpg' because it is being used by another process.
   at Microsoft.Win32.SafeHandles.SafeFileHandle.Init(String path, FileMode mode, FileAccess access, FileShare share, FileOptions options, Int64 preallocationSize, Int64& fileLength, UnixFileMode& filePermissions)
   at Microsoft.Win32.SafeHandles.SafeFileHandle.Open(String fullPath, FileMode mode, FileAccess access, FileShare share, FileOptions options, Int64 preallocationSize, UnixFileMode openPermissions, Int64& fileLength, UnixFileMode& filePermissions, Boolean failForSymlink, Boolean& wasSymlink, Func`4 createOpenException)
   at System.IO.Strategies.OSFileStreamStrategy..ctor(String path, FileMode mode, FileAccess access, FileShare share, FileOptions options, Int64 preallocationSize, Nullable`1 unixCreateMode)
   at System.IO.FileStream..ctor(String path, FileStreamOptions options)
   at MediaBrowser.Providers.Manager.ImageSaver.SaveImageToLocation(Stream source, String path, CancellationToken cancellationToken)
   at MediaBrowser.Providers.Manager.ImageSaver.SaveImageToLocation(Stream source, String path, String retryPath, CancellationToken cancellationToken)
   at MediaBrowser.Providers.Manager.ImageSaver.SaveImage(BaseItem item, Stream source, String mimeType, ImageType type, Nullable`1 imageIndex, Nullable`1 saveLocallyWithMedia, CancellationToken cancellationToken)
   at MediaBrowser.Providers.Manager.ImageSaver.SaveImage(BaseItem item, Stream source, String mimeType, ImageType type, Nullable`1 imageIndex, Nullable`1 saveLocallyWithMedia, CancellationToken cancellationToken)
   at MediaBrowser.Providers.Manager.ItemImageProvider.DownloadImage(BaseItem item, IRemoteImageProvider provider, RefreshResult result, IEnumerable`1 images, Int32 minWidth, ImageType type, CancellationToken cancellationToken)
   at MediaBrowser.Providers.Manager.ItemImageProvider.DownloadImage(BaseItem item, IRemoteImageProvider provider, RefreshResult result, IEnumerable`1 images, Int32 minWidth, ImageType type, CancellationToken cancellationToken)
   at MediaBrowser.Providers.Manager.ItemImageProvider.RefreshFromProvider(BaseItem item, IRemoteImageProvider provider, ImageRefreshOptions refreshOptions, TypeOptions savedOptions, Int32 backdropLimit, List`1 downloadedImages, RefreshResult result, CancellationToken cancellationToken)
[2026-04-22 01:45:14.702 +01:00] [ERR] [60] MediaBrowser.Providers.TV.EpisodeMetadataService: Error in "TheMovieDb"
System.IO.IOException: The process cannot access the file '/config/data/metadata/library/f4/f45188631c63f728993a86e27c5cf37d/poster.jpg' because it is being used by another process.
   at Microsoft.Win32.SafeHandles.SafeFileHandle.Init(String path, FileMode mode, FileAccess access, FileShare share, FileOptions options, Int64 preallocationSize, Int64& fileLength, UnixFileMode& filePermissions)
   at Microsoft.Win32.SafeHandles.SafeFileHandle.Open(String fullPath, FileMode mode, FileAccess access, FileShare share, FileOptions options, Int64 preallocationSize, UnixFileMode openPermissions, Int64& fileLength, UnixFileMode& filePermissions, Boolean failForSymlink, Boolean& wasSymlink, Func`4 createOpenException)
   at System.IO.Strategies.OSFileStreamStrategy..ctor(String path, FileMode mode, FileAccess access, FileShare share, FileOptions options, Int64 preallocationSize, Nullable`1 unixCreateMode)
   at System.IO.FileStream..ctor(String path, FileStreamOptions options)
   at MediaBrowser.Providers.Manager.ImageSaver.SaveImageToLocation(Stream source, String path, CancellationToken cancellationToken)
   at MediaBrowser.Providers.Manager.ImageSaver.SaveImageToLocation(Stream source, String path, String retryPath, CancellationToken cancellationToken)
   at MediaBrowser.Providers.Manager.ImageSaver.SaveImage(BaseItem item, Stream source, String mimeType, ImageType type, Nullable`1 imageIndex, Nullable`1 saveLocallyWithMedia, CancellationToken cancellationToken)
   at MediaBrowser.Providers.Manager.ImageSaver.SaveImage(BaseItem item, Stream source, String mimeType, ImageType type, Nullable`1 imageIndex, Nullable`1 saveLocallyWithMedia, CancellationToken cancellationToken)
   at MediaBrowser.Providers.Manager.ItemImageProvider.DownloadImage(BaseItem item, IRemoteImageProvider provider, RefreshResult result, IEnumerable`1 images, Int32 minWidth, ImageType type, CancellationToken cancellationToken)
   at MediaBrowser.Providers.Manager.ItemImageProvider.DownloadImage(BaseItem item, IRemoteImageProvider provider, RefreshResult result, IEnumerable`1 images, Int32 minWidth, ImageType type, CancellationToken cancellationToken)
   at MediaBrowser.Providers.Manager.ItemImageProvider.RefreshFromProvider(BaseItem item, IRemoteImageProvider provider, ImageRefreshOptions refreshOptions, TypeOptions savedOptions, Int32 backdropLimit, List`1 downloadedImages, RefreshResult result, CancellationToken cancellationToken)
[2026-04-22 01:45:17.556 +01:00] [WRN] [46] MediaBrowser.Providers.MediaInfo.AudioFileProber: File "/audiobooks/Waking Up - A Meditation Course/Waking Up - Conversations/14 - A Conversation with Adyashanti, Effort and Effortlessness.mp3" only has ID3v1 tags, some fields may be truncated
[2026-04-22 01:45:37.687 +01:00] [INF] [36] Emby.Server.Implementations.HttpServer.WebSocketManager: WS "::ffff:192.168.65.1" closed
[2026-04-22 01:45:37.688 +01:00] [WRN] [36] Jellyfin.Networking.Manager.NetworkManager: "::ffff:192.168.65.1": Only loopback "::1" returned, using that as bind address.
[2026-04-22 01:45:37.764 +01:00] [WRN] [28] Jellyfin.Networking.Manager.NetworkManager: "::ffff:192.168.65.1": Only loopback "::1" returned, using that as bind address.
[2026-04-22 01:45:37.882 +01:00] [WRN] [52] Jellyfin.Networking.Manager.NetworkManager: "::ffff:192.168.65.1": Only loopback "::1" returned, using that as bind address.
[2026-04-22 01:45:37.895 +01:00] [WRN] [52] Jellyfin.Networking.Manager.NetworkManager: "::ffff:192.168.65.1": Only loopback "::1" returned, using that as bind address.
[2026-04-22 01:45:37.898 +01:00] [INF] [56] Emby.Server.Implementations.HttpServer.WebSocketManager: WS "::ffff:192.168.65.1" request
[2026-04-22 01:45:56.703 +01:00] [WRN] [59] Jellyfin.Networking.Manager.NetworkManager: "::ffff:192.168.65.1": Only loopback "::1" returned, using that as bind address.
[2026-04-22 01:46:07.554 +01:00] [ERR] [22] MediaBrowser.Providers.TV.EpisodeMetadataService: Error in "TheMovieDb"
System.IO.IOException: The process cannot access the file '/config/data/metadata/library/e4/e487b3a92ec7e772d1cbdeafc4b6300a/poster.jpg' because it is being used by another process.
   at Microsoft.Win32.SafeHandles.SafeFileHandle.Init(String path, FileMode mode, FileAccess access, FileShare share, FileOptions options, Int64 preallocationSize, Int64& fileLength, UnixFileMode& filePermissions)
   at Microsoft.Win32.SafeHandles.SafeFileHandle.Open(String fullPath, FileMode mode, FileAccess access, FileShare share, FileOptions options, Int64 preallocationSize, UnixFileMode openPermissions, Int64& fileLength, UnixFileMode& filePermissions, Boolean failForSymlink, Boolean& wasSymlink, Func`4 createOpenException)
   at System.IO.Strategies.OSFileStreamStrategy..ctor(String path, FileMode mode, FileAccess access, FileShare share, FileOptions options, Int64 preallocationSize, Nullable`1 unixCreateMode)
   at System.IO.FileStream..ctor(String path, FileStreamOptions options)
   at MediaBrowser.Providers.Manager.ImageSaver.SaveImageToLocation(Stream source, String path, CancellationToken cancellationToken)
   at MediaBrowser.Providers.Manager.ImageSaver.SaveImageToLocation(Stream source, String path, String retryPath, CancellationToken cancellationToken)
   at MediaBrowser.Providers.Manager.ImageSaver.SaveImage(BaseItem item, Stream source, String mimeType, ImageType type, Nullable`1 imageIndex, Nullable`1 saveLocallyWithMedia, CancellationToken cancellationToken)
   at MediaBrowser.Providers.Manager.ImageSaver.SaveImage(BaseItem item, Stream source, String mimeType, ImageType type, Nullable`1 imageIndex, Nullable`1 saveLocallyWithMedia, CancellationToken cancellationToken)
   at MediaBrowser.Providers.Manager.ItemImageProvider.DownloadImage(BaseItem item, IRemoteImageProvider provider, RefreshResult result, IEnumerable`1 images, Int32 minWidth, ImageType type, CancellationToken cancellationToken)
   at MediaBrowser.Providers.Manager.ItemImageProvider.DownloadImage(BaseItem item, IRemoteImageProvider provider, RefreshResult result, IEnumerable`1 images, Int32 minWidth, ImageType type, CancellationToken cancellationToken)
   at MediaBrowser.Providers.Manager.ItemImageProvider.RefreshFromProvider(BaseItem item, IRemoteImageProvider provider, ImageRefreshOptions refreshOptions, TypeOptions savedOptions, Int32 backdropLimit, List`1 downloadedImages, RefreshResult result, CancellationToken cancellationToken)
[2026-04-22 01:48:38.048 +01:00] [ERR] [34] MediaBrowser.Providers.TV.EpisodeMetadataService: Error in "TheMovieDb"
System.IO.IOException: The process cannot access the file '/config/data/metadata/library/d0/d0af5319a86f26b4cba57594a66d3e7f/poster.jpg' because it is being used by another process.
   at Microsoft.Win32.SafeHandles.SafeFileHandle.Init(String path, FileMode mode, FileAccess access, FileShare share, FileOptions options, Int64 preallocationSize, Int64& fileLength, UnixFileMode& filePermissions)
   at Microsoft.Win32.SafeHandles.SafeFileHandle.Open(String fullPath, FileMode mode, FileAccess access, FileShare share, FileOptions options, Int64 preallocationSize, UnixFileMode openPermissions, Int64& fileLength, UnixFileMode& filePermissions, Boolean failForSymlink, Boolean& wasSymlink, Func`4 createOpenException)
   at System.IO.Strategies.OSFileStreamStrategy..ctor(String path, FileMode mode, FileAccess access, FileShare share, FileOptions options, Int64 preallocationSize, Nullable`1 unixCreateMode)
   at System.IO.FileStream..ctor(String path, FileStreamOptions options)
   at MediaBrowser.Providers.Manager.ImageSaver.SaveImageToLocation(Stream source, String path, CancellationToken cancellationToken)
   at MediaBrowser.Providers.Manager.ImageSaver.SaveImageToLocation(Stream source, String path, String retryPath, CancellationToken cancellationToken)
   at MediaBrowser.Providers.Manager.ImageSaver.SaveImage(BaseItem item, Stream source, String mimeType, ImageType type, Nullable`1 imageIndex, Nullable`1 saveLocallyWithMedia, CancellationToken cancellationToken)
   at MediaBrowser.Providers.Manager.ImageSaver.SaveImage(BaseItem item, Stream source, String mimeType, ImageType type, Nullable`1 imageIndex, Nullable`1 saveLocallyWithMedia, CancellationToken cancellationToken)
   at MediaBrowser.Providers.Manager.ItemImageProvider.DownloadImage(BaseItem item, IRemoteImageProvider provider, RefreshResult result, IEnumerable`1 images, Int32 minWidth, ImageType type, CancellationToken cancellationToken)
   at MediaBrowser.Providers.Manager.ItemImageProvider.DownloadImage(BaseItem item, IRemoteImageProvider provider, RefreshResult result, IEnumerable`1 images, Int32 minWidth, ImageType type, CancellationToken cancellationToken)
   at MediaBrowser.Providers.Manager.ItemImageProvider.RefreshFromProvider(BaseItem item, IRemoteImageProvider provider, ImageRefreshOptions refreshOptions, TypeOptions savedOptions, Int32 backdropLimit, List`1 downloadedImages, RefreshResult result, CancellationToken cancellationToken)
[2026-04-22 01:49:07.201 +01:00] [INF] [46] Emby.Server.Implementations.Chapters.ChapterManager: Skipping chapter image extraction for "South Park S24E01" as the average chapter duration 0 was lower than the minimum threshold 10000000
[2026-04-22 01:49:08.811 +01:00] [INF] [22] Emby.Server.Implementations.Chapters.ChapterManager: Skipping chapter image extraction for "South Park S24E02" as the average chapter duration 0 was lower than the minimum threshold 10000000
[2026-04-22 01:49:12.405 +01:00] [INF] [28] Emby.Server.Implementations.Chapters.ChapterManager: Skipping chapter image extraction for "South Park S24E01" as the average chapter duration 0 was lower than the minimum threshold 10000000
[2026-04-22 01:49:12.765 +01:00] [INF] [36] Emby.Server.Implementations.Chapters.ChapterManager: Skipping chapter image extraction for "South Park S24E02" as the average chapter duration 0 was lower than the minimum threshold 10000000
[2026-04-22 01:49:26.053 +01:00] [INF] [55] Emby.Server.Implementations.Session.SessionWebSocketListener: Sending ForceKeepAlive message to 1 inactive WebSockets.
[2026-04-22 01:50:20.861 +01:00] [ERR] [61] MediaBrowser.Providers.Books.AudioBookMetadataService: Error in "Image Extractor"
System.IO.FileNotFoundException: Could not find file '/config/cache/extracted-audio-images/b/b4d14db5c5176f2bad7251a3a9991b0f.jpg'.
File name: '/config/cache/extracted-audio-images/b/b4d14db5c5176f2bad7251a3a9991b0f.jpg'
   at Interop.ThrowExceptionForIoErrno(ErrorInfo errorInfo, String path, Boolean isDirError)
   at Microsoft.Win32.SafeHandles.SafeFileHandle.Open(String fullPath, FileMode mode, FileAccess access, FileShare share, FileOptions options, Int64 preallocationSize, UnixFileMode openPermissions, Int64& fileLength, UnixFileMode& filePermissions, Boolean failForSymlink, Boolean& wasSymlink, Func`4 createOpenException)
   at System.IO.Strategies.OSFileStreamStrategy..ctor(String path, FileMode mode, FileAccess access, FileShare share, FileOptions options, Int64 preallocationSize, Nullable`1 unixCreateMode)
   at MediaBrowser.Providers.Manager.ProviderManager.SaveImage(BaseItem item, String source, String mimeType, ImageType type, Nullable`1 imageIndex, Nullable`1 saveLocallyWithMedia, CancellationToken cancellationToken)
   at MediaBrowser.Providers.Manager.ItemImageProvider.RefreshFromProvider(BaseItem item, IDynamicImageProvider provider, ImageRefreshOptions refreshOptions, TypeOptions savedOptions, List`1 downloadedImages, RefreshResult result, CancellationToken cancellationToken)
[2026-04-22 01:50:20.861 +01:00] [ERR] [22] MediaBrowser.Providers.Books.AudioBookMetadataService: Error in "Image Extractor"
System.IO.IOException: The process cannot access the file '/config/cache/extracted-audio-images/b/b4d14db5c5176f2bad7251a3a9991b0f.jpg' because it is being used by another process.
   at Microsoft.Win32.SafeHandles.SafeFileHandle.Init(String path, FileMode mode, FileAccess access, FileShare share, FileOptions options, Int64 preallocationSize, Int64& fileLength, UnixFileMode& filePermissions)
   at Microsoft.Win32.SafeHandles.SafeFileHandle.Open(String fullPath, FileMode mode, FileAccess access, FileShare share, FileOptions options, Int64 preallocationSize, UnixFileMode openPermissions, Int64& fileLength, UnixFileMode& filePermissions, Boolean failForSymlink, Boolean& wasSymlink, Func`4 createOpenException)
   at System.IO.Strategies.OSFileStreamStrategy..ctor(String path, FileMode mode, FileAccess access, FileShare share, FileOptions options, Int64 preallocationSize, Nullable`1 unixCreateMode)
   at MediaBrowser.Providers.Manager.ProviderManager.SaveImage(BaseItem item, String source, String mimeType, ImageType type, Nullable`1 imageIndex, Nullable`1 saveLocallyWithMedia, CancellationToken cancellationToken)
   at MediaBrowser.Providers.Manager.ItemImageProvider.RefreshFromProvider(BaseItem item, IDynamicImageProvider provider, ImageRefreshOptions refreshOptions, TypeOptions savedOptions, List`1 downloadedImages, RefreshResult result, CancellationToken cancellationToken)
[2026-04-22 01:50:54.111 +01:00] [ERR] [46] MediaBrowser.Providers.Movies.MovieMetadataService: Error in "Probe Provider"
MediaBrowser.Common.FfmpegException: ffprobe failed - streams and format are both null.
   at MediaBrowser.MediaEncoding.Encoder.MediaEncoder.GetMediaInfoInternal(String inputPath, String primaryPath, MediaProtocol protocol, Boolean extractChapters, String probeSizeArgument, Boolean isAudio, Nullable`1 videoType, CancellationToken cancellationToken)
   at MediaBrowser.MediaEncoding.Encoder.MediaEncoder.GetMediaInfoInternal(String inputPath, String primaryPath, MediaProtocol protocol, Boolean extractChapters, String probeSizeArgument, Boolean isAudio, Nullable`1 videoType, CancellationToken cancellationToken)
   at MediaBrowser.Providers.MediaInfo.FFProbeVideoInfo.ProbeVideo[T](T item, MetadataRefreshOptions options, CancellationToken cancellationToken)
   at MediaBrowser.Providers.Manager.MetadataService`2.RunCustomProvider(ICustomMetadataProvider`1 provider, TItemType item, String logName, MetadataRefreshOptions options, RefreshResult refreshResult, CancellationToken cancellationToken)
[2026-04-22 01:51:07.533 +01:00] [INF] [55] Emby.Server.Implementations.Chapters.ChapterManager: Skipping chapter image extraction for "Drawing Closer (2024) [2160p] [4K] [WEB] [5.1] [YTS.MX]" as the average chapter duration 0 was lower than the minimum threshold 10000000
[2026-04-22 01:53:14.052 +01:00] [INF] [27] Emby.Server.Implementations.Session.SessionWebSocketListener: Sending ForceKeepAlive message to 1 inactive WebSockets.
[2026-04-22 01:53:58.489 +01:00] [INF] [27] Emby.Server.Implementations.Chapters.ChapterManager: Skipping chapter image extraction for "Joker" as the average chapter duration 0 was lower than the minimum threshold 10000000
[2026-04-22 01:54:41.631 +01:00] [ERR] [22] MediaBrowser.Providers.Movies.MovieMetadataService: Error in "Probe Provider"
MediaBrowser.Common.FfmpegException: ffprobe failed - streams and format are both null.
   at MediaBrowser.MediaEncoding.Encoder.MediaEncoder.GetMediaInfoInternal(String inputPath, String primaryPath, MediaProtocol protocol, Boolean extractChapters, String probeSizeArgument, Boolean isAudio, Nullable`1 videoType, CancellationToken cancellationToken)
   at MediaBrowser.MediaEncoding.Encoder.MediaEncoder.GetMediaInfoInternal(String inputPath, String primaryPath, MediaProtocol protocol, Boolean extractChapters, String probeSizeArgument, Boolean isAudio, Nullable`1 videoType, CancellationToken cancellationToken)
   at MediaBrowser.Providers.MediaInfo.FFProbeVideoInfo.ProbeVideo[T](T item, MetadataRefreshOptions options, CancellationToken cancellationToken)
   at MediaBrowser.Providers.Manager.MetadataService`2.RunCustomProvider(ICustomMetadataProvider`1 provider, TItemType item, String logName, MetadataRefreshOptions options, RefreshResult refreshResult, CancellationToken cancellationToken)
[2026-04-22 01:55:14.400 +01:00] [INF] [60] Emby.Server.Implementations.Chapters.ChapterManager: Skipping chapter image extraction for "Mary Poppins" as the average chapter duration 0 was lower than the minimum threshold 10000000
[2026-04-22 01:57:02.051 +01:00] [INF] [26] Emby.Server.Implementations.Session.SessionWebSocketListener: Sending ForceKeepAlive message to 1 inactive WebSockets.
[2026-04-22 01:57:29.094 +01:00] [ERR] [46] MediaBrowser.Providers.Movies.MovieMetadataService: Error in "Probe Provider"
MediaBrowser.Common.FfmpegException: ffprobe failed - streams and format are both null.
   at MediaBrowser.MediaEncoding.Encoder.MediaEncoder.GetMediaInfoInternal(String inputPath, String primaryPath, MediaProtocol protocol, Boolean extractChapters, String probeSizeArgument, Boolean isAudio, Nullable`1 videoType, CancellationToken cancellationToken)
   at MediaBrowser.MediaEncoding.Encoder.MediaEncoder.GetMediaInfoInternal(String inputPath, String primaryPath, MediaProtocol protocol, Boolean extractChapters, String probeSizeArgument, Boolean isAudio, Nullable`1 videoType, CancellationToken cancellationToken)
   at MediaBrowser.Providers.MediaInfo.FFProbeVideoInfo.ProbeVideo[T](T item, MetadataRefreshOptions options, CancellationToken cancellationToken)
   at MediaBrowser.Providers.Manager.MetadataService`2.RunCustomProvider(ICustomMetadataProvider`1 provider, TItemType item, String logName, MetadataRefreshOptions options, RefreshResult refreshResult, CancellationToken cancellationToken)
[2026-04-22 01:59:52.146 +01:00] [ERR] [22] MediaBrowser.Providers.Movies.MovieMetadataService: Error in "Probe Provider"
MediaBrowser.Common.FfmpegException: ffprobe failed - streams and format are both null.
   at MediaBrowser.MediaEncoding.Encoder.MediaEncoder.GetMediaInfoInternal(String inputPath, String primaryPath, MediaProtocol protocol, Boolean extractChapters, String probeSizeArgument, Boolean isAudio, Nullable`1 videoType, CancellationToken cancellationToken)
   at MediaBrowser.MediaEncoding.Encoder.MediaEncoder.GetMediaInfoInternal(String inputPath, String primaryPath, MediaProtocol protocol, Boolean extractChapters, String probeSizeArgument, Boolean isAudio, Nullable`1 videoType, CancellationToken cancellationToken)
   at MediaBrowser.Providers.MediaInfo.FFProbeVideoInfo.ProbeVideo[T](T item, MetadataRefreshOptions options, CancellationToken cancellationToken)
   at MediaBrowser.Providers.Manager.MetadataService`2.RunCustomProvider(ICustomMetadataProvider`1 provider, TItemType item, String logName, MetadataRefreshOptions options, RefreshResult refreshResult, CancellationToken cancellationToken)
[2026-04-22 02:00:00.185 +01:00] [INF] [61] Emby.Server.Implementations.Chapters.ChapterManager: Skipping chapter image extraction for "Passion Is Born" as the average chapter duration 0 was lower than the minimum threshold 10000000
[2026-04-22 02:00:00.187 +01:00] [INF] [61] Emby.Server.Implementations.Chapters.ChapterManager: Skipping chapter image extraction for "Eun-gyeol Quits Music" as the average chapter duration 0 was lower than the minimum threshold 10000000
[2026-04-22 02:00:00.189 +01:00] [INF] [61] Emby.Server.Implementations.Chapters.ChapterManager: Skipping chapter image extraction for "Seoul 1995" as the average chapter duration 0 was lower than the minimum threshold 10000000
[2026-04-22 02:00:00.193 +01:00] [INF] [61] Emby.Server.Implementations.Chapters.ChapterManager: Skipping chapter image extraction for "Se-gyeong Leaves the Country" as the average chapter duration 0 was lower than the minimum threshold 10000000
[2026-04-22 02:00:00.197 +01:00] [INF] [61] Emby.Server.Implementations.Chapters.ChapterManager: Skipping chapter image extraction for "Se-gyeong Returns" as the average chapter duration 0 was lower than the minimum threshold 10000000
[2026-04-22 02:00:00.199 +01:00] [INF] [61] Emby.Server.Implementations.Chapters.ChapterManager: Skipping chapter image extraction for "Where Are You Eun-gyeol?" as the average chapter duration 0 was lower than the minimum threshold 10000000
[2026-04-22 02:00:00.200 +01:00] [INF] [61] Emby.Server.Implementations.Chapters.ChapterManager: Skipping chapter image extraction for "I Found Ha Eun-gyeol" as the average chapter duration 0 was lower than the minimum threshold 10000000
[2026-04-22 02:00:00.202 +01:00] [INF] [61] Emby.Server.Implementations.Chapters.ChapterManager: Skipping chapter image extraction for "Friendship or Love?" as the average chapter duration 0 was lower than the minimum threshold 10000000
[2026-04-22 02:00:00.203 +01:00] [INF] [61] Emby.Server.Implementations.Chapters.ChapterManager: Skipping chapter image extraction for "Let Yourself Twinkle" as the average chapter duration 0 was lower than the minimum threshold 10000000
[2026-04-22 02:00:00.205 +01:00] [INF] [61] Emby.Server.Implementations.Chapters.ChapterManager: Skipping chapter image extraction for "Dangerous Rehearsal" as the average chapter duration 0 was lower than the minimum threshold 10000000
[2026-04-22 02:00:00.207 +01:00] [INF] [61] Emby.Server.Implementations.Chapters.ChapterManager: Skipping chapter image extraction for "The Day of Decision" as the average chapter duration 0 was lower than the minimum threshold 10000000
[2026-04-22 02:00:00.208 +01:00] [INF] [61] Emby.Server.Implementations.Chapters.ChapterManager: Skipping chapter image extraction for "The Final Festival" as the average chapter duration 0 was lower than the minimum threshold 10000000
[2026-04-22 02:00:00.210 +01:00] [INF] [61] Emby.Server.Implementations.Chapters.ChapterManager: Skipping chapter image extraction for "The Hints" as the average chapter duration 0 was lower than the minimum threshold 10000000
[2026-04-22 02:00:00.267 +01:00] [INF] [61] Emby.Server.Implementations.Chapters.ChapterManager: Skipping chapter image extraction for "The Pandemic Special" as the average chapter duration 0 was lower than the minimum threshold 10000000
[2026-04-22 02:00:00.267 +01:00] [INF] [61] Emby.Server.Implementations.Chapters.ChapterManager: Skipping chapter image extraction for "South ParQ Vaccination Special" as the average chapter duration 0 was lower than the minimum threshold 10000000
[2026-04-22 02:00:00.280 +01:00] [INF] [61] Emby.Server.Implementations.Chapters.ChapterManager: Skipping chapter image extraction for "Drawing Closer" as the average chapter duration 0 was lower than the minimum threshold 10000000
[2026-04-22 02:00:00.290 +01:00] [INF] [61] Emby.Server.Implementations.Chapters.ChapterManager: Skipping chapter image extraction for "Joker" as the average chapter duration 0 was lower than the minimum threshold 10000000
[2026-04-22 02:00:00.293 +01:00] [INF] [61] Emby.Server.Implementations.Chapters.ChapterManager: Skipping chapter image extraction for "Mary Poppins" as the average chapter duration 0 was lower than the minimum threshold 10000000
[2026-04-22 02:00:00.311 +01:00] [INF] [61] Emby.Server.Implementations.ScheduledTasks.TaskManager: "Extract Chapter Images" Completed after 0 minute(s) and 0 seconds
[2026-04-22 02:00:01.011 +01:00] [INF] [51] Emby.Server.Implementations.ScheduledTasks.TaskManager: Daily trigger for "Extract Chapter Images" set to fire at 2026-04-23 02:00:00.000 +01:00, which is 23:59:58.9897026 from now.
[2026-04-22 02:00:50.055 +01:00] [INF] [61] Emby.Server.Implementations.Session.SessionWebSocketListener: Sending ForceKeepAlive message to 1 inactive WebSockets.
[2026-04-22 02:01:16.743 +01:00] [WRN] [52] Jellyfin.Networking.Manager.NetworkManager: "::ffff:192.168.65.1": Only loopback "::1" returned, using that as bind address.
[2026-04-22 02:01:43.742 +01:00] [INF] [48] Emby.Server.Implementations.Updates.InstallationManager: Plugin "installed": "Cover Art Archive" "9.0.0.0"
[2026-04-22 02:01:43.754 +01:00] [INF] [48] Emby.Server.Implementations.ApplicationHost: App needs to be restarted.
[2026-04-22 02:02:02.852 +01:00] [INF] [36] Emby.Server.Implementations.Updates.InstallationManager: Plugin "installed": "TMDb Box Sets" "12.0.0.0"
[2026-04-22 02:02:03.007 +01:00] [INF] [36] Emby.Server.Implementations.ApplicationHost: App needs to be restarted.
[2026-04-22 02:02:03.303 +01:00] [WRN] [8] Jellyfin.Networking.Manager.NetworkManager: "::ffff:192.168.65.1": Only loopback "::1" returned, using that as bind address.
[2026-04-22 02:02:05.594 +01:00] [WRN] [4] Jellyfin.Networking.Manager.NetworkManager: "::ffff:192.168.65.1": Only loopback "::1" returned, using that as bind address.
[2026-04-22 02:04:03.344 +01:00] [WRN] [61] Jellyfin.Networking.Manager.NetworkManager: "::ffff:192.168.65.1": Only loopback "::1" returned, using that as bind address.
[2026-04-22 02:05:34.702 +01:00] [INF] [55] Emby.Server.Implementations.ScheduledTasks.TaskManager: "Scan Media Library" Completed after 21 minute(s) and 21 seconds
[2026-04-22 02:05:34.829 +01:00] [INF] [33] Emby.Server.Implementations.IO.LibraryMonitor: Watching directory "/media_local/shows"
[2026-04-22 02:05:34.849 +01:00] [INF] [57] Emby.Server.Implementations.IO.LibraryMonitor: Watching directory "/media_local/movies"
[2026-04-22 02:05:35.266 +01:00] [INF] [56] Emby.Server.Implementations.IO.LibraryMonitor: Watching directory "/shows"
[2026-04-22 02:05:35.326 +01:00] [INF] [28] Emby.Server.Implementations.IO.LibraryMonitor: Watching directory "/movies"
[2026-04-22 02:05:36.226 +01:00] [WRN] [28] Jellyfin.Networking.Manager.NetworkManager: "::ffff:192.168.65.1": Only loopback "::1" returned, using that as bind address.
[2026-04-22 02:05:38.254 +01:00] [INF] [58] Emby.Server.Implementations.IO.LibraryMonitor: Stopping directory watching for path "/media_local/movies"
[2026-04-22 02:05:38.254 +01:00] [INF] [58] Emby.Server.Implementations.IO.LibraryMonitor: Stopping directory watching for path "/media_local/shows"
[2026-04-22 02:05:38.254 +01:00] [INF] [58] Emby.Server.Implementations.IO.LibraryMonitor: Stopping directory watching for path "/movies"
[2026-04-22 02:05:38.255 +01:00] [INF] [58] Emby.Server.Implementations.IO.LibraryMonitor: Stopping directory watching for path "/shows"
[2026-04-22 02:05:38.255 +01:00] [INF] [58] Emby.Server.Implementations.Library.LibraryManager: Validating media library
[2026-04-22 02:05:38.602 +01:00] [ERR] [33] Emby.Server.Implementations.Library.LibraryManager: Error in GetFilteredFileSystemEntries isPhysicalRoot: False IsVf: False
System.UnauthorizedAccessException: Access to the path '/movies/._Sherlock.Season.1-4.S01-S04.1080p.10bit.BluRay.5.1.x265.HEVC-MZABI' is denied.
 ---> System.IO.IOException: Operation not permitted
   --- End of inner exception stack trace ---
   at System.IO.FileSystemInfo.Create(String fullPath, String fileName, Boolean asDirectory, FileStatus& fileStatus)
   at System.IO.Enumeration.FileSystemEnumerableFactory.<>c.<FileSystemInfos>b__7_0(FileSystemEntry& entry)
   at System.IO.Enumeration.FileSystemEnumerator`1.MoveNext()
   at System.Linq.Enumerable.IEnumerableSelectIterator`2.ToArray()
   at MediaBrowser.Controller.IO.FileData.GetFilteredFileSystemEntries(IDirectoryService directoryService, String path, IFileSystem fileSystem, IServerApplicationHost appHost, ILogger logger, ItemResolveArgs args, Int32 flattenFolderDepth, Boolean resolveShortcuts)
   at Emby.Server.Implementations.Library.LibraryManager.ResolvePath(FileSystemMetadata fileInfo, IDirectoryService directoryService, IItemResolver[] resolvers, Folder parent, Nullable`1 collectionType, LibraryOptions libraryOptions)
[2026-04-22 02:05:38.606 +01:00] [WRN] [33] MediaBrowser.Controller.Entities.BaseItem: Library folder "/config/data/data/playlists" is inaccessible or empty, skipping
[2026-04-22 02:05:38.607 +01:00] [ERR] [26] MediaBrowser.Controller.Entities.BaseItem: Error refreshing owned items for "/movies"
System.UnauthorizedAccessException: Access to the path '/movies/._Sherlock.Season.1-4.S01-S04.1080p.10bit.BluRay.5.1.x265.HEVC-MZABI' is denied.
 ---> System.IO.IOException: Operation not permitted
   --- End of inner exception stack trace ---
   at System.IO.FileSystemInfo.Create(String fullPath, String fileName, Boolean asDirectory, FileStatus& fileStatus)
   at System.IO.Enumeration.FileSystemEnumerableFactory.<>c.<FileSystemInfos>b__7_0(FileSystemEntry& entry)
   at System.IO.Enumeration.FileSystemEnumerator`1.MoveNext()
   at System.Linq.Enumerable.IEnumerableSelectIterator`2.ToArray()
   at MediaBrowser.Controller.Providers.DirectoryService.GetFileSystemEntries(String path)
   at MediaBrowser.Controller.Entities.BaseItem.RefreshMetadata(MetadataRefreshOptions options, CancellationToken cancellationToken)
[2026-04-22 02:05:38.608 +01:00] [ERR] [26] MediaBrowser.Providers.Folders.FolderMetadataService: Error validating images for "/movies"
System.UnauthorizedAccessException: Access to the path '/movies/._Sherlock.Season.1-4.S01-S04.1080p.10bit.BluRay.5.1.x265.HEVC-MZABI' is denied.
 ---> System.IO.IOException: Operation not permitted
   --- End of inner exception stack trace ---
   at System.IO.FileSystemInfo.Create(String fullPath, String fileName, Boolean asDirectory, FileStatus& fileStatus)
   at System.IO.Enumeration.FileSystemEnumerableFactory.<>c.<FileSystemInfos>b__7_0(FileSystemEntry& entry)
   at System.IO.Enumeration.FileSystemEnumerator`1.MoveNext()
   at System.Linq.Enumerable.IEnumerableSelectIterator`2.ToArray()
   at System.Linq.Enumerable.SelectManySingleSelectorIterator`2.ToList()
   at MediaBrowser.Providers.Manager.ItemImageProvider.ValidateImages(BaseItem item, IEnumerable`1 providers, ImageRefreshOptions refreshOptions)
   at MediaBrowser.Providers.Manager.MetadataService`2.RefreshMetadata(BaseItem item, MetadataRefreshOptions refreshOptions, CancellationToken cancellationToken)
[2026-04-22 02:05:38.616 +01:00] [ERR] [56] MediaBrowser.Providers.Folders.CollectionFolderMetadataService: Error validating images for "/config/data/root/default/Movies (external)"
System.UnauthorizedAccessException: Access to the path '/movies/._Sherlock.Season.1-4.S01-S04.1080p.10bit.BluRay.5.1.x265.HEVC-MZABI' is denied.
 ---> System.IO.IOException: Operation not permitted
   --- End of inner exception stack trace ---
   at System.IO.FileSystemInfo.Create(String fullPath, String fileName, Boolean asDirectory, FileStatus& fileStatus)
   at System.IO.Enumeration.FileSystemEnumerableFactory.<>c.<FileInfos>b__5_0(FileSystemEntry& entry)
   at System.IO.Enumeration.FileSystemEnumerator`1.MoveNext()
   at System.Linq.Enumerable.IEnumerableWhereIterator`1.MoveNext()
   at System.Linq.Enumerable.IEnumerableSelectIterator`2.MoveNext()
   at System.Collections.Generic.SegmentedArrayBuilder`1.AddRange(IEnumerable`1 source)
   at System.Linq.Enumerable.SelectManySingleSelectorIterator`2.ToArray()
   at System.Linq.Enumerable.OrderedIterator`1.ToList()
   at MediaBrowser.LocalMetadata.Images.LocalImageProvider.GetImages(BaseItem item, IEnumerable`1 paths, IDirectoryService directoryService)
   at System.Linq.Enumerable.SelectManySingleSelectorIterator`2.ToList()
   at MediaBrowser.Providers.Manager.ItemImageProvider.ValidateImages(BaseItem item, IEnumerable`1 providers, ImageRefreshOptions refreshOptions)
   at MediaBrowser.Providers.Manager.MetadataService`2.RefreshMetadata(BaseItem item, MetadataRefreshOptions refreshOptions, CancellationToken cancellationToken)
[2026-04-22 02:05:38.620 +01:00] [ERR] [56] MediaBrowser.Providers.Folders.CollectionFolderMetadataService: Error validating images for "/config/data/root/default/Movies (external)"
System.UnauthorizedAccessException: Access to the path '/movies/._Sherlock.Season.1-4.S01-S04.1080p.10bit.BluRay.5.1.x265.HEVC-MZABI' is denied.
 ---> System.IO.IOException: Operation not permitted
   --- End of inner exception stack trace ---
   at System.IO.FileSystemInfo.Create(String fullPath, String fileName, Boolean asDirectory, FileStatus& fileStatus)
   at System.IO.Enumeration.FileSystemEnumerableFactory.<>c.<FileInfos>b__5_0(FileSystemEntry& entry)
   at System.IO.Enumeration.FileSystemEnumerator`1.MoveNext()
   at System.Linq.Enumerable.IEnumerableWhereIterator`1.MoveNext()
   at System.Linq.Enumerable.IEnumerableSelectIterator`2.MoveNext()
   at System.Collections.Generic.SegmentedArrayBuilder`1.AddRange(IEnumerable`1 source)
   at System.Linq.Enumerable.SelectManySingleSelectorIterator`2.ToArray()
   at System.Linq.Enumerable.OrderedIterator`1.ToList()
   at MediaBrowser.LocalMetadata.Images.LocalImageProvider.GetImages(BaseItem item, IEnumerable`1 paths, IDirectoryService directoryService)
   at System.Linq.Enumerable.SelectManySingleSelectorIterator`2.ToList()
   at MediaBrowser.Providers.Manager.ItemImageProvider.ValidateImages(BaseItem item, IEnumerable`1 providers, ImageRefreshOptions refreshOptions)
   at MediaBrowser.Providers.Manager.MetadataService`2.RefreshMetadata(BaseItem item, MetadataRefreshOptions refreshOptions, CancellationToken cancellationToken)
[2026-04-22 02:05:38.641 +01:00] [ERR] [56] Emby.Server.Implementations.Library.LibraryManager: Error in GetFilteredFileSystemEntries isPhysicalRoot: False IsVf: False
System.UnauthorizedAccessException: Access to the path '/movies/._Sherlock.Season.1-4.S01-S04.1080p.10bit.BluRay.5.1.x265.HEVC-MZABI' is denied.
 ---> System.IO.IOException: Operation not permitted
   --- End of inner exception stack trace ---
   at System.IO.FileSystemInfo.Create(String fullPath, String fileName, Boolean asDirectory, FileStatus& fileStatus)
   at System.IO.Enumeration.FileSystemEnumerableFactory.<>c.<FileSystemInfos>b__7_0(FileSystemEntry& entry)
   at System.IO.Enumeration.FileSystemEnumerator`1.MoveNext()
   at System.Linq.Enumerable.IEnumerableSelectIterator`2.ToArray()
   at MediaBrowser.Controller.IO.FileData.GetFilteredFileSystemEntries(IDirectoryService directoryService, String path, IFileSystem fileSystem, IServerApplicationHost appHost, ILogger logger, ItemResolveArgs args, Int32 flattenFolderDepth, Boolean resolveShortcuts)
   at Emby.Server.Implementations.Library.LibraryManager.ResolvePath(FileSystemMetadata fileInfo, IDirectoryService directoryService, IItemResolver[] resolvers, Folder parent, Nullable`1 collectionType, LibraryOptions libraryOptions)
[2026-04-22 02:05:38.645 +01:00] [WRN] [56] MediaBrowser.Controller.Entities.BaseItem: Library folder "/config/data/data/playlists" is inaccessible or empty, skipping
[2026-04-22 02:05:38.648 +01:00] [ERR] [58] MediaBrowser.Controller.Entities.BaseItem: Error retrieving children
System.UnauthorizedAccessException: Access to the path '/movies/._Sherlock.Season.1-4.S01-S04.1080p.10bit.BluRay.5.1.x265.HEVC-MZABI' is denied.
 ---> System.IO.IOException: Operation not permitted
   --- End of inner exception stack trace ---
   at System.IO.FileSystemInfo.Create(String fullPath, String fileName, Boolean asDirectory, FileStatus& fileStatus)
   at System.IO.Enumeration.FileSystemEnumerableFactory.<>c.<FileSystemInfos>b__7_0(FileSystemEntry& entry)
   at System.IO.Enumeration.FileSystemEnumerator`1.MoveNext()
   at System.Linq.Enumerable.IEnumerableSelectIterator`2.ToArray()
   at MediaBrowser.Controller.Providers.DirectoryService.GetFileSystemEntries(String path)
   at MediaBrowser.Controller.Entities.Folder.GetNonCachedChildren(IDirectoryService directoryService)
   at MediaBrowser.Controller.Entities.Folder.ValidateChildrenInternal2(IProgress`1 progress, Boolean recursive, Boolean refreshChildMetadata, Boolean allowRemoveRoot, MetadataRefreshOptions refreshOptions, IDirectoryService directoryService, CancellationToken cancellationToken)
[2026-04-22 02:05:38.697 +01:00] [INF] [28] Emby.Server.Implementations.Library.LibraryManager: Removing item, Type: "Movie", Name: "The Basketball Diaries", Path: "/media_local/movies/The Basketball Diaries (1995) [1080p]/The.Basketball.Diaries.1995.1080p.BluRay.x264.YIFY.mp4", Id: 7a9e267e-1c95-a40c-b3a5-31ea0d5cda6a
[2026-04-22 02:05:38.836 +01:00] [INF] [28] Emby.Server.Implementations.Library.LibraryManager: Removing item, Type: "Movie", Name: "Sex and the City", Path: "/media_local/movies/Sex.and.the.City.2008.TUBI.WEB-DL.AAC.2.0.H.264-PiRaTeS[TGx]/Sex.and.the.City.2008.TUBI.WEB-DL.AAC.2.0.H.264-PiRaTeS.mkv", Id: 48b857ad-5355-a8ee-1cd7-0fffefdf57be
[2026-04-22 02:05:38.878 +01:00] [INF] [28] Emby.Server.Implementations.Library.LibraryManager: Removing item, Type: "Movie", Name: "Sex and the City 2", Path: "/media_local/movies/Sex and the City 2 (2010) [1080p]/Sex.and.the.City.2.2010.1080p.BrRip.x264.YIFY.mp4", Id: b73eaf32-f8f5-1604-be7e-4cd1e592468e
[2026-04-22 02:05:46.685 +01:00] [ERR] [28] MediaBrowser.Controller.Entities.BaseItem: Error refreshing owned items for "/movies"
System.UnauthorizedAccessException: Access to the path '/movies/._Sherlock.Season.1-4.S01-S04.1080p.10bit.BluRay.5.1.x265.HEVC-MZABI' is denied.
 ---> System.IO.IOException: Operation not permitted
   --- End of inner exception stack trace ---
   at System.IO.FileSystemInfo.Create(String fullPath, String fileName, Boolean asDirectory, FileStatus& fileStatus)
   at System.IO.Enumeration.FileSystemEnumerableFactory.<>c.<FileSystemInfos>b__7_0(FileSystemEntry& entry)
   at System.IO.Enumeration.FileSystemEnumerator`1.MoveNext()
   at System.Linq.Enumerable.IEnumerableSelectIterator`2.ToArray()
   at MediaBrowser.Controller.Providers.DirectoryService.GetFileSystemEntries(String path)
   at MediaBrowser.Controller.Entities.BaseItem.RefreshMetadata(MetadataRefreshOptions options, CancellationToken cancellationToken)
[2026-04-22 02:05:46.689 +01:00] [ERR] [28] MediaBrowser.Providers.Folders.FolderMetadataService: Error validating images for "/movies"
System.UnauthorizedAccessException: Access to the path '/movies/._Sherlock.Season.1-4.S01-S04.1080p.10bit.BluRay.5.1.x265.HEVC-MZABI' is denied.
 ---> System.IO.IOException: Operation not permitted
   --- End of inner exception stack trace ---
   at System.IO.FileSystemInfo.Create(String fullPath, String fileName, Boolean asDirectory, FileStatus& fileStatus)
   at System.IO.Enumeration.FileSystemEnumerableFactory.<>c.<FileSystemInfos>b__7_0(FileSystemEntry& entry)
   at System.IO.Enumeration.FileSystemEnumerator`1.MoveNext()
   at System.Linq.Enumerable.IEnumerableSelectIterator`2.ToArray()
   at System.Linq.Enumerable.SelectManySingleSelectorIterator`2.ToList()
   at MediaBrowser.Providers.Manager.ItemImageProvider.ValidateImages(BaseItem item, IEnumerable`1 providers, ImageRefreshOptions refreshOptions)
   at MediaBrowser.Providers.Manager.MetadataService`2.RefreshMetadata(BaseItem item, MetadataRefreshOptions refreshOptions, CancellationToken cancellationToken)
[2026-04-22 02:05:47.855 +01:00] [ERR] [28] MediaBrowser.Controller.Entities.BaseItem: Error refreshing owned items for "/movies/Burning.2018.KOREAN.1080p.BRRip.x264.MkvCage.ws.mkv"
System.UnauthorizedAccessException: Access to the path '/movies/._Sherlock.Season.1-4.S01-S04.1080p.10bit.BluRay.5.1.x265.HEVC-MZABI' is denied.
 ---> System.IO.IOException: Operation not permitted
   --- End of inner exception stack trace ---
   at System.IO.FileSystemInfo.Create(String fullPath, String fileName, Boolean asDirectory, FileStatus& fileStatus)
   at System.IO.Enumeration.FileSystemEnumerableFactory.<>c.<FileSystemInfos>b__7_0(FileSystemEntry& entry)
   at System.IO.Enumeration.FileSystemEnumerator`1.MoveNext()
   at System.Linq.Enumerable.IEnumerableSelectIterator`2.ToArray()
   at MediaBrowser.Controller.Providers.DirectoryService.GetFileSystemEntries(String path)
   at MediaBrowser.Controller.Entities.BaseItem.RefreshMetadata(MetadataRefreshOptions options, CancellationToken cancellationToken)
[2026-04-22 02:05:47.856 +01:00] [ERR] [28] MediaBrowser.Providers.Movies.MovieMetadataService: Error validating images for "/movies/Burning.2018.KOREAN.1080p.BRRip.x264.MkvCage.ws.mkv"
System.UnauthorizedAccessException: Access to the path '/movies/._Sherlock.Season.1-4.S01-S04.1080p.10bit.BluRay.5.1.x265.HEVC-MZABI' is denied.
 ---> System.IO.IOException: Operation not permitted
   --- End of inner exception stack trace ---
   at System.IO.FileSystemInfo.Create(String fullPath, String fileName, Boolean asDirectory, FileStatus& fileStatus)
   at System.IO.Enumeration.FileSystemEnumerableFactory.<>c.<FileSystemInfos>b__7_0(FileSystemEntry& entry)
   at System.IO.Enumeration.FileSystemEnumerator`1.MoveNext()
   at System.Linq.Enumerable.IEnumerableSelectIterator`2.ToArray()
   at System.Linq.Enumerable.SelectManySingleSelectorIterator`2.ToList()
   at MediaBrowser.Providers.Manager.ItemImageProvider.ValidateImages(BaseItem item, IEnumerable`1 providers, ImageRefreshOptions refreshOptions)
   at MediaBrowser.Providers.Manager.MetadataService`2.RefreshMetadata(BaseItem item, MetadataRefreshOptions refreshOptions, CancellationToken cancellationToken)
[2026-04-22 02:05:47.914 +01:00] [ERR] [28] MediaBrowser.Controller.Entities.BaseItem: Error refreshing owned items for "/movies/comrades.almost.a.love.story.1996.720p.bluray.hevc.x265.rmteam.mkv"
System.UnauthorizedAccessException: Access to the path '/movies/._Sherlock.Season.1-4.S01-S04.1080p.10bit.BluRay.5.1.x265.HEVC-MZABI' is denied.
 ---> System.IO.IOException: Operation not permitted
   --- End of inner exception stack trace ---
   at System.IO.FileSystemInfo.Create(String fullPath, String fileName, Boolean asDirectory, FileStatus& fileStatus)
   at System.IO.Enumeration.FileSystemEnumerableFactory.<>c.<FileSystemInfos>b__7_0(FileSystemEntry& entry)
   at System.IO.Enumeration.FileSystemEnumerator`1.MoveNext()
   at System.Linq.Enumerable.IEnumerableSelectIterator`2.ToArray()
   at MediaBrowser.Controller.Providers.DirectoryService.GetFileSystemEntries(String path)
   at MediaBrowser.Controller.Entities.BaseItem.RefreshMetadata(MetadataRefreshOptions options, CancellationToken cancellationToken)
[2026-04-22 02:05:47.915 +01:00] [ERR] [28] MediaBrowser.Providers.Movies.MovieMetadataService: Error validating images for "/movies/comrades.almost.a.love.story.1996.720p.bluray.hevc.x265.rmteam.mkv"
System.UnauthorizedAccessException: Access to the path '/movies/._Sherlock.Season.1-4.S01-S04.1080p.10bit.BluRay.5.1.x265.HEVC-MZABI' is denied.
 ---> System.IO.IOException: Operation not permitted
   --- End of inner exception stack trace ---
   at System.IO.FileSystemInfo.Create(String fullPath, String fileName, Boolean asDirectory, FileStatus& fileStatus)
   at System.IO.Enumeration.FileSystemEnumerableFactory.<>c.<FileSystemInfos>b__7_0(FileSystemEntry& entry)
   at System.IO.Enumeration.FileSystemEnumerator`1.MoveNext()
   at System.Linq.Enumerable.IEnumerableSelectIterator`2.ToArray()
   at System.Linq.Enumerable.SelectManySingleSelectorIterator`2.ToList()
   at MediaBrowser.Providers.Manager.ItemImageProvider.ValidateImages(BaseItem item, IEnumerable`1 providers, ImageRefreshOptions refreshOptions)
   at MediaBrowser.Providers.Manager.MetadataService`2.RefreshMetadata(BaseItem item, MetadataRefreshOptions refreshOptions, CancellationToken cancellationToken)
[2026-04-22 02:05:47.955 +01:00] [ERR] [28] MediaBrowser.Controller.Entities.BaseItem: Error refreshing owned items for "/movies/Decision To Leave 2022 1080p Korean WEB-DL HEVC x265 5.1 BONE.mkv"
System.UnauthorizedAccessException: Access to the path '/movies/._Sherlock.Season.1-4.S01-S04.1080p.10bit.BluRay.5.1.x265.HEVC-MZABI' is denied.
 ---> System.IO.IOException: Operation not permitted
   --- End of inner exception stack trace ---
   at System.IO.FileSystemInfo.Create(String fullPath, String fileName, Boolean asDirectory, FileStatus& fileStatus)
   at System.IO.Enumeration.FileSystemEnumerableFactory.<>c.<FileSystemInfos>b__7_0(FileSystemEntry& entry)
   at System.IO.Enumeration.FileSystemEnumerator`1.MoveNext()
   at System.Linq.Enumerable.IEnumerableSelectIterator`2.ToArray()
   at MediaBrowser.Controller.Providers.DirectoryService.GetFileSystemEntries(String path)
   at MediaBrowser.Controller.Entities.BaseItem.RefreshMetadata(MetadataRefreshOptions options, CancellationToken cancellationToken)
[2026-04-22 02:05:47.957 +01:00] [ERR] [28] MediaBrowser.Providers.Movies.MovieMetadataService: Error validating images for "/movies/Decision To Leave 2022 1080p Korean WEB-DL HEVC x265 5.1 BONE.mkv"
System.UnauthorizedAccessException: Access to the path '/movies/._Sherlock.Season.1-4.S01-S04.1080p.10bit.BluRay.5.1.x265.HEVC-MZABI' is denied.
 ---> System.IO.IOException: Operation not permitted
   --- End of inner exception stack trace ---
   at System.IO.FileSystemInfo.Create(String fullPath, String fileName, Boolean asDirectory, FileStatus& fileStatus)
   at System.IO.Enumeration.FileSystemEnumerableFactory.<>c.<FileSystemInfos>b__7_0(FileSystemEntry& entry)
   at System.IO.Enumeration.FileSystemEnumerator`1.MoveNext()
   at System.Linq.Enumerable.IEnumerableSelectIterator`2.ToArray()
   at System.Linq.Enumerable.SelectManySingleSelectorIterator`2.ToList()
   at MediaBrowser.Providers.Manager.ItemImageProvider.ValidateImages(BaseItem item, IEnumerable`1 providers, ImageRefreshOptions refreshOptions)
   at MediaBrowser.Providers.Manager.MetadataService`2.RefreshMetadata(BaseItem item, MetadataRefreshOptions refreshOptions, CancellationToken cancellationToken)
[2026-04-22 02:05:48.089 +01:00] [ERR] [28] MediaBrowser.Controller.Entities.BaseItem: Error refreshing owned items for "/movies/Gladiator.2000.Bluray.2160p.AV1.HDR10.OPUS.7.1-UH.mkv"
System.UnauthorizedAccessException: Access to the path '/movies/._Sherlock.Season.1-4.S01-S04.1080p.10bit.BluRay.5.1.x265.HEVC-MZABI' is denied.
 ---> System.IO.IOException: Operation not permitted
   --- End of inner exception stack trace ---
   at System.IO.FileSystemInfo.Create(String fullPath, String fileName, Boolean asDirectory, FileStatus& fileStatus)
   at System.IO.Enumeration.FileSystemEnumerableFactory.<>c.<FileSystemInfos>b__7_0(FileSystemEntry& entry)
   at System.IO.Enumeration.FileSystemEnumerator`1.MoveNext()
   at System.Linq.Enumerable.IEnumerableSelectIterator`2.ToArray()
   at MediaBrowser.Controller.Providers.DirectoryService.GetFileSystemEntries(String path)
   at MediaBrowser.Controller.Entities.BaseItem.RefreshMetadata(MetadataRefreshOptions options, CancellationToken cancellationToken)
[2026-04-22 02:05:48.092 +01:00] [ERR] [28] MediaBrowser.Providers.Movies.MovieMetadataService: Error validating images for "/movies/Gladiator.2000.Bluray.2160p.AV1.HDR10.OPUS.7.1-UH.mkv"
System.UnauthorizedAccessException: Access to the path '/movies/._Sherlock.Season.1-4.S01-S04.1080p.10bit.BluRay.5.1.x265.HEVC-MZABI' is denied.
 ---> System.IO.IOException: Operation not permitted
   --- End of inner exception stack trace ---
   at System.IO.FileSystemInfo.Create(String fullPath, String fileName, Boolean asDirectory, FileStatus& fileStatus)
   at System.IO.Enumeration.FileSystemEnumerableFactory.<>c.<FileSystemInfos>b__7_0(FileSystemEntry& entry)
   at System.IO.Enumeration.FileSystemEnumerator`1.MoveNext()
   at System.Linq.Enumerable.IEnumerableSelectIterator`2.ToArray()
   at System.Linq.Enumerable.SelectManySingleSelectorIterator`2.ToList()
   at MediaBrowser.Providers.Manager.ItemImageProvider.ValidateImages(BaseItem item, IEnumerable`1 providers, ImageRefreshOptions refreshOptions)
   at MediaBrowser.Providers.Manager.MetadataService`2.RefreshMetadata(BaseItem item, MetadataRefreshOptions refreshOptions, CancellationToken cancellationToken)
[2026-04-22 02:05:49.473 +01:00] [ERR] [26] MediaBrowser.Controller.Entities.BaseItem: Error refreshing owned items for "/movies/La Jetée (1963) Criterion (1080p BluRay x265 afm72).mkv"
System.UnauthorizedAccessException: Access to the path '/movies/._Sherlock.Season.1-4.S01-S04.1080p.10bit.BluRay.5.1.x265.HEVC-MZABI' is denied.
 ---> System.IO.IOException: Operation not permitted
   --- End of inner exception stack trace ---
   at System.IO.FileSystemInfo.Create(String fullPath, String fileName, Boolean asDirectory, FileStatus& fileStatus)
   at System.IO.Enumeration.FileSystemEnumerableFactory.<>c.<FileSystemInfos>b__7_0(FileSystemEntry& entry)
   at System.IO.Enumeration.FileSystemEnumerator`1.MoveNext()
   at System.Linq.Enumerable.IEnumerableSelectIterator`2.ToArray()
   at MediaBrowser.Controller.Providers.DirectoryService.GetFileSystemEntries(String path)
   at MediaBrowser.Controller.Entities.BaseItem.RefreshMetadata(MetadataRefreshOptions options, CancellationToken cancellationToken)
[2026-04-22 02:05:49.474 +01:00] [ERR] [26] MediaBrowser.Providers.Movies.MovieMetadataService: Error validating images for "/movies/La Jetée (1963) Criterion (1080p BluRay x265 afm72).mkv"
System.UnauthorizedAccessException: Access to the path '/movies/._Sherlock.Season.1-4.S01-S04.1080p.10bit.BluRay.5.1.x265.HEVC-MZABI' is denied.
 ---> System.IO.IOException: Operation not permitted
   --- End of inner exception stack trace ---
   at System.IO.FileSystemInfo.Create(String fullPath, String fileName, Boolean asDirectory, FileStatus& fileStatus)
   at System.IO.Enumeration.FileSystemEnumerableFactory.<>c.<FileSystemInfos>b__7_0(FileSystemEntry& entry)
   at System.IO.Enumeration.FileSystemEnumerator`1.MoveNext()
   at System.Linq.Enumerable.IEnumerableSelectIterator`2.ToArray()
   at System.Linq.Enumerable.SelectManySingleSelectorIterator`2.ToList()
   at MediaBrowser.Providers.Manager.ItemImageProvider.ValidateImages(BaseItem item, IEnumerable`1 providers, ImageRefreshOptions refreshOptions)
   at MediaBrowser.Providers.Manager.MetadataService`2.RefreshMetadata(BaseItem item, MetadataRefreshOptions refreshOptions, CancellationToken cancellationToken)
[2026-04-22 02:05:49.712 +01:00] [ERR] [4] MediaBrowser.Controller.Entities.BaseItem: Error refreshing owned items for "/movies/Love in the Big City 2024 1080p Korean WEB-DL HEVC x265 BONE.mkv"
System.UnauthorizedAccessException: Access to the path '/movies/._Sherlock.Season.1-4.S01-S04.1080p.10bit.BluRay.5.1.x265.HEVC-MZABI' is denied.
 ---> System.IO.IOException: Operation not permitted
   --- End of inner exception stack trace ---
   at System.IO.FileSystemInfo.Create(String fullPath, String fileName, Boolean asDirectory, FileStatus& fileStatus)
   at System.IO.Enumeration.FileSystemEnumerableFactory.<>c.<FileSystemInfos>b__7_0(FileSystemEntry& entry)
   at System.IO.Enumeration.FileSystemEnumerator`1.MoveNext()
   at System.Linq.Enumerable.IEnumerableSelectIterator`2.ToArray()
   at MediaBrowser.Controller.Providers.DirectoryService.GetFileSystemEntries(String path)
   at MediaBrowser.Controller.Entities.BaseItem.RefreshMetadata(MetadataRefreshOptions options, CancellationToken cancellationToken)
[2026-04-22 02:05:49.714 +01:00] [ERR] [4] MediaBrowser.Providers.Movies.MovieMetadataService: Error validating images for "/movies/Love in the Big City 2024 1080p Korean WEB-DL HEVC x265 BONE.mkv"
System.UnauthorizedAccessException: Access to the path '/movies/._Sherlock.Season.1-4.S01-S04.1080p.10bit.BluRay.5.1.x265.HEVC-MZABI' is denied.
 ---> System.IO.IOException: Operation not permitted
   --- End of inner exception stack trace ---
   at System.IO.FileSystemInfo.Create(String fullPath, String fileName, Boolean asDirectory, FileStatus& fileStatus)
   at System.IO.Enumeration.FileSystemEnumerableFactory.<>c.<FileSystemInfos>b__7_0(FileSystemEntry& entry)
   at System.IO.Enumeration.FileSystemEnumerator`1.MoveNext()
   at System.Linq.Enumerable.IEnumerableSelectIterator`2.ToArray()
   at System.Linq.Enumerable.SelectManySingleSelectorIterator`2.ToList()
   at MediaBrowser.Providers.Manager.ItemImageProvider.ValidateImages(BaseItem item, IEnumerable`1 providers, ImageRefreshOptions refreshOptions)
   at MediaBrowser.Providers.Manager.MetadataService`2.RefreshMetadata(BaseItem item, MetadataRefreshOptions refreshOptions, CancellationToken cancellationToken)
[2026-04-22 02:05:49.728 +01:00] [ERR] [4] MediaBrowser.Controller.Entities.BaseItem: Error refreshing owned items for "/movies/Mary Poppins (1964) BDRip ENG-ITA x265 subs -Shiv@.mkv"
System.UnauthorizedAccessException: Access to the path '/movies/._Sherlock.Season.1-4.S01-S04.1080p.10bit.BluRay.5.1.x265.HEVC-MZABI' is denied.
 ---> System.IO.IOException: Operation not permitted
   --- End of inner exception stack trace ---
   at System.IO.FileSystemInfo.Create(String fullPath, String fileName, Boolean asDirectory, FileStatus& fileStatus)
   at System.IO.Enumeration.FileSystemEnumerableFactory.<>c.<FileSystemInfos>b__7_0(FileSystemEntry& entry)
   at System.IO.Enumeration.FileSystemEnumerator`1.MoveNext()
   at System.Linq.Enumerable.IEnumerableSelectIterator`2.ToArray()
   at MediaBrowser.Controller.Providers.DirectoryService.GetFileSystemEntries(String path)
   at MediaBrowser.Controller.Entities.BaseItem.RefreshMetadata(MetadataRefreshOptions options, CancellationToken cancellationToken)
[2026-04-22 02:05:49.730 +01:00] [ERR] [4] MediaBrowser.Providers.Movies.MovieMetadataService: Error validating images for "/movies/Mary Poppins (1964) BDRip ENG-ITA x265 subs -Shiv@.mkv"
System.UnauthorizedAccessException: Access to the path '/movies/._Sherlock.Season.1-4.S01-S04.1080p.10bit.BluRay.5.1.x265.HEVC-MZABI' is denied.
 ---> System.IO.IOException: Operation not permitted
   --- End of inner exception stack trace ---
   at System.IO.FileSystemInfo.Create(String fullPath, String fileName, Boolean asDirectory, FileStatus& fileStatus)
   at System.IO.Enumeration.FileSystemEnumerableFactory.<>c.<FileSystemInfos>b__7_0(FileSystemEntry& entry)
   at System.IO.Enumeration.FileSystemEnumerator`1.MoveNext()
   at System.Linq.Enumerable.IEnumerableSelectIterator`2.ToArray()
   at System.Linq.Enumerable.SelectManySingleSelectorIterator`2.ToList()
   at MediaBrowser.Providers.Manager.ItemImageProvider.ValidateImages(BaseItem item, IEnumerable`1 providers, ImageRefreshOptions refreshOptions)
   at MediaBrowser.Providers.Manager.MetadataService`2.RefreshMetadata(BaseItem item, MetadataRefreshOptions refreshOptions, CancellationToken cancellationToken)
[2026-04-22 02:05:50.041 +01:00] [ERR] [18] MediaBrowser.Controller.Entities.BaseItem: Error refreshing owned items for "/movies/Punch Drunk Love 2002 REMASTERED 1080p BluRay HEVC x265 5.1 BONE.mkv"
System.UnauthorizedAccessException: Access to the path '/movies/._Sherlock.Season.1-4.S01-S04.1080p.10bit.BluRay.5.1.x265.HEVC-MZABI' is denied.
 ---> System.IO.IOException: Operation not permitted
   --- End of inner exception stack trace ---
   at System.IO.FileSystemInfo.Create(String fullPath, String fileName, Boolean asDirectory, FileStatus& fileStatus)
   at System.IO.Enumeration.FileSystemEnumerableFactory.<>c.<FileSystemInfos>b__7_0(FileSystemEntry& entry)
   at System.IO.Enumeration.FileSystemEnumerator`1.MoveNext()
   at System.Linq.Enumerable.IEnumerableSelectIterator`2.ToArray()
   at MediaBrowser.Controller.Providers.DirectoryService.GetFileSystemEntries(String path)
   at MediaBrowser.Controller.Entities.BaseItem.RefreshMetadata(MetadataRefreshOptions options, CancellationToken cancellationToken)
[2026-04-22 02:05:50.043 +01:00] [ERR] [18] MediaBrowser.Providers.Movies.MovieMetadataService: Error validating images for "/movies/Punch Drunk Love 2002 REMASTERED 1080p BluRay HEVC x265 5.1 BONE.mkv"
System.UnauthorizedAccessException: Access to the path '/movies/._Sherlock.Season.1-4.S01-S04.1080p.10bit.BluRay.5.1.x265.HEVC-MZABI' is denied.
 ---> System.IO.IOException: Operation not permitted
   --- End of inner exception stack trace ---
   at System.IO.FileSystemInfo.Create(String fullPath, String fileName, Boolean asDirectory, FileStatus& fileStatus)
   at System.IO.Enumeration.FileSystemEnumerableFactory.<>c.<FileSystemInfos>b__7_0(FileSystemEntry& entry)
   at System.IO.Enumeration.FileSystemEnumerator`1.MoveNext()
   at System.Linq.Enumerable.IEnumerableSelectIterator`2.ToArray()
   at System.Linq.Enumerable.SelectManySingleSelectorIterator`2.ToList()
   at MediaBrowser.Providers.Manager.ItemImageProvider.ValidateImages(BaseItem item, IEnumerable`1 providers, ImageRefreshOptions refreshOptions)
   at MediaBrowser.Providers.Manager.MetadataService`2.RefreshMetadata(BaseItem item, MetadataRefreshOptions refreshOptions, CancellationToken cancellationToken)
[2026-04-22 02:05:50.174 +01:00] [ERR] [18] MediaBrowser.Controller.Entities.BaseItem: Error refreshing owned items for "/movies/Snow.Bear.2025.1080p.WEB-DL.H264-fl00f.mkv"
System.UnauthorizedAccessException: Access to the path '/movies/._Sherlock.Season.1-4.S01-S04.1080p.10bit.BluRay.5.1.x265.HEVC-MZABI' is denied.
 ---> System.IO.IOException: Operation not permitted
   --- End of inner exception stack trace ---
   at System.IO.FileSystemInfo.Create(String fullPath, String fileName, Boolean asDirectory, FileStatus& fileStatus)
   at System.IO.Enumeration.FileSystemEnumerableFactory.<>c.<FileSystemInfos>b__7_0(FileSystemEntry& entry)
   at System.IO.Enumeration.FileSystemEnumerator`1.MoveNext()
   at System.Linq.Enumerable.IEnumerableSelectIterator`2.ToArray()
   at MediaBrowser.Controller.Providers.DirectoryService.GetFileSystemEntries(String path)
   at MediaBrowser.Controller.Entities.BaseItem.RefreshMetadata(MetadataRefreshOptions options, CancellationToken cancellationToken)
[2026-04-22 02:05:50.175 +01:00] [ERR] [18] MediaBrowser.Providers.Movies.MovieMetadataService: Error validating images for "/movies/Snow.Bear.2025.1080p.WEB-DL.H264-fl00f.mkv"
System.UnauthorizedAccessException: Access to the path '/movies/._Sherlock.Season.1-4.S01-S04.1080p.10bit.BluRay.5.1.x265.HEVC-MZABI' is denied.
 ---> System.IO.IOException: Operation not permitted
   --- End of inner exception stack trace ---
   at System.IO.FileSystemInfo.Create(String fullPath, String fileName, Boolean asDirectory, FileStatus& fileStatus)
   at System.IO.Enumeration.FileSystemEnumerableFactory.<>c.<FileSystemInfos>b__7_0(FileSystemEntry& entry)
   at System.IO.Enumeration.FileSystemEnumerator`1.MoveNext()
   at System.Linq.Enumerable.IEnumerableSelectIterator`2.ToArray()
   at System.Linq.Enumerable.SelectManySingleSelectorIterator`2.ToList()
   at MediaBrowser.Providers.Manager.ItemImageProvider.ValidateImages(BaseItem item, IEnumerable`1 providers, ImageRefreshOptions refreshOptions)
   at MediaBrowser.Providers.Manager.MetadataService`2.RefreshMetadata(BaseItem item, MetadataRefreshOptions refreshOptions, CancellationToken cancellationToken)
[2026-04-22 02:05:53.892 +01:00] [WRN] [18] Microsoft.EntityFrameworkCore.Query: Compiling a query which loads related collections for more than one collection navigation, either via 'Include' or through projection, but no 'QuerySplittingBehavior' has been configured. By default, Entity Framework will use 'QuerySplittingBehavior.SingleQuery', which can potentially result in slow query performance. See https://go.microsoft.com/fwlink/?linkid=2134277 for more information. To identify the query that's triggering this warning call 'ConfigureWarnings(w => w.Throw(RelationalEventId.MultipleCollectionIncludeWarning))'.
[2026-04-22 02:05:56.567 +01:00] [INF] [28] Emby.Server.Implementations.ScheduledTasks.TaskManager: "Scan Media Library" Completed after 0 minute(s) and 18 seconds
[2026-04-22 02:05:56.620 +01:00] [INF] [57] Emby.Server.Implementations.IO.LibraryMonitor: Watching directory "/media_local/shows"
[2026-04-22 02:05:56.640 +01:00] [INF] [26] Emby.Server.Implementations.IO.LibraryMonitor: Watching directory "/media_local/movies"
[2026-04-22 02:05:57.080 +01:00] [INF] [4] Emby.Server.Implementations.IO.LibraryMonitor: Watching directory "/shows"
[2026-04-22 02:05:57.105 +01:00] [INF] [18] Emby.Server.Implementations.IO.LibraryMonitor: Watching directory "/audiobooks"
[2026-04-22 02:05:57.132 +01:00] [INF] [33] Emby.Server.Implementations.IO.LibraryMonitor: Watching directory "/movies"
[2026-04-22 02:06:11.458 +01:00] [WRN] [4] Jellyfin.Networking.Manager.NetworkManager: "::ffff:192.168.65.1": Only loopback "::1" returned, using that as bind address.
[2026-04-22 02:07:16.202 +01:00] [WRN] [58] Jellyfin.Networking.Manager.NetworkManager: "::ffff:192.168.65.1": Only loopback "::1" returned, using that as bind address.
[2026-04-22 02:07:57.454 +01:00] [WRN] [60] Microsoft.EntityFrameworkCore.Query: The query uses a row limiting operator ('Skip'/'Take') without an 'OrderBy' operator. This may lead to unpredictable results. If the 'Distinct' operator is used after 'OrderBy', then make sure to use the 'OrderBy' operator after 'Distinct' as the ordering would otherwise get erased.
[2026-04-22 02:08:02.006 +01:00] [WRN] [60] Microsoft.EntityFrameworkCore.Query: Compiling a query which loads related collections for more than one collection navigation, either via 'Include' or through projection, but no 'QuerySplittingBehavior' has been configured. By default, Entity Framework will use 'QuerySplittingBehavior.SingleQuery', which can potentially result in slow query performance. See https://go.microsoft.com/fwlink/?linkid=2134277 for more information. To identify the query that's triggering this warning call 'ConfigureWarnings(w => w.Throw(RelationalEventId.MultipleCollectionIncludeWarning))'.
[2026-04-22 02:09:17.350 +01:00] [WRN] [30] Jellyfin.Networking.Manager.NetworkManager: "::ffff:192.168.65.1": Only loopback "::1" returned, using that as bind address.
[2026-04-22 02:09:18.442 +01:00] [INF] [32] Emby.Server.Implementations.IO.LibraryMonitor: Stopping directory watching for path "/media_local/movies"
[2026-04-22 02:09:18.445 +01:00] [INF] [32] Emby.Server.Implementations.IO.LibraryMonitor: Stopping directory watching for path "/media_local/shows"
[2026-04-22 02:09:18.445 +01:00] [INF] [32] Emby.Server.Implementations.IO.LibraryMonitor: Stopping directory watching for path "/movies"
[2026-04-22 02:09:18.446 +01:00] [INF] [32] Emby.Server.Implementations.IO.LibraryMonitor: Stopping directory watching for path "/audiobooks"
[2026-04-22 02:09:18.447 +01:00] [INF] [32] Emby.Server.Implementations.IO.LibraryMonitor: Stopping directory watching for path "/shows"
[2026-04-22 02:09:18.448 +01:00] [INF] [32] Emby.Server.Implementations.Library.LibraryManager: Validating media library
[2026-04-22 02:09:18.527 +01:00] [ERR] [32] Emby.Server.Implementations.Library.LibraryManager: Error in GetFilteredFileSystemEntries isPhysicalRoot: False IsVf: False
System.UnauthorizedAccessException: Access to the path '/shows/._Sherlock.Season.1-4.S01-S04.1080p.10bit.BluRay.5.1.x265.HEVC-MZABI' is denied.
 ---> System.IO.IOException: Operation not permitted
   --- End of inner exception stack trace ---
   at System.IO.FileSystemInfo.Create(String fullPath, String fileName, Boolean asDirectory, FileStatus& fileStatus)
   at System.IO.Enumeration.FileSystemEnumerableFactory.<>c.<FileSystemInfos>b__7_0(FileSystemEntry& entry)
   at System.IO.Enumeration.FileSystemEnumerator`1.MoveNext()
   at System.Linq.Enumerable.IEnumerableSelectIterator`2.ToArray()
   at MediaBrowser.Controller.IO.FileData.GetFilteredFileSystemEntries(IDirectoryService directoryService, String path, IFileSystem fileSystem, IServerApplicationHost appHost, ILogger logger, ItemResolveArgs args, Int32 flattenFolderDepth, Boolean resolveShortcuts)
   at Emby.Server.Implementations.Library.LibraryManager.ResolvePath(FileSystemMetadata fileInfo, IDirectoryService directoryService, IItemResolver[] resolvers, Folder parent, Nullable`1 collectionType, LibraryOptions libraryOptions)
[2026-04-22 02:09:18.591 +01:00] [WRN] [32] MediaBrowser.Controller.Entities.BaseItem: Library folder "/config/data/data/playlists" is inaccessible or empty, skipping
[2026-04-22 02:09:18.592 +01:00] [ERR] [37] MediaBrowser.Controller.Entities.BaseItem: Error refreshing owned items for "/shows"
System.UnauthorizedAccessException: Access to the path '/shows/._Sherlock.Season.1-4.S01-S04.1080p.10bit.BluRay.5.1.x265.HEVC-MZABI' is denied.
 ---> System.IO.IOException: Operation not permitted
   --- End of inner exception stack trace ---
   at System.IO.FileSystemInfo.Create(String fullPath, String fileName, Boolean asDirectory, FileStatus& fileStatus)
   at System.IO.Enumeration.FileSystemEnumerableFactory.<>c.<FileSystemInfos>b__7_0(FileSystemEntry& entry)
   at System.IO.Enumeration.FileSystemEnumerator`1.MoveNext()
   at System.Linq.Enumerable.IEnumerableSelectIterator`2.ToArray()
   at MediaBrowser.Controller.Providers.DirectoryService.GetFileSystemEntries(String path)
   at MediaBrowser.Controller.Entities.BaseItem.RefreshMetadata(MetadataRefreshOptions options, CancellationToken cancellationToken)
[2026-04-22 02:09:18.592 +01:00] [ERR] [37] MediaBrowser.Providers.Folders.FolderMetadataService: Error validating images for "/shows"
System.UnauthorizedAccessException: Access to the path '/shows/._Sherlock.Season.1-4.S01-S04.1080p.10bit.BluRay.5.1.x265.HEVC-MZABI' is denied.
 ---> System.IO.IOException: Operation not permitted
   --- End of inner exception stack trace ---
   at System.IO.FileSystemInfo.Create(String fullPath, String fileName, Boolean asDirectory, FileStatus& fileStatus)
   at System.IO.Enumeration.FileSystemEnumerableFactory.<>c.<FileSystemInfos>b__7_0(FileSystemEntry& entry)
   at System.IO.Enumeration.FileSystemEnumerator`1.MoveNext()
   at System.Linq.Enumerable.IEnumerableSelectIterator`2.ToArray()
   at System.Linq.Enumerable.SelectManySingleSelectorIterator`2.ToList()
   at MediaBrowser.Providers.Manager.ItemImageProvider.ValidateImages(BaseItem item, IEnumerable`1 providers, ImageRefreshOptions refreshOptions)
   at MediaBrowser.Providers.Manager.MetadataService`2.RefreshMetadata(BaseItem item, MetadataRefreshOptions refreshOptions, CancellationToken cancellationToken)
[2026-04-22 02:09:18.605 +01:00] [ERR] [62] MediaBrowser.Providers.Folders.CollectionFolderMetadataService: Error validating images for "/config/data/root/default/Shows (external)"
System.UnauthorizedAccessException: Access to the path '/shows/._Sherlock.Season.1-4.S01-S04.1080p.10bit.BluRay.5.1.x265.HEVC-MZABI' is denied.
 ---> System.IO.IOException: Operation not permitted
   --- End of inner exception stack trace ---
   at System.IO.FileSystemInfo.Create(String fullPath, String fileName, Boolean asDirectory, FileStatus& fileStatus)
   at System.IO.Enumeration.FileSystemEnumerableFactory.<>c.<FileInfos>b__5_0(FileSystemEntry& entry)
   at System.IO.Enumeration.FileSystemEnumerator`1.MoveNext()
   at System.Linq.Enumerable.IEnumerableWhereIterator`1.MoveNext()
   at System.Linq.Enumerable.IEnumerableSelectIterator`2.MoveNext()
   at System.Collections.Generic.SegmentedArrayBuilder`1.AddRange(IEnumerable`1 source)
   at System.Linq.Enumerable.SelectManySingleSelectorIterator`2.ToArray()
   at System.Linq.Enumerable.OrderedIterator`1.ToList()
   at MediaBrowser.LocalMetadata.Images.LocalImageProvider.GetImages(BaseItem item, IEnumerable`1 paths, IDirectoryService directoryService)
   at System.Linq.Enumerable.SelectManySingleSelectorIterator`2.ToList()
   at MediaBrowser.Providers.Manager.ItemImageProvider.ValidateImages(BaseItem item, IEnumerable`1 providers, ImageRefreshOptions refreshOptions)
   at MediaBrowser.Providers.Manager.MetadataService`2.RefreshMetadata(BaseItem item, MetadataRefreshOptions refreshOptions, CancellationToken cancellationToken)
[2026-04-22 02:09:18.613 +01:00] [ERR] [32] MediaBrowser.Providers.Folders.CollectionFolderMetadataService: Error validating images for "/config/data/root/default/Shows (external)"
System.UnauthorizedAccessException: Access to the path '/shows/._Sherlock.Season.1-4.S01-S04.1080p.10bit.BluRay.5.1.x265.HEVC-MZABI' is denied.
 ---> System.IO.IOException: Operation not permitted
   --- End of inner exception stack trace ---
   at System.IO.FileSystemInfo.Create(String fullPath, String fileName, Boolean asDirectory, FileStatus& fileStatus)
   at System.IO.Enumeration.FileSystemEnumerableFactory.<>c.<FileInfos>b__5_0(FileSystemEntry& entry)
   at System.IO.Enumeration.FileSystemEnumerator`1.MoveNext()
   at System.Linq.Enumerable.IEnumerableWhereIterator`1.MoveNext()
   at System.Linq.Enumerable.IEnumerableSelectIterator`2.MoveNext()
   at System.Collections.Generic.SegmentedArrayBuilder`1.AddRange(IEnumerable`1 source)
   at System.Linq.Enumerable.SelectManySingleSelectorIterator`2.ToArray()
   at System.Linq.Enumerable.OrderedIterator`1.ToList()
   at MediaBrowser.LocalMetadata.Images.LocalImageProvider.GetImages(BaseItem item, IEnumerable`1 paths, IDirectoryService directoryService)
   at System.Linq.Enumerable.SelectManySingleSelectorIterator`2.ToList()
   at MediaBrowser.Providers.Manager.ItemImageProvider.ValidateImages(BaseItem item, IEnumerable`1 providers, ImageRefreshOptions refreshOptions)
   at MediaBrowser.Providers.Manager.MetadataService`2.RefreshMetadata(BaseItem item, MetadataRefreshOptions refreshOptions, CancellationToken cancellationToken)
[2026-04-22 02:09:18.643 +01:00] [ERR] [32] Emby.Server.Implementations.Library.LibraryManager: Error in GetFilteredFileSystemEntries isPhysicalRoot: False IsVf: False
System.UnauthorizedAccessException: Access to the path '/shows/._Sherlock.Season.1-4.S01-S04.1080p.10bit.BluRay.5.1.x265.HEVC-MZABI' is denied.
 ---> System.IO.IOException: Operation not permitted
   --- End of inner exception stack trace ---
   at System.IO.FileSystemInfo.Create(String fullPath, String fileName, Boolean asDirectory, FileStatus& fileStatus)
   at System.IO.Enumeration.FileSystemEnumerableFactory.<>c.<FileSystemInfos>b__7_0(FileSystemEntry& entry)
   at System.IO.Enumeration.FileSystemEnumerator`1.MoveNext()
   at System.Linq.Enumerable.IEnumerableSelectIterator`2.ToArray()
   at MediaBrowser.Controller.IO.FileData.GetFilteredFileSystemEntries(IDirectoryService directoryService, String path, IFileSystem fileSystem, IServerApplicationHost appHost, ILogger logger, ItemResolveArgs args, Int32 flattenFolderDepth, Boolean resolveShortcuts)
   at Emby.Server.Implementations.Library.LibraryManager.ResolvePath(FileSystemMetadata fileInfo, IDirectoryService directoryService, IItemResolver[] resolvers, Folder parent, Nullable`1 collectionType, LibraryOptions libraryOptions)
[2026-04-22 02:09:18.677 +01:00] [WRN] [32] MediaBrowser.Controller.Entities.BaseItem: Library folder "/config/data/data/playlists" is inaccessible or empty, skipping
[2026-04-22 02:09:18.680 +01:00] [ERR] [54] MediaBrowser.Controller.Entities.BaseItem: Error retrieving children
System.UnauthorizedAccessException: Access to the path '/shows/._Sherlock.Season.1-4.S01-S04.1080p.10bit.BluRay.5.1.x265.HEVC-MZABI' is denied.
 ---> System.IO.IOException: Operation not permitted
   --- End of inner exception stack trace ---
   at System.IO.FileSystemInfo.Create(String fullPath, String fileName, Boolean asDirectory, FileStatus& fileStatus)
   at System.IO.Enumeration.FileSystemEnumerableFactory.<>c.<FileSystemInfos>b__7_0(FileSystemEntry& entry)
   at System.IO.Enumeration.FileSystemEnumerator`1.MoveNext()
   at System.Linq.Enumerable.IEnumerableSelectIterator`2.ToArray()
   at MediaBrowser.Controller.Providers.DirectoryService.GetFileSystemEntries(String path)
   at MediaBrowser.Controller.Entities.Folder.GetNonCachedChildren(IDirectoryService directoryService)
   at MediaBrowser.Controller.Entities.Folder.ValidateChildrenInternal2(IProgress`1 progress, Boolean recursive, Boolean refreshChildMetadata, Boolean allowRemoveRoot, MetadataRefreshOptions refreshOptions, IDirectoryService directoryService, CancellationToken cancellationToken)
[2026-04-22 02:09:18.741 +01:00] [INF] [3] Emby.Server.Implementations.Library.LibraryManager: Removing item, Type: "Folder", Name: "Sherlock.Season.1-4.S01-S04.1080p.10bit.BluRay.5.1.x265.HEVC-MZABI", Path: "/media_local/movies/Sherlock.Season.1-4.S01-S04.1080p.10bit.BluRay.5.1.x265.HEVC-MZABI", Id: d26562a9-595f-816b-f4cc-ca18234969a0
[2026-04-22 02:09:19.297 +01:00] [ERR] [37] Emby.Server.Implementations.Library.LibraryManager: Error resolving path "/movies/Y Tu Mamá También (2001) [1080p] [BluRay] [5.1] [YTS.MX]"
System.UnauthorizedAccessException: Access to the path '/movies/Y Tu Mamá También (2001) [1080p] [BluRay] [5.1] [YTS.MX]/._Y.Tu.Mamá.También.2001.1080p.BluRay.x264.AAC5.1-[YTS.MX].mp4' is denied.
 ---> System.IO.IOException: Operation not permitted
   --- End of inner exception stack trace ---
   at System.IO.FileSystemInfo.Create(String fullPath, String fileName, Boolean asDirectory, FileStatus& fileStatus)
   at System.IO.Enumeration.FileSystemEnumerableFactory.<>c.<FileSystemInfos>b__7_0(FileSystemEntry& entry)
   at System.IO.Enumeration.FileSystemEnumerator`1.MoveNext()
   at System.Linq.Enumerable.IEnumerableSelectIterator`2.ToArray()
   at MediaBrowser.Controller.IO.FileData.GetFilteredFileSystemEntries(IDirectoryService directoryService, String path, IFileSystem fileSystem, IServerApplicationHost appHost, ILogger logger, ItemResolveArgs args, Int32 flattenFolderDepth, Boolean resolveShortcuts)
   at Emby.Server.Implementations.Library.LibraryManager.ResolvePath(FileSystemMetadata fileInfo, IDirectoryService directoryService, IItemResolver[] resolvers, Folder parent, Nullable`1 collectionType, LibraryOptions libraryOptions)
   at Emby.Server.Implementations.Library.LibraryManager.ResolveFileList(IReadOnlyList`1 fileList, IDirectoryService directoryService, Folder parent, Nullable`1 collectionType, IItemResolver[] resolvers, LibraryOptions libraryOptions)+MoveNext()
[2026-04-22 02:09:26.144 +01:00] [ERR] [24] MediaBrowser.Controller.Entities.BaseItem: Error refreshing owned items for "/shows"
System.UnauthorizedAccessException: Access to the path '/shows/._Sherlock.Season.1-4.S01-S04.1080p.10bit.BluRay.5.1.x265.HEVC-MZABI' is denied.
 ---> System.IO.IOException: Operation not permitted
   --- End of inner exception stack trace ---
   at System.IO.FileSystemInfo.Create(String fullPath, String fileName, Boolean asDirectory, FileStatus& fileStatus)
   at System.IO.Enumeration.FileSystemEnumerableFactory.<>c.<FileSystemInfos>b__7_0(FileSystemEntry& entry)
   at System.IO.Enumeration.FileSystemEnumerator`1.MoveNext()
   at System.Linq.Enumerable.IEnumerableSelectIterator`2.ToArray()
   at MediaBrowser.Controller.Providers.DirectoryService.GetFileSystemEntries(String path)
   at MediaBrowser.Controller.Entities.BaseItem.RefreshMetadata(MetadataRefreshOptions options, CancellationToken cancellationToken)
[2026-04-22 02:09:26.144 +01:00] [ERR] [24] MediaBrowser.Providers.Folders.FolderMetadataService: Error validating images for "/shows"
System.UnauthorizedAccessException: Access to the path '/shows/._Sherlock.Season.1-4.S01-S04.1080p.10bit.BluRay.5.1.x265.HEVC-MZABI' is denied.
 ---> System.IO.IOException: Operation not permitted
   --- End of inner exception stack trace ---
   at System.IO.FileSystemInfo.Create(String fullPath, String fileName, Boolean asDirectory, FileStatus& fileStatus)
   at System.IO.Enumeration.FileSystemEnumerableFactory.<>c.<FileSystemInfos>b__7_0(FileSystemEntry& entry)
   at System.IO.Enumeration.FileSystemEnumerator`1.MoveNext()
   at System.Linq.Enumerable.IEnumerableSelectIterator`2.ToArray()
   at System.Linq.Enumerable.SelectManySingleSelectorIterator`2.ToList()
   at MediaBrowser.Providers.Manager.ItemImageProvider.ValidateImages(BaseItem item, IEnumerable`1 providers, ImageRefreshOptions refreshOptions)
   at MediaBrowser.Providers.Manager.MetadataService`2.RefreshMetadata(BaseItem item, MetadataRefreshOptions refreshOptions, CancellationToken cancellationToken)
[2026-04-22 02:09:27.292 +01:00] [INF] [37] MediaBrowser.Providers.TV.SeriesMetadataService: Creating Season "Season Unknown" entry for "Sherlock Season 1-4 S01"
[2026-04-22 02:09:30.540 +01:00] [INF] [29] MediaBrowser.Providers.TV.SeriesMetadataService: Removing virtual season null in series "Sherlock Season 1-4 S01"
[2026-04-22 02:09:30.540 +01:00] [INF] [29] Emby.Server.Implementations.Library.LibraryManager: Removing item, Type: "Season", Name: "Season Unknown", Path: "", Id: b9d3a84d-e8e5-c217-18b1-feb4c9c36c25
[2026-04-22 02:09:36.172 +01:00] [INF] [37] Emby.Server.Implementations.ScheduledTasks.TaskManager: "Scan Media Library" Completed after 0 minute(s) and 17 seconds
[2026-04-22 02:09:36.233 +01:00] [INF] [29] Emby.Server.Implementations.IO.LibraryMonitor: Watching directory "/media_local/shows"
[2026-04-22 02:09:36.245 +01:00] [INF] [30] Emby.Server.Implementations.IO.LibraryMonitor: Watching directory "/media_local/movies"
[2026-04-22 02:09:36.719 +01:00] [INF] [62] Emby.Server.Implementations.IO.LibraryMonitor: Watching directory "/shows"
[2026-04-22 02:09:36.746 +01:00] [INF] [24] Emby.Server.Implementations.IO.LibraryMonitor: Watching directory "/audiobooks"
[2026-04-22 02:09:36.775 +01:00] [INF] [59] Emby.Server.Implementations.IO.LibraryMonitor: Watching directory "/movies"
[2026-04-22 02:09:42.164 +01:00] [INF] [62] Jellyfin.Api.Controllers.ItemLookupController: Setting provider id's to item fe8a9bab-7f08-8973-6064-d3a16ecd9a6b-"Requiem for a Dream DIRECTORS CUT (2000) [1080p]": [("Tmdb": "641")]
[2026-04-22 02:09:52.041 +01:00] [WRN] [29] Jellyfin.Networking.Manager.NetworkManager: "::ffff:192.168.65.1": Only loopback "::1" returned, using that as bind address.
[2026-04-22 02:11:46.180 +01:00] [WRN] [59] Jellyfin.Networking.Manager.NetworkManager: "::ffff:192.168.65.1": Only loopback "::1" returned, using that as bind address.
[2026-04-22 02:11:48.094 +01:00] [INF] [29] Emby.Server.Implementations.IO.LibraryMonitor: Stopping directory watching for path "/media_local/movies"
[2026-04-22 02:11:48.094 +01:00] [INF] [29] Emby.Server.Implementations.IO.LibraryMonitor: Stopping directory watching for path "/media_local/shows"
[2026-04-22 02:11:48.094 +01:00] [INF] [29] Emby.Server.Implementations.IO.LibraryMonitor: Stopping directory watching for path "/movies"
[2026-04-22 02:11:48.095 +01:00] [INF] [29] Emby.Server.Implementations.IO.LibraryMonitor: Stopping directory watching for path "/audiobooks"
[2026-04-22 02:11:48.096 +01:00] [INF] [29] Emby.Server.Implementations.IO.LibraryMonitor: Stopping directory watching for path "/shows"
[2026-04-22 02:11:48.097 +01:00] [INF] [29] Emby.Server.Implementations.Library.LibraryManager: Validating media library
[2026-04-22 02:11:48.197 +01:00] [ERR] [29] Emby.Server.Implementations.Library.LibraryManager: Error in GetFilteredFileSystemEntries isPhysicalRoot: False IsVf: False
System.UnauthorizedAccessException: Access to the path '/shows/._Sherlock.Season.1-4.S01-S04.1080p.10bit.BluRay.5.1.x265.HEVC-MZABI' is denied.
 ---> System.IO.IOException: Operation not permitted
   --- End of inner exception stack trace ---
   at System.IO.FileSystemInfo.Create(String fullPath, String fileName, Boolean asDirectory, FileStatus& fileStatus)
   at System.IO.Enumeration.FileSystemEnumerableFactory.<>c.<FileSystemInfos>b__7_0(FileSystemEntry& entry)
   at System.IO.Enumeration.FileSystemEnumerator`1.MoveNext()
   at System.Linq.Enumerable.IEnumerableSelectIterator`2.ToArray()
   at MediaBrowser.Controller.IO.FileData.GetFilteredFileSystemEntries(IDirectoryService directoryService, String path, IFileSystem fileSystem, IServerApplicationHost appHost, ILogger logger, ItemResolveArgs args, Int32 flattenFolderDepth, Boolean resolveShortcuts)
   at Emby.Server.Implementations.Library.LibraryManager.ResolvePath(FileSystemMetadata fileInfo, IDirectoryService directoryService, IItemResolver[] resolvers, Folder parent, Nullable`1 collectionType, LibraryOptions libraryOptions)
[2026-04-22 02:11:48.279 +01:00] [WRN] [29] MediaBrowser.Controller.Entities.BaseItem: Library folder "/config/data/data/playlists" is inaccessible or empty, skipping
[2026-04-22 02:11:48.280 +01:00] [ERR] [8] MediaBrowser.Controller.Entities.BaseItem: Error refreshing owned items for "/shows"
System.UnauthorizedAccessException: Access to the path '/shows/._Sherlock.Season.1-4.S01-S04.1080p.10bit.BluRay.5.1.x265.HEVC-MZABI' is denied.
 ---> System.IO.IOException: Operation not permitted
   --- End of inner exception stack trace ---
   at System.IO.FileSystemInfo.Create(String fullPath, String fileName, Boolean asDirectory, FileStatus& fileStatus)
   at System.IO.Enumeration.FileSystemEnumerableFactory.<>c.<FileSystemInfos>b__7_0(FileSystemEntry& entry)
   at System.IO.Enumeration.FileSystemEnumerator`1.MoveNext()
   at System.Linq.Enumerable.IEnumerableSelectIterator`2.ToArray()
   at MediaBrowser.Controller.Providers.DirectoryService.GetFileSystemEntries(String path)
   at MediaBrowser.Controller.Entities.BaseItem.RefreshMetadata(MetadataRefreshOptions options, CancellationToken cancellationToken)
[2026-04-22 02:11:48.280 +01:00] [ERR] [8] MediaBrowser.Providers.Folders.FolderMetadataService: Error validating images for "/shows"
System.UnauthorizedAccessException: Access to the path '/shows/._Sherlock.Season.1-4.S01-S04.1080p.10bit.BluRay.5.1.x265.HEVC-MZABI' is denied.
 ---> System.IO.IOException: Operation not permitted
   --- End of inner exception stack trace ---
   at System.IO.FileSystemInfo.Create(String fullPath, String fileName, Boolean asDirectory, FileStatus& fileStatus)
   at System.IO.Enumeration.FileSystemEnumerableFactory.<>c.<FileSystemInfos>b__7_0(FileSystemEntry& entry)
   at System.IO.Enumeration.FileSystemEnumerator`1.MoveNext()
   at System.Linq.Enumerable.IEnumerableSelectIterator`2.ToArray()
   at System.Linq.Enumerable.SelectManySingleSelectorIterator`2.ToList()
   at MediaBrowser.Providers.Manager.ItemImageProvider.ValidateImages(BaseItem item, IEnumerable`1 providers, ImageRefreshOptions refreshOptions)
   at MediaBrowser.Providers.Manager.MetadataService`2.RefreshMetadata(BaseItem item, MetadataRefreshOptions refreshOptions, CancellationToken cancellationToken)
[2026-04-22 02:11:48.293 +01:00] [ERR] [46] MediaBrowser.Providers.Folders.CollectionFolderMetadataService: Error validating images for "/config/data/root/default/Shows (external)"
System.UnauthorizedAccessException: Access to the path '/shows/._Sherlock.Season.1-4.S01-S04.1080p.10bit.BluRay.5.1.x265.HEVC-MZABI' is denied.
 ---> System.IO.IOException: Operation not permitted
   --- End of inner exception stack trace ---
   at System.IO.FileSystemInfo.Create(String fullPath, String fileName, Boolean asDirectory, FileStatus& fileStatus)
   at System.IO.Enumeration.FileSystemEnumerableFactory.<>c.<FileInfos>b__5_0(FileSystemEntry& entry)
   at System.IO.Enumeration.FileSystemEnumerator`1.MoveNext()
   at System.Linq.Enumerable.IEnumerableWhereIterator`1.MoveNext()
   at System.Linq.Enumerable.IEnumerableSelectIterator`2.MoveNext()
   at System.Collections.Generic.SegmentedArrayBuilder`1.AddRange(IEnumerable`1 source)
   at System.Linq.Enumerable.SelectManySingleSelectorIterator`2.ToArray()
   at System.Linq.Enumerable.OrderedIterator`1.ToList()
   at MediaBrowser.LocalMetadata.Images.LocalImageProvider.GetImages(BaseItem item, IEnumerable`1 paths, IDirectoryService directoryService)
   at System.Linq.Enumerable.SelectManySingleSelectorIterator`2.ToList()
   at MediaBrowser.Providers.Manager.ItemImageProvider.ValidateImages(BaseItem item, IEnumerable`1 providers, ImageRefreshOptions refreshOptions)
   at MediaBrowser.Providers.Manager.MetadataService`2.RefreshMetadata(BaseItem item, MetadataRefreshOptions refreshOptions, CancellationToken cancellationToken)
[2026-04-22 02:11:48.301 +01:00] [ERR] [59] MediaBrowser.Providers.Folders.CollectionFolderMetadataService: Error validating images for "/config/data/root/default/Shows (external)"
System.UnauthorizedAccessException: Access to the path '/shows/._Sherlock.Season.1-4.S01-S04.1080p.10bit.BluRay.5.1.x265.HEVC-MZABI' is denied.
 ---> System.IO.IOException: Operation not permitted
   --- End of inner exception stack trace ---
   at System.IO.FileSystemInfo.Create(String fullPath, String fileName, Boolean asDirectory, FileStatus& fileStatus)
   at System.IO.Enumeration.FileSystemEnumerableFactory.<>c.<FileInfos>b__5_0(FileSystemEntry& entry)
   at System.IO.Enumeration.FileSystemEnumerator`1.MoveNext()
   at System.Linq.Enumerable.IEnumerableWhereIterator`1.MoveNext()
   at System.Linq.Enumerable.IEnumerableSelectIterator`2.MoveNext()
   at System.Collections.Generic.SegmentedArrayBuilder`1.AddRange(IEnumerable`1 source)
   at System.Linq.Enumerable.SelectManySingleSelectorIterator`2.ToArray()
   at System.Linq.Enumerable.OrderedIterator`1.ToList()
   at MediaBrowser.LocalMetadata.Images.LocalImageProvider.GetImages(BaseItem item, IEnumerable`1 paths, IDirectoryService directoryService)
   at System.Linq.Enumerable.SelectManySingleSelectorIterator`2.ToList()
   at MediaBrowser.Providers.Manager.ItemImageProvider.ValidateImages(BaseItem item, IEnumerable`1 providers, ImageRefreshOptions refreshOptions)
   at MediaBrowser.Providers.Manager.MetadataService`2.RefreshMetadata(BaseItem item, MetadataRefreshOptions refreshOptions, CancellationToken cancellationToken)
[2026-04-22 02:11:48.328 +01:00] [ERR] [59] Emby.Server.Implementations.Library.LibraryManager: Error in GetFilteredFileSystemEntries isPhysicalRoot: False IsVf: False
System.UnauthorizedAccessException: Access to the path '/shows/._Sherlock.Season.1-4.S01-S04.1080p.10bit.BluRay.5.1.x265.HEVC-MZABI' is denied.
 ---> System.IO.IOException: Operation not permitted
   --- End of inner exception stack trace ---
   at System.IO.FileSystemInfo.Create(String fullPath, String fileName, Boolean asDirectory, FileStatus& fileStatus)
   at System.IO.Enumeration.FileSystemEnumerableFactory.<>c.<FileSystemInfos>b__7_0(FileSystemEntry& entry)
   at System.IO.Enumeration.FileSystemEnumerator`1.MoveNext()
   at System.Linq.Enumerable.IEnumerableSelectIterator`2.ToArray()
   at MediaBrowser.Controller.IO.FileData.GetFilteredFileSystemEntries(IDirectoryService directoryService, String path, IFileSystem fileSystem, IServerApplicationHost appHost, ILogger logger, ItemResolveArgs args, Int32 flattenFolderDepth, Boolean resolveShortcuts)
   at Emby.Server.Implementations.Library.LibraryManager.ResolvePath(FileSystemMetadata fileInfo, IDirectoryService directoryService, IItemResolver[] resolvers, Folder parent, Nullable`1 collectionType, LibraryOptions libraryOptions)
[2026-04-22 02:11:48.360 +01:00] [WRN] [59] MediaBrowser.Controller.Entities.BaseItem: Library folder "/config/data/data/playlists" is inaccessible or empty, skipping
[2026-04-22 02:11:48.363 +01:00] [ERR] [46] MediaBrowser.Controller.Entities.BaseItem: Error retrieving children
System.UnauthorizedAccessException: Access to the path '/shows/._Sherlock.Season.1-4.S01-S04.1080p.10bit.BluRay.5.1.x265.HEVC-MZABI' is denied.
 ---> System.IO.IOException: Operation not permitted
   --- End of inner exception stack trace ---
   at System.IO.FileSystemInfo.Create(String fullPath, String fileName, Boolean asDirectory, FileStatus& fileStatus)
   at System.IO.Enumeration.FileSystemEnumerableFactory.<>c.<FileSystemInfos>b__7_0(FileSystemEntry& entry)
   at System.IO.Enumeration.FileSystemEnumerator`1.MoveNext()
   at System.Linq.Enumerable.IEnumerableSelectIterator`2.ToArray()
   at MediaBrowser.Controller.Providers.DirectoryService.GetFileSystemEntries(String path)
   at MediaBrowser.Controller.Entities.Folder.GetNonCachedChildren(IDirectoryService directoryService)
   at MediaBrowser.Controller.Entities.Folder.ValidateChildrenInternal2(IProgress`1 progress, Boolean recursive, Boolean refreshChildMetadata, Boolean allowRemoveRoot, MetadataRefreshOptions refreshOptions, IDirectoryService directoryService, CancellationToken cancellationToken)
[2026-04-22 02:11:49.028 +01:00] [ERR] [8] Emby.Server.Implementations.Library.LibraryManager: Error resolving path "/movies/Y Tu Mamá También (2001) [1080p] [BluRay] [5.1] [YTS.MX]"
System.UnauthorizedAccessException: Access to the path '/movies/Y Tu Mamá También (2001) [1080p] [BluRay] [5.1] [YTS.MX]/._Y.Tu.Mamá.También.2001.1080p.BluRay.x264.AAC5.1-[YTS.MX].mp4' is denied.
 ---> System.IO.IOException: Operation not permitted
   --- End of inner exception stack trace ---
   at System.IO.FileSystemInfo.Create(String fullPath, String fileName, Boolean asDirectory, FileStatus& fileStatus)
   at System.IO.Enumeration.FileSystemEnumerableFactory.<>c.<FileSystemInfos>b__7_0(FileSystemEntry& entry)
   at System.IO.Enumeration.FileSystemEnumerator`1.MoveNext()
   at System.Linq.Enumerable.IEnumerableSelectIterator`2.ToArray()
   at MediaBrowser.Controller.IO.FileData.GetFilteredFileSystemEntries(IDirectoryService directoryService, String path, IFileSystem fileSystem, IServerApplicationHost appHost, ILogger logger, ItemResolveArgs args, Int32 flattenFolderDepth, Boolean resolveShortcuts)
   at Emby.Server.Implementations.Library.LibraryManager.ResolvePath(FileSystemMetadata fileInfo, IDirectoryService directoryService, IItemResolver[] resolvers, Folder parent, Nullable`1 collectionType, LibraryOptions libraryOptions)
   at Emby.Server.Implementations.Library.LibraryManager.ResolveFileList(IReadOnlyList`1 fileList, IDirectoryService directoryService, Folder parent, Nullable`1 collectionType, IItemResolver[] resolvers, LibraryOptions libraryOptions)+MoveNext()
[2026-04-22 02:11:56.887 +01:00] [ERR] [46] MediaBrowser.Controller.Entities.BaseItem: Error refreshing owned items for "/shows"
System.UnauthorizedAccessException: Access to the path '/shows/._Sherlock.Season.1-4.S01-S04.1080p.10bit.BluRay.5.1.x265.HEVC-MZABI' is denied.
 ---> System.IO.IOException: Operation not permitted
   --- End of inner exception stack trace ---
   at System.IO.FileSystemInfo.Create(String fullPath, String fileName, Boolean asDirectory, FileStatus& fileStatus)
   at System.IO.Enumeration.FileSystemEnumerableFactory.<>c.<FileSystemInfos>b__7_0(FileSystemEntry& entry)
   at System.IO.Enumeration.FileSystemEnumerator`1.MoveNext()
   at System.Linq.Enumerable.IEnumerableSelectIterator`2.ToArray()
   at MediaBrowser.Controller.Providers.DirectoryService.GetFileSystemEntries(String path)
   at MediaBrowser.Controller.Entities.BaseItem.RefreshMetadata(MetadataRefreshOptions options, CancellationToken cancellationToken)
[2026-04-22 02:11:56.888 +01:00] [ERR] [46] MediaBrowser.Providers.Folders.FolderMetadataService: Error validating images for "/shows"
System.UnauthorizedAccessException: Access to the path '/shows/._Sherlock.Season.1-4.S01-S04.1080p.10bit.BluRay.5.1.x265.HEVC-MZABI' is denied.
 ---> System.IO.IOException: Operation not permitted
   --- End of inner exception stack trace ---
   at System.IO.FileSystemInfo.Create(String fullPath, String fileName, Boolean asDirectory, FileStatus& fileStatus)
   at System.IO.Enumeration.FileSystemEnumerableFactory.<>c.<FileSystemInfos>b__7_0(FileSystemEntry& entry)
   at System.IO.Enumeration.FileSystemEnumerator`1.MoveNext()
   at System.Linq.Enumerable.IEnumerableSelectIterator`2.ToArray()
   at System.Linq.Enumerable.SelectManySingleSelectorIterator`2.ToList()
   at MediaBrowser.Providers.Manager.ItemImageProvider.ValidateImages(BaseItem item, IEnumerable`1 providers, ImageRefreshOptions refreshOptions)
   at MediaBrowser.Providers.Manager.MetadataService`2.RefreshMetadata(BaseItem item, MetadataRefreshOptions refreshOptions, CancellationToken cancellationToken)
[2026-04-22 02:12:06.761 +01:00] [INF] [48] Emby.Server.Implementations.ScheduledTasks.TaskManager: "Scan Media Library" Completed after 0 minute(s) and 18 seconds
[2026-04-22 02:12:06.855 +01:00] [INF] [46] Emby.Server.Implementations.IO.LibraryMonitor: Watching directory "/media_local/shows"
[2026-04-22 02:12:06.876 +01:00] [INF] [8] Emby.Server.Implementations.IO.LibraryMonitor: Watching directory "/media_local/movies"
[2026-04-22 02:12:07.467 +01:00] [INF] [23] Emby.Server.Implementations.IO.LibraryMonitor: Watching directory "/audiobooks"
[2026-04-22 02:12:07.478 +01:00] [INF] [50] Emby.Server.Implementations.IO.LibraryMonitor: Watching directory "/shows"
[2026-04-22 02:12:07.513 +01:00] [INF] [59] Emby.Server.Implementations.IO.LibraryMonitor: Watching directory "/movies"
[2026-04-22 02:12:14.167 +01:00] [WRN] [23] Jellyfin.Networking.Manager.NetworkManager: "::ffff:192.168.65.1": Only loopback "::1" returned, using that as bind address.
[2026-04-22 02:12:19.529 +01:00] [WRN] [25] Jellyfin.Networking.Manager.NetworkManager: "::ffff:192.168.65.1": Only loopback "::1" returned, using that as bind address.
[2026-04-22 02:12:34.852 +01:00] [WRN] [46] Microsoft.EntityFrameworkCore.Query: The query uses a row limiting operator ('Skip'/'Take') without an 'OrderBy' operator. This may lead to unpredictable results. If the 'Distinct' operator is used after 'OrderBy', then make sure to use the 'OrderBy' operator after 'Distinct' as the ordering would otherwise get erased.
[2026-04-22 02:13:52.924 +01:00] [WRN] [59] Jellyfin.Networking.Manager.NetworkManager: "::ffff:192.168.65.1": Only loopback "::1" returned, using that as bind address.
[2026-04-22 02:14:14.736 +01:00] [WRN] [30] Jellyfin.Networking.Manager.NetworkManager: "::ffff:192.168.65.1": Only loopback "::1" returned, using that as bind address.
[2026-04-22 02:14:18.456 +01:00] [WRN] [30] Jellyfin.Networking.Manager.NetworkManager: "::ffff:192.168.65.1": Only loopback "::1" returned, using that as bind address.
[2026-04-22 02:16:14.446 +01:00] [WRN] [4] Jellyfin.Networking.Manager.NetworkManager: "::ffff:192.168.65.1": Only loopback "::1" returned, using that as bind address.
[2026-04-22 02:17:47.137 +01:00] [INF] [55] Jellyfin.Api.Controllers.ItemLookupController: Setting provider id's to item 1a14febd-34b8-17f9-abcc-246825adfae8-"Goblin (2016-2017)": [("Tmdb": "67915")]
[2026-04-22 02:18:01.387 +01:00] [INF] [55] MediaBrowser.Providers.TV.SeriesMetadataService: Removing virtual season null in series "Guardian: The Lonely and Great God"
[2026-04-22 02:18:01.387 +01:00] [INF] [55] Emby.Server.Implementations.Library.LibraryManager: Removing item, Type: "Season", Name: "Season Unknown", Path: "", Id: b3a1fc71-ac6d-1d10-ef16-abdc0e65264a
[2026-04-22 02:18:01.442 +01:00] [INF] [55] MediaBrowser.Providers.TV.SeriesMetadataService: Creating Season "Season 1" entry for "Guardian: The Lonely and Great God"
[2026-04-22 02:18:25.875 +01:00] [INF] [58] Jellyfin.Api.Controllers.ItemLookupController: Setting provider id's to item 6b7e73f9-5e73-2173-a84e-3fa8aa579f65-"Sherlock Season 1-4 S01": [("Tmdb": "19885")]
[2026-04-22 02:19:20.440 +01:00] [WRN] [39] Jellyfin.Networking.Manager.NetworkManager: "::ffff:192.168.65.1": Only loopback "::1" returned, using that as bind address.
[2026-04-22 02:20:18.506 +01:00] [INF] [57] Jellyfin.Api.Helpers.MediaInfoHelper: User policy for "bill". EnablePlaybackRemuxing: True EnableVideoPlaybackTranscoding: True EnableAudioPlaybackTranscoding: True
[2026-04-22 02:20:20.009 +01:00] [INF] [57] Emby.Server.Implementations.Session.SessionManager: Playback stopped reported by app "Jellyfin Web" "10.11.8" playing "14.Octopussy.1983". Stopped at "1007" ms
[2026-04-22 02:20:38.279 +01:00] [INF] [19] Jellyfin.Api.Controllers.ItemLookupController: Setting provider id's to item 000d9d78-4a89-baee-e83d-ffe89333e980-"14.Octopussy.1983": [("Tmdb": "700")]
[2026-04-22 02:21:02.598 +01:00] [WRN] [49] Jellyfin.Networking.Manager.NetworkManager: "::ffff:192.168.65.1": Only loopback "::1" returned, using that as bind address.
[2026-04-22 02:21:36.096 +01:00] [INF] [3] Emby.Server.Implementations.ScheduledTasks.TaskManager: "Download missing subtitles" Completed after 0 minute(s) and 0 seconds
[2026-04-22 02:21:37.781 +01:00] [INF] [3] Emby.Server.Implementations.ScheduledTasks.TaskManager: "Download missing subtitles" Completed after 0 minute(s) and 0 seconds
[2026-04-22 02:21:48.890 +01:00] [INF] [19] Emby.Server.Implementations.ScheduledTasks.Tasks.OptimizeDatabaseTask: Optimizing and vacuuming jellyfin.db...
[2026-04-22 02:21:53.072 +01:00] [INF] [19] Jellyfin.Database.Providers.Sqlite.SqliteDatabaseProvider: jellyfin.db optimized successfully!
[2026-04-22 02:21:53.072 +01:00] [INF] [19] Emby.Server.Implementations.ScheduledTasks.TaskManager: "Optimize database" Completed after 0 minute(s) and 4 seconds
[2026-04-22 02:21:55.885 +01:00] [INF] [19] Emby.Server.Implementations.ScheduledTasks.TaskManager: "Clean up collections and playlists" Completed after 0 minute(s) and 0 seconds
[2026-04-22 02:22:01.008 +01:00] [WRN] [53] Jellyfin.Networking.Manager.NetworkManager: "::ffff:192.168.65.1": Only loopback "::1" returned, using that as bind address.
[2026-04-22 02:22:17.963 +01:00] [INF] [52] Emby.Server.Implementations.Session.SessionManager: Sending shutdown notifications
[2026-04-22 02:22:17.966 +01:00] [INF] [19] Emby.Server.Implementations.HttpServer.WebSocketManager: WS "::ffff:192.168.65.1" closed
[2026-04-22 02:22:17.976 +01:00] [INF] [54] Main: Running query planner optimizations in the database... This might take a while
[2026-04-22 02:22:17.996 +01:00] [INF] [53] Emby.Server.Implementations.IO.LibraryMonitor: Stopping directory watching for path "/media_local/movies"
[2026-04-22 02:22:17.996 +01:00] [INF] [53] Emby.Server.Implementations.IO.LibraryMonitor: Stopping directory watching for path "/media_local/shows"
[2026-04-22 02:22:17.996 +01:00] [INF] [53] Emby.Server.Implementations.IO.LibraryMonitor: Stopping directory watching for path "/movies"
[2026-04-22 02:22:17.996 +01:00] [INF] [53] Emby.Server.Implementations.IO.LibraryMonitor: Stopping directory watching for path "/audiobooks"
[2026-04-22 02:22:17.996 +01:00] [INF] [53] Emby.Server.Implementations.IO.LibraryMonitor: Stopping directory watching for path "/shows"
[2026-04-22 02:22:18.000 +01:00] [INF] [54] Emby.Server.Implementations.ApplicationHost: Disposing "CoreAppHost"
[2026-04-22 02:22:18.000 +01:00] [INF] [54] Emby.Server.Implementations.ApplicationHost: Disposing "MusicBrainzArtistProvider"
[2026-04-22 02:22:18.001 +01:00] [INF] [54] Emby.Server.Implementations.ApplicationHost: Disposing "MusicBrainzAlbumProvider"
[2026-04-22 02:22:18.001 +01:00] [INF] [54] Emby.Server.Implementations.ApplicationHost: Disposing "PluginManager"
[2026-04-22 02:22:25.262 +01:00] [INF] [1] Emby.Server.Implementations.AppBase.BaseConfigurationManager: Setting cache path: "/config/cache"
[2026-04-22 02:22:25.378 +01:00] [INF] [7] Jellyfin.Server.ServerSetupApp.SetupServer: Kestrel is listening on "all interfaces"
[2026-04-22 02:22:25.393 +01:00] [INF] [7] Main: Jellyfin version: "10.11.8"
[2026-04-22 02:22:25.394 +01:00] [INF] [7] Main: Environment Variables: ["[JELLYFIN_LOG_DIR, /config/log]", "[JELLYFIN_CACHE_DIR, /config/cache]", "[JELLYFIN_CONFIG_DIR, /config]", "[JELLYFIN_WEB_DIR, /usr/share/jellyfin/web]", "[JELLYFIN_DATA_DIR, /config/data]"]
[2026-04-22 02:22:25.395 +01:00] [INF] [7] Main: Arguments: ["/usr/lib/jellyfin/bin/jellyfin.dll", "--ffmpeg=/usr/lib/jellyfin-ffmpeg/ffmpeg"]
[2026-04-22 02:22:25.395 +01:00] [INF] [7] Main: Operating system: "Ubuntu 24.04.4 LTS"
[2026-04-22 02:22:25.395 +01:00] [INF] [7] Main: Architecture: Arm64
[2026-04-22 02:22:25.395 +01:00] [INF] [7] Main: 64-Bit Process: True
[2026-04-22 02:22:25.395 +01:00] [INF] [7] Main: User Interactive: True
[2026-04-22 02:22:25.395 +01:00] [INF] [7] Main: Processor count: 16
[2026-04-22 02:22:25.395 +01:00] [INF] [7] Main: Program data path: "/config/data"
[2026-04-22 02:22:25.395 +01:00] [INF] [7] Main: Log directory path: "/config/log"
[2026-04-22 02:22:25.395 +01:00] [INF] [7] Main: Config directory path: "/config"
[2026-04-22 02:22:25.395 +01:00] [INF] [7] Main: Cache path: "/config/cache"
[2026-04-22 02:22:25.395 +01:00] [INF] [7] Main: Temp directory path: "/tmp/jellyfin"
[2026-04-22 02:22:25.395 +01:00] [INF] [7] Main: Web resources path: "/usr/share/jellyfin/web"
[2026-04-22 02:22:25.396 +01:00] [INF] [7] Main: Application directory: "/usr/lib/jellyfin/bin/"
[2026-04-22 02:22:25.401 +01:00] [INF] [7] Jellyfin.Server.Startup: Storage path `"/config/data/data"` (Unknown) successfully checked with "42.5TiB" free which is over the minimum of "2GiB".
[2026-04-22 02:22:25.402 +01:00] [INF] [7] Jellyfin.Server.Startup: Storage path `"/config/cache"` (Unknown) successfully checked with "42.5TiB" free which is over the minimum of "2GiB".
[2026-04-22 02:22:25.402 +01:00] [INF] [7] Jellyfin.Server.Startup: Storage path `"/config/data"` (Unknown) successfully checked with "42.5TiB" free which is over the minimum of "2GiB".
[2026-04-22 02:22:25.405 +01:00] [INF] [7] Emby.Server.Implementations.AppBase.BaseConfigurationManager: Setting cache path: "/config/cache"
[2026-04-22 02:22:25.434 +01:00] [INF] [7] Jellyfin.Database.Providers.Sqlite.SqliteDatabaseProvider: SQLite connection string: "Data Source=/config/data/data/jellyfin.db;Cache=Default;Default Timeout=30;Pooling=True"
[2026-04-22 02:22:25.436 +01:00] [INF] [7] Jellyfin.Database.Providers.Sqlite.SqliteDatabaseProvider: SQLITE connection pragma command set to: 
"PRAGMA locking_mode=NORMAL;
PRAGMA journal_size_limit=134217728;
PRAGMA synchronous=1;
PRAGMA temp_store=2;
"
[2026-04-22 02:22:25.437 +01:00] [INF] [7] Jellyfin.Database.Implementations.Locking.NoLockBehavior: The database locking mode has been set to: NoLock.
[2026-04-22 02:22:25.450 +01:00] [INF] [7] Jellyfin.Server.Migrations.JellyfinMigrationService: Initialise Migration service.
[2026-04-22 02:22:25.643 +01:00] [WRN] [9] Microsoft.Extensions.Diagnostics.HealthChecks.DefaultHealthCheckService: Health check "StartupCheck" with status Degraded completed after 0.3128ms with message '"Server is still starting up."'
[2026-04-22 02:22:25.780 +01:00] [INF] [7] Jellyfin.Server.Migrations.JellyfinMigrationService: There are 0 migrations for stage PreInitialisation.
[2026-04-22 02:22:25.786 +01:00] [INF] [7] Emby.Server.Implementations.AppBase.BaseConfigurationManager: Setting cache path: "/config/cache"
[2026-04-22 02:22:26.666 +01:00] [WRN] [10] Microsoft.Extensions.Diagnostics.HealthChecks.DefaultHealthCheckService: Health check "StartupCheck" with status Degraded completed after 0.0309ms with message '"Server is still starting up."'
[2026-04-22 02:22:27.676 +01:00] [WRN] [17] Microsoft.Extensions.Diagnostics.HealthChecks.DefaultHealthCheckService: Health check "StartupCheck" with status Degraded completed after 0.0029ms with message '"Server is still starting up."'
[2026-04-22 02:22:28.580 +01:00] [INF] [7] Emby.Server.Implementations.ApplicationHost: Loading assemblies
[2026-04-22 02:22:28.586 +01:00] [INF] [7] Emby.Server.Implementations.Plugins.PluginManager: Loaded assembly "MetaBrainz.MusicBrainz.CoverArt, Version=6.0.0.0, Culture=neutral, PublicKeyToken=be12cbb629c03021" from "/config/data/plugins/Cover Art Archive_9.0.0.0/MetaBrainz.MusicBrainz.CoverArt.dll"
[2026-04-22 02:22:28.586 +01:00] [INF] [7] Emby.Server.Implementations.Plugins.PluginManager: Loaded assembly "Jellyfin.Plugin.CoverArtArchive, Version=9.0.0.0, Culture=neutral, PublicKeyToken=null" from "/config/data/plugins/Cover Art Archive_9.0.0.0/Jellyfin.Plugin.CoverArtArchive.dll"
[2026-04-22 02:22:28.587 +01:00] [INF] [7] Emby.Server.Implementations.Plugins.PluginManager: Loaded assembly "MetaBrainz.Common.Json, Version=6.0.0.0, Culture=neutral, PublicKeyToken=be12cbb629c03021" from "/config/data/plugins/Cover Art Archive_9.0.0.0/MetaBrainz.Common.Json.dll"
[2026-04-22 02:22:28.588 +01:00] [INF] [7] Emby.Server.Implementations.Plugins.PluginManager: Loaded assembly "Jellyfin.Plugin.TMDbBoxSets, Version=12.0.0.0, Culture=neutral, PublicKeyToken=null" from "/config/data/plugins/TMDb Box Sets_12.0.0.0/Jellyfin.Plugin.TMDbBoxSets.dll"
[2026-04-22 02:22:28.602 +01:00] [INF] [7] Jellyfin.Networking.Manager.NetworkManager: Defined LAN subnets: ["::1/128", "fe80::/10", "fc00::/7", "127.0.0.1/8", "10.0.0.0/8", "172.16.0.0/12", "192.168.0.0/16"]
[2026-04-22 02:22:28.602 +01:00] [INF] [7] Jellyfin.Networking.Manager.NetworkManager: Defined LAN exclusions: []
[2026-04-22 02:22:28.602 +01:00] [INF] [7] Jellyfin.Networking.Manager.NetworkManager: Used LAN subnets: ["::1/128", "fe80::/10", "fc00::/7", "127.0.0.1/8", "10.0.0.0/8", "172.16.0.0/12", "192.168.0.0/16"]
[2026-04-22 02:22:28.602 +01:00] [INF] [7] Jellyfin.Networking.Manager.NetworkManager: Filtered interface addresses: []
[2026-04-22 02:22:28.603 +01:00] [INF] [7] Jellyfin.Networking.Manager.NetworkManager: Bind Addresses ["::"]
[2026-04-22 02:22:28.603 +01:00] [INF] [7] Jellyfin.Networking.Manager.NetworkManager: Remote IP filter is "Allowlist"
[2026-04-22 02:22:28.603 +01:00] [INF] [7] Jellyfin.Networking.Manager.NetworkManager: Filtered subnets: []
[2026-04-22 02:22:28.664 +01:00] [INF] [7] Jellyfin.Database.Providers.Sqlite.SqliteDatabaseProvider: SQLite connection string: "Data Source=/config/data/data/jellyfin.db;Cache=Default;Default Timeout=30;Pooling=True"
[2026-04-22 02:22:28.664 +01:00] [INF] [7] Jellyfin.Database.Providers.Sqlite.SqliteDatabaseProvider: SQLITE connection pragma command set to: 
"PRAGMA locking_mode=NORMAL;
PRAGMA journal_size_limit=134217728;
PRAGMA synchronous=1;
PRAGMA temp_store=2;
"
[2026-04-22 02:22:28.664 +01:00] [INF] [7] Jellyfin.Database.Implementations.Locking.NoLockBehavior: The database locking mode has been set to: NoLock.
[2026-04-22 02:22:28.666 +01:00] [INF] [7] Main: Prepare system for possible migrations
[2026-04-22 02:22:28.679 +01:00] [INF] [7] Jellyfin.Server.Migrations.JellyfinMigrationService: There are 0 migrations for stage CoreInitialisation.
[2026-04-22 02:22:28.691 +01:00] [WRN] [10] Microsoft.Extensions.Diagnostics.HealthChecks.DefaultHealthCheckService: Health check "StartupCheck" with status Degraded completed after 0.011ms with message '"Server is still starting up."'
[2026-04-22 02:22:28.915 +01:00] [INF] [7] Emby.Server.Implementations.Plugins.PluginManager: Loaded plugin: "Cover Art Archive" "9.0.0.0"
[2026-04-22 02:22:28.916 +01:00] [INF] [7] Emby.Server.Implementations.Plugins.PluginManager: Loaded plugin: "TMDb Box Sets" "12.0.0.0"
[2026-04-22 02:22:28.916 +01:00] [INF] [7] Emby.Server.Implementations.Plugins.PluginManager: Loaded plugin: "TMDb" "10.11.8.0"
[2026-04-22 02:22:28.916 +01:00] [INF] [7] Emby.Server.Implementations.Plugins.PluginManager: Loaded plugin: "Studio Images" "10.11.8.0"
[2026-04-22 02:22:28.916 +01:00] [INF] [7] Emby.Server.Implementations.Plugins.PluginManager: Loaded plugin: "OMDb" "10.11.8.0"
[2026-04-22 02:22:28.925 +01:00] [INF] [7] Emby.Server.Implementations.Plugins.PluginManager: Loaded plugin: "MusicBrainz" "10.11.8.0"
[2026-04-22 02:22:28.925 +01:00] [INF] [7] Emby.Server.Implementations.Plugins.PluginManager: Loaded plugin: "AudioDB" "10.11.8.0"
[2026-04-22 02:22:28.948 +01:00] [INF] [7] Jellyfin.Server.Migrations.JellyfinMigrationService: There are 0 migrations for stage AppInitialisation.
[2026-04-22 02:22:28.966 +01:00] [INF] [7] Main: Kestrel is listening on "all interfaces"
[2026-04-22 02:22:29.259 +01:00] [WRN] [7] Microsoft.AspNetCore.StaticFiles.StaticFileMiddleware: The WebRootPath was not found: "/run/s6-rc:s6-rc-init:PGHbLD/servicedirs/svc-jellyfin/wwwroot". Static files may be unavailable.
[2026-04-22 02:22:29.272 +01:00] [INF] [7] Emby.Server.Implementations.ApplicationHost: Running startup tasks
[2026-04-22 02:22:29.301 +01:00] [INF] [7] Emby.Server.Implementations.ScheduledTasks.TaskManager: Daily trigger for "Generate Trickplay Images" set to fire at 2026-04-22 03:00:00.000 +01:00, which is 00:37:30.6990169 from now.
[2026-04-22 02:22:29.321 +01:00] [INF] [17] Emby.Server.Implementations.IO.LibraryMonitor: Watching directory "/media_local/shows"
[2026-04-22 02:22:29.328 +01:00] [INF] [7] Emby.Server.Implementations.ScheduledTasks.TaskManager: Daily trigger for "Extract Chapter Images" set to fire at 2026-04-23 02:00:00.000 +01:00, which is 23:37:30.6715220 from now.
[2026-04-22 02:22:29.356 +01:00] [INF] [14] Emby.Server.Implementations.IO.LibraryMonitor: Watching directory "/media_local/movies"
[2026-04-22 02:22:29.360 +01:00] [INF] [7] MediaBrowser.MediaEncoding.Encoder.MediaEncoder: Found ffmpeg version "7.1.3"
[2026-04-22 02:22:29.380 +01:00] [INF] [7] MediaBrowser.MediaEncoding.Encoder.MediaEncoder: Available "decoders": ["libdav1d", "av1", "av1_cuvid", "av1_rkmpp", "h264", "h264_rkmpp", "h264_cuvid", "hevc", "hevc_rkmpp", "hevc_cuvid", "mpeg1_rkmpp", "mpeg2video", "mpeg2_rkmpp", "mpeg2_cuvid", "mpeg4", "mpeg4_rkmpp", "mpeg4_cuvid", "msmpeg4", "vc1_cuvid", "vp8", "vp8_rkmpp", "libvpx", "vp8_cuvid", "vp9", "vp9_rkmpp", "libvpx-vp9", "vp9_cuvid", "aac", "ac3", "ac4", "dca", "flac", "mp3", "truehd"]
[2026-04-22 02:22:29.387 +01:00] [INF] [7] MediaBrowser.MediaEncoding.Encoder.MediaEncoder: Available "encoders": ["libsvtav1", "av1_nvenc", "libx264", "h264_nvenc", "h264_v4l2m2m", "h264_rkmpp", "libx265", "hevc_nvenc", "hevc_rkmpp", "mjpeg_rkmpp", "aac", "libfdk_aac", "ac3", "alac", "dca", "flac", "libmp3lame", "libopus", "truehd", "libvorbis", "srt"]
[2026-04-22 02:22:29.402 +01:00] [INF] [7] MediaBrowser.MediaEncoding.Encoder.MediaEncoder: Available filters: ["bwdif_cuda", "bwdif_opencl", "hwupload_cuda", "overlay_opencl", "overlay_cuda", "overlay_rkrga", "scale_cuda", "scale_opencl", "scale_rkrga", "tonemapx", "tonemap_cuda", "tonemap_opencl", "transpose_cuda", "transpose_opencl", "vpp_rkrga", "yadif_cuda", "yadif_opencl", "zscale", "alphasrc"]
[2026-04-22 02:22:29.441 +01:00] [WRN] [7] MediaBrowser.MediaEncoding.Encoder.MediaEncoder: Filter: "overlay_vaapi" with option "Action to take when encountering EOF from secondary input" is not available
[2026-04-22 02:22:29.450 +01:00] [WRN] [7] MediaBrowser.MediaEncoding.Encoder.MediaEncoder: Filter: "overlay_vulkan" with option "Action to take when encountering EOF from secondary input" is not available
[2026-04-22 02:22:29.516 +01:00] [INF] [7] MediaBrowser.MediaEncoding.Encoder.MediaEncoder: Available hwaccel types: ["cuda", "drm", "opencl", "rkmpp"]
[2026-04-22 02:22:30.224 +01:00] [INF] [10] Emby.Server.Implementations.IO.LibraryMonitor: Watching directory "/audiobooks"
[2026-04-22 02:22:30.226 +01:00] [INF] [9] Emby.Server.Implementations.IO.LibraryMonitor: Watching directory "/shows"
[2026-04-22 02:22:30.276 +01:00] [INF] [16] Emby.Server.Implementations.IO.LibraryMonitor: Watching directory "/movies"
[2026-04-22 02:22:32.335 +01:00] [INF] [10] Emby.Server.Implementations.ScheduledTasks.TaskManager: "Clean Transcode Directory" Completed after 0 minute(s) and 0 seconds
[2026-04-22 02:22:32.362 +01:00] [INF] [25] Emby.Server.Implementations.ScheduledTasks.TaskManager: "Clean up collections and playlists" Completed after 0 minute(s) and 0 seconds
[2026-04-22 02:22:33.468 +01:00] [INF] [16] Emby.Server.Implementations.ScheduledTasks.TaskManager: "Update Plugins" Completed after 0 minute(s) and 1 seconds
[2026-04-22 02:22:38.995 +01:00] [INF] [7] MediaBrowser.MediaEncoding.Encoder.MediaEncoder: FFmpeg: "/usr/lib/jellyfin-ffmpeg/ffmpeg"
[2026-04-22 02:22:38.996 +01:00] [INF] [7] Emby.Server.Implementations.ApplicationHost: ServerId: "e52bfaac3d6d4d919b57f5dab6e1f580"
[2026-04-22 02:22:38.996 +01:00] [INF] [7] Emby.Server.Implementations.ApplicationHost: Core startup complete
[2026-04-22 02:22:38.996 +01:00] [INF] [7] Main: Startup complete 0:00:17.3821077
[2026-04-22 02:24:09.545 +01:00] [WRN] [32] Jellyfin.Networking.Manager.NetworkManager: "::ffff:192.168.65.1": Only loopback "::1" returned, using that as bind address.
[2026-04-22 02:24:09.578 +01:00] [INF] [25] Emby.Server.Implementations.HttpServer.WebSocketManager: WS "::ffff:192.168.65.1" request
[2026-04-22 02:24:11.974 +01:00] [INF] [32] Emby.Server.Implementations.HttpServer.WebSocketManager: WS "::ffff:192.168.65.1" closed
[2026-04-22 02:24:12.070 +01:00] [WRN] [30] Jellyfin.Networking.Manager.NetworkManager: "::ffff:192.168.65.1": Only loopback "::1" returned, using that as bind address.
[2026-04-22 02:24:12.141 +01:00] [WRN] [32] Jellyfin.Networking.Manager.NetworkManager: "::ffff:192.168.65.1": Only loopback "::1" returned, using that as bind address.
[2026-04-22 02:24:12.238 +01:00] [WRN] [32] Jellyfin.Networking.Manager.NetworkManager: "::ffff:192.168.65.1": Only loopback "::1" returned, using that as bind address.
[2026-04-22 02:24:12.241 +01:00] [WRN] [32] Jellyfin.Networking.Manager.NetworkManager: "::ffff:192.168.65.1": Only loopback "::1" returned, using that as bind address.
[2026-04-22 02:24:12.243 +01:00] [INF] [31] Emby.Server.Implementations.HttpServer.WebSocketManager: WS "::ffff:192.168.65.1" request
[2026-04-22 02:24:12.361 +01:00] [WRN] [33] Jellyfin.Networking.Manager.NetworkManager: "::ffff:192.168.65.1": Only loopback "::1" returned, using that as bind address.
[2026-04-22 02:24:23.311 +01:00] [WRN] [29] Jellyfin.Networking.Manager.NetworkManager: "::ffff:192.168.65.1": Only loopback "::1" returned, using that as bind address.
[2026-04-22 02:24:38.715 +01:00] [INF] [29] Jellyfin.Plugin.TMDbBoxSets.Api.TMDbBoxSetsController: Starting a manual refresh of TMDb collections
[2026-04-22 02:24:38.835 +01:00] [INF] [29] Jellyfin.Plugin.TMDbBoxSets.TMDbBoxSetManager: Found 49 TMDb collection(s) across all movies
[2026-04-22 02:24:38.837 +01:00] [INF] [29] Jellyfin.Plugin.TMDbBoxSets.TMDbBoxSetManager: Minimum number of movies is 2, but there is/are only 1: "10 Things I Hate About You"
[2026-04-22 02:24:38.837 +01:00] [INF] [29] Jellyfin.Plugin.TMDbBoxSets.TMDbBoxSetManager: Minimum number of movies is 2, but there is/are only 1: "Alien"
[2026-04-22 02:24:38.837 +01:00] [INF] [29] Jellyfin.Plugin.TMDbBoxSets.TMDbBoxSetManager: Minimum number of movies is 2, but there is/are only 1: "Avatar: Fire and Ash"
[2026-04-22 02:24:38.837 +01:00] [INF] [29] Jellyfin.Plugin.TMDbBoxSets.TMDbBoxSetManager: Minimum number of movies is 2, but there is/are only 1: "The Batman"
[2026-04-22 02:24:38.837 +01:00] [INF] [29] Jellyfin.Plugin.TMDbBoxSets.TMDbBoxSetManager: Minimum number of movies is 2, but there is/are only 1: "Batman Begins"
[2026-04-22 02:24:38.837 +01:00] [INF] [29] Jellyfin.Plugin.TMDbBoxSets.TMDbBoxSetManager: Minimum number of movies is 2, but there is/are only 1: "Battle Royale"
[2026-04-22 02:24:38.838 +01:00] [INF] [29] Jellyfin.Plugin.TMDbBoxSets.TMDbBoxSetManager: Box Set for "Before... Collection" ("123800") does not exist. Creating it now!
[2026-04-22 02:24:38.840 +01:00] [INF] [29] Emby.Server.Implementations.IO.LibraryMonitor: Stopping directory watching for path "/media_local/movies"
[2026-04-22 02:24:38.840 +01:00] [INF] [29] Emby.Server.Implementations.IO.LibraryMonitor: Stopping directory watching for path "/media_local/shows"
[2026-04-22 02:24:38.840 +01:00] [INF] [29] Emby.Server.Implementations.IO.LibraryMonitor: Stopping directory watching for path "/movies"
[2026-04-22 02:24:38.840 +01:00] [INF] [29] Emby.Server.Implementations.IO.LibraryMonitor: Stopping directory watching for path "/audiobooks"
[2026-04-22 02:24:38.841 +01:00] [INF] [29] Emby.Server.Implementations.IO.LibraryMonitor: Stopping directory watching for path "/shows"
[2026-04-22 02:24:39.188 +01:00] [ERR] [29] Emby.Server.Implementations.Library.LibraryManager: Error in GetFilteredFileSystemEntries isPhysicalRoot: False IsVf: False
System.UnauthorizedAccessException: Access to the path '/shows/._Sherlock.Season.1-4.S01-S04.1080p.10bit.BluRay.5.1.x265.HEVC-MZABI' is denied.
 ---> System.IO.IOException: Operation not permitted
   --- End of inner exception stack trace ---
   at System.IO.FileStatus.ThrowOnCacheInitializationError(ReadOnlySpan`1 path)
   at System.IO.FileSystemInfo.Create(String fullPath, String fileName, Boolean asDirectory, FileStatus& fileStatus)
   at System.IO.Enumeration.FileSystemEnumerator`1.MoveNext()
   at System.Linq.Enumerable.IEnumerableSelectIterator`2.ToArray()
   at MediaBrowser.Controller.Providers.DirectoryService.<>c.<GetFileSystemEntries>b__5_0(String p, IFileSystem fileSystem)
   at System.Collections.Concurrent.ConcurrentDictionary`2.GetOrAdd[TArg](TKey key, Func`3 valueFactory, TArg factoryArgument)
   at MediaBrowser.Controller.Providers.DirectoryService.GetFileSystemEntries(String path)
   at MediaBrowser.Controller.IO.FileData.GetFilteredFileSystemEntries(IDirectoryService directoryService, String path, IFileSystem fileSystem, IServerApplicationHost appHost, ILogger logger, ItemResolveArgs args, Int32 flattenFolderDepth, Boolean resolveShortcuts)
   at Emby.Server.Implementations.Library.LibraryManager.ResolvePath(FileSystemMetadata fileInfo, IDirectoryService directoryService, IItemResolver[] resolvers, Folder parent, Nullable`1 collectionType, LibraryOptions libraryOptions)
[2026-04-22 02:24:39.272 +01:00] [WRN] [29] MediaBrowser.Controller.Entities.BaseItem: Library folder "/config/data/data/playlists" is inaccessible or empty, skipping
[2026-04-22 02:24:39.300 +01:00] [ERR] [31] MediaBrowser.Controller.Entities.BaseItem: Error refreshing owned items for "/shows"
System.UnauthorizedAccessException: Access to the path '/shows/._Sherlock.Season.1-4.S01-S04.1080p.10bit.BluRay.5.1.x265.HEVC-MZABI' is denied.
 ---> System.IO.IOException: Operation not permitted
   --- End of inner exception stack trace ---
   at System.IO.FileStatus.ThrowOnCacheInitializationError(ReadOnlySpan`1 path)
   at System.IO.FileSystemInfo.Create(String fullPath, String fileName, Boolean asDirectory, FileStatus& fileStatus)
   at System.IO.Enumeration.FileSystemEnumerator`1.MoveNext()
   at System.Linq.Enumerable.IEnumerableSelectIterator`2.ToArray()
   at MediaBrowser.Controller.Providers.DirectoryService.<>c.<GetFileSystemEntries>b__5_0(String p, IFileSystem fileSystem)
   at System.Collections.Concurrent.ConcurrentDictionary`2.GetOrAdd[TArg](TKey key, Func`3 valueFactory, TArg factoryArgument)
   at MediaBrowser.Controller.Providers.DirectoryService.GetFileSystemEntries(String path)
   at MediaBrowser.Controller.Entities.BaseItem.GetFileSystemChildren(IDirectoryService directoryService)
   at MediaBrowser.Controller.Entities.BaseItem.RefreshMetadata(MetadataRefreshOptions options, CancellationToken cancellationToken)
[2026-04-22 02:24:39.300 +01:00] [ERR] [31] MediaBrowser.Providers.Folders.FolderMetadataService: Error validating images for "/shows"
System.UnauthorizedAccessException: Access to the path '/shows/._Sherlock.Season.1-4.S01-S04.1080p.10bit.BluRay.5.1.x265.HEVC-MZABI' is denied.
 ---> System.IO.IOException: Operation not permitted
   --- End of inner exception stack trace ---
   at System.IO.FileStatus.ThrowOnCacheInitializationError(ReadOnlySpan`1 path)
   at System.IO.FileSystemInfo.Create(String fullPath, String fileName, Boolean asDirectory, FileStatus& fileStatus)
   at System.IO.Enumeration.FileSystemEnumerator`1.MoveNext()
   at System.Linq.Enumerable.IEnumerableSelectIterator`2.ToArray()
   at MediaBrowser.Controller.Providers.DirectoryService.<>c.<GetFileSystemEntries>b__5_0(String p, IFileSystem fileSystem)
   at System.Collections.Concurrent.ConcurrentDictionary`2.GetOrAdd[TArg](TKey key, Func`3 valueFactory, TArg factoryArgument)
   at MediaBrowser.Controller.Providers.DirectoryService.GetFileSystemEntries(String path)
   at MediaBrowser.LocalMetadata.Images.LocalImageProvider.GetFiles(BaseItem item, Boolean includeDirectories, IDirectoryService directoryService)
   at MediaBrowser.LocalMetadata.Images.LocalImageProvider.GetImages(BaseItem item, IDirectoryService directoryService)
   at MediaBrowser.Providers.Manager.ItemImageProvider.<>c__DisplayClass7_0.<ValidateImages>b__0(ILocalImageProvider i)
   at System.Linq.Enumerable.SelectManySingleSelectorIterator`2.ToList()
   at MediaBrowser.Providers.Manager.ItemImageProvider.ValidateImages(BaseItem item, IEnumerable`1 providers, ImageRefreshOptions refreshOptions)
   at MediaBrowser.Providers.Manager.MetadataService`2.RefreshMetadata(BaseItem item, MetadataRefreshOptions refreshOptions, CancellationToken cancellationToken)
[2026-04-22 02:24:39.355 +01:00] [ERR] [32] MediaBrowser.Providers.Folders.CollectionFolderMetadataService: Error validating images for "/config/data/root/default/Shows (external)"
System.UnauthorizedAccessException: Access to the path '/shows/._Sherlock.Season.1-4.S01-S04.1080p.10bit.BluRay.5.1.x265.HEVC-MZABI' is denied.
 ---> System.IO.IOException: Operation not permitted
   --- End of inner exception stack trace ---
   at System.IO.FileStatus.ThrowOnCacheInitializationError(ReadOnlySpan`1 path)
   at System.IO.FileSystemInfo.Create(String fullPath, String fileName, Boolean asDirectory, FileStatus& fileStatus)
   at System.IO.Enumeration.FileSystemEnumerableFactory.<>c.<FileInfos>b__5_0(FileSystemEntry& entry)
   at System.IO.Enumeration.FileSystemEnumerator`1.MoveNext()
   at System.Linq.Enumerable.IEnumerableWhereIterator`1.MoveNext()
   at System.Linq.Enumerable.IEnumerableSelectIterator`2.MoveNext()
   at System.Collections.Generic.SegmentedArrayBuilder`1.AddRange(IEnumerable`1 source)
   at System.Linq.Enumerable.SelectManySingleSelectorIterator`2.ToArray()
   at System.Linq.Enumerable.OrderedIterator`1.ToList()
   at MediaBrowser.LocalMetadata.Images.LocalImageProvider.GetImages(BaseItem item, IEnumerable`1 paths, IDirectoryService directoryService)
   at MediaBrowser.LocalMetadata.Images.CollectionFolderLocalImageProvider.GetImages(BaseItem item, IDirectoryService directoryService)
   at MediaBrowser.Providers.Manager.ItemImageProvider.<>c__DisplayClass7_0.<ValidateImages>b__0(ILocalImageProvider i)
   at System.Linq.Enumerable.SelectManySingleSelectorIterator`2.ToList()
   at MediaBrowser.Providers.Manager.ItemImageProvider.ValidateImages(BaseItem item, IEnumerable`1 providers, ImageRefreshOptions refreshOptions)
   at MediaBrowser.Providers.Manager.MetadataService`2.RefreshMetadata(BaseItem item, MetadataRefreshOptions refreshOptions, CancellationToken cancellationToken)
[2026-04-22 02:24:39.378 +01:00] [ERR] [31] MediaBrowser.Providers.Folders.CollectionFolderMetadataService: Error validating images for "/config/data/root/default/Shows (external)"
System.UnauthorizedAccessException: Access to the path '/shows/._Sherlock.Season.1-4.S01-S04.1080p.10bit.BluRay.5.1.x265.HEVC-MZABI' is denied.
 ---> System.IO.IOException: Operation not permitted
   --- End of inner exception stack trace ---
   at System.IO.FileStatus.ThrowOnCacheInitializationError(ReadOnlySpan`1 path)
   at System.IO.FileSystemInfo.Create(String fullPath, String fileName, Boolean asDirectory, FileStatus& fileStatus)
   at System.IO.Enumeration.FileSystemEnumerableFactory.<>c.<FileInfos>b__5_0(FileSystemEntry& entry)
   at System.IO.Enumeration.FileSystemEnumerator`1.MoveNext()
   at System.Linq.Enumerable.IEnumerableWhereIterator`1.MoveNext()
   at System.Linq.Enumerable.IEnumerableSelectIterator`2.MoveNext()
   at System.Collections.Generic.SegmentedArrayBuilder`1.AddRange(IEnumerable`1 source)
   at System.Linq.Enumerable.SelectManySingleSelectorIterator`2.ToArray()
   at System.Linq.Enumerable.OrderedIterator`1.ToList()
   at MediaBrowser.LocalMetadata.Images.LocalImageProvider.GetImages(BaseItem item, IEnumerable`1 paths, IDirectoryService directoryService)
   at MediaBrowser.LocalMetadata.Images.CollectionFolderLocalImageProvider.GetImages(BaseItem item, IDirectoryService directoryService)
   at MediaBrowser.Providers.Manager.ItemImageProvider.<>c__DisplayClass7_0.<ValidateImages>b__0(ILocalImageProvider i)
   at System.Linq.Enumerable.SelectManySingleSelectorIterator`2.ToList()
   at MediaBrowser.Providers.Manager.ItemImageProvider.ValidateImages(BaseItem item, IEnumerable`1 providers, ImageRefreshOptions refreshOptions)
   at MediaBrowser.Providers.Manager.MetadataService`2.RefreshMetadata(BaseItem item, MetadataRefreshOptions refreshOptions, CancellationToken cancellationToken)
[2026-04-22 02:24:39.381 +01:00] [INF] [25] Emby.Server.Implementations.Library.LibraryManager: Validating media library
[2026-04-22 02:24:39.435 +01:00] [INF] [32] Jellyfin.Plugin.TMDbBoxSets.TMDbBoxSetManager: Minimum number of movies is 2, but there is/are only 1: "Blade Runner"
[2026-04-22 02:24:39.435 +01:00] [INF] [32] Jellyfin.Plugin.TMDbBoxSets.TMDbBoxSetManager: Minimum number of movies is 2, but there is/are only 1: "Bridget Jones's Diary"
[2026-04-22 02:24:39.435 +01:00] [INF] [32] Jellyfin.Plugin.TMDbBoxSets.TMDbBoxSetManager: Box Set for "James Bond Collection" ("645") does not exist. Creating it now!
[2026-04-22 02:24:39.470 +01:00] [INF] [31] Jellyfin.Plugin.TMDbBoxSets.TMDbBoxSetManager: Minimum number of movies is 2, but there is/are only 1: "Crouching Tiger, Hidden Dragon"
[2026-04-22 02:24:39.470 +01:00] [INF] [31] Jellyfin.Plugin.TMDbBoxSets.TMDbBoxSetManager: Minimum number of movies is 2, but there is/are only 1: "Die Hard"
[2026-04-22 02:24:39.470 +01:00] [INF] [31] Jellyfin.Plugin.TMDbBoxSets.TMDbBoxSetManager: Box Set for "Dune Collection" ("726871") does not exist. Creating it now!
[2026-04-22 02:24:39.518 +01:00] [ERR] [25] Emby.Server.Implementations.Library.LibraryManager: Error in GetFilteredFileSystemEntries isPhysicalRoot: False IsVf: False
System.UnauthorizedAccessException: Access to the path '/shows/._Sherlock.Season.1-4.S01-S04.1080p.10bit.BluRay.5.1.x265.HEVC-MZABI' is denied.
 ---> System.IO.IOException: Operation not permitted
   --- End of inner exception stack trace ---
   at System.IO.FileStatus.ThrowOnCacheInitializationError(ReadOnlySpan`1 path)
   at System.IO.FileSystemInfo.Create(String fullPath, String fileName, Boolean asDirectory, FileStatus& fileStatus)
   at System.IO.Enumeration.FileSystemEnumerator`1.MoveNext()
   at System.Linq.Enumerable.IEnumerableSelectIterator`2.ToArray()
   at MediaBrowser.Controller.Providers.DirectoryService.<>c.<GetFileSystemEntries>b__5_0(String p, IFileSystem fileSystem)
   at System.Collections.Concurrent.ConcurrentDictionary`2.GetOrAdd[TArg](TKey key, Func`3 valueFactory, TArg factoryArgument)
   at MediaBrowser.Controller.Providers.DirectoryService.GetFileSystemEntries(String path)
   at MediaBrowser.Controller.IO.FileData.GetFilteredFileSystemEntries(IDirectoryService directoryService, String path, IFileSystem fileSystem, IServerApplicationHost appHost, ILogger logger, ItemResolveArgs args, Int32 flattenFolderDepth, Boolean resolveShortcuts)
   at Emby.Server.Implementations.Library.LibraryManager.ResolvePath(FileSystemMetadata fileInfo, IDirectoryService directoryService, IItemResolver[] resolvers, Folder parent, Nullable`1 collectionType, LibraryOptions libraryOptions)
[2026-04-22 02:24:39.560 +01:00] [WRN] [25] MediaBrowser.Controller.Entities.BaseItem: Library folder "/config/data/data/playlists" is inaccessible or empty, skipping
[2026-04-22 02:24:39.561 +01:00] [ERR] [25] MediaBrowser.Controller.Entities.BaseItem: Error refreshing owned items for "/shows"
System.UnauthorizedAccessException: Access to the path '/shows/._Sherlock.Season.1-4.S01-S04.1080p.10bit.BluRay.5.1.x265.HEVC-MZABI' is denied.
 ---> System.IO.IOException: Operation not permitted
   --- End of inner exception stack trace ---
   at System.IO.FileStatus.ThrowOnCacheInitializationError(ReadOnlySpan`1 path)
   at System.IO.FileSystemInfo.Create(String fullPath, String fileName, Boolean asDirectory, FileStatus& fileStatus)
   at System.IO.Enumeration.FileSystemEnumerator`1.MoveNext()
   at System.Linq.Enumerable.IEnumerableSelectIterator`2.ToArray()
   at MediaBrowser.Controller.Providers.DirectoryService.<>c.<GetFileSystemEntries>b__5_0(String p, IFileSystem fileSystem)
   at System.Collections.Concurrent.ConcurrentDictionary`2.GetOrAdd[TArg](TKey key, Func`3 valueFactory, TArg factoryArgument)
   at MediaBrowser.Controller.Providers.DirectoryService.GetFileSystemEntries(String path)
   at MediaBrowser.Controller.Entities.BaseItem.GetFileSystemChildren(IDirectoryService directoryService)
   at MediaBrowser.Controller.Entities.BaseItem.RefreshMetadata(MetadataRefreshOptions options, CancellationToken cancellationToken)
[2026-04-22 02:24:39.561 +01:00] [ERR] [25] MediaBrowser.Providers.Folders.FolderMetadataService: Error validating images for "/shows"
System.UnauthorizedAccessException: Access to the path '/shows/._Sherlock.Season.1-4.S01-S04.1080p.10bit.BluRay.5.1.x265.HEVC-MZABI' is denied.
 ---> System.IO.IOException: Operation not permitted
   --- End of inner exception stack trace ---
   at System.IO.FileStatus.ThrowOnCacheInitializationError(ReadOnlySpan`1 path)
   at System.IO.FileSystemInfo.Create(String fullPath, String fileName, Boolean asDirectory, FileStatus& fileStatus)
   at System.IO.Enumeration.FileSystemEnumerator`1.MoveNext()
   at System.Linq.Enumerable.IEnumerableSelectIterator`2.ToArray()
   at MediaBrowser.Controller.Providers.DirectoryService.<>c.<GetFileSystemEntries>b__5_0(String p, IFileSystem fileSystem)
   at System.Collections.Concurrent.ConcurrentDictionary`2.GetOrAdd[TArg](TKey key, Func`3 valueFactory, TArg factoryArgument)
   at MediaBrowser.Controller.Providers.DirectoryService.GetFileSystemEntries(String path)
   at MediaBrowser.LocalMetadata.Images.LocalImageProvider.GetFiles(BaseItem item, Boolean includeDirectories, IDirectoryService directoryService)
   at MediaBrowser.LocalMetadata.Images.LocalImageProvider.GetImages(BaseItem item, IDirectoryService directoryService)
   at MediaBrowser.Providers.Manager.ItemImageProvider.<>c__DisplayClass7_0.<ValidateImages>b__0(ILocalImageProvider i)
   at System.Linq.Enumerable.SelectManySingleSelectorIterator`2.ToList()
   at MediaBrowser.Providers.Manager.ItemImageProvider.ValidateImages(BaseItem item, IEnumerable`1 providers, ImageRefreshOptions refreshOptions)
   at MediaBrowser.Providers.Manager.MetadataService`2.RefreshMetadata(BaseItem item, MetadataRefreshOptions refreshOptions, CancellationToken cancellationToken)
[2026-04-22 02:24:39.578 +01:00] [ERR] [33] MediaBrowser.Providers.Folders.CollectionFolderMetadataService: Error validating images for "/config/data/root/default/Shows (external)"
System.UnauthorizedAccessException: Access to the path '/shows/._Sherlock.Season.1-4.S01-S04.1080p.10bit.BluRay.5.1.x265.HEVC-MZABI' is denied.
 ---> System.IO.IOException: Operation not permitted
   --- End of inner exception stack trace ---
   at System.IO.FileStatus.ThrowOnCacheInitializationError(ReadOnlySpan`1 path)
   at System.IO.FileSystemInfo.Create(String fullPath, String fileName, Boolean asDirectory, FileStatus& fileStatus)
   at System.IO.Enumeration.FileSystemEnumerableFactory.<>c.<FileInfos>b__5_0(FileSystemEntry& entry)
   at System.IO.Enumeration.FileSystemEnumerator`1.MoveNext()
   at System.Linq.Enumerable.IEnumerableWhereIterator`1.MoveNext()
   at System.Linq.Enumerable.IEnumerableSelectIterator`2.MoveNext()
   at System.Collections.Generic.SegmentedArrayBuilder`1.AddRange(IEnumerable`1 source)
   at System.Linq.Enumerable.SelectManySingleSelectorIterator`2.ToArray()
   at System.Linq.Enumerable.OrderedIterator`1.ToList()
   at MediaBrowser.LocalMetadata.Images.LocalImageProvider.GetImages(BaseItem item, IEnumerable`1 paths, IDirectoryService directoryService)
   at MediaBrowser.LocalMetadata.Images.CollectionFolderLocalImageProvider.GetImages(BaseItem item, IDirectoryService directoryService)
   at MediaBrowser.Providers.Manager.ItemImageProvider.<>c__DisplayClass7_0.<ValidateImages>b__0(ILocalImageProvider i)
   at System.Linq.Enumerable.SelectManySingleSelectorIterator`2.ToList()
   at MediaBrowser.Providers.Manager.ItemImageProvider.ValidateImages(BaseItem item, IEnumerable`1 providers, ImageRefreshOptions refreshOptions)
   at MediaBrowser.Providers.Manager.MetadataService`2.RefreshMetadata(BaseItem item, MetadataRefreshOptions refreshOptions, CancellationToken cancellationToken)
[2026-04-22 02:24:39.590 +01:00] [ERR] [31] MediaBrowser.Providers.Folders.CollectionFolderMetadataService: Error validating images for "/config/data/root/default/Shows (external)"
System.UnauthorizedAccessException: Access to the path '/shows/._Sherlock.Season.1-4.S01-S04.1080p.10bit.BluRay.5.1.x265.HEVC-MZABI' is denied.
 ---> System.IO.IOException: Operation not permitted
   --- End of inner exception stack trace ---
   at System.IO.FileStatus.ThrowOnCacheInitializationError(ReadOnlySpan`1 path)
   at System.IO.FileSystemInfo.Create(String fullPath, String fileName, Boolean asDirectory, FileStatus& fileStatus)
   at System.IO.Enumeration.FileSystemEnumerableFactory.<>c.<FileInfos>b__5_0(FileSystemEntry& entry)
   at System.IO.Enumeration.FileSystemEnumerator`1.MoveNext()
   at System.Linq.Enumerable.IEnumerableWhereIterator`1.MoveNext()
   at System.Linq.Enumerable.IEnumerableSelectIterator`2.MoveNext()
   at System.Collections.Generic.SegmentedArrayBuilder`1.AddRange(IEnumerable`1 source)
   at System.Linq.Enumerable.SelectManySingleSelectorIterator`2.ToArray()
   at System.Linq.Enumerable.OrderedIterator`1.ToList()
   at MediaBrowser.LocalMetadata.Images.LocalImageProvider.GetImages(BaseItem item, IEnumerable`1 paths, IDirectoryService directoryService)
   at MediaBrowser.LocalMetadata.Images.CollectionFolderLocalImageProvider.GetImages(BaseItem item, IDirectoryService directoryService)
   at MediaBrowser.Providers.Manager.ItemImageProvider.<>c__DisplayClass7_0.<ValidateImages>b__0(ILocalImageProvider i)
   at System.Linq.Enumerable.SelectManySingleSelectorIterator`2.ToList()
   at MediaBrowser.Providers.Manager.ItemImageProvider.ValidateImages(BaseItem item, IEnumerable`1 providers, ImageRefreshOptions refreshOptions)
   at MediaBrowser.Providers.Manager.MetadataService`2.RefreshMetadata(BaseItem item, MetadataRefreshOptions refreshOptions, CancellationToken cancellationToken)
[2026-04-22 02:24:39.629 +01:00] [ERR] [31] Emby.Server.Implementations.Library.LibraryManager: Error in GetFilteredFileSystemEntries isPhysicalRoot: False IsVf: False
System.UnauthorizedAccessException: Access to the path '/shows/._Sherlock.Season.1-4.S01-S04.1080p.10bit.BluRay.5.1.x265.HEVC-MZABI' is denied.
 ---> System.IO.IOException: Operation not permitted
   --- End of inner exception stack trace ---
   at System.IO.FileStatus.ThrowOnCacheInitializationError(ReadOnlySpan`1 path)
   at System.IO.FileSystemInfo.Create(String fullPath, String fileName, Boolean asDirectory, FileStatus& fileStatus)
   at System.IO.Enumeration.FileSystemEnumerator`1.MoveNext()
   at System.Linq.Enumerable.IEnumerableSelectIterator`2.ToArray()
   at MediaBrowser.Controller.Providers.DirectoryService.<>c.<GetFileSystemEntries>b__5_0(String p, IFileSystem fileSystem)
   at System.Collections.Concurrent.ConcurrentDictionary`2.GetOrAdd[TArg](TKey key, Func`3 valueFactory, TArg factoryArgument)
   at MediaBrowser.Controller.Providers.DirectoryService.GetFileSystemEntries(String path)
   at MediaBrowser.Controller.IO.FileData.GetFilteredFileSystemEntries(IDirectoryService directoryService, String path, IFileSystem fileSystem, IServerApplicationHost appHost, ILogger logger, ItemResolveArgs args, Int32 flattenFolderDepth, Boolean resolveShortcuts)
   at Emby.Server.Implementations.Library.LibraryManager.ResolvePath(FileSystemMetadata fileInfo, IDirectoryService directoryService, IItemResolver[] resolvers, Folder parent, Nullable`1 collectionType, LibraryOptions libraryOptions)
[2026-04-22 02:24:39.688 +01:00] [WRN] [31] MediaBrowser.Controller.Entities.BaseItem: Library folder "/config/data/data/playlists" is inaccessible or empty, skipping
[2026-04-22 02:24:39.698 +01:00] [ERR] [29] MediaBrowser.Controller.Entities.BaseItem: Error retrieving children
System.UnauthorizedAccessException: Access to the path '/shows/._Sherlock.Season.1-4.S01-S04.1080p.10bit.BluRay.5.1.x265.HEVC-MZABI' is denied.
 ---> System.IO.IOException: Operation not permitted
   --- End of inner exception stack trace ---
   at System.IO.FileStatus.ThrowOnCacheInitializationError(ReadOnlySpan`1 path)
   at System.IO.FileSystemInfo.Create(String fullPath, String fileName, Boolean asDirectory, FileStatus& fileStatus)
   at System.IO.Enumeration.FileSystemEnumerator`1.MoveNext()
   at System.Linq.Enumerable.IEnumerableSelectIterator`2.ToArray()
   at MediaBrowser.Controller.Providers.DirectoryService.<>c.<GetFileSystemEntries>b__5_0(String p, IFileSystem fileSystem)
   at System.Collections.Concurrent.ConcurrentDictionary`2.GetOrAdd[TArg](TKey key, Func`3 valueFactory, TArg factoryArgument)
   at MediaBrowser.Controller.Providers.DirectoryService.GetFileSystemEntries(String path)
   at MediaBrowser.Controller.Entities.BaseItem.GetFileSystemChildren(IDirectoryService directoryService)
   at MediaBrowser.Controller.Entities.Folder.GetNonCachedChildren(IDirectoryService directoryService)
   at MediaBrowser.Controller.Entities.Folder.ValidateChildrenInternal2(IProgress`1 progress, Boolean recursive, Boolean refreshChildMetadata, Boolean allowRemoveRoot, MetadataRefreshOptions refreshOptions, IDirectoryService directoryService, CancellationToken cancellationToken)
[2026-04-22 02:24:39.790 +01:00] [INF] [32] Jellyfin.Plugin.TMDbBoxSets.TMDbBoxSetManager: Minimum number of movies is 2, but there is/are only 1: "F1"
[2026-04-22 02:24:39.790 +01:00] [INF] [32] Jellyfin.Plugin.TMDbBoxSets.TMDbBoxSetManager: Box Set for "Gladiator Collection" ("1069584") does not exist. Creating it now!
[2026-04-22 02:24:39.818 +01:00] [INF] [39] Jellyfin.Plugin.TMDbBoxSets.TMDbBoxSetManager: Box Set for "The Godfather Collection" ("230") does not exist. Creating it now!
[2026-04-22 02:24:39.842 +01:00] [INF] [34] Jellyfin.Plugin.TMDbBoxSets.TMDbBoxSetManager: Minimum number of movies is 2, but there is/are only 1: "Grease"
[2026-04-22 02:24:39.842 +01:00] [INF] [34] Jellyfin.Plugin.TMDbBoxSets.TMDbBoxSetManager: Box Set for "Harry Potter Collection" ("1241") does not exist. Creating it now!
[2026-04-22 02:24:39.870 +01:00] [INF] [34] Jellyfin.Plugin.TMDbBoxSets.TMDbBoxSetManager: Minimum number of movies is 2, but there is/are only 1: "How to Train Your Dragon"
[2026-04-22 02:24:39.870 +01:00] [INF] [34] Jellyfin.Plugin.TMDbBoxSets.TMDbBoxSetManager: Box Set for "How to Train Your Dragon Collection" ("89137") does not exist. Creating it now!
[2026-04-22 02:24:39.889 +01:00] [INF] [34] Jellyfin.Plugin.TMDbBoxSets.TMDbBoxSetManager: Box Set for "The Human Condition Collection" ("85473") does not exist. Creating it now!
[2026-04-22 02:24:39.969 +01:00] [INF] [39] Jellyfin.Plugin.TMDbBoxSets.TMDbBoxSetManager: Box Set for "The Hunger Games Collection" ("131635") does not exist. Creating it now!
[2026-04-22 02:24:39.986 +01:00] [INF] [34] Jellyfin.Plugin.TMDbBoxSets.TMDbBoxSetManager: Minimum number of movies is 2, but there is/are only 1: "Interpol Code 8"
[2026-04-22 02:24:39.986 +01:00] [INF] [34] Jellyfin.Plugin.TMDbBoxSets.TMDbBoxSetManager: Box Set for "Joker Collection" ("987044") does not exist. Creating it now!
[2026-04-22 02:24:40.001 +01:00] [INF] [34] Jellyfin.Plugin.TMDbBoxSets.TMDbBoxSetManager: Minimum number of movies is 2, but there is/are only 1: "Kaguya-sama Final: Love Is War"
[2026-04-22 02:24:40.001 +01:00] [INF] [34] Jellyfin.Plugin.TMDbBoxSets.TMDbBoxSetManager: Box Set for "Kill Bill Collection" ("2883") does not exist. Creating it now!
[2026-04-22 02:24:40.023 +01:00] [INF] [34] Jellyfin.Plugin.TMDbBoxSets.TMDbBoxSetManager: Minimum number of movies is 2, but there is/are only 1: "The Lord of the Rings: The Fellowship of the Ring"
[2026-04-22 02:24:40.023 +01:00] [INF] [34] Jellyfin.Plugin.TMDbBoxSets.TMDbBoxSetManager: Minimum number of movies is 2, but there is/are only 1: "Mary Poppins"
[2026-04-22 02:24:40.023 +01:00] [INF] [34] Jellyfin.Plugin.TMDbBoxSets.TMDbBoxSetManager: Minimum number of movies is 2, but there is/are only 1: "The Matrix"
[2026-04-22 02:24:40.023 +01:00] [INF] [34] Jellyfin.Plugin.TMDbBoxSets.TMDbBoxSetManager: Minimum number of movies is 2, but there is/are only 1: "A Minecraft Movie"
[2026-04-22 02:24:40.023 +01:00] [INF] [34] Jellyfin.Plugin.TMDbBoxSets.TMDbBoxSetManager: Minimum number of movies is 2, but there is/are only 1: "Now You See Me: Now You Don't"
[2026-04-22 02:24:40.023 +01:00] [INF] [34] Jellyfin.Plugin.TMDbBoxSets.TMDbBoxSetManager: Minimum number of movies is 2, but there is/are only 1: "Ocean's Eleven"
[2026-04-22 02:24:40.023 +01:00] [INF] [34] Jellyfin.Plugin.TMDbBoxSets.TMDbBoxSetManager: Minimum number of movies is 2, but there is/are only 1: "Predator: Badlands"
[2026-04-22 02:24:40.023 +01:00] [INF] [34] Jellyfin.Plugin.TMDbBoxSets.TMDbBoxSetManager: Minimum number of movies is 2, but there is/are only 1: "Scenes from a Marriage"
[2026-04-22 02:24:40.023 +01:00] [INF] [34] Jellyfin.Plugin.TMDbBoxSets.TMDbBoxSetManager: Box Set for "Sex and the City Collection" ("50457") does not exist. Creating it now!
[2026-04-22 02:24:40.049 +01:00] [INF] [34] Jellyfin.Plugin.TMDbBoxSets.TMDbBoxSetManager: Minimum number of movies is 2, but there is/are only 1: "The Silence of the Lambs"
[2026-04-22 02:24:40.049 +01:00] [INF] [34] Jellyfin.Plugin.TMDbBoxSets.TMDbBoxSetManager: Box Set for "Spider-Man: Spider-Verse Collection" ("573436") does not exist. Creating it now!
[2026-04-22 02:24:40.069 +01:00] [INF] [34] Jellyfin.Plugin.TMDbBoxSets.TMDbBoxSetManager: Minimum number of movies is 2, but there is/are only 1: "Superman"
[2026-04-22 02:24:40.069 +01:00] [INF] [34] Jellyfin.Plugin.TMDbBoxSets.TMDbBoxSetManager: Box Set for "Three Colors Collection" ("131") does not exist. Creating it now!
[2026-04-22 02:24:40.092 +01:00] [INF] [34] Jellyfin.Plugin.TMDbBoxSets.TMDbBoxSetManager: Minimum number of movies is 2, but there is/are only 1: "Top Gun: Maverick"
[2026-04-22 02:24:40.092 +01:00] [INF] [34] Jellyfin.Plugin.TMDbBoxSets.TMDbBoxSetManager: Minimum number of movies is 2, but there is/are only 1: "Train to Busan"
[2026-04-22 02:24:40.092 +01:00] [INF] [34] Jellyfin.Plugin.TMDbBoxSets.TMDbBoxSetManager: Minimum number of movies is 2, but there is/are only 1: "Transformers"
[2026-04-22 02:24:40.092 +01:00] [INF] [34] Jellyfin.Plugin.TMDbBoxSets.TMDbBoxSetManager: Minimum number of movies is 2, but there is/are only 1: "Violet Evergarden: The Movie"
[2026-04-22 02:24:40.092 +01:00] [INF] [34] Jellyfin.Plugin.TMDbBoxSets.TMDbBoxSetManager: Minimum number of movies is 2, but there is/are only 1: "Wicked"
[2026-04-22 02:24:40.092 +01:00] [INF] [34] Jellyfin.Plugin.TMDbBoxSets.TMDbBoxSetManager: Minimum number of movies is 2, but there is/are only 1: "The Wild Robot"
[2026-04-22 02:24:40.092 +01:00] [INF] [34] Jellyfin.Plugin.TMDbBoxSets.TMDbBoxSetManager: Minimum number of movies is 2, but there is/are only 1: "Wings of Desire"
[2026-04-22 02:24:40.092 +01:00] [INF] [34] Jellyfin.Plugin.TMDbBoxSets.TMDbBoxSetManager: Box Set for "World of Tomorrow Collection" ("506918") does not exist. Creating it now!
[2026-04-22 02:24:40.112 +01:00] [INF] [34] Jellyfin.Plugin.TMDbBoxSets.TMDbBoxSetManager: Minimum number of movies is 2, but there is/are only 1: "The Wrong Trousers"
[2026-04-22 02:24:40.112 +01:00] [INF] [34] Jellyfin.Plugin.TMDbBoxSets.TMDbBoxSetManager: Minimum number of movies is 2, but there is/are only 1: "Yojimbo"
[2026-04-22 02:24:40.113 +01:00] [INF] [34] Jellyfin.Plugin.TMDbBoxSets.Api.TMDbBoxSetsController: Completed refresh of TMDb collections
[2026-04-22 02:24:40.516 +01:00] [ERR] [38] Emby.Server.Implementations.Library.LibraryManager: Error resolving path "/movies/Y Tu Mamá También (2001) [1080p] [BluRay] [5.1] [YTS.MX]"
System.UnauthorizedAccessException: Access to the path '/movies/Y Tu Mamá También (2001) [1080p] [BluRay] [5.1] [YTS.MX]/._Y.Tu.Mamá.También.2001.1080p.BluRay.x264.AAC5.1-[YTS.MX].mp4' is denied.
 ---> System.IO.IOException: Operation not permitted
   --- End of inner exception stack trace ---
   at System.IO.FileStatus.ThrowOnCacheInitializationError(ReadOnlySpan`1 path)
   at System.IO.FileSystemInfo.Create(String fullPath, String fileName, Boolean asDirectory, FileStatus& fileStatus)
   at System.IO.Enumeration.FileSystemEnumerator`1.MoveNext()
   at System.Linq.Enumerable.IEnumerableSelectIterator`2.ToArray()
   at MediaBrowser.Controller.Providers.DirectoryService.<>c.<GetFileSystemEntries>b__5_0(String p, IFileSystem fileSystem)
   at System.Collections.Concurrent.ConcurrentDictionary`2.GetOrAdd[TArg](TKey key, Func`3 valueFactory, TArg factoryArgument)
   at MediaBrowser.Controller.Providers.DirectoryService.GetFileSystemEntries(String path)
   at MediaBrowser.Controller.IO.FileData.GetFilteredFileSystemEntries(IDirectoryService directoryService, String path, IFileSystem fileSystem, IServerApplicationHost appHost, ILogger logger, ItemResolveArgs args, Int32 flattenFolderDepth, Boolean resolveShortcuts)
   at Emby.Server.Implementations.Library.LibraryManager.ResolvePath(FileSystemMetadata fileInfo, IDirectoryService directoryService, IItemResolver[] resolvers, Folder parent, Nullable`1 collectionType, LibraryOptions libraryOptions)
   at Emby.Server.Implementations.Library.LibraryManager.ResolveFileList(IReadOnlyList`1 fileList, IDirectoryService directoryService, Folder parent, Nullable`1 collectionType, IItemResolver[] resolvers, LibraryOptions libraryOptions)+MoveNext()
[2026-04-22 02:24:40.595 +01:00] [INF] [34] Jellyfin.Plugin.TMDbBoxSets.Api.TMDbBoxSetsController: Starting a manual refresh of TMDb collections
[2026-04-22 02:24:40.668 +01:00] [INF] [34] Jellyfin.Plugin.TMDbBoxSets.TMDbBoxSetManager: Found 49 TMDb collection(s) across all movies
[2026-04-22 02:24:40.668 +01:00] [INF] [34] Jellyfin.Plugin.TMDbBoxSets.TMDbBoxSetManager: Minimum number of movies is 2, but there is/are only 1: "10 Things I Hate About You"
[2026-04-22 02:24:40.668 +01:00] [INF] [34] Jellyfin.Plugin.TMDbBoxSets.TMDbBoxSetManager: Minimum number of movies is 2, but there is/are only 1: "Alien"
[2026-04-22 02:24:40.668 +01:00] [INF] [34] Jellyfin.Plugin.TMDbBoxSets.TMDbBoxSetManager: Minimum number of movies is 2, but there is/are only 1: "Avatar: Fire and Ash"
[2026-04-22 02:24:40.668 +01:00] [INF] [34] Jellyfin.Plugin.TMDbBoxSets.TMDbBoxSetManager: Minimum number of movies is 2, but there is/are only 1: "The Batman"
[2026-04-22 02:24:40.668 +01:00] [INF] [34] Jellyfin.Plugin.TMDbBoxSets.TMDbBoxSetManager: Minimum number of movies is 2, but there is/are only 1: "Batman Begins"
[2026-04-22 02:24:40.668 +01:00] [INF] [34] Jellyfin.Plugin.TMDbBoxSets.TMDbBoxSetManager: Minimum number of movies is 2, but there is/are only 1: "Battle Royale"
[2026-04-22 02:24:40.668 +01:00] [INF] [34] Jellyfin.Plugin.TMDbBoxSets.TMDbBoxSetManager: The movies "Before Midnight, Before Sunrise, Before Sunset" is/are already in their proper box set, "Before... Collection"
[2026-04-22 02:24:40.668 +01:00] [INF] [34] Jellyfin.Plugin.TMDbBoxSets.TMDbBoxSetManager: Minimum number of movies is 2, but there is/are only 1: "Blade Runner"
[2026-04-22 02:24:40.668 +01:00] [INF] [34] Jellyfin.Plugin.TMDbBoxSets.TMDbBoxSetManager: Minimum number of movies is 2, but there is/are only 1: "Bridget Jones's Diary"
[2026-04-22 02:24:40.690 +01:00] [INF] [34] Jellyfin.Plugin.TMDbBoxSets.TMDbBoxSetManager: The movies "Casino Royale, Diamonds Are Forever, Die Another Day, Dr. No, For Your Eyes Only, From Russia with Love, GoldenEye, Goldfinger, Licence to Kill, Live and Let Die, The Living Daylights, The Man with the Golden Gun, Moonraker, Never Say Never Again, No Time to Die, Octopussy, On Her Majesty's Secret Service, Quantum of Solace, Skyfall, Spectre, The Spy Who Loved Me, Thunderball, Tomorrow Never Dies, A View to a Kill, The World Is Not Enough, You Only Live Twice" is/are already in their proper box set, "James Bond Collection"
[2026-04-22 02:24:40.690 +01:00] [INF] [34] Jellyfin.Plugin.TMDbBoxSets.TMDbBoxSetManager: Minimum number of movies is 2, but there is/are only 1: "Crouching Tiger, Hidden Dragon"
[2026-04-22 02:24:40.690 +01:00] [INF] [34] Jellyfin.Plugin.TMDbBoxSets.TMDbBoxSetManager: Minimum number of movies is 2, but there is/are only 1: "Die Hard"
[2026-04-22 02:24:40.692 +01:00] [INF] [34] Jellyfin.Plugin.TMDbBoxSets.TMDbBoxSetManager: The movies "Dune, Dune: Part Two" is/are already in their proper box set, "Dune Collection"
[2026-04-22 02:24:40.692 +01:00] [INF] [34] Jellyfin.Plugin.TMDbBoxSets.TMDbBoxSetManager: Minimum number of movies is 2, but there is/are only 1: "F1"
[2026-04-22 02:24:40.693 +01:00] [INF] [34] Jellyfin.Plugin.TMDbBoxSets.TMDbBoxSetManager: The movies "Gladiator, Gladiator II" is/are already in their proper box set, "Gladiator Collection"
[2026-04-22 02:24:40.694 +01:00] [INF] [34] Jellyfin.Plugin.TMDbBoxSets.TMDbBoxSetManager: The movies "The Godfather, The Godfather Part II" is/are already in their proper box set, "The Godfather Collection"
[2026-04-22 02:24:40.694 +01:00] [INF] [34] Jellyfin.Plugin.TMDbBoxSets.TMDbBoxSetManager: Minimum number of movies is 2, but there is/are only 1: "Grease"
[2026-04-22 02:24:40.700 +01:00] [INF] [34] Jellyfin.Plugin.TMDbBoxSets.TMDbBoxSetManager: The movies "Harry Potter and the Chamber of Secrets, Harry Potter and the Deathly Hallows: Part 1, Harry Potter and the Deathly Hallows: Part 2, Harry Potter and the Goblet of Fire, Harry Potter and the Half-Blood Prince, Harry Potter and the Order of the Phoenix, Harry Potter and the Philosopher's Stone, Harry Potter and the Prisoner of Azkaban" is/are already in their proper box set, "Harry Potter Collection"
[2026-04-22 02:24:40.700 +01:00] [INF] [34] Jellyfin.Plugin.TMDbBoxSets.TMDbBoxSetManager: Minimum number of movies is 2, but there is/are only 1: "How to Train Your Dragon"
[2026-04-22 02:24:40.702 +01:00] [INF] [34] Jellyfin.Plugin.TMDbBoxSets.TMDbBoxSetManager: The movies "How to Train Your Dragon, How to Train Your Dragon 2, How to Train Your Dragon: The Hidden World" is/are already in their proper box set, "How to Train Your Dragon Collection"
[2026-04-22 02:24:40.704 +01:00] [INF] [34] Jellyfin.Plugin.TMDbBoxSets.TMDbBoxSetManager: The movies "The Human Condition I: No Greater Love, The Human Condition II: Road to Eternity, The Human Condition III: A Soldier's Prayer" is/are already in their proper box set, "The Human Condition Collection"
[2026-04-22 02:24:40.706 +01:00] [INF] [34] Jellyfin.Plugin.TMDbBoxSets.TMDbBoxSetManager: The movies "The Hunger Games, The Hunger Games: Catching Fire, The Hunger Games: Mockingjay - Part 1, The Hunger Games: Mockingjay - Part 2" is/are already in their proper box set, "The Hunger Games Collection"
[2026-04-22 02:24:40.706 +01:00] [INF] [34] Jellyfin.Plugin.TMDbBoxSets.TMDbBoxSetManager: Minimum number of movies is 2, but there is/are only 1: "Interpol Code 8"
[2026-04-22 02:24:40.707 +01:00] [INF] [34] Jellyfin.Plugin.TMDbBoxSets.TMDbBoxSetManager: The movies "Joker, Joker" is/are already in their proper box set, "Joker Collection"
[2026-04-22 02:24:40.707 +01:00] [INF] [34] Jellyfin.Plugin.TMDbBoxSets.TMDbBoxSetManager: Minimum number of movies is 2, but there is/are only 1: "Kaguya-sama Final: Love Is War"
[2026-04-22 02:24:40.708 +01:00] [INF] [34] Jellyfin.Plugin.TMDbBoxSets.TMDbBoxSetManager: The movies "Kill Bill: Vol. 1, Kill Bill: Vol. 2" is/are already in their proper box set, "Kill Bill Collection"
[2026-04-22 02:24:40.708 +01:00] [INF] [34] Jellyfin.Plugin.TMDbBoxSets.TMDbBoxSetManager: Minimum number of movies is 2, but there is/are only 1: "The Lord of the Rings: The Fellowship of the Ring"
[2026-04-22 02:24:40.708 +01:00] [INF] [34] Jellyfin.Plugin.TMDbBoxSets.TMDbBoxSetManager: Minimum number of movies is 2, but there is/are only 1: "Mary Poppins"
[2026-04-22 02:24:40.708 +01:00] [INF] [34] Jellyfin.Plugin.TMDbBoxSets.TMDbBoxSetManager: Minimum number of movies is 2, but there is/are only 1: "The Matrix"
[2026-04-22 02:24:40.708 +01:00] [INF] [34] Jellyfin.Plugin.TMDbBoxSets.TMDbBoxSetManager: Minimum number of movies is 2, but there is/are only 1: "A Minecraft Movie"
[2026-04-22 02:24:40.709 +01:00] [INF] [34] Jellyfin.Plugin.TMDbBoxSets.TMDbBoxSetManager: Minimum number of movies is 2, but there is/are only 1: "Now You See Me: Now You Don't"
[2026-04-22 02:24:40.709 +01:00] [INF] [34] Jellyfin.Plugin.TMDbBoxSets.TMDbBoxSetManager: Minimum number of movies is 2, but there is/are only 1: "Ocean's Eleven"
[2026-04-22 02:24:40.709 +01:00] [INF] [34] Jellyfin.Plugin.TMDbBoxSets.TMDbBoxSetManager: Minimum number of movies is 2, but there is/are only 1: "Predator: Badlands"
[2026-04-22 02:24:40.709 +01:00] [INF] [34] Jellyfin.Plugin.TMDbBoxSets.TMDbBoxSetManager: Minimum number of movies is 2, but there is/are only 1: "Scenes from a Marriage"
[2026-04-22 02:24:40.710 +01:00] [INF] [34] Jellyfin.Plugin.TMDbBoxSets.TMDbBoxSetManager: The movies "Sex and the City, Sex and the City 2" is/are already in their proper box set, "Sex and the City Collection"
[2026-04-22 02:24:40.710 +01:00] [INF] [34] Jellyfin.Plugin.TMDbBoxSets.TMDbBoxSetManager: Minimum number of movies is 2, but there is/are only 1: "The Silence of the Lambs"
[2026-04-22 02:24:40.711 +01:00] [INF] [34] Jellyfin.Plugin.TMDbBoxSets.TMDbBoxSetManager: The movies "Spider-Man: Across the Spider-Verse, Spider-Man: Into the Spider-Verse" is/are already in their proper box set, "Spider-Man: Spider-Verse Collection"
[2026-04-22 02:24:40.711 +01:00] [INF] [34] Jellyfin.Plugin.TMDbBoxSets.TMDbBoxSetManager: Minimum number of movies is 2, but there is/are only 1: "Superman"
[2026-04-22 02:24:40.714 +01:00] [INF] [34] Jellyfin.Plugin.TMDbBoxSets.TMDbBoxSetManager: The movies "Three Colors: Blue, Three Colors: Red, Three Colors: White" is/are already in their proper box set, "Three Colors Collection"
[2026-04-22 02:24:40.714 +01:00] [INF] [34] Jellyfin.Plugin.TMDbBoxSets.TMDbBoxSetManager: Minimum number of movies is 2, but there is/are only 1: "Top Gun: Maverick"
[2026-04-22 02:24:40.714 +01:00] [INF] [34] Jellyfin.Plugin.TMDbBoxSets.TMDbBoxSetManager: Minimum number of movies is 2, but there is/are only 1: "Train to Busan"
[2026-04-22 02:24:40.714 +01:00] [INF] [34] Jellyfin.Plugin.TMDbBoxSets.TMDbBoxSetManager: Minimum number of movies is 2, but there is/are only 1: "Transformers"
[2026-04-22 02:24:40.714 +01:00] [INF] [34] Jellyfin.Plugin.TMDbBoxSets.TMDbBoxSetManager: Minimum number of movies is 2, but there is/are only 1: "Violet Evergarden: The Movie"
[2026-04-22 02:24:40.714 +01:00] [INF] [34] Jellyfin.Plugin.TMDbBoxSets.TMDbBoxSetManager: Minimum number of movies is 2, but there is/are only 1: "Wicked"
[2026-04-22 02:24:40.714 +01:00] [INF] [34] Jellyfin.Plugin.TMDbBoxSets.TMDbBoxSetManager: Minimum number of movies is 2, but there is/are only 1: "The Wild Robot"
[2026-04-22 02:24:40.714 +01:00] [INF] [34] Jellyfin.Plugin.TMDbBoxSets.TMDbBoxSetManager: Minimum number of movies is 2, but there is/are only 1: "Wings of Desire"
[2026-04-22 02:24:40.714 +01:00] [INF] [34] Jellyfin.Plugin.TMDbBoxSets.TMDbBoxSetManager: The movies "World of Tomorrow, World of Tomorrow Episode Three: The Absent Destinations of David Prime, World of Tomorrow Episode Two: The Burden of Other People's Thoughts" is/are already in their proper box set, "World of Tomorrow Collection"
[2026-04-22 02:24:40.714 +01:00] [INF] [34] Jellyfin.Plugin.TMDbBoxSets.TMDbBoxSetManager: Minimum number of movies is 2, but there is/are only 1: "The Wrong Trousers"
[2026-04-22 02:24:40.714 +01:00] [INF] [34] Jellyfin.Plugin.TMDbBoxSets.TMDbBoxSetManager: Minimum number of movies is 2, but there is/are only 1: "Yojimbo"
[2026-04-22 02:24:40.714 +01:00] [INF] [34] Jellyfin.Plugin.TMDbBoxSets.Api.TMDbBoxSetsController: Completed refresh of TMDb collections
[2026-04-22 02:24:48.555 +01:00] [ERR] [34] MediaBrowser.Controller.Entities.BaseItem: Error refreshing owned items for "/shows"
System.UnauthorizedAccessException: Access to the path '/shows/._Sherlock.Season.1-4.S01-S04.1080p.10bit.BluRay.5.1.x265.HEVC-MZABI' is denied.
 ---> System.IO.IOException: Operation not permitted
   --- End of inner exception stack trace ---
   at System.IO.FileSystemInfo.Create(String fullPath, String fileName, Boolean asDirectory, FileStatus& fileStatus)
   at System.IO.Enumeration.FileSystemEnumerable`1.DelegateEnumerator.TransformEntry(FileSystemEntry& entry)
   at System.IO.Enumeration.FileSystemEnumerator`1.MoveNext()
   at System.Linq.Enumerable.IEnumerableSelectIterator`2.ToArray()
   at MediaBrowser.Controller.Providers.DirectoryService.GetFileSystemEntries(String path)
   at MediaBrowser.Controller.Entities.BaseItem.RefreshMetadata(MetadataRefreshOptions options, CancellationToken cancellationToken)
[2026-04-22 02:24:48.556 +01:00] [ERR] [34] MediaBrowser.Providers.Folders.FolderMetadataService: Error validating images for "/shows"
System.UnauthorizedAccessException: Access to the path '/shows/._Sherlock.Season.1-4.S01-S04.1080p.10bit.BluRay.5.1.x265.HEVC-MZABI' is denied.
 ---> System.IO.IOException: Operation not permitted
   --- End of inner exception stack trace ---
   at System.IO.FileSystemInfo.Create(String fullPath, String fileName, Boolean asDirectory, FileStatus& fileStatus)
   at System.IO.Enumeration.FileSystemEnumerable`1.DelegateEnumerator.TransformEntry(FileSystemEntry& entry)
   at System.IO.Enumeration.FileSystemEnumerator`1.MoveNext()
   at System.Linq.Enumerable.IEnumerableSelectIterator`2.ToArray()
   at MediaBrowser.Controller.Providers.DirectoryService.GetFileSystemEntries(String path)
   at MediaBrowser.LocalMetadata.Images.LocalImageProvider.GetFiles(BaseItem item, Boolean includeDirectories, IDirectoryService directoryService)
   at MediaBrowser.LocalMetadata.Images.LocalImageProvider.GetImages(BaseItem item, IDirectoryService directoryService)
   at System.Linq.Enumerable.SelectManySingleSelectorIterator`2.ToList()
   at MediaBrowser.Providers.Manager.ItemImageProvider.ValidateImages(BaseItem item, IEnumerable`1 providers, ImageRefreshOptions refreshOptions)
   at MediaBrowser.Providers.Manager.MetadataService`2.RefreshMetadata(BaseItem item, MetadataRefreshOptions refreshOptions, CancellationToken cancellationToken)
[2026-04-22 02:24:49.311 +01:00] [WRN] [32] Jellyfin.Networking.Manager.NetworkManager: "::ffff:192.168.65.1": Only loopback "::1" returned, using that as bind address.
[2026-04-22 02:24:55.239 +01:00] [WRN] [25] Microsoft.EntityFrameworkCore.Query: Compiling a query which loads related collections for more than one collection navigation, either via 'Include' or through projection, but no 'QuerySplittingBehavior' has been configured. By default, Entity Framework will use 'QuerySplittingBehavior.SingleQuery', which can potentially result in slow query performance. See https://go.microsoft.com/fwlink/?linkid=2134277 for more information. To identify the query that's triggering this warning call 'ConfigureWarnings(w => w.Throw(RelationalEventId.MultipleCollectionIncludeWarning))'.
[2026-04-22 02:24:58.393 +01:00] [INF] [29] Emby.Server.Implementations.ScheduledTasks.TaskManager: "Scan Media Library" Completed after 0 minute(s) and 19 seconds
[2026-04-22 02:24:58.450 +01:00] [INF] [37] Emby.Server.Implementations.IO.LibraryMonitor: Watching directory "/media_local/shows"
[2026-04-22 02:24:58.472 +01:00] [INF] [30] Emby.Server.Implementations.IO.LibraryMonitor: Watching directory "/media_local/movies"
[2026-04-22 02:24:58.908 +01:00] [INF] [39] Emby.Server.Implementations.IO.LibraryMonitor: Watching directory "/shows"
[2026-04-22 02:24:58.931 +01:00] [INF] [25] Emby.Server.Implementations.IO.LibraryMonitor: Watching directory "/audiobooks"
[2026-04-22 02:24:58.957 +01:00] [INF] [33] Emby.Server.Implementations.IO.LibraryMonitor: Watching directory "/movies"
[2026-04-22 02:25:44.669 +01:00] [WRN] [29] Jellyfin.Networking.Manager.NetworkManager: "::ffff:192.168.65.1": Only loopback "::1" returned, using that as bind address.
[2026-04-22 02:26:18.870 +01:00] [ERR] [38] Jellyfin.Api.Middleware.ExceptionMiddleware: Error processing request: "The process cannot access the file '/config/data/plugins/Cover Art Archive_9.0.0.0/jellyfin-plugin-coverartarchive.png' because it is being used by another process". URL "GET" "/Plugins/8119f3c6cfc24d9ca0ba028f1d93e526/9.0.0.0/Image".
[2026-04-22 02:26:18.873 +01:00] [ERR] [38] Microsoft.AspNetCore.Server.Kestrel: Connection id ""0HNL01MEAABGS"", Request id ""0HNL01MEAABGS:00000023"": An unhandled exception was thrown by the application.
System.InvalidOperationException: Response Content-Length mismatch: too few bytes written (25 of 54854).
[2026-04-22 02:26:28.132 +01:00] [WRN] [39] Jellyfin.Networking.Manager.NetworkManager: "::ffff:192.168.65.1": Only loopback "::1" returned, using that as bind address.
[2026-04-22 02:26:32.553 +01:00] [WRN] [14] Microsoft.EntityFrameworkCore.Query: Compiling a query which loads related collections for more than one collection navigation, either via 'Include' or through projection, but no 'QuerySplittingBehavior' has been configured. By default, Entity Framework will use 'QuerySplittingBehavior.SingleQuery', which can potentially result in slow query performance. See https://go.microsoft.com/fwlink/?linkid=2134277 for more information. To identify the query that's triggering this warning call 'ConfigureWarnings(w => w.Throw(RelationalEventId.MultipleCollectionIncludeWarning))'.
[2026-04-22 02:28:21.190 +01:00] [INF] [46] Jellyfin.Api.Controllers.ItemLookupController: Setting provider id's to item b33fdd4f-b281-6959-2754-d00c6e6e8f16-"Amélie (2001) [BluRay] [1080p] [YTS.AM]": [("Tmdb": "194")]
[2026-04-22 02:29:02.603 +01:00] [INF] [17] Emby.Server.Implementations.HttpServer.WebSocketManager: WS "::ffff:192.168.65.1" closed
[2026-04-22 02:29:02.605 +01:00] [INF] [55] Emby.Server.Implementations.Session.SessionManager: Logging out access token "8a3befee00244679ae2d0c5ee73f0c1c"
[2026-04-22 02:29:02.632 +01:00] [INF] [46] Jellyfin.Api.Auth.CustomAuthenticationHandler: "CustomAuthentication" was not authenticated. Failure message: "Invalid token."
[2026-04-22 02:29:02.633 +01:00] [INF] [46] Jellyfin.Api.Auth.CustomAuthenticationHandler: "CustomAuthentication" was not authenticated. Failure message: "Invalid token."
[2026-04-22 02:29:02.634 +01:00] [INF] [46] Jellyfin.Api.Auth.CustomAuthenticationHandler: AuthenticationScheme: "CustomAuthentication" was challenged.
[2026-04-22 02:29:03.526 +01:00] [INF] [46] Jellyfin.Server.Implementations.Users.UserManager: Authentication request for "julie" has succeeded.
[2026-04-22 02:29:03.527 +01:00] [INF] [46] Emby.Server.Implementations.Session.SessionManager: Current/Max sessions for user "julie": 0/0
[2026-04-22 02:29:03.528 +01:00] [INF] [46] Emby.Server.Implementations.Session.SessionManager: Creating new access token for user 588d68b8-ee8f-4226-bc65-d99b8d277cbf
[2026-04-22 02:29:03.545 +01:00] [INF] [17] Emby.Server.Implementations.HttpServer.WebSocketManager: WS "::ffff:192.168.65.1" request
[2026-04-22 02:31:55.761 +01:00] [WRN] [57] Microsoft.EntityFrameworkCore.Query: Compiling a query which loads related collections for more than one collection navigation, either via 'Include' or through projection, but no 'QuerySplittingBehavior' has been configured. By default, Entity Framework will use 'QuerySplittingBehavior.SingleQuery', which can potentially result in slow query performance. See https://go.microsoft.com/fwlink/?linkid=2134277 for more information. To identify the query that's triggering this warning call 'ConfigureWarnings(w => w.Throw(RelationalEventId.MultipleCollectionIncludeWarning))'.
[2026-04-22 02:31:55.798 +01:00] [ERR] [57] Jellyfin.Api.Controllers.DisplayPreferencesController: Invalid ViewType: ""
[2026-04-22 02:31:55.798 +01:00] [ERR] [57] Jellyfin.Api.Controllers.DisplayPreferencesController: Invalid ViewType: ""
[2026-04-22 02:31:55.798 +01:00] [ERR] [57] Jellyfin.Api.Controllers.DisplayPreferencesController: Invalid ViewType: ""
[2026-04-22 02:31:55.798 +01:00] [ERR] [57] Jellyfin.Api.Controllers.DisplayPreferencesController: Invalid ViewType: ""
[2026-04-22 02:32:31.733 +01:00] [INF] [59] Emby.Server.Implementations.Session.SessionManager: Logging out access token "97b3153fb82742d88bf22e7fa4dfa0f9"
[2026-04-22 02:32:31.735 +01:00] [INF] [65] Emby.Server.Implementations.HttpServer.WebSocketManager: WS "::ffff:192.168.65.1" closed
[2026-04-22 02:32:31.907 +01:00] [INF] [63] Jellyfin.Api.Auth.CustomAuthenticationHandler: "CustomAuthentication" was not authenticated. Failure message: "Invalid token."
[2026-04-22 02:32:31.907 +01:00] [INF] [63] Jellyfin.Api.Auth.CustomAuthenticationHandler: "CustomAuthentication" was not authenticated. Failure message: "Invalid token."
[2026-04-22 02:32:31.908 +01:00] [INF] [63] Jellyfin.Api.Auth.CustomAuthenticationHandler: AuthenticationScheme: "CustomAuthentication" was challenged.
[2026-04-22 02:32:36.403 +01:00] [INF] [65] Jellyfin.Server.Implementations.Users.UserManager: Authentication request for "bill" has succeeded.
[2026-04-22 02:32:36.404 +01:00] [INF] [65] Emby.Server.Implementations.Session.SessionManager: Current/Max sessions for user "bill": 0/0
[2026-04-22 02:32:36.404 +01:00] [INF] [65] Emby.Server.Implementations.Session.SessionManager: Creating new access token for user dd66cf8d-c616-4ca1-b2c2-6df5ba8890ef
[2026-04-22 02:32:36.414 +01:00] [INF] [65] Emby.Server.Implementations.HttpServer.WebSocketManager: WS "::ffff:192.168.65.1" request
[2026-04-22 02:32:38.824 +01:00] [WRN] [62] Jellyfin.Networking.Manager.NetworkManager: "::ffff:192.168.65.1": Only loopback "::1" returned, using that as bind address.
[2026-04-22 02:32:40.951 +01:00] [INF] [66] Emby.Server.Implementations.IO.LibraryMonitor: Stopping directory watching for path "/media_local/movies"
[2026-04-22 02:32:40.952 +01:00] [INF] [66] Emby.Server.Implementations.IO.LibraryMonitor: Stopping directory watching for path "/media_local/shows"
[2026-04-22 02:32:40.952 +01:00] [INF] [66] Emby.Server.Implementations.IO.LibraryMonitor: Stopping directory watching for path "/movies"
[2026-04-22 02:32:40.953 +01:00] [INF] [66] Emby.Server.Implementations.IO.LibraryMonitor: Stopping directory watching for path "/audiobooks"
[2026-04-22 02:32:40.954 +01:00] [INF] [66] Emby.Server.Implementations.IO.LibraryMonitor: Stopping directory watching for path "/shows"
[2026-04-22 02:32:40.955 +01:00] [INF] [66] Emby.Server.Implementations.Library.LibraryManager: Validating media library
[2026-04-22 02:32:41.064 +01:00] [ERR] [66] Emby.Server.Implementations.Library.LibraryManager: Error in GetFilteredFileSystemEntries isPhysicalRoot: False IsVf: False
System.UnauthorizedAccessException: Access to the path '/shows/._Sherlock.Season.1-4.S01-S04.1080p.10bit.BluRay.5.1.x265.HEVC-MZABI' is denied.
 ---> System.IO.IOException: Operation not permitted
   --- End of inner exception stack trace ---
   at System.IO.FileSystemInfo.Create(String fullPath, String fileName, Boolean asDirectory, FileStatus& fileStatus)
   at System.IO.Enumeration.FileSystemEnumerable`1.DelegateEnumerator.TransformEntry(FileSystemEntry& entry)
   at System.IO.Enumeration.FileSystemEnumerator`1.MoveNext()
   at System.Linq.Enumerable.IEnumerableSelectIterator`2.ToArray()
   at MediaBrowser.Controller.IO.FileData.GetFilteredFileSystemEntries(IDirectoryService directoryService, String path, IFileSystem fileSystem, IServerApplicationHost appHost, ILogger logger, ItemResolveArgs args, Int32 flattenFolderDepth, Boolean resolveShortcuts)
   at Emby.Server.Implementations.Library.LibraryManager.ResolvePath(FileSystemMetadata fileInfo, IDirectoryService directoryService, IItemResolver[] resolvers, Folder parent, Nullable`1 collectionType, LibraryOptions libraryOptions)
[2026-04-22 02:32:41.140 +01:00] [WRN] [66] MediaBrowser.Controller.Entities.BaseItem: Library folder "/config/data/data/playlists" is inaccessible or empty, skipping
[2026-04-22 02:32:41.141 +01:00] [ERR] [66] MediaBrowser.Controller.Entities.BaseItem: Error refreshing owned items for "/shows"
System.UnauthorizedAccessException: Access to the path '/shows/._Sherlock.Season.1-4.S01-S04.1080p.10bit.BluRay.5.1.x265.HEVC-MZABI' is denied.
 ---> System.IO.IOException: Operation not permitted
   --- End of inner exception stack trace ---
   at System.IO.FileSystemInfo.Create(String fullPath, String fileName, Boolean asDirectory, FileStatus& fileStatus)
   at System.IO.Enumeration.FileSystemEnumerable`1.DelegateEnumerator.TransformEntry(FileSystemEntry& entry)
   at System.IO.Enumeration.FileSystemEnumerator`1.MoveNext()
   at System.Linq.Enumerable.IEnumerableSelectIterator`2.ToArray()
   at MediaBrowser.Controller.Providers.DirectoryService.GetFileSystemEntries(String path)
   at MediaBrowser.Controller.Entities.BaseItem.RefreshMetadata(MetadataRefreshOptions options, CancellationToken cancellationToken)
[2026-04-22 02:32:41.141 +01:00] [ERR] [66] MediaBrowser.Providers.Folders.FolderMetadataService: Error validating images for "/shows"
System.UnauthorizedAccessException: Access to the path '/shows/._Sherlock.Season.1-4.S01-S04.1080p.10bit.BluRay.5.1.x265.HEVC-MZABI' is denied.
 ---> System.IO.IOException: Operation not permitted
   --- End of inner exception stack trace ---
   at System.IO.FileSystemInfo.Create(String fullPath, String fileName, Boolean asDirectory, FileStatus& fileStatus)
   at System.IO.Enumeration.FileSystemEnumerable`1.DelegateEnumerator.TransformEntry(FileSystemEntry& entry)
   at System.IO.Enumeration.FileSystemEnumerator`1.MoveNext()
   at System.Linq.Enumerable.IEnumerableSelectIterator`2.ToArray()
   at MediaBrowser.LocalMetadata.Images.LocalImageProvider.GetFiles(BaseItem item, Boolean includeDirectories, IDirectoryService directoryService)
   at MediaBrowser.LocalMetadata.Images.LocalImageProvider.GetImages(BaseItem item, IDirectoryService directoryService)
   at System.Linq.Enumerable.SelectManySingleSelectorIterator`2.ToList()
   at MediaBrowser.Providers.Manager.ItemImageProvider.ValidateImages(BaseItem item, IEnumerable`1 providers, ImageRefreshOptions refreshOptions)
   at MediaBrowser.Providers.Manager.MetadataService`2.RefreshMetadata(BaseItem item, MetadataRefreshOptions refreshOptions, CancellationToken cancellationToken)
[2026-04-22 02:32:41.155 +01:00] [ERR] [72] MediaBrowser.Providers.Folders.CollectionFolderMetadataService: Error validating images for "/config/data/root/default/Shows (external)"
System.UnauthorizedAccessException: Access to the path '/shows/._Sherlock.Season.1-4.S01-S04.1080p.10bit.BluRay.5.1.x265.HEVC-MZABI' is denied.
 ---> System.IO.IOException: Operation not permitted
   --- End of inner exception stack trace ---
   at System.IO.FileSystemInfo.Create(String fullPath, String fileName, Boolean asDirectory, FileStatus& fileStatus)
   at System.IO.Enumeration.FileSystemEnumerableFactory.<>c.<FileInfos>b__5_0(FileSystemEntry& entry)
   at System.IO.Enumeration.FileSystemEnumerable`1.DelegateEnumerator.TransformEntry(FileSystemEntry& entry)
   at System.IO.Enumeration.FileSystemEnumerator`1.MoveNext()
   at System.Linq.Enumerable.IEnumerableWhereIterator`1.MoveNext()
   at System.Linq.Enumerable.IEnumerableSelectIterator`2.MoveNext()
   at System.Collections.Generic.SegmentedArrayBuilder`1.AddRange(IEnumerable`1 source)
   at System.Linq.Enumerable.SelectManySingleSelectorIterator`2.ToArray()
   at System.Linq.Enumerable.OrderedIterator`1.ToList()
   at MediaBrowser.LocalMetadata.Images.LocalImageProvider.GetImages(BaseItem item, IEnumerable`1 paths, IDirectoryService directoryService)
   at MediaBrowser.LocalMetadata.Images.CollectionFolderLocalImageProvider.GetImages(BaseItem item, IDirectoryService directoryService)
   at System.Linq.Enumerable.SelectManySingleSelectorIterator`2.ToList()
   at MediaBrowser.Providers.Manager.ItemImageProvider.ValidateImages(BaseItem item, IEnumerable`1 providers, ImageRefreshOptions refreshOptions)
   at MediaBrowser.Providers.Manager.MetadataService`2.RefreshMetadata(BaseItem item, MetadataRefreshOptions refreshOptions, CancellationToken cancellationToken)
[2026-04-22 02:32:41.230 +01:00] [ERR] [70] MediaBrowser.Providers.Folders.CollectionFolderMetadataService: Error validating images for "/config/data/root/default/Shows (external)"
System.UnauthorizedAccessException: Access to the path '/shows/._Sherlock.Season.1-4.S01-S04.1080p.10bit.BluRay.5.1.x265.HEVC-MZABI' is denied.
 ---> System.IO.IOException: Operation not permitted
   --- End of inner exception stack trace ---
   at System.IO.FileSystemInfo.Create(String fullPath, String fileName, Boolean asDirectory, FileStatus& fileStatus)
   at System.IO.Enumeration.FileSystemEnumerableFactory.<>c.<FileInfos>b__5_0(FileSystemEntry& entry)
   at System.IO.Enumeration.FileSystemEnumerable`1.DelegateEnumerator.TransformEntry(FileSystemEntry& entry)
   at System.IO.Enumeration.FileSystemEnumerator`1.MoveNext()
   at System.Linq.Enumerable.IEnumerableWhereIterator`1.MoveNext()
   at System.Linq.Enumerable.IEnumerableSelectIterator`2.MoveNext()
   at System.Collections.Generic.SegmentedArrayBuilder`1.AddRange(IEnumerable`1 source)
   at System.Linq.Enumerable.SelectManySingleSelectorIterator`2.ToArray()
   at System.Linq.Enumerable.OrderedIterator`1.ToList()
   at MediaBrowser.LocalMetadata.Images.LocalImageProvider.GetImages(BaseItem item, IEnumerable`1 paths, IDirectoryService directoryService)
   at MediaBrowser.LocalMetadata.Images.CollectionFolderLocalImageProvider.GetImages(BaseItem item, IDirectoryService directoryService)
   at System.Linq.Enumerable.SelectManySingleSelectorIterator`2.ToList()
   at MediaBrowser.Providers.Manager.ItemImageProvider.ValidateImages(BaseItem item, IEnumerable`1 providers, ImageRefreshOptions refreshOptions)
   at MediaBrowser.Providers.Manager.MetadataService`2.RefreshMetadata(BaseItem item, MetadataRefreshOptions refreshOptions, CancellationToken cancellationToken)
[2026-04-22 02:32:41.261 +01:00] [ERR] [70] Emby.Server.Implementations.Library.LibraryManager: Error in GetFilteredFileSystemEntries isPhysicalRoot: False IsVf: False
System.UnauthorizedAccessException: Access to the path '/shows/._Sherlock.Season.1-4.S01-S04.1080p.10bit.BluRay.5.1.x265.HEVC-MZABI' is denied.
 ---> System.IO.IOException: Operation not permitted
   --- End of inner exception stack trace ---
   at System.IO.FileSystemInfo.Create(String fullPath, String fileName, Boolean asDirectory, FileStatus& fileStatus)
   at System.IO.Enumeration.FileSystemEnumerable`1.DelegateEnumerator.TransformEntry(FileSystemEntry& entry)
   at System.IO.Enumeration.FileSystemEnumerator`1.MoveNext()
   at System.Linq.Enumerable.IEnumerableSelectIterator`2.ToArray()
   at MediaBrowser.Controller.IO.FileData.GetFilteredFileSystemEntries(IDirectoryService directoryService, String path, IFileSystem fileSystem, IServerApplicationHost appHost, ILogger logger, ItemResolveArgs args, Int32 flattenFolderDepth, Boolean resolveShortcuts)
   at Emby.Server.Implementations.Library.LibraryManager.ResolvePath(FileSystemMetadata fileInfo, IDirectoryService directoryService, IItemResolver[] resolvers, Folder parent, Nullable`1 collectionType, LibraryOptions libraryOptions)
[2026-04-22 02:32:41.302 +01:00] [WRN] [70] MediaBrowser.Controller.Entities.BaseItem: Library folder "/config/data/data/playlists" is inaccessible or empty, skipping
[2026-04-22 02:32:41.304 +01:00] [ERR] [63] MediaBrowser.Controller.Entities.BaseItem: Error retrieving children
System.UnauthorizedAccessException: Access to the path '/shows/._Sherlock.Season.1-4.S01-S04.1080p.10bit.BluRay.5.1.x265.HEVC-MZABI' is denied.
 ---> System.IO.IOException: Operation not permitted
   --- End of inner exception stack trace ---
   at System.IO.FileSystemInfo.Create(String fullPath, String fileName, Boolean asDirectory, FileStatus& fileStatus)
   at System.IO.Enumeration.FileSystemEnumerable`1.DelegateEnumerator.TransformEntry(FileSystemEntry& entry)
   at System.IO.Enumeration.FileSystemEnumerator`1.MoveNext()
   at System.Linq.Enumerable.IEnumerableSelectIterator`2.ToArray()
   at MediaBrowser.Controller.Providers.DirectoryService.GetFileSystemEntries(String path)
   at MediaBrowser.Controller.Entities.Folder.GetNonCachedChildren(IDirectoryService directoryService)
   at MediaBrowser.Controller.Entities.Folder.ValidateChildrenInternal2(IProgress`1 progress, Boolean recursive, Boolean refreshChildMetadata, Boolean allowRemoveRoot, MetadataRefreshOptions refreshOptions, IDirectoryService directoryService, CancellationToken cancellationToken)
[2026-04-22 02:32:41.974 +01:00] [ERR] [66] Emby.Server.Implementations.Library.LibraryManager: Error resolving path "/movies/Y Tu Mamá También (2001) [1080p] [BluRay] [5.1] [YTS.MX]"
System.UnauthorizedAccessException: Access to the path '/movies/Y Tu Mamá También (2001) [1080p] [BluRay] [5.1] [YTS.MX]/._Y.Tu.Mamá.También.2001.1080p.BluRay.x264.AAC5.1-[YTS.MX].mp4' is denied.
 ---> System.IO.IOException: Operation not permitted
   --- End of inner exception stack trace ---
   at System.IO.FileSystemInfo.Create(String fullPath, String fileName, Boolean asDirectory, FileStatus& fileStatus)
   at System.IO.Enumeration.FileSystemEnumerable`1.DelegateEnumerator.TransformEntry(FileSystemEntry& entry)
   at System.IO.Enumeration.FileSystemEnumerator`1.MoveNext()
   at System.Linq.Enumerable.IEnumerableSelectIterator`2.ToArray()
   at MediaBrowser.Controller.IO.FileData.GetFilteredFileSystemEntries(IDirectoryService directoryService, String path, IFileSystem fileSystem, IServerApplicationHost appHost, ILogger logger, ItemResolveArgs args, Int32 flattenFolderDepth, Boolean resolveShortcuts)
   at Emby.Server.Implementations.Library.LibraryManager.ResolvePath(FileSystemMetadata fileInfo, IDirectoryService directoryService, IItemResolver[] resolvers, Folder parent, Nullable`1 collectionType, LibraryOptions libraryOptions)
   at Emby.Server.Implementations.Library.LibraryManager.ResolveFileList(IReadOnlyList`1 fileList, IDirectoryService directoryService, Folder parent, Nullable`1 collectionType, IItemResolver[] resolvers, LibraryOptions libraryOptions)+MoveNext()
[2026-04-22 02:32:49.509 +01:00] [ERR] [60] MediaBrowser.Controller.Entities.BaseItem: Error refreshing owned items for "/shows"
System.UnauthorizedAccessException: Access to the path '/shows/._Sherlock.Season.1-4.S01-S04.1080p.10bit.BluRay.5.1.x265.HEVC-MZABI' is denied.
 ---> System.IO.IOException: Operation not permitted
   --- End of inner exception stack trace ---
   at System.IO.FileSystemInfo.Create(String fullPath, String fileName, Boolean asDirectory, FileStatus& fileStatus)
   at System.IO.Enumeration.FileSystemEnumerable`1.DelegateEnumerator.TransformEntry(FileSystemEntry& entry)
   at System.IO.Enumeration.FileSystemEnumerator`1.MoveNext()
   at System.Linq.Enumerable.IEnumerableSelectIterator`2.ToArray()
   at MediaBrowser.Controller.Providers.DirectoryService.GetFileSystemEntries(String path)
   at MediaBrowser.Controller.Entities.BaseItem.RefreshMetadata(MetadataRefreshOptions options, CancellationToken cancellationToken)
[2026-04-22 02:32:49.510 +01:00] [ERR] [60] MediaBrowser.Providers.Folders.FolderMetadataService: Error validating images for "/shows"
System.UnauthorizedAccessException: Access to the path '/shows/._Sherlock.Season.1-4.S01-S04.1080p.10bit.BluRay.5.1.x265.HEVC-MZABI' is denied.
 ---> System.IO.IOException: Operation not permitted
   --- End of inner exception stack trace ---
   at System.IO.FileSystemInfo.Create(String fullPath, String fileName, Boolean asDirectory, FileStatus& fileStatus)
   at System.IO.Enumeration.FileSystemEnumerable`1.DelegateEnumerator.TransformEntry(FileSystemEntry& entry)
   at System.IO.Enumeration.FileSystemEnumerator`1.MoveNext()
   at System.Linq.Enumerable.IEnumerableSelectIterator`2.ToArray()
   at MediaBrowser.LocalMetadata.Images.LocalImageProvider.GetFiles(BaseItem item, Boolean includeDirectories, IDirectoryService directoryService)
   at MediaBrowser.LocalMetadata.Images.LocalImageProvider.GetImages(BaseItem item, IDirectoryService directoryService)
   at System.Linq.Enumerable.SelectManySingleSelectorIterator`2.ToList()
   at MediaBrowser.Providers.Manager.ItemImageProvider.ValidateImages(BaseItem item, IEnumerable`1 providers, ImageRefreshOptions refreshOptions)
   at MediaBrowser.Providers.Manager.MetadataService`2.RefreshMetadata(BaseItem item, MetadataRefreshOptions refreshOptions, CancellationToken cancellationToken)
[2026-04-22 02:32:55.560 +01:00] [WRN] [66] Jellyfin.Networking.Manager.NetworkManager: "::ffff:192.168.65.1": Only loopback "::1" returned, using that as bind address.
[2026-04-22 02:32:58.521 +01:00] [INF] [60] Emby.Server.Implementations.ScheduledTasks.TaskManager: "Scan Media Library" Completed after 0 minute(s) and 17 seconds
[2026-04-22 02:32:58.574 +01:00] [INF] [59] Emby.Server.Implementations.IO.LibraryMonitor: Watching directory "/media_local/shows"
[2026-04-22 02:32:58.593 +01:00] [INF] [72] Emby.Server.Implementations.IO.LibraryMonitor: Watching directory "/media_local/movies"
[2026-04-22 02:32:59.169 +01:00] [INF] [62] Emby.Server.Implementations.IO.LibraryMonitor: Watching directory "/audiobooks"
[2026-04-22 02:32:59.182 +01:00] [INF] [63] Emby.Server.Implementations.IO.LibraryMonitor: Watching directory "/shows"
[2026-04-22 02:32:59.219 +01:00] [INF] [66] Emby.Server.Implementations.IO.LibraryMonitor: Watching directory "/movies"
[2026-04-22 02:33:49.996 +01:00] [WRN] [65] Jellyfin.Networking.Manager.NetworkManager: "::ffff:192.168.65.1": Only loopback "::1" returned, using that as bind address.
[2026-04-22 02:33:59.353 +01:00] [ERR] [63] MediaBrowser.Providers.Folders.CollectionFolderMetadataService: Error validating images for "/config/data/root/default/Shows (external)"
System.UnauthorizedAccessException: Access to the path '/shows/._Sherlock.Season.1-4.S01-S04.1080p.10bit.BluRay.5.1.x265.HEVC-MZABI' is denied.
 ---> System.IO.IOException: Operation not permitted
   --- End of inner exception stack trace ---
   at System.IO.FileSystemInfo.Create(String fullPath, String fileName, Boolean asDirectory, FileStatus& fileStatus)
   at System.IO.Enumeration.FileSystemEnumerableFactory.<>c.<FileInfos>b__5_0(FileSystemEntry& entry)
   at System.IO.Enumeration.FileSystemEnumerable`1.DelegateEnumerator.TransformEntry(FileSystemEntry& entry)
   at System.IO.Enumeration.FileSystemEnumerator`1.MoveNext()
   at System.Linq.Enumerable.IEnumerableWhereIterator`1.MoveNext()
   at System.Linq.Enumerable.IEnumerableSelectIterator`2.MoveNext()
   at System.Collections.Generic.SegmentedArrayBuilder`1.AddRange(IEnumerable`1 source)
   at System.Linq.Enumerable.SelectManySingleSelectorIterator`2.ToArray()
   at System.Linq.Enumerable.OrderedIterator`1.ToList()
   at MediaBrowser.LocalMetadata.Images.LocalImageProvider.GetImages(BaseItem item, IEnumerable`1 paths, IDirectoryService directoryService)
   at MediaBrowser.LocalMetadata.Images.CollectionFolderLocalImageProvider.GetImages(BaseItem item, IDirectoryService directoryService)
   at System.Linq.Enumerable.SelectManySingleSelectorIterator`2.ToList()
   at MediaBrowser.Providers.Manager.ItemImageProvider.ValidateImages(BaseItem item, IEnumerable`1 providers, ImageRefreshOptions refreshOptions)
   at MediaBrowser.Providers.Manager.MetadataService`2.RefreshMetadata(BaseItem item, MetadataRefreshOptions refreshOptions, CancellationToken cancellationToken)
[2026-04-22 02:33:59.356 +01:00] [ERR] [63] MediaBrowser.Controller.Entities.BaseItem: Error refreshing owned items for "/shows"
System.UnauthorizedAccessException: Access to the path '/shows/._Sherlock.Season.1-4.S01-S04.1080p.10bit.BluRay.5.1.x265.HEVC-MZABI' is denied.
 ---> System.IO.IOException: Operation not permitted
   --- End of inner exception stack trace ---
   at System.IO.FileSystemInfo.Create(String fullPath, String fileName, Boolean asDirectory, FileStatus& fileStatus)
   at System.IO.Enumeration.FileSystemEnumerable`1.DelegateEnumerator.TransformEntry(FileSystemEntry& entry)
   at System.IO.Enumeration.FileSystemEnumerator`1.MoveNext()
   at System.Linq.Enumerable.IEnumerableSelectIterator`2.ToArray()
   at MediaBrowser.Controller.Providers.DirectoryService.GetFileSystemEntries(String path)
   at MediaBrowser.Controller.Entities.BaseItem.RefreshMetadata(MetadataRefreshOptions options, CancellationToken cancellationToken)
[2026-04-22 02:33:59.357 +01:00] [ERR] [63] MediaBrowser.Providers.Folders.FolderMetadataService: Error validating images for "/shows"
System.UnauthorizedAccessException: Access to the path '/shows/._Sherlock.Season.1-4.S01-S04.1080p.10bit.BluRay.5.1.x265.HEVC-MZABI' is denied.
 ---> System.IO.IOException: Operation not permitted
   --- End of inner exception stack trace ---
   at System.IO.FileSystemInfo.Create(String fullPath, String fileName, Boolean asDirectory, FileStatus& fileStatus)
   at System.IO.Enumeration.FileSystemEnumerable`1.DelegateEnumerator.TransformEntry(FileSystemEntry& entry)
   at System.IO.Enumeration.FileSystemEnumerator`1.MoveNext()
   at System.Linq.Enumerable.IEnumerableSelectIterator`2.ToArray()
   at MediaBrowser.LocalMetadata.Images.LocalImageProvider.GetFiles(BaseItem item, Boolean includeDirectories, IDirectoryService directoryService)
   at MediaBrowser.LocalMetadata.Images.LocalImageProvider.GetImages(BaseItem item, IDirectoryService directoryService)
   at System.Linq.Enumerable.SelectManySingleSelectorIterator`2.ToList()
   at MediaBrowser.Providers.Manager.ItemImageProvider.ValidateImages(BaseItem item, IEnumerable`1 providers, ImageRefreshOptions refreshOptions)
   at MediaBrowser.Providers.Manager.MetadataService`2.RefreshMetadata(BaseItem item, MetadataRefreshOptions refreshOptions, CancellationToken cancellationToken)
[2026-04-22 02:33:59.359 +01:00] [ERR] [63] MediaBrowser.Controller.Entities.BaseItem: Error retrieving children
System.UnauthorizedAccessException: Access to the path '/shows/._Sherlock.Season.1-4.S01-S04.1080p.10bit.BluRay.5.1.x265.HEVC-MZABI' is denied.
 ---> System.IO.IOException: Operation not permitted
   --- End of inner exception stack trace ---
   at System.IO.FileSystemInfo.Create(String fullPath, String fileName, Boolean asDirectory, FileStatus& fileStatus)
   at System.IO.Enumeration.FileSystemEnumerable`1.DelegateEnumerator.TransformEntry(FileSystemEntry& entry)
   at System.IO.Enumeration.FileSystemEnumerator`1.MoveNext()
   at System.Linq.Enumerable.IEnumerableSelectIterator`2.ToArray()
   at MediaBrowser.Controller.Providers.DirectoryService.GetFileSystemEntries(String path)
   at MediaBrowser.Controller.Entities.Folder.GetNonCachedChildren(IDirectoryService directoryService)
   at MediaBrowser.Controller.Entities.Folder.ValidateChildrenInternal2(IProgress`1 progress, Boolean recursive, Boolean refreshChildMetadata, Boolean allowRemoveRoot, MetadataRefreshOptions refreshOptions, IDirectoryService directoryService, CancellationToken cancellationToken)
[2026-04-22 02:34:37.741 +01:00] [WRN] [63] Jellyfin.Networking.Manager.NetworkManager: "::ffff:192.168.65.1": Only loopback "::1" returned, using that as bind address.
[2026-04-22 02:36:16.670 +01:00] [INF] [74] Emby.Server.Implementations.HttpServer.WebSocketManager: WS "::ffff:192.168.65.1" closed
[2026-04-22 02:36:16.751 +01:00] [WRN] [74] Jellyfin.Networking.Manager.NetworkManager: "::ffff:192.168.65.1": Only loopback "::1" returned, using that as bind address.
[2026-04-22 02:36:16.819 +01:00] [WRN] [74] Jellyfin.Networking.Manager.NetworkManager: "::ffff:192.168.65.1": Only loopback "::1" returned, using that as bind address.
[2026-04-22 02:36:16.915 +01:00] [WRN] [74] Jellyfin.Networking.Manager.NetworkManager: "::ffff:192.168.65.1": Only loopback "::1" returned, using that as bind address.
[2026-04-22 02:36:16.919 +01:00] [WRN] [74] Jellyfin.Networking.Manager.NetworkManager: "::ffff:192.168.65.1": Only loopback "::1" returned, using that as bind address.
[2026-04-22 02:36:16.923 +01:00] [INF] [51] Emby.Server.Implementations.HttpServer.WebSocketManager: WS "::ffff:192.168.65.1" request
[2026-04-22 02:40:10.301 +01:00] [WRN] [21] Microsoft.EntityFrameworkCore.Query: The query uses a row limiting operator ('Skip'/'Take') without an 'OrderBy' operator. This may lead to unpredictable results. If the 'Distinct' operator is used after 'OrderBy', then make sure to use the 'OrderBy' operator after 'Distinct' as the ordering would otherwise get erased.
[2026-04-22 02:41:38.633 +01:00] [INF] [23] Emby.Server.Implementations.IO.LibraryMonitor: "movies" ("/movies") will be refreshed.
[2026-04-22 02:41:39.015 +01:00] [ERR] [22] Emby.Server.Implementations.Library.LibraryManager: Error resolving path "/movies/Y Tu Mamá También (2001) [1080p] [BluRay] [5.1] [YTS.MX]"
System.UnauthorizedAccessException: Access to the path '/movies/Y Tu Mamá También (2001) [1080p] [BluRay] [5.1] [YTS.MX]/._Y.Tu.Mamá.También.2001.1080p.BluRay.x264.AAC5.1-[YTS.MX].mp4' is denied.
 ---> System.IO.IOException: Operation not permitted
   --- End of inner exception stack trace ---
   at System.IO.FileSystemInfo.Create(String fullPath, String fileName, Boolean asDirectory, FileStatus& fileStatus)
   at System.IO.Enumeration.FileSystemEnumerable`1.DelegateEnumerator.TransformEntry(FileSystemEntry& entry)
   at System.IO.Enumeration.FileSystemEnumerator`1.MoveNext()
   at System.Linq.Enumerable.IEnumerableSelectIterator`2.ToArray()
   at MediaBrowser.Controller.IO.FileData.GetFilteredFileSystemEntries(IDirectoryService directoryService, String path, IFileSystem fileSystem, IServerApplicationHost appHost, ILogger logger, ItemResolveArgs args, Int32 flattenFolderDepth, Boolean resolveShortcuts)
   at Emby.Server.Implementations.Library.LibraryManager.ResolvePath(FileSystemMetadata fileInfo, IDirectoryService directoryService, IItemResolver[] resolvers, Folder parent, Nullable`1 collectionType, LibraryOptions libraryOptions)
   at Emby.Server.Implementations.Library.LibraryManager.ResolveFileList(IReadOnlyList`1 fileList, IDirectoryService directoryService, Folder parent, Nullable`1 collectionType, IItemResolver[] resolvers, LibraryOptions libraryOptions)+MoveNext()
[2026-04-22 02:41:39.408 +01:00] [INF] [22] Emby.Server.Implementations.Library.LibraryManager: Removing item, Type: "Folder", Name: "300 (2006) [2160p] [4K] [BluRay] [5.1] [YTS.MX]", Path: "/movies/300 (2006) [2160p] [4K] [BluRay] [5.1] [YTS.MX]", Id: 62fb92c7-aebd-3808-5485-33d063583c20
[2026-04-22 02:43:17.085 +01:00] [INF] [39] Emby.Server.Implementations.Session.SessionWebSocketListener: Sending ForceKeepAlive message to 1 inactive WebSockets.
[2026-04-22 02:44:19.681 +01:00] [INF] [76] Emby.Server.Implementations.IO.LibraryMonitor: "movies" ("/movies") will be refreshed.
[2026-04-22 02:44:19.710 +01:00] [ERR] [75] MediaBrowser.Controller.Entities.BaseItem: Error refreshing owned items for "/movies"
System.UnauthorizedAccessException: Access to the path '/movies/._300 (2006) MULTi VFF 2160p 10bit 4KLight HDR BluRay AC3 5.1 x265-QTZ.mkv' is denied.
 ---> System.IO.IOException: Operation not permitted
   --- End of inner exception stack trace ---
   at System.IO.FileSystemInfo.Create(String fullPath, String fileName, Boolean asDirectory, FileStatus& fileStatus)
   at System.IO.Enumeration.FileSystemEnumerable`1.DelegateEnumerator.TransformEntry(FileSystemEntry& entry)
   at System.IO.Enumeration.FileSystemEnumerator`1.MoveNext()
   at System.Linq.Enumerable.IEnumerableSelectIterator`2.ToArray()
   at MediaBrowser.Controller.Providers.DirectoryService.GetFileSystemEntries(String path)
   at MediaBrowser.Controller.Entities.BaseItem.RefreshMetadata(MetadataRefreshOptions options, CancellationToken cancellationToken)
[2026-04-22 02:44:19.712 +01:00] [ERR] [75] MediaBrowser.Providers.Folders.FolderMetadataService: Error validating images for "/movies"
System.UnauthorizedAccessException: Access to the path '/movies/._300 (2006) MULTi VFF 2160p 10bit 4KLight HDR BluRay AC3 5.1 x265-QTZ.mkv' is denied.
 ---> System.IO.IOException: Operation not permitted
   --- End of inner exception stack trace ---
   at System.IO.FileSystemInfo.Create(String fullPath, String fileName, Boolean asDirectory, FileStatus& fileStatus)
   at System.IO.Enumeration.FileSystemEnumerable`1.DelegateEnumerator.TransformEntry(FileSystemEntry& entry)
   at System.IO.Enumeration.FileSystemEnumerator`1.MoveNext()
   at System.Linq.Enumerable.IEnumerableSelectIterator`2.ToArray()
   at MediaBrowser.LocalMetadata.Images.LocalImageProvider.GetFiles(BaseItem item, Boolean includeDirectories, IDirectoryService directoryService)
   at MediaBrowser.LocalMetadata.Images.LocalImageProvider.GetImages(BaseItem item, IDirectoryService directoryService)
   at System.Linq.Enumerable.SelectManySingleSelectorIterator`2.ToList()
   at MediaBrowser.Providers.Manager.ItemImageProvider.ValidateImages(BaseItem item, IEnumerable`1 providers, ImageRefreshOptions refreshOptions)
   at MediaBrowser.Providers.Manager.MetadataService`2.RefreshMetadata(BaseItem item, MetadataRefreshOptions refreshOptions, CancellationToken cancellationToken)
[2026-04-22 02:44:19.716 +01:00] [ERR] [75] MediaBrowser.Controller.Entities.BaseItem: Error retrieving children
System.UnauthorizedAccessException: Access to the path '/movies/._300 (2006) MULTi VFF 2160p 10bit 4KLight HDR BluRay AC3 5.1 x265-QTZ.mkv' is denied.
 ---> System.IO.IOException: Operation not permitted
   --- End of inner exception stack trace ---
   at System.IO.FileSystemInfo.Create(String fullPath, String fileName, Boolean asDirectory, FileStatus& fileStatus)
   at System.IO.Enumeration.FileSystemEnumerable`1.DelegateEnumerator.TransformEntry(FileSystemEntry& entry)
   at System.IO.Enumeration.FileSystemEnumerator`1.MoveNext()
   at System.Linq.Enumerable.IEnumerableSelectIterator`2.ToArray()
   at MediaBrowser.Controller.Providers.DirectoryService.GetFileSystemEntries(String path)
   at MediaBrowser.Controller.Entities.Folder.GetNonCachedChildren(IDirectoryService directoryService)
   at MediaBrowser.Controller.Entities.Folder.ValidateChildrenInternal2(IProgress`1 progress, Boolean recursive, Boolean refreshChildMetadata, Boolean allowRemoveRoot, MetadataRefreshOptions refreshOptions, IDirectoryService directoryService, CancellationToken cancellationToken)
[2026-04-22 02:47:05.083 +01:00] [INF] [80] Emby.Server.Implementations.Session.SessionWebSocketListener: Sending ForceKeepAlive message to 1 inactive WebSockets.
[2026-04-22 02:47:27.985 +01:00] [INF] [81] Emby.Server.Implementations.IO.LibraryMonitor: "movies" ("/movies") will be refreshed.
[2026-04-22 02:47:27.995 +01:00] [INF] [81] Emby.Server.Implementations.IO.LibraryMonitor: "The Lord Of The Rings The Return Of The King (2003) [EXTENDED] [2160p] [4K] [BluRay] [5.1] [YTS.MX]" ("/movies/The Lord Of The Rings The Return Of The King (2003) [EXTENDED] [2160p] [4K] [BluRay] [5.1] [YTS.MX]") will be refreshed.
[2026-04-22 02:47:28.002 +01:00] [ERR] [78] MediaBrowser.Controller.Entities.BaseItem: Error refreshing owned items for "/movies"
System.UnauthorizedAccessException: Access to the path '/movies/._300 (2006) MULTi VFF 2160p 10bit 4KLight HDR BluRay AC3 5.1 x265-QTZ.mkv' is denied.
 ---> System.IO.IOException: Operation not permitted
   --- End of inner exception stack trace ---
   at System.IO.FileSystemInfo.Create(String fullPath, String fileName, Boolean asDirectory, FileStatus& fileStatus)
   at System.IO.Enumeration.FileSystemEnumerable`1.DelegateEnumerator.TransformEntry(FileSystemEntry& entry)
   at System.IO.Enumeration.FileSystemEnumerator`1.MoveNext()
   at System.Linq.Enumerable.IEnumerableSelectIterator`2.ToArray()
   at MediaBrowser.Controller.Providers.DirectoryService.GetFileSystemEntries(String path)
   at MediaBrowser.Controller.Entities.BaseItem.RefreshMetadata(MetadataRefreshOptions options, CancellationToken cancellationToken)
[2026-04-22 02:47:28.004 +01:00] [ERR] [78] MediaBrowser.Providers.Folders.FolderMetadataService: Error validating images for "/movies"
System.UnauthorizedAccessException: Access to the path '/movies/._300 (2006) MULTi VFF 2160p 10bit 4KLight HDR BluRay AC3 5.1 x265-QTZ.mkv' is denied.
 ---> System.IO.IOException: Operation not permitted
   --- End of inner exception stack trace ---
   at System.IO.FileSystemInfo.Create(String fullPath, String fileName, Boolean asDirectory, FileStatus& fileStatus)
   at System.IO.Enumeration.FileSystemEnumerable`1.DelegateEnumerator.TransformEntry(FileSystemEntry& entry)
   at System.IO.Enumeration.FileSystemEnumerator`1.MoveNext()
   at System.Linq.Enumerable.IEnumerableSelectIterator`2.ToArray()
   at MediaBrowser.LocalMetadata.Images.LocalImageProvider.GetFiles(BaseItem item, Boolean includeDirectories, IDirectoryService directoryService)
   at MediaBrowser.LocalMetadata.Images.LocalImageProvider.GetImages(BaseItem item, IDirectoryService directoryService)
   at System.Linq.Enumerable.SelectManySingleSelectorIterator`2.ToList()
   at MediaBrowser.Providers.Manager.ItemImageProvider.ValidateImages(BaseItem item, IEnumerable`1 providers, ImageRefreshOptions refreshOptions)
   at MediaBrowser.Providers.Manager.MetadataService`2.RefreshMetadata(BaseItem item, MetadataRefreshOptions refreshOptions, CancellationToken cancellationToken)
[2026-04-22 02:47:28.006 +01:00] [ERR] [78] MediaBrowser.Controller.Entities.BaseItem: Error retrieving children
System.UnauthorizedAccessException: Access to the path '/movies/._300 (2006) MULTi VFF 2160p 10bit 4KLight HDR BluRay AC3 5.1 x265-QTZ.mkv' is denied.
 ---> System.IO.IOException: Operation not permitted
   --- End of inner exception stack trace ---
   at System.IO.FileSystemInfo.Create(String fullPath, String fileName, Boolean asDirectory, FileStatus& fileStatus)
   at System.IO.Enumeration.FileSystemEnumerable`1.DelegateEnumerator.TransformEntry(FileSystemEntry& entry)
   at System.IO.Enumeration.FileSystemEnumerator`1.MoveNext()
   at System.Linq.Enumerable.IEnumerableSelectIterator`2.ToArray()
   at MediaBrowser.Controller.Providers.DirectoryService.GetFileSystemEntries(String path)
   at MediaBrowser.Controller.Entities.Folder.GetNonCachedChildren(IDirectoryService directoryService)
   at MediaBrowser.Controller.Entities.Folder.ValidateChildrenInternal2(IProgress`1 progress, Boolean recursive, Boolean refreshChildMetadata, Boolean allowRemoveRoot, MetadataRefreshOptions refreshOptions, IDirectoryService directoryService, CancellationToken cancellationToken)
[2026-04-22 02:47:28.007 +01:00] [ERR] [78] MediaBrowser.Controller.Entities.BaseItem: Error refreshing owned items for "/movies/The Lord Of The Rings The Return Of The King (2003) [EXTENDED] [2160p] [4K] [BluRay] [5.1] [YTS.MX]"
System.UnauthorizedAccessException: Access to the path '/movies/The Lord Of The Rings The Return Of The King (2003) [EXTENDED] [2160p] [4K] [BluRay] [5.1] [YTS.MX]/._The.Lord.Of.The.Rings.The.Return.Of.The.King.2003.EXTENDED.2160p.4K.BluRay.x265.10bit.AAC5.1-[YTS.MX].mkv' is denied.
 ---> System.IO.IOException: Operation not permitted
   --- End of inner exception stack trace ---
   at System.IO.FileSystemInfo.Create(String fullPath, String fileName, Boolean asDirectory, FileStatus& fileStatus)
   at System.IO.Enumeration.FileSystemEnumerable`1.DelegateEnumerator.TransformEntry(FileSystemEntry& entry)
   at System.IO.Enumeration.FileSystemEnumerator`1.MoveNext()
   at System.Linq.Enumerable.IEnumerableSelectIterator`2.ToArray()
   at MediaBrowser.Controller.Providers.DirectoryService.GetFileSystemEntries(String path)
   at MediaBrowser.Controller.Entities.BaseItem.RefreshMetadata(MetadataRefreshOptions options, CancellationToken cancellationToken)
[2026-04-22 02:47:28.008 +01:00] [ERR] [78] MediaBrowser.Providers.Folders.FolderMetadataService: Error validating images for "/movies/The Lord Of The Rings The Return Of The King (2003) [EXTENDED] [2160p] [4K] [BluRay] [5.1] [YTS.MX]"
System.UnauthorizedAccessException: Access to the path '/movies/The Lord Of The Rings The Return Of The King (2003) [EXTENDED] [2160p] [4K] [BluRay] [5.1] [YTS.MX]/._The.Lord.Of.The.Rings.The.Return.Of.The.King.2003.EXTENDED.2160p.4K.BluRay.x265.10bit.AAC5.1-[YTS.MX].mkv' is denied.
 ---> System.IO.IOException: Operation not permitted
   --- End of inner exception stack trace ---
   at System.IO.FileSystemInfo.Create(String fullPath, String fileName, Boolean asDirectory, FileStatus& fileStatus)
   at System.IO.Enumeration.FileSystemEnumerable`1.DelegateEnumerator.TransformEntry(FileSystemEntry& entry)
   at System.IO.Enumeration.FileSystemEnumerator`1.MoveNext()
   at System.Linq.Enumerable.IEnumerableSelectIterator`2.ToArray()
   at MediaBrowser.LocalMetadata.Images.LocalImageProvider.GetFiles(BaseItem item, Boolean includeDirectories, IDirectoryService directoryService)
   at MediaBrowser.LocalMetadata.Images.LocalImageProvider.GetImages(BaseItem item, IDirectoryService directoryService)
   at System.Linq.Enumerable.SelectManySingleSelectorIterator`2.ToList()
   at MediaBrowser.Providers.Manager.ItemImageProvider.ValidateImages(BaseItem item, IEnumerable`1 providers, ImageRefreshOptions refreshOptions)
   at MediaBrowser.Providers.Manager.MetadataService`2.RefreshMetadata(BaseItem item, MetadataRefreshOptions refreshOptions, CancellationToken cancellationToken)
[2026-04-22 02:47:28.045 +01:00] [ERR] [78] MediaBrowser.Controller.Entities.BaseItem: Error retrieving children
System.UnauthorizedAccessException: Access to the path '/movies/The Lord Of The Rings The Return Of The King (2003) [EXTENDED] [2160p] [4K] [BluRay] [5.1] [YTS.MX]/._The.Lord.Of.The.Rings.The.Return.Of.The.King.2003.EXTENDED.2160p.4K.BluRay.x265.10bit.AAC5.1-[YTS.MX].mkv' is denied.
 ---> System.IO.IOException: Operation not permitted
   --- End of inner exception stack trace ---
   at System.IO.FileSystemInfo.Create(String fullPath, String fileName, Boolean asDirectory, FileStatus& fileStatus)
   at System.IO.Enumeration.FileSystemEnumerable`1.DelegateEnumerator.TransformEntry(FileSystemEntry& entry)
   at System.IO.Enumeration.FileSystemEnumerator`1.MoveNext()
   at System.Linq.Enumerable.IEnumerableSelectIterator`2.ToArray()
   at MediaBrowser.Controller.Providers.DirectoryService.GetFileSystemEntries(String path)
   at MediaBrowser.Controller.Entities.Folder.GetNonCachedChildren(IDirectoryService directoryService)
   at MediaBrowser.Controller.Entities.Folder.ValidateChildrenInternal2(IProgress`1 progress, Boolean recursive, Boolean refreshChildMetadata, Boolean allowRemoveRoot, MetadataRefreshOptions refreshOptions, IDirectoryService directoryService, CancellationToken cancellationToken)
[2026-04-22 02:48:36.585 +01:00] [INF] [78] Emby.Server.Implementations.IO.LibraryMonitor: "movies" ("/movies") will be refreshed.
[2026-04-22 02:48:36.592 +01:00] [ERR] [78] MediaBrowser.Controller.Entities.BaseItem: Error refreshing owned items for "/movies"
System.UnauthorizedAccessException: Access to the path '/movies/._300 (2006) MULTi VFF 2160p 10bit 4KLight HDR BluRay AC3 5.1 x265-QTZ.mkv' is denied.
 ---> System.IO.IOException: Operation not permitted
   --- End of inner exception stack trace ---
   at System.IO.FileSystemInfo.Create(String fullPath, String fileName, Boolean asDirectory, FileStatus& fileStatus)
   at System.IO.Enumeration.FileSystemEnumerable`1.DelegateEnumerator.TransformEntry(FileSystemEntry& entry)
   at System.IO.Enumeration.FileSystemEnumerator`1.MoveNext()
   at System.Linq.Enumerable.IEnumerableSelectIterator`2.ToArray()
   at MediaBrowser.Controller.Providers.DirectoryService.GetFileSystemEntries(String path)
   at MediaBrowser.Controller.Entities.BaseItem.RefreshMetadata(MetadataRefreshOptions options, CancellationToken cancellationToken)
[2026-04-22 02:48:36.593 +01:00] [ERR] [78] MediaBrowser.Providers.Folders.FolderMetadataService: Error validating images for "/movies"
System.UnauthorizedAccessException: Access to the path '/movies/._300 (2006) MULTi VFF 2160p 10bit 4KLight HDR BluRay AC3 5.1 x265-QTZ.mkv' is denied.
 ---> System.IO.IOException: Operation not permitted
   --- End of inner exception stack trace ---
   at System.IO.FileSystemInfo.Create(String fullPath, String fileName, Boolean asDirectory, FileStatus& fileStatus)
   at System.IO.Enumeration.FileSystemEnumerable`1.DelegateEnumerator.TransformEntry(FileSystemEntry& entry)
   at System.IO.Enumeration.FileSystemEnumerator`1.MoveNext()
   at System.Linq.Enumerable.IEnumerableSelectIterator`2.ToArray()
   at MediaBrowser.LocalMetadata.Images.LocalImageProvider.GetFiles(BaseItem item, Boolean includeDirectories, IDirectoryService directoryService)
   at MediaBrowser.LocalMetadata.Images.LocalImageProvider.GetImages(BaseItem item, IDirectoryService directoryService)
   at System.Linq.Enumerable.SelectManySingleSelectorIterator`2.ToList()
   at MediaBrowser.Providers.Manager.ItemImageProvider.ValidateImages(BaseItem item, IEnumerable`1 providers, ImageRefreshOptions refreshOptions)
   at MediaBrowser.Providers.Manager.MetadataService`2.RefreshMetadata(BaseItem item, MetadataRefreshOptions refreshOptions, CancellationToken cancellationToken)
[2026-04-22 02:48:36.596 +01:00] [ERR] [78] MediaBrowser.Controller.Entities.BaseItem: Error retrieving children
System.UnauthorizedAccessException: Access to the path '/movies/._300 (2006) MULTi VFF 2160p 10bit 4KLight HDR BluRay AC3 5.1 x265-QTZ.mkv' is denied.
 ---> System.IO.IOException: Operation not permitted
   --- End of inner exception stack trace ---
   at System.IO.FileSystemInfo.Create(String fullPath, String fileName, Boolean asDirectory, FileStatus& fileStatus)
   at System.IO.Enumeration.FileSystemEnumerable`1.DelegateEnumerator.TransformEntry(FileSystemEntry& entry)
   at System.IO.Enumeration.FileSystemEnumerator`1.MoveNext()
   at System.Linq.Enumerable.IEnumerableSelectIterator`2.ToArray()
   at MediaBrowser.Controller.Providers.DirectoryService.GetFileSystemEntries(String path)
   at MediaBrowser.Controller.Entities.Folder.GetNonCachedChildren(IDirectoryService directoryService)
   at MediaBrowser.Controller.Entities.Folder.ValidateChildrenInternal2(IProgress`1 progress, Boolean recursive, Boolean refreshChildMetadata, Boolean allowRemoveRoot, MetadataRefreshOptions refreshOptions, IDirectoryService directoryService, CancellationToken cancellationToken)
[2026-04-22 02:50:53.085 +01:00] [INF] [80] Emby.Server.Implementations.Session.SessionWebSocketListener: Sending ForceKeepAlive message to 1 inactive WebSockets.
[2026-04-22 02:52:11.327 +01:00] [INF] [25] Emby.Server.Implementations.IO.LibraryMonitor: "movies" ("/movies") will be refreshed.
[2026-04-22 02:52:11.335 +01:00] [ERR] [25] MediaBrowser.Controller.Entities.BaseItem: Error refreshing owned items for "/movies"
System.UnauthorizedAccessException: Access to the path '/movies/._300 (2006) MULTi VFF 2160p 10bit 4KLight HDR BluRay AC3 5.1 x265-QTZ.mkv' is denied.
 ---> System.IO.IOException: Operation not permitted
   --- End of inner exception stack trace ---
   at System.IO.FileSystemInfo.Create(String fullPath, String fileName, Boolean asDirectory, FileStatus& fileStatus)
   at System.IO.Enumeration.FileSystemEnumerable`1.DelegateEnumerator.TransformEntry(FileSystemEntry& entry)
   at System.IO.Enumeration.FileSystemEnumerator`1.MoveNext()
   at System.Linq.Enumerable.IEnumerableSelectIterator`2.ToArray()
   at MediaBrowser.Controller.Providers.DirectoryService.GetFileSystemEntries(String path)
   at MediaBrowser.Controller.Entities.BaseItem.RefreshMetadata(MetadataRefreshOptions options, CancellationToken cancellationToken)
[2026-04-22 02:52:11.336 +01:00] [ERR] [25] MediaBrowser.Providers.Folders.FolderMetadataService: Error validating images for "/movies"
System.UnauthorizedAccessException: Access to the path '/movies/._300 (2006) MULTi VFF 2160p 10bit 4KLight HDR BluRay AC3 5.1 x265-QTZ.mkv' is denied.
 ---> System.IO.IOException: Operation not permitted
   --- End of inner exception stack trace ---
   at System.IO.FileSystemInfo.Create(String fullPath, String fileName, Boolean asDirectory, FileStatus& fileStatus)
   at System.IO.Enumeration.FileSystemEnumerable`1.DelegateEnumerator.TransformEntry(FileSystemEntry& entry)
   at System.IO.Enumeration.FileSystemEnumerator`1.MoveNext()
   at System.Linq.Enumerable.IEnumerableSelectIterator`2.ToArray()
   at MediaBrowser.LocalMetadata.Images.LocalImageProvider.GetFiles(BaseItem item, Boolean includeDirectories, IDirectoryService directoryService)
   at MediaBrowser.LocalMetadata.Images.LocalImageProvider.GetImages(BaseItem item, IDirectoryService directoryService)
   at System.Linq.Enumerable.SelectManySingleSelectorIterator`2.ToList()
   at MediaBrowser.Providers.Manager.ItemImageProvider.ValidateImages(BaseItem item, IEnumerable`1 providers, ImageRefreshOptions refreshOptions)
   at MediaBrowser.Providers.Manager.MetadataService`2.RefreshMetadata(BaseItem item, MetadataRefreshOptions refreshOptions, CancellationToken cancellationToken)
[2026-04-22 02:52:11.339 +01:00] [ERR] [25] MediaBrowser.Controller.Entities.BaseItem: Error retrieving children
System.UnauthorizedAccessException: Access to the path '/movies/._300 (2006) MULTi VFF 2160p 10bit 4KLight HDR BluRay AC3 5.1 x265-QTZ.mkv' is denied.
 ---> System.IO.IOException: Operation not permitted
   --- End of inner exception stack trace ---
   at System.IO.FileSystemInfo.Create(String fullPath, String fileName, Boolean asDirectory, FileStatus& fileStatus)
   at System.IO.Enumeration.FileSystemEnumerable`1.DelegateEnumerator.TransformEntry(FileSystemEntry& entry)
   at System.IO.Enumeration.FileSystemEnumerator`1.MoveNext()
   at System.Linq.Enumerable.IEnumerableSelectIterator`2.ToArray()
   at MediaBrowser.Controller.Providers.DirectoryService.GetFileSystemEntries(String path)
   at MediaBrowser.Controller.Entities.Folder.GetNonCachedChildren(IDirectoryService directoryService)
   at MediaBrowser.Controller.Entities.Folder.ValidateChildrenInternal2(IProgress`1 progress, Boolean recursive, Boolean refreshChildMetadata, Boolean allowRemoveRoot, MetadataRefreshOptions refreshOptions, IDirectoryService directoryService, CancellationToken cancellationToken)
[2026-04-22 02:55:17.085 +01:00] [INF] [17] Emby.Server.Implementations.Session.SessionWebSocketListener: Sending ForceKeepAlive message to 1 inactive WebSockets.
[2026-04-22 02:59:05.083 +01:00] [INF] [88] Emby.Server.Implementations.Session.SessionWebSocketListener: Sending ForceKeepAlive message to 1 inactive WebSockets.
[2026-04-22 03:00:00.450 +01:00] [INF] [89] Emby.Server.Implementations.ScheduledTasks.TaskManager: "Generate Trickplay Images" Completed after 0 minute(s) and 0 seconds
[2026-04-22 03:00:01.013 +01:00] [INF] [89] Emby.Server.Implementations.ScheduledTasks.TaskManager: Daily trigger for "Generate Trickplay Images" set to fire at 2026-04-23 03:00:00.000 +01:00, which is 23:59:58.9868440 from now.
[2026-04-22 03:02:53.085 +01:00] [INF] [31] Emby.Server.Implementations.Session.SessionWebSocketListener: Sending ForceKeepAlive message to 1 inactive WebSockets.
[2026-04-22 03:05:34.454 +01:00] [INF] [38] Emby.Server.Implementations.IO.LibraryMonitor: "movies" ("/movies") will be refreshed.
[2026-04-22 03:05:34.467 +01:00] [ERR] [31] MediaBrowser.Controller.Entities.BaseItem: Error refreshing owned items for "/movies"
System.UnauthorizedAccessException: Access to the path '/movies/._300 (2006) MULTi VFF 2160p 10bit 4KLight HDR BluRay AC3 5.1 x265-QTZ.mkv' is denied.
 ---> System.IO.IOException: Operation not permitted
   --- End of inner exception stack trace ---
   at System.IO.FileSystemInfo.Create(String fullPath, String fileName, Boolean asDirectory, FileStatus& fileStatus)
   at System.IO.Enumeration.FileSystemEnumerable`1.DelegateEnumerator.TransformEntry(FileSystemEntry& entry)
   at System.IO.Enumeration.FileSystemEnumerator`1.MoveNext()
   at System.Linq.Enumerable.IEnumerableSelectIterator`2.ToArray()
   at MediaBrowser.Controller.Providers.DirectoryService.GetFileSystemEntries(String path)
   at MediaBrowser.Controller.Entities.BaseItem.RefreshMetadata(MetadataRefreshOptions options, CancellationToken cancellationToken)
[2026-04-22 03:05:34.469 +01:00] [ERR] [31] MediaBrowser.Providers.Folders.FolderMetadataService: Error validating images for "/movies"
System.UnauthorizedAccessException: Access to the path '/movies/._300 (2006) MULTi VFF 2160p 10bit 4KLight HDR BluRay AC3 5.1 x265-QTZ.mkv' is denied.
 ---> System.IO.IOException: Operation not permitted
   --- End of inner exception stack trace ---
   at System.IO.FileSystemInfo.Create(String fullPath, String fileName, Boolean asDirectory, FileStatus& fileStatus)
   at System.IO.Enumeration.FileSystemEnumerable`1.DelegateEnumerator.TransformEntry(FileSystemEntry& entry)
   at System.IO.Enumeration.FileSystemEnumerator`1.MoveNext()
   at System.Linq.Enumerable.IEnumerableSelectIterator`2.ToArray()
   at MediaBrowser.LocalMetadata.Images.LocalImageProvider.GetFiles(BaseItem item, Boolean includeDirectories, IDirectoryService directoryService)
   at MediaBrowser.LocalMetadata.Images.LocalImageProvider.GetImages(BaseItem item, IDirectoryService directoryService)
   at System.Linq.Enumerable.SelectManySingleSelectorIterator`2.ToList()
   at MediaBrowser.Providers.Manager.ItemImageProvider.ValidateImages(BaseItem item, IEnumerable`1 providers, ImageRefreshOptions refreshOptions)
   at MediaBrowser.Providers.Manager.MetadataService`2.RefreshMetadata(BaseItem item, MetadataRefreshOptions refreshOptions, CancellationToken cancellationToken)
[2026-04-22 03:05:34.471 +01:00] [ERR] [31] MediaBrowser.Controller.Entities.BaseItem: Error retrieving children
System.UnauthorizedAccessException: Access to the path '/movies/._300 (2006) MULTi VFF 2160p 10bit 4KLight HDR BluRay AC3 5.1 x265-QTZ.mkv' is denied.
 ---> System.IO.IOException: Operation not permitted
   --- End of inner exception stack trace ---
   at System.IO.FileSystemInfo.Create(String fullPath, String fileName, Boolean asDirectory, FileStatus& fileStatus)
   at System.IO.Enumeration.FileSystemEnumerable`1.DelegateEnumerator.TransformEntry(FileSystemEntry& entry)
   at System.IO.Enumeration.FileSystemEnumerator`1.MoveNext()
   at System.Linq.Enumerable.IEnumerableSelectIterator`2.ToArray()
   at MediaBrowser.Controller.Providers.DirectoryService.GetFileSystemEntries(String path)
   at MediaBrowser.Controller.Entities.Folder.GetNonCachedChildren(IDirectoryService directoryService)
   at MediaBrowser.Controller.Entities.Folder.ValidateChildrenInternal2(IProgress`1 progress, Boolean recursive, Boolean refreshChildMetadata, Boolean allowRemoveRoot, MetadataRefreshOptions refreshOptions, IDirectoryService directoryService, CancellationToken cancellationToken)
[2026-04-22 03:07:17.084 +01:00] [INF] [38] Emby.Server.Implementations.Session.SessionWebSocketListener: Sending ForceKeepAlive message to 1 inactive WebSockets.
[2026-04-22 03:11:05.084 +01:00] [INF] [22] Emby.Server.Implementations.Session.SessionWebSocketListener: Sending ForceKeepAlive message to 1 inactive WebSockets.
[2026-04-22 03:14:53.082 +01:00] [INF] [42] Emby.Server.Implementations.Session.SessionWebSocketListener: Sending ForceKeepAlive message to 1 inactive WebSockets.
[2026-04-22 03:19:17.083 +01:00] [INF] [47] Emby.Server.Implementations.Session.SessionWebSocketListener: Sending ForceKeepAlive message to 1 inactive WebSockets.
[2026-04-22 03:22:29.299 +01:00] [INF] [56] Jellyfin.Plugin.TMDbBoxSets.ScheduledTasks.RefreshLibraryTask: Starting TMDbBoxSets refresh library task
[2026-04-22 03:22:29.327 +01:00] [INF] [72] Emby.Server.Implementations.ScheduledTasks.TaskManager: "Clean Log Directory" Completed after 0 minute(s) and 0 seconds
[2026-04-22 03:22:29.389 +01:00] [INF] [35] Emby.Server.Implementations.ScheduledTasks.TaskManager: "TasksRefreshChannels" Completed after 0 minute(s) and 0 seconds
[2026-04-22 03:22:29.429 +01:00] [INF] [69] Emby.Server.Implementations.ScheduledTasks.TaskManager: "Download missing lyrics" Completed after 0 minute(s) and 0 seconds
[2026-04-22 03:22:29.464 +01:00] [INF] [55] Emby.Server.Implementations.ScheduledTasks.TaskManager: "Audio Normalization" Completed after 0 minute(s) and 0 seconds
[2026-04-22 03:22:29.538 +01:00] [INF] [56] Jellyfin.Plugin.TMDbBoxSets.TMDbBoxSetManager: Found 49 TMDb collection(s) across all movies
[2026-04-22 03:22:29.538 +01:00] [INF] [56] Jellyfin.Plugin.TMDbBoxSets.TMDbBoxSetManager: Minimum number of movies is 2, but there is/are only 1: "10 Things I Hate About You"
[2026-04-22 03:22:29.538 +01:00] [INF] [56] Jellyfin.Plugin.TMDbBoxSets.TMDbBoxSetManager: Minimum number of movies is 2, but there is/are only 1: "Alien"
[2026-04-22 03:22:29.538 +01:00] [INF] [56] Jellyfin.Plugin.TMDbBoxSets.TMDbBoxSetManager: Minimum number of movies is 2, but there is/are only 1: "Avatar: Fire and Ash"
[2026-04-22 03:22:29.538 +01:00] [INF] [56] Jellyfin.Plugin.TMDbBoxSets.TMDbBoxSetManager: Minimum number of movies is 2, but there is/are only 1: "The Batman"
[2026-04-22 03:22:29.538 +01:00] [INF] [56] Jellyfin.Plugin.TMDbBoxSets.TMDbBoxSetManager: Minimum number of movies is 2, but there is/are only 1: "Batman Begins"
[2026-04-22 03:22:29.538 +01:00] [INF] [56] Jellyfin.Plugin.TMDbBoxSets.TMDbBoxSetManager: Minimum number of movies is 2, but there is/are only 1: "Battle Royale"
[2026-04-22 03:22:29.538 +01:00] [INF] [56] Jellyfin.Plugin.TMDbBoxSets.TMDbBoxSetManager: The movies "Before Midnight, Before Sunrise, Before Sunset" is/are already in their proper box set, "Before... Collection"
[2026-04-22 03:22:29.538 +01:00] [INF] [56] Jellyfin.Plugin.TMDbBoxSets.TMDbBoxSetManager: Minimum number of movies is 2, but there is/are only 1: "Blade Runner"
[2026-04-22 03:22:29.538 +01:00] [INF] [56] Jellyfin.Plugin.TMDbBoxSets.TMDbBoxSetManager: Minimum number of movies is 2, but there is/are only 1: "Bridget Jones's Diary"
[2026-04-22 03:22:29.568 +01:00] [INF] [56] Jellyfin.Plugin.TMDbBoxSets.TMDbBoxSetManager: The movies "Casino Royale, Diamonds Are Forever, Die Another Day, Dr. No, For Your Eyes Only, From Russia with Love, GoldenEye, Goldfinger, Licence to Kill, Live and Let Die, The Living Daylights, The Man with the Golden Gun, Moonraker, Never Say Never Again, No Time to Die, Octopussy, On Her Majesty's Secret Service, Quantum of Solace, Skyfall, Spectre, The Spy Who Loved Me, Thunderball, Tomorrow Never Dies, A View to a Kill, The World Is Not Enough, You Only Live Twice" is/are already in their proper box set, "James Bond Collection"
[2026-04-22 03:22:29.568 +01:00] [INF] [56] Jellyfin.Plugin.TMDbBoxSets.TMDbBoxSetManager: Minimum number of movies is 2, but there is/are only 1: "Crouching Tiger, Hidden Dragon"
[2026-04-22 03:22:29.568 +01:00] [INF] [56] Jellyfin.Plugin.TMDbBoxSets.TMDbBoxSetManager: Minimum number of movies is 2, but there is/are only 1: "Die Hard"
[2026-04-22 03:22:29.568 +01:00] [INF] [56] Jellyfin.Plugin.TMDbBoxSets.TMDbBoxSetManager: The movies "Dune, Dune: Part Two" is/are already in their proper box set, "Dune Collection"
[2026-04-22 03:22:29.568 +01:00] [INF] [56] Jellyfin.Plugin.TMDbBoxSets.TMDbBoxSetManager: Minimum number of movies is 2, but there is/are only 1: "F1"
[2026-04-22 03:22:29.572 +01:00] [INF] [56] Jellyfin.Plugin.TMDbBoxSets.TMDbBoxSetManager: The movies "Gladiator, Gladiator II" is/are already in their proper box set, "Gladiator Collection"
[2026-04-22 03:22:29.575 +01:00] [INF] [56] Jellyfin.Plugin.TMDbBoxSets.TMDbBoxSetManager: The movies "The Godfather, The Godfather Part II" is/are already in their proper box set, "The Godfather Collection"
[2026-04-22 03:22:29.575 +01:00] [INF] [56] Jellyfin.Plugin.TMDbBoxSets.TMDbBoxSetManager: Minimum number of movies is 2, but there is/are only 1: "Grease"
[2026-04-22 03:22:29.590 +01:00] [INF] [56] Jellyfin.Plugin.TMDbBoxSets.TMDbBoxSetManager: The movies "Harry Potter and the Chamber of Secrets, Harry Potter and the Deathly Hallows: Part 1, Harry Potter and the Deathly Hallows: Part 2, Harry Potter and the Goblet of Fire, Harry Potter and the Half-Blood Prince, Harry Potter and the Order of the Phoenix, Harry Potter and the Philosopher's Stone, Harry Potter and the Prisoner of Azkaban" is/are already in their proper box set, "Harry Potter Collection"
[2026-04-22 03:22:29.590 +01:00] [INF] [56] Jellyfin.Plugin.TMDbBoxSets.TMDbBoxSetManager: Minimum number of movies is 2, but there is/are only 1: "How to Train Your Dragon"
[2026-04-22 03:22:29.593 +01:00] [INF] [56] Jellyfin.Plugin.TMDbBoxSets.TMDbBoxSetManager: The movies "How to Train Your Dragon, How to Train Your Dragon 2, How to Train Your Dragon: The Hidden World" is/are already in their proper box set, "How to Train Your Dragon Collection"
[2026-04-22 03:22:29.599 +01:00] [INF] [56] Jellyfin.Plugin.TMDbBoxSets.TMDbBoxSetManager: The movies "The Human Condition I: No Greater Love, The Human Condition II: Road to Eternity, The Human Condition III: A Soldier's Prayer" is/are already in their proper box set, "The Human Condition Collection"
[2026-04-22 03:22:29.603 +01:00] [INF] [56] Jellyfin.Plugin.TMDbBoxSets.TMDbBoxSetManager: The movies "The Hunger Games, The Hunger Games: Catching Fire, The Hunger Games: Mockingjay - Part 1, The Hunger Games: Mockingjay - Part 2" is/are already in their proper box set, "The Hunger Games Collection"
[2026-04-22 03:22:29.604 +01:00] [INF] [56] Jellyfin.Plugin.TMDbBoxSets.TMDbBoxSetManager: Minimum number of movies is 2, but there is/are only 1: "Interpol Code 8"
[2026-04-22 03:22:29.605 +01:00] [INF] [56] Jellyfin.Plugin.TMDbBoxSets.TMDbBoxSetManager: The movies "Joker, Joker" is/are already in their proper box set, "Joker Collection"
[2026-04-22 03:22:29.605 +01:00] [INF] [56] Jellyfin.Plugin.TMDbBoxSets.TMDbBoxSetManager: Minimum number of movies is 2, but there is/are only 1: "Kaguya-sama Final: Love Is War"
[2026-04-22 03:22:29.609 +01:00] [INF] [56] Jellyfin.Plugin.TMDbBoxSets.TMDbBoxSetManager: The movies "Kill Bill: Vol. 1, Kill Bill: Vol. 2" is/are already in their proper box set, "Kill Bill Collection"
[2026-04-22 03:22:29.609 +01:00] [INF] [56] Jellyfin.Plugin.TMDbBoxSets.TMDbBoxSetManager: Minimum number of movies is 2, but there is/are only 1: "The Lord of the Rings: The Fellowship of the Ring"
[2026-04-22 03:22:29.609 +01:00] [INF] [56] Jellyfin.Plugin.TMDbBoxSets.TMDbBoxSetManager: Minimum number of movies is 2, but there is/are only 1: "Mary Poppins"
[2026-04-22 03:22:29.609 +01:00] [INF] [56] Jellyfin.Plugin.TMDbBoxSets.TMDbBoxSetManager: Minimum number of movies is 2, but there is/are only 1: "The Matrix"
[2026-04-22 03:22:29.609 +01:00] [INF] [56] Jellyfin.Plugin.TMDbBoxSets.TMDbBoxSetManager: Minimum number of movies is 2, but there is/are only 1: "A Minecraft Movie"
[2026-04-22 03:22:29.609 +01:00] [INF] [56] Jellyfin.Plugin.TMDbBoxSets.TMDbBoxSetManager: Minimum number of movies is 2, but there is/are only 1: "Now You See Me: Now You Don't"
[2026-04-22 03:22:29.609 +01:00] [INF] [56] Jellyfin.Plugin.TMDbBoxSets.TMDbBoxSetManager: Minimum number of movies is 2, but there is/are only 1: "Ocean's Eleven"
[2026-04-22 03:22:29.609 +01:00] [INF] [56] Jellyfin.Plugin.TMDbBoxSets.TMDbBoxSetManager: Minimum number of movies is 2, but there is/are only 1: "Predator: Badlands"
[2026-04-22 03:22:29.609 +01:00] [INF] [56] Jellyfin.Plugin.TMDbBoxSets.TMDbBoxSetManager: Minimum number of movies is 2, but there is/are only 1: "Scenes from a Marriage"
[2026-04-22 03:22:29.611 +01:00] [INF] [56] Jellyfin.Plugin.TMDbBoxSets.TMDbBoxSetManager: The movies "Sex and the City, Sex and the City 2" is/are already in their proper box set, "Sex and the City Collection"
[2026-04-22 03:22:29.611 +01:00] [INF] [56] Jellyfin.Plugin.TMDbBoxSets.TMDbBoxSetManager: Minimum number of movies is 2, but there is/are only 1: "The Silence of the Lambs"
[2026-04-22 03:22:29.612 +01:00] [INF] [56] Jellyfin.Plugin.TMDbBoxSets.TMDbBoxSetManager: The movies "Spider-Man: Across the Spider-Verse, Spider-Man: Into the Spider-Verse" is/are already in their proper box set, "Spider-Man: Spider-Verse Collection"
[2026-04-22 03:22:29.612 +01:00] [INF] [56] Jellyfin.Plugin.TMDbBoxSets.TMDbBoxSetManager: Minimum number of movies is 2, but there is/are only 1: "Superman"
[2026-04-22 03:22:29.614 +01:00] [INF] [56] Jellyfin.Plugin.TMDbBoxSets.TMDbBoxSetManager: The movies "Three Colors: Blue, Three Colors: Red, Three Colors: White" is/are already in their proper box set, "Three Colors Collection"
[2026-04-22 03:22:29.614 +01:00] [INF] [56] Jellyfin.Plugin.TMDbBoxSets.TMDbBoxSetManager: Minimum number of movies is 2, but there is/are only 1: "Top Gun: Maverick"
[2026-04-22 03:22:29.614 +01:00] [INF] [56] Jellyfin.Plugin.TMDbBoxSets.TMDbBoxSetManager: Minimum number of movies is 2, but there is/are only 1: "Train to Busan"
[2026-04-22 03:22:29.614 +01:00] [INF] [56] Jellyfin.Plugin.TMDbBoxSets.TMDbBoxSetManager: Minimum number of movies is 2, but there is/are only 1: "Transformers"
[2026-04-22 03:22:29.614 +01:00] [INF] [56] Jellyfin.Plugin.TMDbBoxSets.TMDbBoxSetManager: Minimum number of movies is 2, but there is/are only 1: "Violet Evergarden: The Movie"
[2026-04-22 03:22:29.614 +01:00] [INF] [56] Jellyfin.Plugin.TMDbBoxSets.TMDbBoxSetManager: Minimum number of movies is 2, but there is/are only 1: "Wicked"
[2026-04-22 03:22:29.614 +01:00] [INF] [56] Jellyfin.Plugin.TMDbBoxSets.TMDbBoxSetManager: Minimum number of movies is 2, but there is/are only 1: "The Wild Robot"
[2026-04-22 03:22:29.614 +01:00] [INF] [56] Jellyfin.Plugin.TMDbBoxSets.TMDbBoxSetManager: Minimum number of movies is 2, but there is/are only 1: "Wings of Desire"
[2026-04-22 03:22:29.617 +01:00] [INF] [56] Jellyfin.Plugin.TMDbBoxSets.TMDbBoxSetManager: The movies "World of Tomorrow, World of Tomorrow Episode Three: The Absent Destinations of David Prime, World of Tomorrow Episode Two: The Burden of Other People's Thoughts" is/are already in their proper box set, "World of Tomorrow Collection"
[2026-04-22 03:22:29.618 +01:00] [INF] [56] Jellyfin.Plugin.TMDbBoxSets.TMDbBoxSetManager: Minimum number of movies is 2, but there is/are only 1: "The Wrong Trousers"
[2026-04-22 03:22:29.618 +01:00] [INF] [56] Jellyfin.Plugin.TMDbBoxSets.TMDbBoxSetManager: Minimum number of movies is 2, but there is/are only 1: "Yojimbo"
[2026-04-22 03:22:29.618 +01:00] [INF] [56] Jellyfin.Plugin.TMDbBoxSets.ScheduledTasks.RefreshLibraryTask: TMDbBoxSets refresh library task finished
[2026-04-22 03:22:29.618 +01:00] [INF] [56] Emby.Server.Implementations.ScheduledTasks.TaskManager: "Scan library for new box sets" Completed after 0 minute(s) and 0 seconds
[2026-04-22 03:22:29.735 +01:00] [INF] [73] Emby.Server.Implementations.ScheduledTasks.TaskManager: "Clean Cache Directory" Completed after 0 minute(s) and 0 seconds
[2026-04-22 03:22:31.695 +01:00] [WRN] [72] Emby.Server.Implementations.Library.LibraryManager: Failed to get person: "Amanda Crew"
[2026-04-22 03:22:32.393 +01:00] [INF] [71] Jellyfin.LiveTv.Guide.GuideManager: Refreshing guide with 7 days of guide data
[2026-04-22 03:22:32.398 +01:00] [INF] [71] Emby.Server.Implementations.ScheduledTasks.TaskManager: "Refresh Guide" Completed after 0 minute(s) and 3 seconds
[2026-04-22 03:22:32.828 +01:00] [WRN] [72] Emby.Server.Implementations.Library.LibraryManager: Failed to get person: "Anjali Jay"
[2026-04-22 03:22:37.591 +01:00] [WRN] [72] Emby.Server.Implementations.Library.LibraryManager: Failed to get person: "Cate Richardson"
[2026-04-22 03:22:43.257 +01:00] [INF] [70] Emby.Server.Implementations.ScheduledTasks.TaskManager: "Media Segment Scan" Completed after 0 minute(s) and 13 seconds
[2026-04-22 03:22:45.857 +01:00] [WRN] [72] Emby.Server.Implementations.Library.LibraryManager: Failed to get person: "Fulvio Cecere"
[2026-04-22 03:22:46.072 +01:00] [WRN] [72] Emby.Server.Implementations.Library.LibraryManager: Failed to get person: "Gary Lucchesi"
[2026-04-22 03:22:48.718 +01:00] [WRN] [72] Emby.Server.Implementations.Library.LibraryManager: Failed to get person: "Hugh Ross"
[2026-04-22 03:22:49.403 +01:00] [WRN] [72] Emby.Server.Implementations.Library.LibraryManager: Failed to get person: "Izabel Pearce"
[2026-04-22 03:22:49.436 +01:00] [WRN] [72] Emby.Server.Implementations.Library.LibraryManager: Failed to get person: "J. Mills Goodloe"
[2026-04-22 03:22:58.465 +01:00] [WRN] [72] Emby.Server.Implementations.Library.LibraryManager: Failed to get person: "Lee Toland Krieger"
[2026-04-22 03:22:59.940 +01:00] [WRN] [72] Emby.Server.Implementations.Library.LibraryManager: Failed to get person: "Lynda Boyd"
[2026-04-22 03:23:05.080 +01:00] [INF] [56] Emby.Server.Implementations.Session.SessionWebSocketListener: Sending ForceKeepAlive message to 1 inactive WebSockets.
[2026-04-22 03:23:07.108 +01:00] [WRN] [72] Emby.Server.Implementations.Library.LibraryManager: Failed to get person: "Peter J. Gray"
[2026-04-22 03:23:08.693 +01:00] [WRN] [72] Emby.Server.Implementations.Library.LibraryManager: Failed to get person: "Richard Harmon"
[2026-04-22 03:23:10.600 +01:00] [WRN] [72] Emby.Server.Implementations.Library.LibraryManager: Failed to get person: "Salvador Paskowitz"
[2026-04-22 03:23:15.848 +01:00] [WRN] [72] Emby.Server.Implementations.Library.LibraryManager: Failed to get person: "Tom Rosenberg"
[2026-04-22 03:23:19.956 +01:00] [INF] [72] Emby.Server.Implementations.Library.LibraryManager: Deleting item path, Type: "Person", Name: "Adrian Tchaikovsky", Path: "/config/data/metadata/People/A/Adrian Tchaikovsky", Id: 548a3e02-cb7e-7268-2298-21902109e901
[2026-04-22 03:23:19.956 +01:00] [INF] [72] Emby.Server.Implementations.Library.LibraryManager: Deleting item path, Type: "Person", Name: "Al Gore", Path: "/config/data/metadata/People/A/Al Gore", Id: 9d970d4e-887f-3cc3-6b05-b12a7087f382
[2026-04-22 03:23:19.959 +01:00] [INF] [72] Emby.Server.Implementations.Library.LibraryManager: Deleting item path, Type: "Person", Name: "Alan Watts", Path: "/config/data/metadata/People/A/Alan Watts", Id: 5041d4df-6e77-26e7-a7db-58a3453b2c20
[2026-04-22 03:23:19.959 +01:00] [INF] [72] Emby.Server.Implementations.Library.LibraryManager: Deleting item path, Type: "Person", Name: "Anonymous", Path: "/config/data/metadata/People/A/Anonymous", Id: 0b3c0fea-cb69-b6ec-aa71-bd3a57538f44
[2026-04-22 03:23:19.961 +01:00] [INF] [72] Emby.Server.Implementations.Library.LibraryManager: Deleting item path, Type: "Person", Name: "Arthur C. Clarke", Path: "/config/data/metadata/People/A/Arthur C. Clarke", Id: 8cdb335b-3031-cf35-c388-e680ede88028
[2026-04-22 03:23:19.961 +01:00] [INF] [72] Emby.Server.Implementations.Library.LibraryManager: Deleting item path, Type: "Person", Name: "Arthur Conan Doyle", Path: "/config/data/metadata/People/A/Arthur Conan Doyle", Id: 6b459bc2-e1d9-b7e4-5294-46c489e911d6
[2026-04-22 03:23:19.963 +01:00] [INF] [72] Emby.Server.Implementations.Library.LibraryManager: Deleting item path, Type: "Person", Name: "Arthur Conan Doyle, Stephen Fry - introductions", Path: "/config/data/metadata/People/A/Arthur Conan Doyle, Stephen Fry - introductions", Id: 2750415a-1e18-372e-fd56-4e2fb4b9b2a6
[2026-04-22 03:23:19.963 +01:00] [INF] [72] Emby.Server.Implementations.Library.LibraryManager: Deleting item path, Type: "Person", Name: "Basil Rathbone", Path: "/config/data/metadata/People/B/Basil Rathbone", Id: ddbf7384-e4a7-fde7-a505-e8d6cf06e34a
[2026-04-22 03:23:19.965 +01:00] [INF] [72] Emby.Server.Implementations.Library.LibraryManager: Deleting item path, Type: "Person", Name: "Carl Bernstein, Bob Woodward", Path: "/config/data/metadata/People/C/Carl Bernstein, Bob Woodward", Id: bed09975-771b-a0c6-f524-2e7dfae033ad
[2026-04-22 03:23:19.966 +01:00] [INF] [72] Emby.Server.Implementations.Library.LibraryManager: Deleting item path, Type: "Person", Name: "Carl Sagan", Path: "/config/data/metadata/People/C/Carl Sagan", Id: 2a6a922a-6a58-08db-c3d9-b3644d138d4f
[2026-04-22 03:23:19.968 +01:00] [INF] [72] Emby.Server.Implementations.Library.LibraryManager: Deleting item path, Type: "Person", Name: "Carman, Patrick", Path: "/config/data/metadata/People/C/Carman, Patrick", Id: 1edc198a-b812-f339-1b64-6c9946d18bd9
[2026-04-22 03:23:19.969 +01:00] [INF] [72] Emby.Server.Implementations.Library.LibraryManager: Deleting item path, Type: "Person", Name: "Charles Dickens", Path: "/config/data/metadata/People/C/Charles Dickens", Id: d4c59d6f-62f6-8f78-2d10-117f280ec4e5
[2026-04-22 03:23:19.970 +01:00] [INF] [72] Emby.Server.Implementations.Library.LibraryManager: Deleting item path, Type: "Person", Name: "Charles Dickens, Howard Jacobson", Path: "/config/data/metadata/People/C/Charles Dickens, Howard Jacobson", Id: 1e27f961-cb2d-cbc3-55cd-43b9b0d5911e
[2026-04-22 03:23:19.971 +01:00] [INF] [72] Emby.Server.Implementations.Library.LibraryManager: Deleting item path, Type: "Person", Name: "Charles Dickens, Simon Callow - introduction", Path: "/config/data/metadata/People/C/Charles Dickens, Simon Callow - introduction", Id: d8ecd46f-66b7-0059-75a5-3899d9ed5bf0
[2026-04-22 03:23:19.973 +01:00] [INF] [72] Emby.Server.Implementations.Library.LibraryManager: Deleting item path, Type: "Person", Name: "Christopher Hopper, J. N. Chaney", Path: "/config/data/metadata/People/C/Christopher Hopper, J. N. Chaney", Id: a64c4f6f-a219-0772-6d6a-d4c42e41a4fc
[2026-04-22 03:23:19.975 +01:00] [INF] [72] Emby.Server.Implementations.Library.LibraryManager: Deleting item path, Type: "Person", Name: "Clive Cussler", Path: "/config/data/metadata/People/C/Clive Cussler", Id: d09177a8-8653-2814-f084-98cba7c2abc2
[2026-04-22 03:23:19.976 +01:00] [INF] [72] Emby.Server.Implementations.Library.LibraryManager: Deleting item path, Type: "Person", Name: "Craig Alanson", Path: "/config/data/metadata/People/C/Craig Alanson", Id: 72214a20-9168-c37d-030f-4cbc1a2cabb1
[2026-04-22 03:23:19.977 +01:00] [INF] [72] Emby.Server.Implementations.Library.LibraryManager: Deleting item path, Type: "Person", Name: "Craig Wasson", Path: "/config/data/metadata/People/C/Craig Wasson", Id: 0fd171a5-fef2-77e3-9255-984cc2b21e0a
[2026-04-22 03:23:19.978 +01:00] [INF] [72] Emby.Server.Implementations.Library.LibraryManager: Deleting item path, Type: "Person", Name: "Dale Carnegie", Path: "/config/data/metadata/People/D/Dale Carnegie", Id: 1eb8ffc7-05d0-e967-04eb-e6da76bb6e8f
[2026-04-22 03:23:19.979 +01:00] [INF] [72] Emby.Server.Implementations.Library.LibraryManager: Deleting item path, Type: "Person", Name: "Dan Brown", Path: "/config/data/metadata/People/D/Dan Brown", Id: 1303382c-474a-4473-2bb1-b4b478983c3c
[2026-04-22 03:23:19.981 +01:00] [INF] [72] Emby.Server.Implementations.Library.LibraryManager: Deleting item path, Type: "Person", Name: "David Baldacci", Path: "/config/data/metadata/People/D/David Baldacci", Id: 0a3a9973-c902-98af-94bc-701fd13a682b
[2026-04-22 03:23:19.983 +01:00] [INF] [72] Emby.Server.Implementations.Library.LibraryManager: Deleting item path, Type: "Person", Name: "David Deutsch", Path: "/config/data/metadata/People/D/David Deutsch", Id: cf2e2c28-5657-231b-30ca-7663f68a83c8
[2026-04-22 03:23:19.984 +01:00] [INF] [72] Emby.Server.Implementations.Library.LibraryManager: Deleting item path, Type: "Person", Name: "David Goggins", Path: "/config/data/metadata/People/D/David Goggins", Id: 94fd2fcd-3d44-776f-1df5-3251f533d25d
[2026-04-22 03:23:19.985 +01:00] [INF] [72] Emby.Server.Implementations.Library.LibraryManager: Deleting item path, Type: "Person", Name: "David R. Gillham", Path: "/config/data/metadata/People/D/David R. Gillham", Id: a2aef1f4-dd4e-e944-ab7d-bd35e5ec7ae0
[2026-04-22 03:23:19.986 +01:00] [INF] [72] Emby.Server.Implementations.Library.LibraryManager: Deleting item path, Type: "Person", Name: "Derral Eves, \"Mr. Beast\" Jimmy Donaldson - foreword", Path: "/config/data/metadata/People/D/Derral Eves,  Mr. Beast  Jimmy Donaldson - foreword", Id: deb06009-f025-1185-afe3-1c1418f03e9f
[2026-04-22 03:23:19.987 +01:00] [INF] [72] Emby.Server.Implementations.Library.LibraryManager: Deleting item path, Type: "Person", Name: "Douglas Adams", Path: "/config/data/metadata/People/D/Douglas Adams", Id: 09f1b7b9-88ed-4431-9f72-8d794a3c6c6d
[2026-04-22 03:23:19.987 +01:00] [INF] [72] Emby.Server.Implementations.Library.LibraryManager: Deleting item path, Type: "Person", Name: "Edith Wharton", Path: "/config/data/metadata/People/E/Edith Wharton", Id: 4bc4369d-b498-c69c-bc89-1f9ea8b4bd5a
[2026-04-22 03:23:19.988 +01:00] [INF] [72] Emby.Server.Implementations.Library.LibraryManager: Deleting item path, Type: "Person", Name: "Emily Brontë", Path: "/config/data/metadata/People/E/Emily Brontë", Id: ebf59821-02d9-88cf-abdd-a0c77d2f69ca
[2026-04-22 03:23:19.989 +01:00] [INF] [72] Emby.Server.Implementations.Library.LibraryManager: Deleting item path, Type: "Person", Name: "Faith Hunter", Path: "/config/data/metadata/People/F/Faith Hunter", Id: 5ca37445-3fb1-2356-209f-a16aaa911c8a
[2026-04-22 03:23:19.989 +01:00] [INF] [72] Emby.Server.Implementations.Library.LibraryManager: Deleting item path, Type: "Person", Name: "Frank Herbert", Path: "/config/data/metadata/People/F/Frank Herbert", Id: 632b3e94-bea8-bdf1-55a2-23b1d2f93068
[2026-04-22 03:23:19.990 +01:00] [INF] [72] Emby.Server.Implementations.Library.LibraryManager: Deleting item path, Type: "Person", Name: "Franz Kafka", Path: "/config/data/metadata/People/F/Franz Kafka", Id: ae5241c3-cb7b-fe18-6d65-f3a6144971ad
[2026-04-22 03:23:19.990 +01:00] [INF] [72] Emby.Server.Implementations.Library.LibraryManager: Deleting item path, Type: "Person", Name: "Friedrich Nietzsche", Path: "/config/data/metadata/People/F/Friedrich Nietzsche", Id: f92f4cb6-219a-d78b-ab1d-1535aad1f7b7
[2026-04-22 03:23:19.990 +01:00] [INF] [72] Emby.Server.Implementations.Library.LibraryManager: Deleting item path, Type: "Person", Name: "Friedrich Nietzsche, Thomas Common - translator", Path: "/config/data/metadata/People/F/Friedrich Nietzsche, Thomas Common - translator", Id: dd1ff273-fa72-a91f-fca3-a73005a637e0
[2026-04-22 03:23:19.991 +01:00] [INF] [72] Emby.Server.Implementations.Library.LibraryManager: Deleting item path, Type: "Person", Name: "Fyodor Dostoevsky", Path: "/config/data/metadata/People/F/Fyodor Dostoevsky", Id: f7cb3cef-cee7-04a0-20ff-54a4fae5f1da
[2026-04-22 03:23:19.992 +01:00] [INF] [72] Emby.Server.Implementations.Library.LibraryManager: Deleting item path, Type: "Person", Name: "Fyodor Dostoevsky, Constance Garnett (translator)", Path: "/config/data/metadata/People/F/Fyodor Dostoevsky, Constance Garnett (translator)", Id: e2c1b10f-4f22-4f97-26b6-17ce74ca3fe7
[2026-04-22 03:23:19.992 +01:00] [INF] [72] Emby.Server.Implementations.Library.LibraryManager: Deleting item path, Type: "Person", Name: "Fyodor Dostoevsky, Constance Garnett - translator", Path: "/config/data/metadata/People/F/Fyodor Dostoevsky, Constance Garnett - translator", Id: 2d477837-d66e-56fd-af6d-14c0bdb147d8
[2026-04-22 03:23:19.993 +01:00] [INF] [72] Emby.Server.Implementations.Library.LibraryManager: Deleting item path, Type: "Person", Name: "Fyodor Dostoyevsky", Path: "/config/data/metadata/People/F/Fyodor Dostoyevsky", Id: 2f9e3acd-060f-f69c-aeed-9220d7a5b895
[2026-04-22 03:23:19.993 +01:00] [INF] [72] Emby.Server.Implementations.Library.LibraryManager: Deleting item path, Type: "Person", Name: "George Mann, Cavan Scott", Path: "/config/data/metadata/People/G/George Mann, Cavan Scott", Id: 19cf3ea3-2daf-b8ab-fc46-3c75e24d4381
[2026-04-22 03:23:19.994 +01:00] [INF] [72] Emby.Server.Implementations.Library.LibraryManager: Deleting item path, Type: "Person", Name: "George Orwell, Joe White - adaptation", Path: "/config/data/metadata/People/G/George Orwell, Joe White - adaptation", Id: 4d8efc10-b33c-654b-87eb-3afc0677d699
[2026-04-22 03:23:19.994 +01:00] [INF] [72] Emby.Server.Implementations.Library.LibraryManager: Deleting item path, Type: "Person", Name: "George S. Clason", Path: "/config/data/metadata/People/G/George S. Clason", Id: 76cc973d-7a3d-a592-fa83-e50cfe786efd
[2026-04-22 03:23:19.995 +01:00] [INF] [72] Emby.Server.Implementations.Library.LibraryManager: Deleting item path, Type: "Person", Name: "H. G. Wells", Path: "/config/data/metadata/People/H/H. G. Wells", Id: fc73d515-ac4a-4315-6caf-5d6944e62b3c
[2026-04-22 03:23:19.995 +01:00] [INF] [72] Emby.Server.Implementations.Library.LibraryManager: Deleting item path, Type: "Person", Name: "Harper Lee", Path: "/config/data/metadata/People/H/Harper Lee", Id: 32e5a729-81f1-c61a-1111-737311cdeeb3
[2026-04-22 03:23:19.996 +01:00] [INF] [72] Emby.Server.Implementations.Library.LibraryManager: Deleting item path, Type: "Person", Name: "Hugh Howey", Path: "/config/data/metadata/People/H/Hugh Howey", Id: a5ea0878-0ddf-086a-05d6-842b204d89fa
[2026-04-22 03:23:19.996 +01:00] [INF] [72] Emby.Server.Implementations.Library.LibraryManager: Deleting item path, Type: "Person", Name: "Iain Banks", Path: "/config/data/metadata/People/I/Iain Banks", Id: 2280728b-3a77-66ef-bcf6-c0f6403e3887
[2026-04-22 03:23:19.997 +01:00] [INF] [72] Emby.Server.Implementations.Library.LibraryManager: Deleting item path, Type: "Person", Name: "Iain M. Banks", Path: "/config/data/metadata/People/I/Iain M. Banks", Id: 437ca061-f3af-bb33-f38e-6683d876fbdb
[2026-04-22 03:23:19.997 +01:00] [INF] [72] Emby.Server.Implementations.Library.LibraryManager: Deleting item path, Type: "Person", Name: "Ian Fleming", Path: "/config/data/metadata/People/I/Ian Fleming", Id: b44e48c9-13d5-aead-8e9f-f11c35762842
[2026-04-22 03:23:19.997 +01:00] [INF] [72] Emby.Server.Implementations.Library.LibraryManager: Deleting item path, Type: "Person", Name: "Ichiro Kishimi, Fumitake Koga", Path: "/config/data/metadata/People/I/Ichiro Kishimi, Fumitake Koga", Id: f465f01f-ce4f-c174-226b-5e9df2529616
[2026-04-22 03:23:19.998 +01:00] [INF] [72] Emby.Server.Implementations.Library.LibraryManager: Deleting item path, Type: "Person", Name: "Isaac Asimov", Path: "/config/data/metadata/People/I/Isaac Asimov", Id: 9933051b-6aa7-4761-a58e-4c3a7349015e
[2026-04-22 03:23:19.998 +01:00] [INF] [72] Emby.Server.Implementations.Library.LibraryManager: Deleting item path, Type: "Person", Name: "J. K. Rowling", Path: "/config/data/metadata/People/J/J. K. Rowling", Id: 6d5037ba-d1e7-8810-51c9-4e6e07f1d9bd
[2026-04-22 03:23:19.999 +01:00] [INF] [72] Emby.Server.Implementations.Library.LibraryManager: Deleting item path, Type: "Person", Name: "J. R. R Tolkien", Path: "/config/data/metadata/People/J/J. R. R Tolkien", Id: 3ba0b413-41df-b914-aa9a-8f6ed4e0a9dd
[2026-04-22 03:23:19.999 +01:00] [INF] [72] Emby.Server.Implementations.Library.LibraryManager: Deleting item path, Type: "Person", Name: "J. R. R. Tolkien", Path: "/config/data/metadata/People/J/J. R. R. Tolkien", Id: ac9a2803-1a30-ca38-8d81-df7205d381f1
[2026-04-22 03:23:20.000 +01:00] [INF] [72] Emby.Server.Implementations.Library.LibraryManager: Deleting item path, Type: "Person", Name: "Jaime Castle, C.J. Valin", Path: "/config/data/metadata/People/J/Jaime Castle, C.J. Valin", Id: 950fd17e-7336-724f-a66f-ff1caf12ee43
[2026-04-22 03:23:20.000 +01:00] [INF] [72] Emby.Server.Implementations.Library.LibraryManager: Deleting item path, Type: "Person", Name: "James S. A. Corey", Path: "/config/data/metadata/People/J/James S. A. Corey", Id: 7a3bd727-1471-8804-c50a-baa852416ed8
[2026-04-22 03:23:20.001 +01:00] [INF] [72] Emby.Server.Implementations.Library.LibraryManager: Deleting item path, Type: "Person", Name: "James S.A. Corey", Path: "/config/data/metadata/People/J/James S.A. Corey", Id: 62278d64-36d9-1725-5a89-0f31c7cf38a6
[2026-04-22 03:23:20.001 +01:00] [INF] [72] Emby.Server.Implementations.Library.LibraryManager: Deleting item path, Type: "Person", Name: "Jane Austen", Path: "/config/data/metadata/People/J/Jane Austen", Id: 24a0372b-b02f-8559-90a6-6ea1f0dc5d52
[2026-04-22 03:23:20.002 +01:00] [INF] [72] Emby.Server.Implementations.Library.LibraryManager: Deleting item path, Type: "Person", Name: "Jane Austen, Anna Lea - adaptation", Path: "/config/data/metadata/People/J/Jane Austen, Anna Lea - adaptation", Id: 2665ad95-19b7-c3a5-887c-c014b985b422
[2026-04-22 03:23:20.002 +01:00] [INF] [72] Emby.Server.Implementations.Library.LibraryManager: Deleting item path, Type: "Person", Name: "John Grisham", Path: "/config/data/metadata/People/J/John Grisham", Id: 0c66fd7e-8409-339a-1117-3afadf53a8c0
[2026-04-22 03:23:20.002 +01:00] [INF] [72] Emby.Server.Implementations.Library.LibraryManager: Deleting item path, Type: "Person", Name: "John Scalzi", Path: "/config/data/metadata/People/J/John Scalzi", Id: 58a6625d-508d-10d5-98b6-a0aac84988e2
[2026-04-22 03:23:20.003 +01:00] [INF] [72] Emby.Server.Implementations.Library.LibraryManager: Deleting item path, Type: "Person", Name: "Jules Verne", Path: "/config/data/metadata/People/J/Jules Verne", Id: 9f2818ce-89c9-1098-5df1-ac1c9d44460f
[2026-04-22 03:23:20.003 +01:00] [INF] [72] Emby.Server.Implementations.Library.LibraryManager: Deleting item path, Type: "Person", Name: "Kristine Kathryn Rusch", Path: "/config/data/metadata/People/K/Kristine Kathryn Rusch", Id: a5c01d24-74be-614c-a407-bba5d82dbf4a
[2026-04-22 03:23:20.003 +01:00] [INF] [72] Emby.Server.Implementations.Library.LibraryManager: Deleting item path, Type: "Person", Name: "Lee Bacon", Path: "/config/data/metadata/People/L/Lee Bacon", Id: e1146ab2-33c9-aeb5-2cad-efd0bc358fbf
[2026-04-22 03:23:20.004 +01:00] [INF] [72] Emby.Server.Implementations.Library.LibraryManager: Deleting item path, Type: "Person", Name: "Leo Tolstoy", Path: "/config/data/metadata/People/L/Leo Tolstoy", Id: 938ba321-7a80-1c3e-3373-e7fea6b0b127
[2026-04-22 03:23:20.004 +01:00] [INF] [72] Emby.Server.Implementations.Library.LibraryManager: Deleting item path, Type: "Person", Name: "Leo Tolstoy, Louise Maude - translator, Aylmer Maude - translator", Path: "/config/data/metadata/People/L/Leo Tolstoy, Louise Maude - translator, Aylmer Maude - translator", Id: 05a6998d-1dc6-df4e-b0b0-7119a70783d5
[2026-04-22 03:23:20.004 +01:00] [INF] [72] Emby.Server.Implementations.Library.LibraryManager: Deleting item path, Type: "Person", Name: "Leo Tolstoy, Richard F. Gustafson", Path: "/config/data/metadata/People/L/Leo Tolstoy, Richard F. Gustafson", Id: 4b353c4b-3329-25f4-9db8-2e0b0603417b
[2026-04-22 03:23:20.005 +01:00] [INF] [72] Emby.Server.Implementations.Library.LibraryManager: Deleting item path, Type: "Person", Name: "Les Bohem", Path: "/config/data/metadata/People/L/Les Bohem", Id: 295c6f67-0517-baa7-2a69-92108f79f516
[2026-04-22 03:23:20.005 +01:00] [INF] [72] Emby.Server.Implementations.Library.LibraryManager: Deleting item path, Type: "Person", Name: "Loch Kelly", Path: "/config/data/metadata/People/L/Loch Kelly", Id: 9bb3a744-ad40-9619-fb3c-a895e0a00264
[2026-04-22 03:23:20.006 +01:00] [INF] [72] Emby.Server.Implementations.Library.LibraryManager: Deleting item path, Type: "Person", Name: "Louisa May Alcott", Path: "/config/data/metadata/People/L/Louisa May Alcott", Id: 59a19a5b-f013-9702-7163-67b21cc39be0
[2026-04-22 03:23:20.006 +01:00] [INF] [72] Emby.Server.Implementations.Library.LibraryManager: Deleting item path, Type: "Person", Name: "Margot Hunt", Path: "/config/data/metadata/People/M/Margot Hunt", Id: d8f56ded-98ad-459d-0685-b7f0b17d3e8f
[2026-04-22 03:23:20.006 +01:00] [INF] [72] Emby.Server.Implementations.Library.LibraryManager: Deleting item path, Type: "Person", Name: "Mark Greaney", Path: "/config/data/metadata/People/M/Mark Greaney", Id: 8cba2536-9f02-38d8-ed2d-6d34552e5d45
[2026-04-22 03:23:20.007 +01:00] [INF] [72] Emby.Server.Implementations.Library.LibraryManager: Deleting item path, Type: "Person", Name: "Mark Twain", Path: "/config/data/metadata/People/M/Mark Twain", Id: 24e3854a-5583-0814-91d7-01c1e34d9436
[2026-04-22 03:23:20.007 +01:00] [INF] [72] Emby.Server.Implementations.Library.LibraryManager: Deleting item path, Type: "Person", Name: "Michael Crichton", Path: "/config/data/metadata/People/M/Michael Crichton", Id: 3a4ef6c4-27bb-5471-d07b-bf7d8c8415f4
[2026-04-22 03:23:20.008 +01:00] [INF] [72] Emby.Server.Implementations.Library.LibraryManager: Deleting item path, Type: "Person", Name: "Morgan Housel", Path: "/config/data/metadata/People/M/Morgan Housel", Id: 2ad41034-f867-613b-2e22-a6c6d729b214
[2026-04-22 03:23:20.008 +01:00] [INF] [72] Emby.Server.Implementations.Library.LibraryManager: Deleting item path, Type: "Person", Name: "Niccolo Machiavelli", Path: "/config/data/metadata/People/N/Niccolo Machiavelli", Id: 2e938097-16ce-80c7-ce9d-828602169206
[2026-04-22 03:23:20.008 +01:00] [INF] [72] Emby.Server.Implementations.Library.LibraryManager: Deleting item path, Type: "Person", Name: "Orson Scott Card", Path: "/config/data/metadata/People/O/Orson Scott Card", Id: 40e48d91-32ec-d6fe-2900-d46accbdfa2e
[2026-04-22 03:23:20.009 +01:00] [INF] [72] Emby.Server.Implementations.Library.LibraryManager: Deleting item path, Type: "Person", Name: "Orson Scott Card & Kathryn H. Kidd", Path: "/config/data/metadata/People/O/Orson Scott Card & Kathryn H. Kidd", Id: b80bd766-1a53-be81-cc46-687a2c0d6ba7
[2026-04-22 03:23:20.009 +01:00] [INF] [72] Emby.Server.Implementations.Library.LibraryManager: Deleting item path, Type: "Person", Name: "Orson Scott Card, Aaron Johnston", Path: "/config/data/metadata/People/O/Orson Scott Card, Aaron Johnston", Id: b6205fdc-7656-ca98-557d-4b44c7dbe7ef
[2026-04-22 03:23:20.009 +01:00] [INF] [72] Emby.Server.Implementations.Library.LibraryManager: Deleting item path, Type: "Person", Name: "Orson Scott Card/A Johnston", Path: "/config/data/metadata/People/O/Orson Scott Card A Johnston", Id: a9742698-e2b7-26d5-6dd6-dbcf68e63888
[2026-04-22 03:23:20.010 +01:00] [INF] [72] Emby.Server.Implementations.Library.LibraryManager: Deleting item path, Type: "Person", Name: "Patrick Carman", Path: "/config/data/metadata/People/P/Patrick Carman", Id: 6311eadb-81e4-e34c-76e4-e2d12acae64b
[2026-04-22 03:23:20.011 +01:00] [INF] [72] Emby.Server.Implementations.Library.LibraryManager: Deleting item path, Type: "Person", Name: "Patrick Lencioni", Path: "/config/data/metadata/People/P/Patrick Lencioni", Id: ecbe6f69-0e5b-b562-0580-c2dd627286ad
[2026-04-22 03:23:20.011 +01:00] [INF] [72] Emby.Server.Implementations.Library.LibraryManager: Deleting item path, Type: "Person", Name: "Paula McLain", Path: "/config/data/metadata/People/P/Paula McLain", Id: de649a28-2dea-2666-605a-f27f91c4a4f7
[2026-04-22 03:23:20.011 +01:00] [INF] [72] Emby.Server.Implementations.Library.LibraryManager: Deleting item path, Type: "Person", Name: "Paulo Coelho", Path: "/config/data/metadata/People/P/Paulo Coelho", Id: 159d857c-1fef-dec3-b909-603384fd6d33
[2026-04-22 03:23:20.011 +01:00] [INF] [72] Emby.Server.Implementations.Library.LibraryManager: Deleting item path, Type: "Person", Name: "Philip K. Dick", Path: "/config/data/metadata/People/P/Philip K. Dick", Id: 32b7cc04-4b34-d3c7-f647-b743388efbdf
[2026-04-22 03:23:20.012 +01:00] [INF] [72] Emby.Server.Implementations.Library.LibraryManager: Deleting item path, Type: "Person", Name: "Plato", Path: "/config/data/metadata/People/P/Plato", Id: 6fdcd56b-e7b4-7234-84f9-9aaf54d4dd73
[2026-04-22 03:23:20.012 +01:00] [INF] [72] Emby.Server.Implementations.Library.LibraryManager: Deleting item path, Type: "Person", Name: "Rhett C. Bruno", Path: "/config/data/metadata/People/R/Rhett C. Bruno", Id: 140fbde6-4d92-0403-25d7-9bdd9c7396f8
[2026-04-22 03:23:20.013 +01:00] [INF] [72] Emby.Server.Implementations.Library.LibraryManager: Deleting item path, Type: "Person", Name: "Richard Dawkins", Path: "/config/data/metadata/People/R/Richard Dawkins", Id: 5d187a68-9c13-cc75-28c5-57844c6fc597
[2026-04-22 03:23:20.013 +01:00] [INF] [72] Emby.Server.Implementations.Library.LibraryManager: Deleting item path, Type: "Person", Name: "Robert Greene", Path: "/config/data/metadata/People/R/Robert Greene", Id: 09c9be55-f5f2-2c73-ee50-8b41b6f63223
[2026-04-22 03:23:20.013 +01:00] [INF] [72] Emby.Server.Implementations.Library.LibraryManager: Deleting item path, Type: "Person", Name: "Robert Jordan & Brandon Sanderson", Path: "/config/data/metadata/People/R/Robert Jordan & Brandon Sanderson", Id: d59a65bf-b0cd-0f25-0ad2-ecc50c17fa34
[2026-04-22 03:23:20.014 +01:00] [INF] [72] Emby.Server.Implementations.Library.LibraryManager: Deleting item path, Type: "Person", Name: "Robert Louis Stevenson, Marty Ross - adaptation", Path: "/config/data/metadata/People/R/Robert Louis Stevenson, Marty Ross - adaptation", Id: db319bcf-d18f-c0dd-603d-d96914898954
[2026-04-22 03:23:20.014 +01:00] [INF] [72] Emby.Server.Implementations.Library.LibraryManager: Deleting item path, Type: "Person", Name: "Sam Harris", Path: "/config/data/metadata/People/S/Sam Harris", Id: b6ea0cf5-704b-995d-799e-68c4d54c1966
[2026-04-22 03:23:20.015 +01:00] [INF] [72] Emby.Server.Implementations.Library.LibraryManager: Deleting item path, Type: "Person", Name: "Seneca, Marcus Aurelius, Epictetus, John Lord", Path: "/config/data/metadata/People/S/Seneca, Marcus Aurelius, Epictetus, John Lord", Id: 5ff551e5-dfdf-3365-b218-bf2406c8950e
[2026-04-22 03:23:20.015 +01:00] [INF] [72] Emby.Server.Implementations.Library.LibraryManager: Deleting item path, Type: "Person", Name: "Sun Tzu", Path: "/config/data/metadata/People/S/Sun Tzu", Id: 1910476f-31b5-7c81-772f-679263e9d46a
[2026-04-22 03:23:20.015 +01:00] [INF] [72] Emby.Server.Implementations.Library.LibraryManager: Deleting item path, Type: "Person", Name: "The Audible Team", Path: "/config/data/metadata/People/T/The Audible Team", Id: 6b7f8c26-1058-5e61-57ba-ebc473f3794f
[2026-04-22 03:23:20.016 +01:00] [INF] [72] Emby.Server.Implementations.Library.LibraryManager: Deleting item path, Type: "Person", Name: "Tom Clancy", Path: "/config/data/metadata/People/T/Tom Clancy", Id: 0adaa7cc-0353-4e18-1d5c-6c965e3ebf1e
[2026-04-22 03:23:20.016 +01:00] [INF] [72] Emby.Server.Implementations.Library.LibraryManager: Deleting item path, Type: "Person", Name: "Watts", Path: "/config/data/metadata/People/W/Watts", Id: adf02339-d160-6fec-a8bb-0c3bde61697b
[2026-04-22 03:23:20.016 +01:00] [INF] [72] Emby.Server.Implementations.Library.LibraryManager: Deleting item path, Type: "Person", Name: "Watts, Alan", Path: "/config/data/metadata/People/W/Watts, Alan", Id: 00444328-bad3-199b-d873-7b91e43634b3
[2026-04-22 03:23:20.016 +01:00] [INF] [72] Emby.Server.Implementations.Library.LibraryManager: Deleting item path, Type: "Person", Name: "Yuval Noah Harari", Path: "/config/data/metadata/People/Y/Yuval Noah Harari", Id: fd577b25-80ce-e1f4-54bf-6a526410c713
[2026-04-22 03:23:20.305 +01:00] [INF] [72] Emby.Server.Implementations.Library.LibraryManager: People validation complete
[2026-04-22 03:23:20.311 +01:00] [WRN] [72] Microsoft.EntityFrameworkCore.Query: The query uses a row limiting operator ('Skip'/'Take') without an 'OrderBy' operator. This may lead to unpredictable results. If the 'Distinct' operator is used after 'OrderBy', then make sure to use the 'OrderBy' operator after 'Distinct' as the ordering would otherwise get erased.
[2026-04-22 03:23:20.317 +01:00] [INF] [72] Emby.Server.Implementations.ScheduledTasks.TaskManager: "Refresh People" Completed after 0 minute(s) and 50 seconds
[2026-04-22 03:23:33.078 +01:00] [INF] [74] Emby.Server.Implementations.IO.LibraryMonitor: "audiobooks" ("/audiobooks") will be refreshed.
[2026-04-22 03:23:33.107 +01:00] [ERR] [72] MediaBrowser.Controller.Entities.BaseItem: Error refreshing owned items for "/audiobooks"
System.UnauthorizedAccessException: Access to the path '/audiobooks/._Neil Gaiman Dirk Maggs - The Sandman' is denied.
 ---> System.IO.IOException: Operation not permitted
   --- End of inner exception stack trace ---
   at System.IO.FileSystemInfo.Create(String fullPath, String fileName, Boolean asDirectory, FileStatus& fileStatus)
   at System.IO.Enumeration.FileSystemEnumerable`1.DelegateEnumerator.TransformEntry(FileSystemEntry& entry)
   at System.IO.Enumeration.FileSystemEnumerator`1.MoveNext()
   at System.Linq.Enumerable.IEnumerableSelectIterator`2.ToArray()
   at MediaBrowser.Controller.Providers.DirectoryService.GetFileSystemEntries(String path)
   at MediaBrowser.Controller.Entities.BaseItem.RefreshMetadata(MetadataRefreshOptions options, CancellationToken cancellationToken)
[2026-04-22 03:23:33.109 +01:00] [ERR] [72] MediaBrowser.Providers.Folders.FolderMetadataService: Error validating images for "/audiobooks"
System.UnauthorizedAccessException: Access to the path '/audiobooks/._Neil Gaiman Dirk Maggs - The Sandman' is denied.
 ---> System.IO.IOException: Operation not permitted
   --- End of inner exception stack trace ---
   at System.IO.FileSystemInfo.Create(String fullPath, String fileName, Boolean asDirectory, FileStatus& fileStatus)
   at System.IO.Enumeration.FileSystemEnumerable`1.DelegateEnumerator.TransformEntry(FileSystemEntry& entry)
   at System.IO.Enumeration.FileSystemEnumerator`1.MoveNext()
   at System.Linq.Enumerable.IEnumerableSelectIterator`2.ToArray()
   at MediaBrowser.LocalMetadata.Images.LocalImageProvider.GetFiles(BaseItem item, Boolean includeDirectories, IDirectoryService directoryService)
   at MediaBrowser.LocalMetadata.Images.LocalImageProvider.GetImages(BaseItem item, IDirectoryService directoryService)
   at System.Linq.Enumerable.SelectManySingleSelectorIterator`2.ToList()
   at MediaBrowser.Providers.Manager.ItemImageProvider.ValidateImages(BaseItem item, IEnumerable`1 providers, ImageRefreshOptions refreshOptions)
   at MediaBrowser.Providers.Manager.MetadataService`2.RefreshMetadata(BaseItem item, MetadataRefreshOptions refreshOptions, CancellationToken cancellationToken)
[2026-04-22 03:23:33.111 +01:00] [ERR] [72] MediaBrowser.Controller.Entities.BaseItem: Error retrieving children
System.UnauthorizedAccessException: Access to the path '/audiobooks/._Neil Gaiman Dirk Maggs - The Sandman' is denied.
 ---> System.IO.IOException: Operation not permitted
   --- End of inner exception stack trace ---
   at System.IO.FileSystemInfo.Create(String fullPath, String fileName, Boolean asDirectory, FileStatus& fileStatus)
   at System.IO.Enumeration.FileSystemEnumerable`1.DelegateEnumerator.TransformEntry(FileSystemEntry& entry)
   at System.IO.Enumeration.FileSystemEnumerator`1.MoveNext()
   at System.Linq.Enumerable.IEnumerableSelectIterator`2.ToArray()
   at MediaBrowser.Controller.Providers.DirectoryService.GetFileSystemEntries(String path)
   at MediaBrowser.Controller.Entities.Folder.GetNonCachedChildren(IDirectoryService directoryService)
   at MediaBrowser.Controller.Entities.Folder.ValidateChildrenInternal2(IProgress`1 progress, Boolean recursive, Boolean refreshChildMetadata, Boolean allowRemoveRoot, MetadataRefreshOptions refreshOptions, IDirectoryService directoryService, CancellationToken cancellationToken)
[2026-04-22 03:26:05.800 +01:00] [INF] [35] Emby.Server.Implementations.IO.LibraryMonitor: "audiobooks" ("/audiobooks") will be refreshed.
[2026-04-22 03:26:05.815 +01:00] [ERR] [87] MediaBrowser.Controller.Entities.BaseItem: Error refreshing owned items for "/audiobooks"
System.UnauthorizedAccessException: Access to the path '/audiobooks/._Neil Gaiman Dirk Maggs - The Sandman' is denied.
 ---> System.IO.IOException: Operation not permitted
   --- End of inner exception stack trace ---
   at System.IO.FileSystemInfo.Create(String fullPath, String fileName, Boolean asDirectory, FileStatus& fileStatus)
   at System.IO.Enumeration.FileSystemEnumerable`1.DelegateEnumerator.TransformEntry(FileSystemEntry& entry)
   at System.IO.Enumeration.FileSystemEnumerator`1.MoveNext()
   at System.Linq.Enumerable.IEnumerableSelectIterator`2.ToArray()
   at MediaBrowser.Controller.Providers.DirectoryService.GetFileSystemEntries(String path)
   at MediaBrowser.Controller.Entities.BaseItem.RefreshMetadata(MetadataRefreshOptions options, CancellationToken cancellationToken)
[2026-04-22 03:26:05.816 +01:00] [ERR] [87] MediaBrowser.Providers.Folders.FolderMetadataService: Error validating images for "/audiobooks"
System.UnauthorizedAccessException: Access to the path '/audiobooks/._Neil Gaiman Dirk Maggs - The Sandman' is denied.
 ---> System.IO.IOException: Operation not permitted
   --- End of inner exception stack trace ---
   at System.IO.FileSystemInfo.Create(String fullPath, String fileName, Boolean asDirectory, FileStatus& fileStatus)
   at System.IO.Enumeration.FileSystemEnumerable`1.DelegateEnumerator.TransformEntry(FileSystemEntry& entry)
   at System.IO.Enumeration.FileSystemEnumerator`1.MoveNext()
   at System.Linq.Enumerable.IEnumerableSelectIterator`2.ToArray()
   at MediaBrowser.LocalMetadata.Images.LocalImageProvider.GetFiles(BaseItem item, Boolean includeDirectories, IDirectoryService directoryService)
   at MediaBrowser.LocalMetadata.Images.LocalImageProvider.GetImages(BaseItem item, IDirectoryService directoryService)
   at System.Linq.Enumerable.SelectManySingleSelectorIterator`2.ToList()
   at MediaBrowser.Providers.Manager.ItemImageProvider.ValidateImages(BaseItem item, IEnumerable`1 providers, ImageRefreshOptions refreshOptions)
   at MediaBrowser.Providers.Manager.MetadataService`2.RefreshMetadata(BaseItem item, MetadataRefreshOptions refreshOptions, CancellationToken cancellationToken)
[2026-04-22 03:26:05.818 +01:00] [ERR] [87] MediaBrowser.Controller.Entities.BaseItem: Error retrieving children
System.UnauthorizedAccessException: Access to the path '/audiobooks/._Neil Gaiman Dirk Maggs - The Sandman' is denied.
 ---> System.IO.IOException: Operation not permitted
   --- End of inner exception stack trace ---
   at System.IO.FileSystemInfo.Create(String fullPath, String fileName, Boolean asDirectory, FileStatus& fileStatus)
   at System.IO.Enumeration.FileSystemEnumerable`1.DelegateEnumerator.TransformEntry(FileSystemEntry& entry)
   at System.IO.Enumeration.FileSystemEnumerator`1.MoveNext()
   at System.Linq.Enumerable.IEnumerableSelectIterator`2.ToArray()
   at MediaBrowser.Controller.Providers.DirectoryService.GetFileSystemEntries(String path)
   at MediaBrowser.Controller.Entities.Folder.GetNonCachedChildren(IDirectoryService directoryService)
   at MediaBrowser.Controller.Entities.Folder.ValidateChildrenInternal2(IProgress`1 progress, Boolean recursive, Boolean refreshChildMetadata, Boolean allowRemoveRoot, MetadataRefreshOptions refreshOptions, IDirectoryService directoryService, CancellationToken cancellationToken)
[2026-04-22 03:26:53.077 +01:00] [INF] [35] Emby.Server.Implementations.Session.SessionWebSocketListener: Sending ForceKeepAlive message to 1 inactive WebSockets.
[2026-04-22 03:29:04.459 +01:00] [INF] [57] Emby.Server.Implementations.IO.LibraryMonitor: "audiobooks" ("/audiobooks") will be refreshed.
[2026-04-22 03:29:04.468 +01:00] [ERR] [71] MediaBrowser.Controller.Entities.BaseItem: Error refreshing owned items for "/audiobooks"
System.UnauthorizedAccessException: Access to the path '/audiobooks/._Mythology' is denied.
 ---> System.IO.IOException: Operation not permitted
   --- End of inner exception stack trace ---
   at System.IO.FileSystemInfo.Create(String fullPath, String fileName, Boolean asDirectory, FileStatus& fileStatus)
   at System.IO.Enumeration.FileSystemEnumerable`1.DelegateEnumerator.TransformEntry(FileSystemEntry& entry)
   at System.IO.Enumeration.FileSystemEnumerator`1.MoveNext()
   at System.Linq.Enumerable.IEnumerableSelectIterator`2.ToArray()
   at MediaBrowser.Controller.Providers.DirectoryService.GetFileSystemEntries(String path)
   at MediaBrowser.Controller.Entities.BaseItem.RefreshMetadata(MetadataRefreshOptions options, CancellationToken cancellationToken)
[2026-04-22 03:29:04.469 +01:00] [ERR] [71] MediaBrowser.Providers.Folders.FolderMetadataService: Error validating images for "/audiobooks"
System.UnauthorizedAccessException: Access to the path '/audiobooks/._Mythology' is denied.
 ---> System.IO.IOException: Operation not permitted
   --- End of inner exception stack trace ---
   at System.IO.FileSystemInfo.Create(String fullPath, String fileName, Boolean asDirectory, FileStatus& fileStatus)
   at System.IO.Enumeration.FileSystemEnumerable`1.DelegateEnumerator.TransformEntry(FileSystemEntry& entry)
   at System.IO.Enumeration.FileSystemEnumerator`1.MoveNext()
   at System.Linq.Enumerable.IEnumerableSelectIterator`2.ToArray()
   at MediaBrowser.LocalMetadata.Images.LocalImageProvider.GetFiles(BaseItem item, Boolean includeDirectories, IDirectoryService directoryService)
   at MediaBrowser.LocalMetadata.Images.LocalImageProvider.GetImages(BaseItem item, IDirectoryService directoryService)
   at System.Linq.Enumerable.SelectManySingleSelectorIterator`2.ToList()
   at MediaBrowser.Providers.Manager.ItemImageProvider.ValidateImages(BaseItem item, IEnumerable`1 providers, ImageRefreshOptions refreshOptions)
   at MediaBrowser.Providers.Manager.MetadataService`2.RefreshMetadata(BaseItem item, MetadataRefreshOptions refreshOptions, CancellationToken cancellationToken)
[2026-04-22 03:29:04.471 +01:00] [ERR] [71] MediaBrowser.Controller.Entities.BaseItem: Error retrieving children
System.UnauthorizedAccessException: Access to the path '/audiobooks/._Mythology' is denied.
 ---> System.IO.IOException: Operation not permitted
   --- End of inner exception stack trace ---
   at System.IO.FileSystemInfo.Create(String fullPath, String fileName, Boolean asDirectory, FileStatus& fileStatus)
   at System.IO.Enumeration.FileSystemEnumerable`1.DelegateEnumerator.TransformEntry(FileSystemEntry& entry)
   at System.IO.Enumeration.FileSystemEnumerator`1.MoveNext()
   at System.Linq.Enumerable.IEnumerableSelectIterator`2.ToArray()
   at MediaBrowser.Controller.Providers.DirectoryService.GetFileSystemEntries(String path)
   at MediaBrowser.Controller.Entities.Folder.GetNonCachedChildren(IDirectoryService directoryService)
   at MediaBrowser.Controller.Entities.Folder.ValidateChildrenInternal2(IProgress`1 progress, Boolean recursive, Boolean refreshChildMetadata, Boolean allowRemoveRoot, MetadataRefreshOptions refreshOptions, IDirectoryService directoryService, CancellationToken cancellationToken)
[2026-04-22 03:31:15.012 +01:00] [INF] [54] Emby.Server.Implementations.IO.LibraryMonitor: "audiobooks" ("/audiobooks") will be refreshed.
[2026-04-22 03:31:15.018 +01:00] [ERR] [53] MediaBrowser.Controller.Entities.BaseItem: Error refreshing owned items for "/audiobooks"
System.UnauthorizedAccessException: Access to the path '/audiobooks/._Mythology' is denied.
 ---> System.IO.IOException: Operation not permitted
   --- End of inner exception stack trace ---
   at System.IO.FileSystemInfo.Create(String fullPath, String fileName, Boolean asDirectory, FileStatus& fileStatus)
   at System.IO.Enumeration.FileSystemEnumerable`1.DelegateEnumerator.TransformEntry(FileSystemEntry& entry)
   at System.IO.Enumeration.FileSystemEnumerator`1.MoveNext()
   at System.Linq.Enumerable.IEnumerableSelectIterator`2.ToArray()
   at MediaBrowser.Controller.Providers.DirectoryService.GetFileSystemEntries(String path)
   at MediaBrowser.Controller.Entities.BaseItem.RefreshMetadata(MetadataRefreshOptions options, CancellationToken cancellationToken)
[2026-04-22 03:31:15.019 +01:00] [ERR] [53] MediaBrowser.Providers.Folders.FolderMetadataService: Error validating images for "/audiobooks"
System.UnauthorizedAccessException: Access to the path '/audiobooks/._Mythology' is denied.
 ---> System.IO.IOException: Operation not permitted
   --- End of inner exception stack trace ---
   at System.IO.FileSystemInfo.Create(String fullPath, String fileName, Boolean asDirectory, FileStatus& fileStatus)
   at System.IO.Enumeration.FileSystemEnumerable`1.DelegateEnumerator.TransformEntry(FileSystemEntry& entry)
   at System.IO.Enumeration.FileSystemEnumerator`1.MoveNext()
   at System.Linq.Enumerable.IEnumerableSelectIterator`2.ToArray()
   at MediaBrowser.LocalMetadata.Images.LocalImageProvider.GetFiles(BaseItem item, Boolean includeDirectories, IDirectoryService directoryService)
   at MediaBrowser.LocalMetadata.Images.LocalImageProvider.GetImages(BaseItem item, IDirectoryService directoryService)
   at System.Linq.Enumerable.SelectManySingleSelectorIterator`2.ToList()
   at MediaBrowser.Providers.Manager.ItemImageProvider.ValidateImages(BaseItem item, IEnumerable`1 providers, ImageRefreshOptions refreshOptions)
   at MediaBrowser.Providers.Manager.MetadataService`2.RefreshMetadata(BaseItem item, MetadataRefreshOptions refreshOptions, CancellationToken cancellationToken)
[2026-04-22 03:31:15.022 +01:00] [ERR] [53] MediaBrowser.Controller.Entities.BaseItem: Error retrieving children
System.UnauthorizedAccessException: Access to the path '/audiobooks/._Mythology' is denied.
 ---> System.IO.IOException: Operation not permitted
   --- End of inner exception stack trace ---
   at System.IO.FileSystemInfo.Create(String fullPath, String fileName, Boolean asDirectory, FileStatus& fileStatus)
   at System.IO.Enumeration.FileSystemEnumerable`1.DelegateEnumerator.TransformEntry(FileSystemEntry& entry)
   at System.IO.Enumeration.FileSystemEnumerator`1.MoveNext()
   at System.Linq.Enumerable.IEnumerableSelectIterator`2.ToArray()
   at MediaBrowser.Controller.Providers.DirectoryService.GetFileSystemEntries(String path)
   at MediaBrowser.Controller.Entities.Folder.GetNonCachedChildren(IDirectoryService directoryService)
   at MediaBrowser.Controller.Entities.Folder.ValidateChildrenInternal2(IProgress`1 progress, Boolean recursive, Boolean refreshChildMetadata, Boolean allowRemoveRoot, MetadataRefreshOptions refreshOptions, IDirectoryService directoryService, CancellationToken cancellationToken)
[2026-04-22 03:31:17.073 +01:00] [INF] [54] Emby.Server.Implementations.Session.SessionWebSocketListener: Sending ForceKeepAlive message to 1 inactive WebSockets.
[2026-04-22 03:34:27.705 +01:00] [INF] [45] Emby.Server.Implementations.IO.LibraryMonitor: "audiobooks" ("/audiobooks") will be refreshed.
[2026-04-22 03:34:27.713 +01:00] [ERR] [45] MediaBrowser.Controller.Entities.BaseItem: Error refreshing owned items for "/audiobooks"
System.UnauthorizedAccessException: Access to the path '/audiobooks/._Mythology' is denied.
 ---> System.IO.IOException: Operation not permitted
   --- End of inner exception stack trace ---
   at System.IO.FileSystemInfo.Create(String fullPath, String fileName, Boolean asDirectory, FileStatus& fileStatus)
   at System.IO.Enumeration.FileSystemEnumerable`1.DelegateEnumerator.TransformEntry(FileSystemEntry& entry)
   at System.IO.Enumeration.FileSystemEnumerator`1.MoveNext()
   at System.Linq.Enumerable.IEnumerableSelectIterator`2.ToArray()
   at MediaBrowser.Controller.Providers.DirectoryService.GetFileSystemEntries(String path)
   at MediaBrowser.Controller.Entities.BaseItem.RefreshMetadata(MetadataRefreshOptions options, CancellationToken cancellationToken)
[2026-04-22 03:34:27.715 +01:00] [ERR] [45] MediaBrowser.Providers.Folders.FolderMetadataService: Error validating images for "/audiobooks"
System.UnauthorizedAccessException: Access to the path '/audiobooks/._Mythology' is denied.
 ---> System.IO.IOException: Operation not permitted
   --- End of inner exception stack trace ---
   at System.IO.FileSystemInfo.Create(String fullPath, String fileName, Boolean asDirectory, FileStatus& fileStatus)
   at System.IO.Enumeration.FileSystemEnumerable`1.DelegateEnumerator.TransformEntry(FileSystemEntry& entry)
   at System.IO.Enumeration.FileSystemEnumerator`1.MoveNext()
   at System.Linq.Enumerable.IEnumerableSelectIterator`2.ToArray()
   at MediaBrowser.LocalMetadata.Images.LocalImageProvider.GetFiles(BaseItem item, Boolean includeDirectories, IDirectoryService directoryService)
   at MediaBrowser.LocalMetadata.Images.LocalImageProvider.GetImages(BaseItem item, IDirectoryService directoryService)
   at System.Linq.Enumerable.SelectManySingleSelectorIterator`2.ToList()
   at MediaBrowser.Providers.Manager.ItemImageProvider.ValidateImages(BaseItem item, IEnumerable`1 providers, ImageRefreshOptions refreshOptions)
   at MediaBrowser.Providers.Manager.MetadataService`2.RefreshMetadata(BaseItem item, MetadataRefreshOptions refreshOptions, CancellationToken cancellationToken)
[2026-04-22 03:34:27.717 +01:00] [ERR] [45] MediaBrowser.Controller.Entities.BaseItem: Error retrieving children
System.UnauthorizedAccessException: Access to the path '/audiobooks/._Mythology' is denied.
 ---> System.IO.IOException: Operation not permitted
   --- End of inner exception stack trace ---
   at System.IO.FileSystemInfo.Create(String fullPath, String fileName, Boolean asDirectory, FileStatus& fileStatus)
   at System.IO.Enumeration.FileSystemEnumerable`1.DelegateEnumerator.TransformEntry(FileSystemEntry& entry)
   at System.IO.Enumeration.FileSystemEnumerator`1.MoveNext()
   at System.Linq.Enumerable.IEnumerableSelectIterator`2.ToArray()
   at MediaBrowser.Controller.Providers.DirectoryService.GetFileSystemEntries(String path)
   at MediaBrowser.Controller.Entities.Folder.GetNonCachedChildren(IDirectoryService directoryService)
   at MediaBrowser.Controller.Entities.Folder.ValidateChildrenInternal2(IProgress`1 progress, Boolean recursive, Boolean refreshChildMetadata, Boolean allowRemoveRoot, MetadataRefreshOptions refreshOptions, IDirectoryService directoryService, CancellationToken cancellationToken)
[2026-04-22 03:35:05.078 +01:00] [INF] [49] Emby.Server.Implementations.Session.SessionWebSocketListener: Sending ForceKeepAlive message to 1 inactive WebSockets.
[2026-04-22 03:36:48.541 +01:00] [INF] [42] Emby.Server.Implementations.IO.LibraryMonitor: "audiobooks" ("/audiobooks") will be refreshed.
[2026-04-22 03:36:48.591 +01:00] [ERR] [42] MediaBrowser.Controller.Entities.BaseItem: Error refreshing owned items for "/audiobooks"
System.UnauthorizedAccessException: Access to the path '/audiobooks/._Mythology' is denied.
 ---> System.IO.IOException: Operation not permitted
   --- End of inner exception stack trace ---
   at System.IO.FileSystemInfo.Create(String fullPath, String fileName, Boolean asDirectory, FileStatus& fileStatus)
   at System.IO.Enumeration.FileSystemEnumerable`1.DelegateEnumerator.TransformEntry(FileSystemEntry& entry)
   at System.IO.Enumeration.FileSystemEnumerator`1.MoveNext()
   at System.Linq.Enumerable.IEnumerableSelectIterator`2.ToArray()
   at MediaBrowser.Controller.Providers.DirectoryService.GetFileSystemEntries(String path)
   at MediaBrowser.Controller.Entities.BaseItem.RefreshMetadata(MetadataRefreshOptions options, CancellationToken cancellationToken)
[2026-04-22 03:36:48.593 +01:00] [ERR] [42] MediaBrowser.Providers.Folders.FolderMetadataService: Error validating images for "/audiobooks"
System.UnauthorizedAccessException: Access to the path '/audiobooks/._Mythology' is denied.
 ---> System.IO.IOException: Operation not permitted
   --- End of inner exception stack trace ---
   at System.IO.FileSystemInfo.Create(String fullPath, String fileName, Boolean asDirectory, FileStatus& fileStatus)
   at System.IO.Enumeration.FileSystemEnumerable`1.DelegateEnumerator.TransformEntry(FileSystemEntry& entry)
   at System.IO.Enumeration.FileSystemEnumerator`1.MoveNext()
   at System.Linq.Enumerable.IEnumerableSelectIterator`2.ToArray()
   at MediaBrowser.LocalMetadata.Images.LocalImageProvider.GetFiles(BaseItem item, Boolean includeDirectories, IDirectoryService directoryService)
   at MediaBrowser.LocalMetadata.Images.LocalImageProvider.GetImages(BaseItem item, IDirectoryService directoryService)
   at System.Linq.Enumerable.SelectManySingleSelectorIterator`2.ToList()
   at MediaBrowser.Providers.Manager.ItemImageProvider.ValidateImages(BaseItem item, IEnumerable`1 providers, ImageRefreshOptions refreshOptions)
   at MediaBrowser.Providers.Manager.MetadataService`2.RefreshMetadata(BaseItem item, MetadataRefreshOptions refreshOptions, CancellationToken cancellationToken)
[2026-04-22 03:36:48.596 +01:00] [ERR] [42] MediaBrowser.Controller.Entities.BaseItem: Error retrieving children
System.UnauthorizedAccessException: Access to the path '/audiobooks/._Mythology' is denied.
 ---> System.IO.IOException: Operation not permitted
   --- End of inner exception stack trace ---
   at System.IO.FileSystemInfo.Create(String fullPath, String fileName, Boolean asDirectory, FileStatus& fileStatus)
   at System.IO.Enumeration.FileSystemEnumerable`1.DelegateEnumerator.TransformEntry(FileSystemEntry& entry)
   at System.IO.Enumeration.FileSystemEnumerator`1.MoveNext()
   at System.Linq.Enumerable.IEnumerableSelectIterator`2.ToArray()
   at MediaBrowser.Controller.Providers.DirectoryService.GetFileSystemEntries(String path)
   at MediaBrowser.Controller.Entities.Folder.GetNonCachedChildren(IDirectoryService directoryService)
   at MediaBrowser.Controller.Entities.Folder.ValidateChildrenInternal2(IProgress`1 progress, Boolean recursive, Boolean refreshChildMetadata, Boolean allowRemoveRoot, MetadataRefreshOptions refreshOptions, IDirectoryService directoryService, CancellationToken cancellationToken)
[2026-04-22 03:40:05.079 +01:00] [INF] [22] Emby.Server.Implementations.Session.SessionWebSocketListener: Sending ForceKeepAlive message to 1 inactive WebSockets.
[2026-04-22 03:40:19.643 +01:00] [INF] [21] Emby.Server.Implementations.IO.LibraryMonitor: "audiobooks" ("/audiobooks") will be refreshed.
[2026-04-22 03:40:19.650 +01:00] [ERR] [22] MediaBrowser.Controller.Entities.BaseItem: Error refreshing owned items for "/audiobooks"
System.UnauthorizedAccessException: Access to the path '/audiobooks/._Mythology' is denied.
 ---> System.IO.IOException: Operation not permitted
   --- End of inner exception stack trace ---
   at System.IO.FileSystemInfo.Create(String fullPath, String fileName, Boolean asDirectory, FileStatus& fileStatus)
   at System.IO.Enumeration.FileSystemEnumerable`1.DelegateEnumerator.TransformEntry(FileSystemEntry& entry)
   at System.IO.Enumeration.FileSystemEnumerator`1.MoveNext()
   at System.Linq.Enumerable.IEnumerableSelectIterator`2.ToArray()
   at MediaBrowser.Controller.Providers.DirectoryService.GetFileSystemEntries(String path)
   at MediaBrowser.Controller.Entities.BaseItem.RefreshMetadata(MetadataRefreshOptions options, CancellationToken cancellationToken)
[2026-04-22 03:40:19.651 +01:00] [ERR] [22] MediaBrowser.Providers.Folders.FolderMetadataService: Error validating images for "/audiobooks"
System.UnauthorizedAccessException: Access to the path '/audiobooks/._Mythology' is denied.
 ---> System.IO.IOException: Operation not permitted
   --- End of inner exception stack trace ---
   at System.IO.FileSystemInfo.Create(String fullPath, String fileName, Boolean asDirectory, FileStatus& fileStatus)
   at System.IO.Enumeration.FileSystemEnumerable`1.DelegateEnumerator.TransformEntry(FileSystemEntry& entry)
   at System.IO.Enumeration.FileSystemEnumerator`1.MoveNext()
   at System.Linq.Enumerable.IEnumerableSelectIterator`2.ToArray()
   at MediaBrowser.LocalMetadata.Images.LocalImageProvider.GetFiles(BaseItem item, Boolean includeDirectories, IDirectoryService directoryService)
   at MediaBrowser.LocalMetadata.Images.LocalImageProvider.GetImages(BaseItem item, IDirectoryService directoryService)
   at System.Linq.Enumerable.SelectManySingleSelectorIterator`2.ToList()
   at MediaBrowser.Providers.Manager.ItemImageProvider.ValidateImages(BaseItem item, IEnumerable`1 providers, ImageRefreshOptions refreshOptions)
   at MediaBrowser.Providers.Manager.MetadataService`2.RefreshMetadata(BaseItem item, MetadataRefreshOptions refreshOptions, CancellationToken cancellationToken)
[2026-04-22 03:40:19.654 +01:00] [ERR] [22] MediaBrowser.Controller.Entities.BaseItem: Error retrieving children
System.UnauthorizedAccessException: Access to the path '/audiobooks/._Mythology' is denied.
 ---> System.IO.IOException: Operation not permitted
   --- End of inner exception stack trace ---
   at System.IO.FileSystemInfo.Create(String fullPath, String fileName, Boolean asDirectory, FileStatus& fileStatus)
   at System.IO.Enumeration.FileSystemEnumerable`1.DelegateEnumerator.TransformEntry(FileSystemEntry& entry)
   at System.IO.Enumeration.FileSystemEnumerator`1.MoveNext()
   at System.Linq.Enumerable.IEnumerableSelectIterator`2.ToArray()
   at MediaBrowser.Controller.Providers.DirectoryService.GetFileSystemEntries(String path)
   at MediaBrowser.Controller.Entities.Folder.GetNonCachedChildren(IDirectoryService directoryService)
   at MediaBrowser.Controller.Entities.Folder.ValidateChildrenInternal2(IProgress`1 progress, Boolean recursive, Boolean refreshChildMetadata, Boolean allowRemoveRoot, MetadataRefreshOptions refreshOptions, IDirectoryService directoryService, CancellationToken cancellationToken)
[2026-04-22 03:43:53.081 +01:00] [INF] [57] Emby.Server.Implementations.Session.SessionWebSocketListener: Sending ForceKeepAlive message to 1 inactive WebSockets.
[2026-04-22 03:44:05.489 +01:00] [INF] [64] Emby.Server.Implementations.IO.LibraryMonitor: "movies" ("/movies") will be refreshed.
[2026-04-22 03:44:05.509 +01:00] [ERR] [64] MediaBrowser.Controller.Entities.BaseItem: Error refreshing owned items for "/movies"
System.UnauthorizedAccessException: Access to the path '/movies/._300 (2006) MULTi VFF 2160p 10bit 4KLight HDR BluRay AC3 5.1 x265-QTZ.mkv' is denied.
 ---> System.IO.IOException: Operation not permitted
   --- End of inner exception stack trace ---
   at System.IO.FileSystemInfo.Create(String fullPath, String fileName, Boolean asDirectory, FileStatus& fileStatus)
   at System.IO.Enumeration.FileSystemEnumerable`1.DelegateEnumerator.TransformEntry(FileSystemEntry& entry)
   at System.IO.Enumeration.FileSystemEnumerator`1.MoveNext()
   at System.Linq.Enumerable.IEnumerableSelectIterator`2.ToArray()
   at MediaBrowser.Controller.Providers.DirectoryService.GetFileSystemEntries(String path)
   at MediaBrowser.Controller.Entities.BaseItem.RefreshMetadata(MetadataRefreshOptions options, CancellationToken cancellationToken)
[2026-04-22 03:44:05.510 +01:00] [ERR] [64] MediaBrowser.Providers.Folders.FolderMetadataService: Error validating images for "/movies"
System.UnauthorizedAccessException: Access to the path '/movies/._300 (2006) MULTi VFF 2160p 10bit 4KLight HDR BluRay AC3 5.1 x265-QTZ.mkv' is denied.
 ---> System.IO.IOException: Operation not permitted
   --- End of inner exception stack trace ---
   at System.IO.FileSystemInfo.Create(String fullPath, String fileName, Boolean asDirectory, FileStatus& fileStatus)
   at System.IO.Enumeration.FileSystemEnumerable`1.DelegateEnumerator.TransformEntry(FileSystemEntry& entry)
   at System.IO.Enumeration.FileSystemEnumerator`1.MoveNext()
   at System.Linq.Enumerable.IEnumerableSelectIterator`2.ToArray()
   at MediaBrowser.LocalMetadata.Images.LocalImageProvider.GetFiles(BaseItem item, Boolean includeDirectories, IDirectoryService directoryService)
   at MediaBrowser.LocalMetadata.Images.LocalImageProvider.GetImages(BaseItem item, IDirectoryService directoryService)
   at System.Linq.Enumerable.SelectManySingleSelectorIterator`2.ToList()
   at MediaBrowser.Providers.Manager.ItemImageProvider.ValidateImages(BaseItem item, IEnumerable`1 providers, ImageRefreshOptions refreshOptions)
   at MediaBrowser.Providers.Manager.MetadataService`2.RefreshMetadata(BaseItem item, MetadataRefreshOptions refreshOptions, CancellationToken cancellationToken)
[2026-04-22 03:44:05.512 +01:00] [ERR] [64] MediaBrowser.Controller.Entities.BaseItem: Error retrieving children
System.UnauthorizedAccessException: Access to the path '/movies/._300 (2006) MULTi VFF 2160p 10bit 4KLight HDR BluRay AC3 5.1 x265-QTZ.mkv' is denied.
 ---> System.IO.IOException: Operation not permitted
   --- End of inner exception stack trace ---
   at System.IO.FileSystemInfo.Create(String fullPath, String fileName, Boolean asDirectory, FileStatus& fileStatus)
   at System.IO.Enumeration.FileSystemEnumerable`1.DelegateEnumerator.TransformEntry(FileSystemEntry& entry)
   at System.IO.Enumeration.FileSystemEnumerator`1.MoveNext()
   at System.Linq.Enumerable.IEnumerableSelectIterator`2.ToArray()
   at MediaBrowser.Controller.Providers.DirectoryService.GetFileSystemEntries(String path)
   at MediaBrowser.Controller.Entities.Folder.GetNonCachedChildren(IDirectoryService directoryService)
   at MediaBrowser.Controller.Entities.Folder.ValidateChildrenInternal2(IProgress`1 progress, Boolean recursive, Boolean refreshChildMetadata, Boolean allowRemoveRoot, MetadataRefreshOptions refreshOptions, IDirectoryService directoryService, CancellationToken cancellationToken)
[2026-04-22 03:48:17.082 +01:00] [INF] [54] Emby.Server.Implementations.Session.SessionWebSocketListener: Sending ForceKeepAlive message to 1 inactive WebSockets.
[2026-04-22 03:52:05.089 +01:00] [INF] [49] Emby.Server.Implementations.Session.SessionWebSocketListener: Sending ForceKeepAlive message to 1 inactive WebSockets.
[2026-04-22 03:55:53.080 +01:00] [INF] [42] Emby.Server.Implementations.Session.SessionWebSocketListener: Sending ForceKeepAlive message to 1 inactive WebSockets.
[2026-04-22 04:00:17.079 +01:00] [INF] [71] Emby.Server.Implementations.Session.SessionWebSocketListener: Sending ForceKeepAlive message to 1 inactive WebSockets.
[2026-04-22 04:04:05.079 +01:00] [INF] [41] Emby.Server.Implementations.Session.SessionWebSocketListener: Sending ForceKeepAlive message to 1 inactive WebSockets.
[2026-04-22 04:07:53.081 +01:00] [INF] [38] Emby.Server.Implementations.Session.SessionWebSocketListener: Sending ForceKeepAlive message to 1 inactive WebSockets.
[2026-04-22 04:12:17.089 +01:00] [INF] [59] Emby.Server.Implementations.Session.SessionWebSocketListener: Sending ForceKeepAlive message to 1 inactive WebSockets.
[2026-04-22 04:16:05.084 +01:00] [INF] [85] Emby.Server.Implementations.Session.SessionWebSocketListener: Sending ForceKeepAlive message to 1 inactive WebSockets.
[2026-04-22 04:19:53.083 +01:00] [INF] [25] Emby.Server.Implementations.Session.SessionWebSocketListener: Sending ForceKeepAlive message to 1 inactive WebSockets.
[2026-04-22 04:22:30.564 +01:00] [WRN] [29] Emby.Server.Implementations.Library.LibraryManager: Failed to get person: "Amanda Crew"
[2026-04-22 04:22:30.637 +01:00] [WRN] [29] Emby.Server.Implementations.Library.LibraryManager: Failed to get person: "Anjali Jay"
[2026-04-22 04:22:30.947 +01:00] [WRN] [29] Emby.Server.Implementations.Library.LibraryManager: Failed to get person: "Cate Richardson"
[2026-04-22 04:22:31.561 +01:00] [WRN] [29] Emby.Server.Implementations.Library.LibraryManager: Failed to get person: "Fulvio Cecere"
[2026-04-22 04:22:31.579 +01:00] [WRN] [29] Emby.Server.Implementations.Library.LibraryManager: Failed to get person: "Gary Lucchesi"
[2026-04-22 04:22:31.802 +01:00] [WRN] [29] Emby.Server.Implementations.Library.LibraryManager: Failed to get person: "Hugh Ross"
[2026-04-22 04:22:31.857 +01:00] [WRN] [29] Emby.Server.Implementations.Library.LibraryManager: Failed to get person: "Izabel Pearce"
[2026-04-22 04:22:31.859 +01:00] [WRN] [29] Emby.Server.Implementations.Library.LibraryManager: Failed to get person: "J. Mills Goodloe"
[2026-04-22 04:22:32.501 +01:00] [WRN] [29] Emby.Server.Implementations.Library.LibraryManager: Failed to get person: "Lee Toland Krieger"
[2026-04-22 04:22:32.610 +01:00] [WRN] [29] Emby.Server.Implementations.Library.LibraryManager: Failed to get person: "Lynda Boyd"
[2026-04-22 04:22:33.196 +01:00] [WRN] [29] Emby.Server.Implementations.Library.LibraryManager: Failed to get person: "Peter J. Gray"
[2026-04-22 04:22:33.331 +01:00] [WRN] [29] Emby.Server.Implementations.Library.LibraryManager: Failed to get person: "Richard Harmon"
[2026-04-22 04:22:33.386 +01:00] [INF] [91] Jellyfin.LiveTv.Guide.GuideManager: Refreshing guide with 7 days of guide data
[2026-04-22 04:22:33.387 +01:00] [INF] [91] Emby.Server.Implementations.ScheduledTasks.TaskManager: "Refresh Guide" Completed after 0 minute(s) and 3 seconds
[2026-04-22 04:22:33.523 +01:00] [WRN] [29] Emby.Server.Implementations.Library.LibraryManager: Failed to get person: "Salvador Paskowitz"
[2026-04-22 04:22:33.962 +01:00] [WRN] [29] Emby.Server.Implementations.Library.LibraryManager: Failed to get person: "Tom Rosenberg"
[2026-04-22 04:22:34.281 +01:00] [INF] [29] Emby.Server.Implementations.Library.LibraryManager: People validation complete
[2026-04-22 04:22:34.287 +01:00] [INF] [29] Emby.Server.Implementations.ScheduledTasks.TaskManager: "Refresh People" Completed after 0 minute(s) and 3 seconds
[2026-04-22 04:22:37.439 +01:00] [INF] [92] Emby.Server.Implementations.ScheduledTasks.TaskManager: "Media Segment Scan" Completed after 0 minute(s) and 7 seconds
[2026-04-22 04:24:17.082 +01:00] [INF] [94] Emby.Server.Implementations.Session.SessionWebSocketListener: Sending ForceKeepAlive message to 1 inactive WebSockets.
[2026-04-22 04:28:05.081 +01:00] [INF] [77] Emby.Server.Implementations.Session.SessionWebSocketListener: Sending ForceKeepAlive message to 1 inactive WebSockets.
[2026-04-22 04:31:53.082 +01:00] [INF] [17] Emby.Server.Implementations.Session.SessionWebSocketListener: Sending ForceKeepAlive message to 1 inactive WebSockets.
[2026-04-22 04:36:17.087 +01:00] [INF] [78] Emby.Server.Implementations.Session.SessionWebSocketListener: Sending ForceKeepAlive message to 1 inactive WebSockets.
[2026-04-22 04:40:05.083 +01:00] [INF] [90] Emby.Server.Implementations.Session.SessionWebSocketListener: Sending ForceKeepAlive message to 1 inactive WebSockets.
[2026-04-22 04:43:53.087 +01:00] [INF] [90] Emby.Server.Implementations.Session.SessionWebSocketListener: Sending ForceKeepAlive message to 1 inactive WebSockets.
[2026-04-22 04:48:17.081 +01:00] [INF] [88] Emby.Server.Implementations.Session.SessionWebSocketListener: Sending ForceKeepAlive message to 1 inactive WebSockets.
[2026-04-22 04:52:05.082 +01:00] [INF] [23] Emby.Server.Implementations.Session.SessionWebSocketListener: Sending ForceKeepAlive message to 1 inactive WebSockets.
[2026-04-22 04:55:53.081 +01:00] [INF] [42] Emby.Server.Implementations.Session.SessionWebSocketListener: Sending ForceKeepAlive message to 1 inactive WebSockets.
[2026-04-22 05:00:17.082 +01:00] [INF] [28] Emby.Server.Implementations.Session.SessionWebSocketListener: Sending ForceKeepAlive message to 1 inactive WebSockets.
[2026-04-22 05:04:05.081 +01:00] [INF] [52] Emby.Server.Implementations.Session.SessionWebSocketListener: Sending ForceKeepAlive message to 1 inactive WebSockets.
[2026-04-22 05:07:53.081 +01:00] [INF] [54] Emby.Server.Implementations.Session.SessionWebSocketListener: Sending ForceKeepAlive message to 1 inactive WebSockets.
[2026-04-22 05:12:17.086 +01:00] [INF] [49] Emby.Server.Implementations.Session.SessionWebSocketListener: Sending ForceKeepAlive message to 1 inactive WebSockets.
[2026-04-22 05:16:05.089 +01:00] [INF] [22] Emby.Server.Implementations.Session.SessionWebSocketListener: Sending ForceKeepAlive message to 1 inactive WebSockets.
[2026-04-22 05:19:53.082 +01:00] [INF] [71] Emby.Server.Implementations.Session.SessionWebSocketListener: Sending ForceKeepAlive message to 1 inactive WebSockets.
[2026-04-22 05:24:17.078 +01:00] [INF] [39] Emby.Server.Implementations.Session.SessionWebSocketListener: Sending ForceKeepAlive message to 1 inactive WebSockets.
[2026-04-22 05:28:05.083 +01:00] [INF] [31] Emby.Server.Implementations.Session.SessionWebSocketListener: Sending ForceKeepAlive message to 1 inactive WebSockets.
[2026-04-22 05:31:53.078 +01:00] [INF] [59] Emby.Server.Implementations.Session.SessionWebSocketListener: Sending ForceKeepAlive message to 1 inactive WebSockets.
[2026-04-22 05:32:52.888 +01:00] [INF] [82] Jellyfin.Api.Auth.CustomAuthenticationHandler: "CustomAuthentication" was not authenticated. Failure message: "Invalid token."
[2026-04-22 05:36:17.080 +01:00] [INF] [84] Emby.Server.Implementations.Session.SessionWebSocketListener: Sending ForceKeepAlive message to 1 inactive WebSockets.
[2026-04-22 05:40:05.083 +01:00] [INF] [79] Emby.Server.Implementations.Session.SessionWebSocketListener: Sending ForceKeepAlive message to 1 inactive WebSockets.
[2026-04-22 05:43:53.078 +01:00] [INF] [74] Emby.Server.Implementations.Session.SessionWebSocketListener: Sending ForceKeepAlive message to 1 inactive WebSockets.
[2026-04-22 05:48:17.078 +01:00] [INF] [99] Emby.Server.Implementations.Session.SessionWebSocketListener: Sending ForceKeepAlive message to 1 inactive WebSockets.
[2026-04-22 05:52:05.076 +01:00] [INF] [73] Emby.Server.Implementations.Session.SessionWebSocketListener: Sending ForceKeepAlive message to 1 inactive WebSockets.
[2026-04-22 05:55:53.083 +01:00] [INF] [25] Emby.Server.Implementations.Session.SessionWebSocketListener: Sending ForceKeepAlive message to 1 inactive WebSockets.
[2026-04-22 06:00:17.078 +01:00] [INF] [78] Emby.Server.Implementations.Session.SessionWebSocketListener: Sending ForceKeepAlive message to 1 inactive WebSockets.
[2026-04-22 06:04:05.072 +01:00] [INF] [60] Emby.Server.Implementations.Session.SessionWebSocketListener: Sending ForceKeepAlive message to 1 inactive WebSockets.
[2026-04-22 06:07:53.077 +01:00] [INF] [33] Emby.Server.Implementations.Session.SessionWebSocketListener: Sending ForceKeepAlive message to 1 inactive WebSockets.
[2026-04-22 06:12:17.080 +01:00] [INF] [88] Emby.Server.Implementations.Session.SessionWebSocketListener: Sending ForceKeepAlive message to 1 inactive WebSockets.
[2026-04-22 06:16:05.074 +01:00] [INF] [14] Emby.Server.Implementations.Session.SessionWebSocketListener: Sending ForceKeepAlive message to 1 inactive WebSockets.
[2026-04-22 06:19:53.068 +01:00] [INF] [42] Emby.Server.Implementations.Session.SessionWebSocketListener: Sending ForceKeepAlive message to 1 inactive WebSockets.
[2026-04-22 06:24:17.064 +01:00] [INF] [50] Emby.Server.Implementations.Session.SessionWebSocketListener: Sending ForceKeepAlive message to 1 inactive WebSockets.
[2026-04-22 06:28:05.064 +01:00] [INF] [64] Emby.Server.Implementations.Session.SessionWebSocketListener: Sending ForceKeepAlive message to 1 inactive WebSockets.
[2026-04-22 06:31:42.657 +01:00] [INF] [52] Emby.Server.Implementations.IO.LibraryMonitor: "audiobooks" ("/audiobooks") will be refreshed.
[2026-04-22 06:31:42.669 +01:00] [ERR] [52] MediaBrowser.Controller.Entities.BaseItem: Error refreshing owned items for "/audiobooks"
System.UnauthorizedAccessException: Access to the path '/audiobooks/._Mythology' is denied.
 ---> System.IO.IOException: Operation not permitted
   --- End of inner exception stack trace ---
   at System.IO.FileSystemInfo.Create(String fullPath, String fileName, Boolean asDirectory, FileStatus& fileStatus)
   at System.IO.Enumeration.FileSystemEnumerable`1.DelegateEnumerator.TransformEntry(FileSystemEntry& entry)
   at System.IO.Enumeration.FileSystemEnumerator`1.MoveNext()
   at System.Linq.Enumerable.IEnumerableSelectIterator`2.ToArray()
   at MediaBrowser.Controller.Providers.DirectoryService.GetFileSystemEntries(String path)
   at MediaBrowser.Controller.Entities.BaseItem.RefreshMetadata(MetadataRefreshOptions options, CancellationToken cancellationToken)
[2026-04-22 06:31:42.671 +01:00] [ERR] [52] MediaBrowser.Providers.Folders.FolderMetadataService: Error validating images for "/audiobooks"
System.UnauthorizedAccessException: Access to the path '/audiobooks/._Mythology' is denied.
 ---> System.IO.IOException: Operation not permitted
   --- End of inner exception stack trace ---
   at System.IO.FileSystemInfo.Create(String fullPath, String fileName, Boolean asDirectory, FileStatus& fileStatus)
   at System.IO.Enumeration.FileSystemEnumerable`1.DelegateEnumerator.TransformEntry(FileSystemEntry& entry)
   at System.IO.Enumeration.FileSystemEnumerator`1.MoveNext()
   at System.Linq.Enumerable.IEnumerableSelectIterator`2.ToArray()
   at MediaBrowser.LocalMetadata.Images.LocalImageProvider.GetFiles(BaseItem item, Boolean includeDirectories, IDirectoryService directoryService)
   at MediaBrowser.LocalMetadata.Images.LocalImageProvider.GetImages(BaseItem item, IDirectoryService directoryService)
   at System.Linq.Enumerable.SelectManySingleSelectorIterator`2.ToList()
   at MediaBrowser.Providers.Manager.ItemImageProvider.ValidateImages(BaseItem item, IEnumerable`1 providers, ImageRefreshOptions refreshOptions)
   at MediaBrowser.Providers.Manager.MetadataService`2.RefreshMetadata(BaseItem item, MetadataRefreshOptions refreshOptions, CancellationToken cancellationToken)
[2026-04-22 06:31:42.675 +01:00] [ERR] [52] MediaBrowser.Controller.Entities.BaseItem: Error retrieving children
System.UnauthorizedAccessException: Access to the path '/audiobooks/._Mythology' is denied.
 ---> System.IO.IOException: Operation not permitted
   --- End of inner exception stack trace ---
   at System.IO.FileSystemInfo.Create(String fullPath, String fileName, Boolean asDirectory, FileStatus& fileStatus)
   at System.IO.Enumeration.FileSystemEnumerable`1.DelegateEnumerator.TransformEntry(FileSystemEntry& entry)
   at System.IO.Enumeration.FileSystemEnumerator`1.MoveNext()
   at System.Linq.Enumerable.IEnumerableSelectIterator`2.ToArray()
   at MediaBrowser.Controller.Providers.DirectoryService.GetFileSystemEntries(String path)
   at MediaBrowser.Controller.Entities.Folder.GetNonCachedChildren(IDirectoryService directoryService)
   at MediaBrowser.Controller.Entities.Folder.ValidateChildrenInternal2(IProgress`1 progress, Boolean recursive, Boolean refreshChildMetadata, Boolean allowRemoveRoot, MetadataRefreshOptions refreshOptions, IDirectoryService directoryService, CancellationToken cancellationToken)
[2026-04-22 06:31:53.065 +01:00] [INF] [86] Emby.Server.Implementations.Session.SessionWebSocketListener: Sending ForceKeepAlive message to 1 inactive WebSockets.
[2026-04-22 06:34:51.456 +01:00] [INF] [28] Emby.Server.Implementations.IO.LibraryMonitor: "audiobooks" ("/audiobooks") will be refreshed.
[2026-04-22 06:34:51.463 +01:00] [ERR] [28] MediaBrowser.Controller.Entities.BaseItem: Error refreshing owned items for "/audiobooks"
System.UnauthorizedAccessException: Access to the path '/audiobooks/._Mythology' is denied.
 ---> System.IO.IOException: Operation not permitted
   --- End of inner exception stack trace ---
   at System.IO.FileSystemInfo.Create(String fullPath, String fileName, Boolean asDirectory, FileStatus& fileStatus)
   at System.IO.Enumeration.FileSystemEnumerable`1.DelegateEnumerator.TransformEntry(FileSystemEntry& entry)
   at System.IO.Enumeration.FileSystemEnumerator`1.MoveNext()
   at System.Linq.Enumerable.IEnumerableSelectIterator`2.ToArray()
   at MediaBrowser.Controller.Providers.DirectoryService.GetFileSystemEntries(String path)
   at MediaBrowser.Controller.Entities.BaseItem.RefreshMetadata(MetadataRefreshOptions options, CancellationToken cancellationToken)
[2026-04-22 06:34:51.466 +01:00] [ERR] [28] MediaBrowser.Providers.Folders.FolderMetadataService: Error validating images for "/audiobooks"
System.UnauthorizedAccessException: Access to the path '/audiobooks/._Mythology' is denied.
 ---> System.IO.IOException: Operation not permitted
   --- End of inner exception stack trace ---
   at System.IO.FileSystemInfo.Create(String fullPath, String fileName, Boolean asDirectory, FileStatus& fileStatus)
   at System.IO.Enumeration.FileSystemEnumerable`1.DelegateEnumerator.TransformEntry(FileSystemEntry& entry)
   at System.IO.Enumeration.FileSystemEnumerator`1.MoveNext()
   at System.Linq.Enumerable.IEnumerableSelectIterator`2.ToArray()
   at MediaBrowser.LocalMetadata.Images.LocalImageProvider.GetFiles(BaseItem item, Boolean includeDirectories, IDirectoryService directoryService)
   at MediaBrowser.LocalMetadata.Images.LocalImageProvider.GetImages(BaseItem item, IDirectoryService directoryService)
   at System.Linq.Enumerable.SelectManySingleSelectorIterator`2.ToList()
   at MediaBrowser.Providers.Manager.ItemImageProvider.ValidateImages(BaseItem item, IEnumerable`1 providers, ImageRefreshOptions refreshOptions)
   at MediaBrowser.Providers.Manager.MetadataService`2.RefreshMetadata(BaseItem item, MetadataRefreshOptions refreshOptions, CancellationToken cancellationToken)
[2026-04-22 06:34:51.469 +01:00] [ERR] [28] MediaBrowser.Controller.Entities.BaseItem: Error retrieving children
System.UnauthorizedAccessException: Access to the path '/audiobooks/._Mythology' is denied.
 ---> System.IO.IOException: Operation not permitted
   --- End of inner exception stack trace ---
   at System.IO.FileSystemInfo.Create(String fullPath, String fileName, Boolean asDirectory, FileStatus& fileStatus)
   at System.IO.Enumeration.FileSystemEnumerable`1.DelegateEnumerator.TransformEntry(FileSystemEntry& entry)
   at System.IO.Enumeration.FileSystemEnumerator`1.MoveNext()
   at System.Linq.Enumerable.IEnumerableSelectIterator`2.ToArray()
   at MediaBrowser.Controller.Providers.DirectoryService.GetFileSystemEntries(String path)
   at MediaBrowser.Controller.Entities.Folder.GetNonCachedChildren(IDirectoryService directoryService)
   at MediaBrowser.Controller.Entities.Folder.ValidateChildrenInternal2(IProgress`1 progress, Boolean recursive, Boolean refreshChildMetadata, Boolean allowRemoveRoot, MetadataRefreshOptions refreshOptions, IDirectoryService directoryService, CancellationToken cancellationToken)
[2026-04-22 06:36:17.063 +01:00] [INF] [64] Emby.Server.Implementations.Session.SessionWebSocketListener: Sending ForceKeepAlive message to 1 inactive WebSockets.
[2026-04-22 06:40:05.065 +01:00] [INF] [42] Emby.Server.Implementations.Session.SessionWebSocketListener: Sending ForceKeepAlive message to 1 inactive WebSockets.
[2026-04-22 06:43:53.067 +01:00] [INF] [26] Emby.Server.Implementations.Session.SessionWebSocketListener: Sending ForceKeepAlive message to 1 inactive WebSockets.
[2026-04-22 06:48:17.056 +01:00] [INF] [87] Emby.Server.Implementations.Session.SessionWebSocketListener: Sending ForceKeepAlive message to 1 inactive WebSockets.
[2026-04-22 06:52:05.059 +01:00] [INF] [34] Emby.Server.Implementations.Session.SessionWebSocketListener: Sending ForceKeepAlive message to 1 inactive WebSockets.
[2026-04-22 06:55:53.057 +01:00] [INF] [60] Emby.Server.Implementations.Session.SessionWebSocketListener: Sending ForceKeepAlive message to 1 inactive WebSockets.
[2026-04-22 07:00:17.060 +01:00] [INF] [78] Emby.Server.Implementations.Session.SessionWebSocketListener: Sending ForceKeepAlive message to 1 inactive WebSockets.
[2026-04-22 07:04:05.051 +01:00] [INF] [10] Emby.Server.Implementations.Session.SessionWebSocketListener: Sending ForceKeepAlive message to 1 inactive WebSockets.
[2026-04-22 07:07:53.059 +01:00] [INF] [79] Emby.Server.Implementations.Session.SessionWebSocketListener: Sending ForceKeepAlive message to 1 inactive WebSockets.
[2026-04-22 07:12:17.052 +01:00] [INF] [97] Emby.Server.Implementations.Session.SessionWebSocketListener: Sending ForceKeepAlive message to 1 inactive WebSockets.
[2026-04-22 07:16:05.059 +01:00] [INF] [100] Emby.Server.Implementations.Session.SessionWebSocketListener: Sending ForceKeepAlive message to 1 inactive WebSockets.
[2026-04-22 07:19:53.059 +01:00] [INF] [74] Emby.Server.Implementations.Session.SessionWebSocketListener: Sending ForceKeepAlive message to 1 inactive WebSockets.
[2026-04-22 07:24:17.057 +01:00] [INF] [25] Emby.Server.Implementations.Session.SessionWebSocketListener: Sending ForceKeepAlive message to 1 inactive WebSockets.
[2026-04-22 07:28:05.054 +01:00] [INF] [78] Emby.Server.Implementations.Session.SessionWebSocketListener: Sending ForceKeepAlive message to 1 inactive WebSockets.
[2026-04-22 07:31:53.059 +01:00] [INF] [81] Emby.Server.Implementations.Session.SessionWebSocketListener: Sending ForceKeepAlive message to 1 inactive WebSockets.
[2026-04-22 07:36:17.058 +01:00] [INF] [34] Emby.Server.Implementations.Session.SessionWebSocketListener: Sending ForceKeepAlive message to 1 inactive WebSockets.
[2026-04-22 07:40:05.052 +01:00] [INF] [40] Emby.Server.Implementations.Session.SessionWebSocketListener: Sending ForceKeepAlive message to 1 inactive WebSockets.
[2026-04-22 07:43:53.057 +01:00] [INF] [71] Emby.Server.Implementations.Session.SessionWebSocketListener: Sending ForceKeepAlive message to 1 inactive WebSockets.
[2026-04-22 07:48:17.053 +01:00] [INF] [27] Emby.Server.Implementations.Session.SessionWebSocketListener: Sending ForceKeepAlive message to 1 inactive WebSockets.
[2026-04-22 07:52:05.055 +01:00] [INF] [53] Emby.Server.Implementations.Session.SessionWebSocketListener: Sending ForceKeepAlive message to 1 inactive WebSockets.
[2026-04-22 07:55:53.057 +01:00] [INF] [57] Emby.Server.Implementations.Session.SessionWebSocketListener: Sending ForceKeepAlive message to 1 inactive WebSockets.
[2026-04-22 08:00:17.053 +01:00] [INF] [52] Emby.Server.Implementations.Session.SessionWebSocketListener: Sending ForceKeepAlive message to 1 inactive WebSockets.
[2026-04-22 08:04:05.056 +01:00] [INF] [53] Emby.Server.Implementations.Session.SessionWebSocketListener: Sending ForceKeepAlive message to 1 inactive WebSockets.
[2026-04-22 08:07:53.050 +01:00] [INF] [22] Emby.Server.Implementations.Session.SessionWebSocketListener: Sending ForceKeepAlive message to 1 inactive WebSockets.
[2026-04-22 08:12:17.046 +01:00] [INF] [71] Emby.Server.Implementations.Session.SessionWebSocketListener: Sending ForceKeepAlive message to 1 inactive WebSockets.
[2026-04-22 08:16:05.052 +01:00] [INF] [40] Emby.Server.Implementations.Session.SessionWebSocketListener: Sending ForceKeepAlive message to 1 inactive WebSockets.
[2026-04-22 08:19:53.052 +01:00] [INF] [37] Emby.Server.Implementations.Session.SessionWebSocketListener: Sending ForceKeepAlive message to 1 inactive WebSockets.
[2026-04-22 08:23:29.307 +01:00] [INF] [63] Emby.Server.Implementations.ScheduledTasks.Tasks.OptimizeDatabaseTask: Optimizing and vacuuming jellyfin.db...
[2026-04-22 08:23:32.382 +01:00] [INF] [63] Jellyfin.Database.Providers.Sqlite.SqliteDatabaseProvider: jellyfin.db optimized successfully!
[2026-04-22 08:23:32.382 +01:00] [INF] [63] Emby.Server.Implementations.ScheduledTasks.TaskManager: "Optimize database" Completed after 0 minute(s) and 3 seconds
[2026-04-22 08:24:17.054 +01:00] [INF] [62] Emby.Server.Implementations.Session.SessionWebSocketListener: Sending ForceKeepAlive message to 1 inactive WebSockets.
[2026-04-22 08:28:05.050 +01:00] [INF] [92] Emby.Server.Implementations.Session.SessionWebSocketListener: Sending ForceKeepAlive message to 1 inactive WebSockets.
[2026-04-22 08:31:53.050 +01:00] [INF] [33] Emby.Server.Implementations.Session.SessionWebSocketListener: Sending ForceKeepAlive message to 1 inactive WebSockets.
[2026-04-22 08:36:17.052 +01:00] [INF] [19] Emby.Server.Implementations.Session.SessionWebSocketListener: Sending ForceKeepAlive message to 1 inactive WebSockets.
[2026-04-22 08:40:05.044 +01:00] [INF] [16] Emby.Server.Implementations.Session.SessionWebSocketListener: Sending ForceKeepAlive message to 1 inactive WebSockets.
[2026-04-22 08:43:53.048 +01:00] [INF] [23] Emby.Server.Implementations.Session.SessionWebSocketListener: Sending ForceKeepAlive message to 1 inactive WebSockets.
[2026-04-22 08:48:17.050 +01:00] [INF] [50] Emby.Server.Implementations.Session.SessionWebSocketListener: Sending ForceKeepAlive message to 1 inactive WebSockets.
[2026-04-22 08:52:05.042 +01:00] [INF] [28] Emby.Server.Implementations.Session.SessionWebSocketListener: Sending ForceKeepAlive message to 1 inactive WebSockets.
[2026-04-22 08:53:21.595 +01:00] [INF] [103] Jellyfin.Api.Auth.CustomAuthenticationHandler: "CustomAuthentication" was not authenticated. Failure message: "Invalid token."
[2026-04-22 08:53:21.595 +01:00] [INF] [103] Jellyfin.Api.Auth.CustomAuthenticationHandler: "CustomAuthentication" was not authenticated. Failure message: "Invalid token."
[2026-04-22 08:53:21.596 +01:00] [INF] [103] Jellyfin.Api.Auth.CustomAuthenticationHandler: AuthenticationScheme: "CustomAuthentication" was challenged.
[2026-04-22 08:55:53.041 +01:00] [INF] [103] Emby.Server.Implementations.Session.SessionWebSocketListener: Sending ForceKeepAlive message to 1 inactive WebSockets.
[2026-04-22 09:00:17.045 +01:00] [INF] [83] Emby.Server.Implementations.Session.SessionWebSocketListener: Sending ForceKeepAlive message to 1 inactive WebSockets.
[2026-04-22 09:04:05.039 +01:00] [INF] [9] Emby.Server.Implementations.Session.SessionWebSocketListener: Sending ForceKeepAlive message to 1 inactive WebSockets.
[2026-04-22 09:07:53.045 +01:00] [INF] [56] Emby.Server.Implementations.Session.SessionWebSocketListener: Sending ForceKeepAlive message to 1 inactive WebSockets.
[2026-04-22 09:12:17.042 +01:00] [INF] [10] Emby.Server.Implementations.Session.SessionWebSocketListener: Sending ForceKeepAlive message to 1 inactive WebSockets.
[2026-04-22 09:16:05.044 +01:00] [INF] [82] Emby.Server.Implementations.Session.SessionWebSocketListener: Sending ForceKeepAlive message to 1 inactive WebSockets.
[2026-04-22 09:19:53.035 +01:00] [INF] [69] Emby.Server.Implementations.Session.SessionWebSocketListener: Sending ForceKeepAlive message to 1 inactive WebSockets.
[2026-04-22 09:24:17.044 +01:00] [INF] [53] Emby.Server.Implementations.Session.SessionWebSocketListener: Sending ForceKeepAlive message to 1 inactive WebSockets.
[2026-04-22 09:28:05.043 +01:00] [INF] [42] Emby.Server.Implementations.Session.SessionWebSocketListener: Sending ForceKeepAlive message to 1 inactive WebSockets.
[2026-04-22 09:31:53.039 +01:00] [INF] [14] Emby.Server.Implementations.Session.SessionWebSocketListener: Sending ForceKeepAlive message to 1 inactive WebSockets.
[2026-04-22 09:36:17.041 +01:00] [INF] [41] Emby.Server.Implementations.Session.SessionWebSocketListener: Sending ForceKeepAlive message to 1 inactive WebSockets.
[2026-04-22 09:40:05.038 +01:00] [INF] [34] Emby.Server.Implementations.Session.SessionWebSocketListener: Sending ForceKeepAlive message to 1 inactive WebSockets.
[2026-04-22 09:43:53.041 +01:00] [INF] [80] Emby.Server.Implementations.Session.SessionWebSocketListener: Sending ForceKeepAlive message to 1 inactive WebSockets.
[2026-04-22 09:48:17.035 +01:00] [INF] [74] Emby.Server.Implementations.Session.SessionWebSocketListener: Sending ForceKeepAlive message to 1 inactive WebSockets.
[2026-04-22 09:52:05.039 +01:00] [INF] [70] Emby.Server.Implementations.Session.SessionWebSocketListener: Sending ForceKeepAlive message to 1 inactive WebSockets.
[2026-04-22 09:55:53.037 +01:00] [INF] [95] Emby.Server.Implementations.Session.SessionWebSocketListener: Sending ForceKeepAlive message to 1 inactive WebSockets.
[2026-04-22 10:00:17.034 +01:00] [INF] [93] Emby.Server.Implementations.Session.SessionWebSocketListener: Sending ForceKeepAlive message to 1 inactive WebSockets.
[2026-04-22 10:04:05.034 +01:00] [INF] [38] Emby.Server.Implementations.Session.SessionWebSocketListener: Sending ForceKeepAlive message to 1 inactive WebSockets.
[2026-04-22 10:07:53.028 +01:00] [INF] [71] Emby.Server.Implementations.Session.SessionWebSocketListener: Sending ForceKeepAlive message to 1 inactive WebSockets.
[2026-04-22 10:12:17.030 +01:00] [INF] [42] Emby.Server.Implementations.Session.SessionWebSocketListener: Sending ForceKeepAlive message to 1 inactive WebSockets.
[2026-04-22 10:16:05.025 +01:00] [INF] [42] Emby.Server.Implementations.Session.SessionWebSocketListener: Sending ForceKeepAlive message to 1 inactive WebSockets.
[2026-04-22 10:19:53.033 +01:00] [INF] [52] Emby.Server.Implementations.Session.SessionWebSocketListener: Sending ForceKeepAlive message to 1 inactive WebSockets.
[2026-04-22 10:24:17.023 +01:00] [INF] [81] Emby.Server.Implementations.Session.SessionWebSocketListener: Sending ForceKeepAlive message to 1 inactive WebSockets.
[2026-04-22 10:28:05.030 +01:00] [INF] [30] Emby.Server.Implementations.Session.SessionWebSocketListener: Sending ForceKeepAlive message to 1 inactive WebSockets.
[2026-04-22 10:31:53.020 +01:00] [INF] [76] Emby.Server.Implementations.Session.SessionWebSocketListener: Sending ForceKeepAlive message to 1 inactive WebSockets.
[2026-04-22 10:36:17.023 +01:00] [INF] [77] Emby.Server.Implementations.Session.SessionWebSocketListener: Sending ForceKeepAlive message to 1 inactive WebSockets.
[2026-04-22 10:38:47.705 +01:00] [INF] [83] Jellyfin.Api.Auth.CustomAuthenticationHandler: "CustomAuthentication" was not authenticated. Failure message: "Invalid token."
[2026-04-22 10:40:05.020 +01:00] [INF] [78] Emby.Server.Implementations.Session.SessionWebSocketListener: Sending ForceKeepAlive message to 1 inactive WebSockets.
[2026-04-22 10:43:53.017 +01:00] [INF] [86] Emby.Server.Implementations.Session.SessionWebSocketListener: Sending ForceKeepAlive message to 1 inactive WebSockets.
[2026-04-22 10:48:17.025 +01:00] [INF] [21] Emby.Server.Implementations.Session.SessionWebSocketListener: Sending ForceKeepAlive message to 1 inactive WebSockets.
[2026-04-22 10:52:05.023 +01:00] [INF] [44] Emby.Server.Implementations.Session.SessionWebSocketListener: Sending ForceKeepAlive message to 1 inactive WebSockets.
[2026-04-22 10:55:53.015 +01:00] [INF] [27] Emby.Server.Implementations.Session.SessionWebSocketListener: Sending ForceKeepAlive message to 1 inactive WebSockets.
[2026-04-22 11:00:17.016 +01:00] [INF] [19] Emby.Server.Implementations.Session.SessionWebSocketListener: Sending ForceKeepAlive message to 1 inactive WebSockets.
[2026-04-22 11:04:05.021 +01:00] [INF] [37] Emby.Server.Implementations.Session.SessionWebSocketListener: Sending ForceKeepAlive message to 1 inactive WebSockets.
[2026-04-22 11:07:53.023 +01:00] [INF] [60] Emby.Server.Implementations.Session.SessionWebSocketListener: Sending ForceKeepAlive message to 1 inactive WebSockets.
[2026-04-22 11:12:17.021 +01:00] [INF] [95] Emby.Server.Implementations.Session.SessionWebSocketListener: Sending ForceKeepAlive message to 1 inactive WebSockets.
[2026-04-22 11:16:05.015 +01:00] [INF] [97] Emby.Server.Implementations.Session.SessionWebSocketListener: Sending ForceKeepAlive message to 1 inactive WebSockets.
[2026-04-22 11:19:53.021 +01:00] [INF] [95] Emby.Server.Implementations.Session.SessionWebSocketListener: Sending ForceKeepAlive message to 1 inactive WebSockets.
[2026-04-22 11:24:17.016 +01:00] [INF] [91] Emby.Server.Implementations.Session.SessionWebSocketListener: Sending ForceKeepAlive message to 1 inactive WebSockets.
[2026-04-22 11:28:05.010 +01:00] [INF] [38] Emby.Server.Implementations.Session.SessionWebSocketListener: Sending ForceKeepAlive message to 1 inactive WebSockets.
[2026-04-22 11:31:53.012 +01:00] [INF] [89] Emby.Server.Implementations.Session.SessionWebSocketListener: Sending ForceKeepAlive message to 1 inactive WebSockets.
[2026-04-22 11:36:17.017 +01:00] [INF] [22] Emby.Server.Implementations.Session.SessionWebSocketListener: Sending ForceKeepAlive message to 1 inactive WebSockets.
[2026-04-22 11:40:05.017 +01:00] [INF] [51] Emby.Server.Implementations.Session.SessionWebSocketListener: Sending ForceKeepAlive message to 1 inactive WebSockets.
[2026-04-22 11:43:53.015 +01:00] [INF] [64] Emby.Server.Implementations.Session.SessionWebSocketListener: Sending ForceKeepAlive message to 1 inactive WebSockets.
[2026-04-22 11:48:17.017 +01:00] [INF] [82] Emby.Server.Implementations.Session.SessionWebSocketListener: Sending ForceKeepAlive message to 1 inactive WebSockets.
[2026-04-22 11:52:05.009 +01:00] [INF] [10] Emby.Server.Implementations.Session.SessionWebSocketListener: Sending ForceKeepAlive message to 1 inactive WebSockets.
[2026-04-22 11:55:53.013 +01:00] [INF] [56] Emby.Server.Implementations.Session.SessionWebSocketListener: Sending ForceKeepAlive message to 1 inactive WebSockets.
[2026-04-22 12:00:17.009 +01:00] [INF] [9] Emby.Server.Implementations.Session.SessionWebSocketListener: Sending ForceKeepAlive message to 1 inactive WebSockets.
[2026-04-22 12:04:05.013 +01:00] [INF] [7] Emby.Server.Implementations.Session.SessionWebSocketListener: Sending ForceKeepAlive message to 1 inactive WebSockets.
[2026-04-22 12:07:53.002 +01:00] [INF] [82] Emby.Server.Implementations.Session.SessionWebSocketListener: Sending ForceKeepAlive message to 1 inactive WebSockets.
[2026-04-22 12:12:17.011 +01:00] [INF] [54] Emby.Server.Implementations.Session.SessionWebSocketListener: Sending ForceKeepAlive message to 1 inactive WebSockets.
[2026-04-22 12:16:05.008 +01:00] [INF] [44] Emby.Server.Implementations.Session.SessionWebSocketListener: Sending ForceKeepAlive message to 1 inactive WebSockets.
[2026-04-22 12:19:53.003 +01:00] [INF] [42] Emby.Server.Implementations.Session.SessionWebSocketListener: Sending ForceKeepAlive message to 1 inactive WebSockets.
[2026-04-22 12:24:17.004 +01:00] [INF] [16] Emby.Server.Implementations.Session.SessionWebSocketListener: Sending ForceKeepAlive message to 1 inactive WebSockets.
[2026-04-22 12:28:04.998 +01:00] [INF] [40] Emby.Server.Implementations.Session.SessionWebSocketListener: Sending ForceKeepAlive message to 1 inactive WebSockets.
[2026-04-22 12:31:53.001 +01:00] [INF] [90] Emby.Server.Implementations.Session.SessionWebSocketListener: Sending ForceKeepAlive message to 1 inactive WebSockets.
[2026-04-22 12:36:16.999 +01:00] [INF] [91] Emby.Server.Implementations.Session.SessionWebSocketListener: Sending ForceKeepAlive message to 1 inactive WebSockets.
[2026-04-22 12:40:05.000 +01:00] [INF] [100] Emby.Server.Implementations.Session.SessionWebSocketListener: Sending ForceKeepAlive message to 1 inactive WebSockets.
[2026-04-22 12:43:53.004 +01:00] [INF] [70] Emby.Server.Implementations.Session.SessionWebSocketListener: Sending ForceKeepAlive message to 1 inactive WebSockets.
[2026-04-22 12:48:17.003 +01:00] [INF] [80] Emby.Server.Implementations.Session.SessionWebSocketListener: Sending ForceKeepAlive message to 1 inactive WebSockets.
[2026-04-22 12:52:04.999 +01:00] [INF] [37] Emby.Server.Implementations.Session.SessionWebSocketListener: Sending ForceKeepAlive message to 1 inactive WebSockets.
[2026-04-22 12:55:53.002 +01:00] [INF] [88] Emby.Server.Implementations.Session.SessionWebSocketListener: Sending ForceKeepAlive message to 1 inactive WebSockets.
[2026-04-22 13:00:17.001 +01:00] [INF] [27] Emby.Server.Implementations.Session.SessionWebSocketListener: Sending ForceKeepAlive message to 1 inactive WebSockets.
[2026-04-22 13:04:05.000 +01:00] [INF] [49] Emby.Server.Implementations.Session.SessionWebSocketListener: Sending ForceKeepAlive message to 1 inactive WebSockets.
[2026-04-22 13:07:52.992 +01:00] [INF] [28] Emby.Server.Implementations.Session.SessionWebSocketListener: Sending ForceKeepAlive message to 1 inactive WebSockets.
[2026-04-22 13:12:16.988 +01:00] [INF] [57] Emby.Server.Implementations.Session.SessionWebSocketListener: Sending ForceKeepAlive message to 1 inactive WebSockets.
[2026-04-22 13:14:09.563 +01:00] [WRN] [78] Emby.Server.Implementations.HttpServer.WebSocketConnection: WS "192.168.65.1" error receiving data: "The remote party closed the WebSocket connection without completing the close handshake."
[2026-04-22 13:14:09.572 +01:00] [INF] [78] Emby.Server.Implementations.HttpServer.WebSocketManager: WS "::ffff:192.168.65.1" closed
[2026-04-22 14:36:06.591 +01:00] [INF] [148] Emby.Server.Implementations.HttpServer.WebSocketManager: WS "::ffff:192.168.65.1" request
[2026-04-22 14:36:07.761 +01:00] [INF] [151] Emby.Server.Implementations.HttpServer.WebSocketManager: WS "::ffff:192.168.65.1" closed
[2026-04-22 14:36:07.883 +01:00] [WRN] [156] Jellyfin.Networking.Manager.NetworkManager: "::ffff:192.168.65.1": Only loopback "::1" returned, using that as bind address.
[2026-04-22 14:36:07.978 +01:00] [WRN] [156] Jellyfin.Networking.Manager.NetworkManager: "::ffff:192.168.65.1": Only loopback "::1" returned, using that as bind address.
[2026-04-22 14:36:08.073 +01:00] [WRN] [156] Jellyfin.Networking.Manager.NetworkManager: "::ffff:192.168.65.1": Only loopback "::1" returned, using that as bind address.
[2026-04-22 14:36:08.076 +01:00] [WRN] [156] Jellyfin.Networking.Manager.NetworkManager: "::ffff:192.168.65.1": Only loopback "::1" returned, using that as bind address.
[2026-04-22 14:36:08.079 +01:00] [INF] [157] Emby.Server.Implementations.HttpServer.WebSocketManager: WS "::ffff:192.168.65.1" request
[2026-04-22 14:36:22.938 +01:00] [WRN] [158] Jellyfin.Networking.Manager.NetworkManager: "::ffff:192.168.65.1": Only loopback "::1" returned, using that as bind address.
[2026-04-22 14:36:23.761 +01:00] [INF] [153] Emby.Server.Implementations.IO.LibraryMonitor: Stopping directory watching for path "/media_local/movies"
[2026-04-22 14:36:23.767 +01:00] [INF] [153] Emby.Server.Implementations.IO.LibraryMonitor: Stopping directory watching for path "/media_local/shows"
[2026-04-22 14:36:23.767 +01:00] [INF] [153] Emby.Server.Implementations.IO.LibraryMonitor: Stopping directory watching for path "/movies"
[2026-04-22 14:36:23.769 +01:00] [INF] [153] Emby.Server.Implementations.IO.LibraryMonitor: Stopping directory watching for path "/audiobooks"
[2026-04-22 14:36:23.771 +01:00] [INF] [153] Emby.Server.Implementations.IO.LibraryMonitor: Stopping directory watching for path "/shows"
[2026-04-22 14:36:23.772 +01:00] [INF] [153] Emby.Server.Implementations.Library.LibraryManager: Validating media library
[2026-04-22 14:36:23.801 +01:00] [ERR] [153] Emby.Server.Implementations.Library.LibraryManager: Error in GetFilteredFileSystemEntries isPhysicalRoot: False IsVf: False
System.UnauthorizedAccessException: Access to the path '/audiobooks/._Mythology' is denied.
 ---> System.IO.IOException: Operation not permitted
   --- End of inner exception stack trace ---
   at System.IO.FileSystemInfo.Create(String fullPath, String fileName, Boolean asDirectory, FileStatus& fileStatus)
   at System.IO.Enumeration.FileSystemEnumerable`1.DelegateEnumerator.TransformEntry(FileSystemEntry& entry)
   at System.IO.Enumeration.FileSystemEnumerator`1.MoveNext()
   at System.Linq.Enumerable.IEnumerableSelectIterator`2.ToArray()
   at MediaBrowser.Controller.IO.FileData.GetFilteredFileSystemEntries(IDirectoryService directoryService, String path, IFileSystem fileSystem, IServerApplicationHost appHost, ILogger logger, ItemResolveArgs args, Int32 flattenFolderDepth, Boolean resolveShortcuts)
   at Emby.Server.Implementations.Library.LibraryManager.ResolvePath(FileSystemMetadata fileInfo, IDirectoryService directoryService, IItemResolver[] resolvers, Folder parent, Nullable`1 collectionType, LibraryOptions libraryOptions)
[2026-04-22 14:36:23.812 +01:00] [ERR] [153] Emby.Server.Implementations.Library.LibraryManager: Error in GetFilteredFileSystemEntries isPhysicalRoot: False IsVf: False
System.UnauthorizedAccessException: Access to the path '/shows/._Sherlock.Season.1-4.S01-S04.1080p.10bit.BluRay.5.1.x265.HEVC-MZABI' is denied.
 ---> System.IO.IOException: Operation not permitted
   --- End of inner exception stack trace ---
   at System.IO.FileSystemInfo.Create(String fullPath, String fileName, Boolean asDirectory, FileStatus& fileStatus)
   at System.IO.Enumeration.FileSystemEnumerable`1.DelegateEnumerator.TransformEntry(FileSystemEntry& entry)
   at System.IO.Enumeration.FileSystemEnumerator`1.MoveNext()
   at System.Linq.Enumerable.IEnumerableSelectIterator`2.ToArray()
   at MediaBrowser.Controller.IO.FileData.GetFilteredFileSystemEntries(IDirectoryService directoryService, String path, IFileSystem fileSystem, IServerApplicationHost appHost, ILogger logger, ItemResolveArgs args, Int32 flattenFolderDepth, Boolean resolveShortcuts)
   at Emby.Server.Implementations.Library.LibraryManager.ResolvePath(FileSystemMetadata fileInfo, IDirectoryService directoryService, IItemResolver[] resolvers, Folder parent, Nullable`1 collectionType, LibraryOptions libraryOptions)
[2026-04-22 14:36:23.845 +01:00] [ERR] [153] Emby.Server.Implementations.Library.LibraryManager: Error in GetFilteredFileSystemEntries isPhysicalRoot: False IsVf: False
System.UnauthorizedAccessException: Access to the path '/movies/._300 (2006) MULTi VFF 2160p 10bit 4KLight HDR BluRay AC3 5.1 x265-QTZ.mkv' is denied.
 ---> System.IO.IOException: Operation not permitted
   --- End of inner exception stack trace ---
   at System.IO.FileSystemInfo.Create(String fullPath, String fileName, Boolean asDirectory, FileStatus& fileStatus)
   at System.IO.Enumeration.FileSystemEnumerable`1.DelegateEnumerator.TransformEntry(FileSystemEntry& entry)
   at System.IO.Enumeration.FileSystemEnumerator`1.MoveNext()
   at System.Linq.Enumerable.IEnumerableSelectIterator`2.ToArray()
   at MediaBrowser.Controller.IO.FileData.GetFilteredFileSystemEntries(IDirectoryService directoryService, String path, IFileSystem fileSystem, IServerApplicationHost appHost, ILogger logger, ItemResolveArgs args, Int32 flattenFolderDepth, Boolean resolveShortcuts)
   at Emby.Server.Implementations.Library.LibraryManager.ResolvePath(FileSystemMetadata fileInfo, IDirectoryService directoryService, IItemResolver[] resolvers, Folder parent, Nullable`1 collectionType, LibraryOptions libraryOptions)
[2026-04-22 14:36:23.853 +01:00] [WRN] [153] MediaBrowser.Controller.Entities.BaseItem: Library folder "/config/data/data/playlists" is inaccessible or empty, skipping
[2026-04-22 14:36:23.855 +01:00] [ERR] [156] MediaBrowser.Controller.Entities.BaseItem: Error refreshing owned items for "/audiobooks"
System.UnauthorizedAccessException: Access to the path '/audiobooks/._Mythology' is denied.
 ---> System.IO.IOException: Operation not permitted
   --- End of inner exception stack trace ---
   at System.IO.FileSystemInfo.Create(String fullPath, String fileName, Boolean asDirectory, FileStatus& fileStatus)
   at System.IO.Enumeration.FileSystemEnumerable`1.DelegateEnumerator.TransformEntry(FileSystemEntry& entry)
   at System.IO.Enumeration.FileSystemEnumerator`1.MoveNext()
   at System.Linq.Enumerable.IEnumerableSelectIterator`2.ToArray()
   at MediaBrowser.Controller.Providers.DirectoryService.GetFileSystemEntries(String path)
   at MediaBrowser.Controller.Entities.BaseItem.RefreshMetadata(MetadataRefreshOptions options, CancellationToken cancellationToken)
[2026-04-22 14:36:23.855 +01:00] [ERR] [149] MediaBrowser.Controller.Entities.BaseItem: Error refreshing owned items for "/shows"
System.UnauthorizedAccessException: Access to the path '/shows/._Sherlock.Season.1-4.S01-S04.1080p.10bit.BluRay.5.1.x265.HEVC-MZABI' is denied.
 ---> System.IO.IOException: Operation not permitted
   --- End of inner exception stack trace ---
   at System.IO.FileSystemInfo.Create(String fullPath, String fileName, Boolean asDirectory, FileStatus& fileStatus)
   at System.IO.Enumeration.FileSystemEnumerable`1.DelegateEnumerator.TransformEntry(FileSystemEntry& entry)
   at System.IO.Enumeration.FileSystemEnumerator`1.MoveNext()
   at System.Linq.Enumerable.IEnumerableSelectIterator`2.ToArray()
   at MediaBrowser.Controller.Providers.DirectoryService.GetFileSystemEntries(String path)
   at MediaBrowser.Controller.Entities.BaseItem.RefreshMetadata(MetadataRefreshOptions options, CancellationToken cancellationToken)
[2026-04-22 14:36:23.855 +01:00] [ERR] [154] MediaBrowser.Controller.Entities.BaseItem: Error refreshing owned items for "/movies"
System.UnauthorizedAccessException: Access to the path '/movies/._300 (2006) MULTi VFF 2160p 10bit 4KLight HDR BluRay AC3 5.1 x265-QTZ.mkv' is denied.
 ---> System.IO.IOException: Operation not permitted
   --- End of inner exception stack trace ---
   at System.IO.FileSystemInfo.Create(String fullPath, String fileName, Boolean asDirectory, FileStatus& fileStatus)
   at System.IO.Enumeration.FileSystemEnumerable`1.DelegateEnumerator.TransformEntry(FileSystemEntry& entry)
   at System.IO.Enumeration.FileSystemEnumerator`1.MoveNext()
   at System.Linq.Enumerable.IEnumerableSelectIterator`2.ToArray()
   at MediaBrowser.Controller.Providers.DirectoryService.GetFileSystemEntries(String path)
   at MediaBrowser.Controller.Entities.BaseItem.RefreshMetadata(MetadataRefreshOptions options, CancellationToken cancellationToken)
[2026-04-22 14:36:23.857 +01:00] [ERR] [156] MediaBrowser.Providers.Folders.FolderMetadataService: Error validating images for "/audiobooks"
System.UnauthorizedAccessException: Access to the path '/audiobooks/._Mythology' is denied.
 ---> System.IO.IOException: Operation not permitted
   --- End of inner exception stack trace ---
   at System.IO.FileSystemInfo.Create(String fullPath, String fileName, Boolean asDirectory, FileStatus& fileStatus)
   at System.IO.Enumeration.FileSystemEnumerable`1.DelegateEnumerator.TransformEntry(FileSystemEntry& entry)
   at System.IO.Enumeration.FileSystemEnumerator`1.MoveNext()
   at System.Linq.Enumerable.IEnumerableSelectIterator`2.ToArray()
   at MediaBrowser.LocalMetadata.Images.LocalImageProvider.GetFiles(BaseItem item, Boolean includeDirectories, IDirectoryService directoryService)
   at MediaBrowser.LocalMetadata.Images.LocalImageProvider.GetImages(BaseItem item, IDirectoryService directoryService)
   at System.Linq.Enumerable.SelectManySingleSelectorIterator`2.ToList()
   at MediaBrowser.Providers.Manager.ItemImageProvider.ValidateImages(BaseItem item, IEnumerable`1 providers, ImageRefreshOptions refreshOptions)
   at MediaBrowser.Providers.Manager.MetadataService`2.RefreshMetadata(BaseItem item, MetadataRefreshOptions refreshOptions, CancellationToken cancellationToken)
[2026-04-22 14:36:23.857 +01:00] [ERR] [154] MediaBrowser.Providers.Folders.FolderMetadataService: Error validating images for "/movies"
System.UnauthorizedAccessException: Access to the path '/movies/._300 (2006) MULTi VFF 2160p 10bit 4KLight HDR BluRay AC3 5.1 x265-QTZ.mkv' is denied.
 ---> System.IO.IOException: Operation not permitted
   --- End of inner exception stack trace ---
   at System.IO.FileSystemInfo.Create(String fullPath, String fileName, Boolean asDirectory, FileStatus& fileStatus)
   at System.IO.Enumeration.FileSystemEnumerable`1.DelegateEnumerator.TransformEntry(FileSystemEntry& entry)
   at System.IO.Enumeration.FileSystemEnumerator`1.MoveNext()
   at System.Linq.Enumerable.IEnumerableSelectIterator`2.ToArray()
   at MediaBrowser.LocalMetadata.Images.LocalImageProvider.GetFiles(BaseItem item, Boolean includeDirectories, IDirectoryService directoryService)
   at MediaBrowser.LocalMetadata.Images.LocalImageProvider.GetImages(BaseItem item, IDirectoryService directoryService)
   at System.Linq.Enumerable.SelectManySingleSelectorIterator`2.ToList()
   at MediaBrowser.Providers.Manager.ItemImageProvider.ValidateImages(BaseItem item, IEnumerable`1 providers, ImageRefreshOptions refreshOptions)
   at MediaBrowser.Providers.Manager.MetadataService`2.RefreshMetadata(BaseItem item, MetadataRefreshOptions refreshOptions, CancellationToken cancellationToken)
[2026-04-22 14:36:23.857 +01:00] [ERR] [149] MediaBrowser.Providers.Folders.FolderMetadataService: Error validating images for "/shows"
System.UnauthorizedAccessException: Access to the path '/shows/._Sherlock.Season.1-4.S01-S04.1080p.10bit.BluRay.5.1.x265.HEVC-MZABI' is denied.
 ---> System.IO.IOException: Operation not permitted
   --- End of inner exception stack trace ---
   at System.IO.FileSystemInfo.Create(String fullPath, String fileName, Boolean asDirectory, FileStatus& fileStatus)
   at System.IO.Enumeration.FileSystemEnumerable`1.DelegateEnumerator.TransformEntry(FileSystemEntry& entry)
   at System.IO.Enumeration.FileSystemEnumerator`1.MoveNext()
   at System.Linq.Enumerable.IEnumerableSelectIterator`2.ToArray()
   at MediaBrowser.LocalMetadata.Images.LocalImageProvider.GetFiles(BaseItem item, Boolean includeDirectories, IDirectoryService directoryService)
   at MediaBrowser.LocalMetadata.Images.LocalImageProvider.GetImages(BaseItem item, IDirectoryService directoryService)
   at System.Linq.Enumerable.SelectManySingleSelectorIterator`2.ToList()
   at MediaBrowser.Providers.Manager.ItemImageProvider.ValidateImages(BaseItem item, IEnumerable`1 providers, ImageRefreshOptions refreshOptions)
   at MediaBrowser.Providers.Manager.MetadataService`2.RefreshMetadata(BaseItem item, MetadataRefreshOptions refreshOptions, CancellationToken cancellationToken)
[2026-04-22 14:36:23.874 +01:00] [ERR] [154] MediaBrowser.Providers.Folders.CollectionFolderMetadataService: Error validating images for "/config/data/root/default/Shows (external)"
System.UnauthorizedAccessException: Access to the path '/shows/._Sherlock.Season.1-4.S01-S04.1080p.10bit.BluRay.5.1.x265.HEVC-MZABI' is denied.
 ---> System.IO.IOException: Operation not permitted
   --- End of inner exception stack trace ---
   at System.IO.FileSystemInfo.Create(String fullPath, String fileName, Boolean asDirectory, FileStatus& fileStatus)
   at System.IO.Enumeration.FileSystemEnumerableFactory.<>c.<FileInfos>b__5_0(FileSystemEntry& entry)
   at System.IO.Enumeration.FileSystemEnumerable`1.DelegateEnumerator.TransformEntry(FileSystemEntry& entry)
   at System.IO.Enumeration.FileSystemEnumerator`1.MoveNext()
   at System.Linq.Enumerable.IEnumerableWhereIterator`1.MoveNext()
   at System.Linq.Enumerable.IEnumerableSelectIterator`2.MoveNext()
   at System.Collections.Generic.SegmentedArrayBuilder`1.AddRange(IEnumerable`1 source)
   at System.Linq.Enumerable.SelectManySingleSelectorIterator`2.ToArray()
   at System.Linq.Enumerable.OrderedIterator`1.ToList()
   at MediaBrowser.LocalMetadata.Images.LocalImageProvider.GetImages(BaseItem item, IEnumerable`1 paths, IDirectoryService directoryService)
   at MediaBrowser.LocalMetadata.Images.CollectionFolderLocalImageProvider.GetImages(BaseItem item, IDirectoryService directoryService)
   at System.Linq.Enumerable.SelectManySingleSelectorIterator`2.ToList()
   at MediaBrowser.Providers.Manager.ItemImageProvider.ValidateImages(BaseItem item, IEnumerable`1 providers, ImageRefreshOptions refreshOptions)
   at MediaBrowser.Providers.Manager.MetadataService`2.RefreshMetadata(BaseItem item, MetadataRefreshOptions refreshOptions, CancellationToken cancellationToken)
[2026-04-22 14:36:23.874 +01:00] [ERR] [151] MediaBrowser.Providers.Folders.CollectionFolderMetadataService: Error validating images for "/config/data/root/default/Movies (external)"
System.UnauthorizedAccessException: Access to the path '/movies/._300 (2006) MULTi VFF 2160p 10bit 4KLight HDR BluRay AC3 5.1 x265-QTZ.mkv' is denied.
 ---> System.IO.IOException: Operation not permitted
   --- End of inner exception stack trace ---
   at System.IO.FileSystemInfo.Create(String fullPath, String fileName, Boolean asDirectory, FileStatus& fileStatus)
   at System.IO.Enumeration.FileSystemEnumerableFactory.<>c.<FileInfos>b__5_0(FileSystemEntry& entry)
   at System.IO.Enumeration.FileSystemEnumerable`1.DelegateEnumerator.TransformEntry(FileSystemEntry& entry)
   at System.IO.Enumeration.FileSystemEnumerator`1.MoveNext()
   at System.Linq.Enumerable.IEnumerableWhereIterator`1.MoveNext()
   at System.Linq.Enumerable.IEnumerableSelectIterator`2.MoveNext()
   at System.Collections.Generic.SegmentedArrayBuilder`1.AddRange(IEnumerable`1 source)
   at System.Linq.Enumerable.SelectManySingleSelectorIterator`2.ToArray()
   at System.Linq.Enumerable.OrderedIterator`1.ToList()
   at MediaBrowser.LocalMetadata.Images.LocalImageProvider.GetImages(BaseItem item, IEnumerable`1 paths, IDirectoryService directoryService)
   at MediaBrowser.LocalMetadata.Images.CollectionFolderLocalImageProvider.GetImages(BaseItem item, IDirectoryService directoryService)
   at System.Linq.Enumerable.SelectManySingleSelectorIterator`2.ToList()
   at MediaBrowser.Providers.Manager.ItemImageProvider.ValidateImages(BaseItem item, IEnumerable`1 providers, ImageRefreshOptions refreshOptions)
   at MediaBrowser.Providers.Manager.MetadataService`2.RefreshMetadata(BaseItem item, MetadataRefreshOptions refreshOptions, CancellationToken cancellationToken)
[2026-04-22 14:36:23.874 +01:00] [ERR] [156] MediaBrowser.Providers.Folders.CollectionFolderMetadataService: Error validating images for "/config/data/root/default/Books (external)"
System.UnauthorizedAccessException: Access to the path '/audiobooks/._Mythology' is denied.
 ---> System.IO.IOException: Operation not permitted
   --- End of inner exception stack trace ---
   at System.IO.FileSystemInfo.Create(String fullPath, String fileName, Boolean asDirectory, FileStatus& fileStatus)
   at System.IO.Enumeration.FileSystemEnumerableFactory.<>c.<FileInfos>b__5_0(FileSystemEntry& entry)
   at System.IO.Enumeration.FileSystemEnumerable`1.DelegateEnumerator.TransformEntry(FileSystemEntry& entry)
   at System.IO.Enumeration.FileSystemEnumerator`1.MoveNext()
   at System.Linq.Enumerable.IEnumerableWhereIterator`1.MoveNext()
   at System.Linq.Enumerable.IEnumerableSelectIterator`2.MoveNext()
   at System.Collections.Generic.SegmentedArrayBuilder`1.AddRange(IEnumerable`1 source)
   at System.Linq.Enumerable.SelectManySingleSelectorIterator`2.ToArray()
   at System.Linq.Enumerable.OrderedIterator`1.ToList()
   at MediaBrowser.LocalMetadata.Images.LocalImageProvider.GetImages(BaseItem item, IEnumerable`1 paths, IDirectoryService directoryService)
   at MediaBrowser.LocalMetadata.Images.CollectionFolderLocalImageProvider.GetImages(BaseItem item, IDirectoryService directoryService)
   at System.Linq.Enumerable.SelectManySingleSelectorIterator`2.ToList()
   at MediaBrowser.Providers.Manager.ItemImageProvider.ValidateImages(BaseItem item, IEnumerable`1 providers, ImageRefreshOptions refreshOptions)
   at MediaBrowser.Providers.Manager.MetadataService`2.RefreshMetadata(BaseItem item, MetadataRefreshOptions refreshOptions, CancellationToken cancellationToken)
[2026-04-22 14:36:23.876 +01:00] [ERR] [154] MediaBrowser.Providers.Folders.CollectionFolderMetadataService: Error validating images for "/config/data/root/default/Books (external)"
System.UnauthorizedAccessException: Access to the path '/audiobooks/._Mythology' is denied.
 ---> System.IO.IOException: Operation not permitted
   --- End of inner exception stack trace ---
   at System.IO.FileSystemInfo.Create(String fullPath, String fileName, Boolean asDirectory, FileStatus& fileStatus)
   at System.IO.Enumeration.FileSystemEnumerableFactory.<>c.<FileInfos>b__5_0(FileSystemEntry& entry)
   at System.IO.Enumeration.FileSystemEnumerable`1.DelegateEnumerator.TransformEntry(FileSystemEntry& entry)
   at System.IO.Enumeration.FileSystemEnumerator`1.MoveNext()
   at System.Linq.Enumerable.IEnumerableWhereIterator`1.MoveNext()
   at System.Linq.Enumerable.IEnumerableSelectIterator`2.MoveNext()
   at System.Collections.Generic.SegmentedArrayBuilder`1.AddRange(IEnumerable`1 source)
   at System.Linq.Enumerable.SelectManySingleSelectorIterator`2.ToArray()
   at System.Linq.Enumerable.OrderedIterator`1.ToList()
   at MediaBrowser.LocalMetadata.Images.LocalImageProvider.GetImages(BaseItem item, IEnumerable`1 paths, IDirectoryService directoryService)
   at MediaBrowser.LocalMetadata.Images.CollectionFolderLocalImageProvider.GetImages(BaseItem item, IDirectoryService directoryService)
   at System.Linq.Enumerable.SelectManySingleSelectorIterator`2.ToList()
   at MediaBrowser.Providers.Manager.ItemImageProvider.ValidateImages(BaseItem item, IEnumerable`1 providers, ImageRefreshOptions refreshOptions)
   at MediaBrowser.Providers.Manager.MetadataService`2.RefreshMetadata(BaseItem item, MetadataRefreshOptions refreshOptions, CancellationToken cancellationToken)
[2026-04-22 14:36:23.880 +01:00] [ERR] [154] MediaBrowser.Providers.Folders.CollectionFolderMetadataService: Error validating images for "/config/data/root/default/Movies (external)"
System.UnauthorizedAccessException: Access to the path '/movies/._300 (2006) MULTi VFF 2160p 10bit 4KLight HDR BluRay AC3 5.1 x265-QTZ.mkv' is denied.
 ---> System.IO.IOException: Operation not permitted
   --- End of inner exception stack trace ---
   at System.IO.FileSystemInfo.Create(String fullPath, String fileName, Boolean asDirectory, FileStatus& fileStatus)
   at System.IO.Enumeration.FileSystemEnumerableFactory.<>c.<FileInfos>b__5_0(FileSystemEntry& entry)
   at System.IO.Enumeration.FileSystemEnumerable`1.DelegateEnumerator.TransformEntry(FileSystemEntry& entry)
   at System.IO.Enumeration.FileSystemEnumerator`1.MoveNext()
   at System.Linq.Enumerable.IEnumerableWhereIterator`1.MoveNext()
   at System.Linq.Enumerable.IEnumerableSelectIterator`2.MoveNext()
   at System.Collections.Generic.SegmentedArrayBuilder`1.AddRange(IEnumerable`1 source)
   at System.Linq.Enumerable.SelectManySingleSelectorIterator`2.ToArray()
   at System.Linq.Enumerable.OrderedIterator`1.ToList()
   at MediaBrowser.LocalMetadata.Images.LocalImageProvider.GetImages(BaseItem item, IEnumerable`1 paths, IDirectoryService directoryService)
   at MediaBrowser.LocalMetadata.Images.CollectionFolderLocalImageProvider.GetImages(BaseItem item, IDirectoryService directoryService)
   at System.Linq.Enumerable.SelectManySingleSelectorIterator`2.ToList()
   at MediaBrowser.Providers.Manager.ItemImageProvider.ValidateImages(BaseItem item, IEnumerable`1 providers, ImageRefreshOptions refreshOptions)
   at MediaBrowser.Providers.Manager.MetadataService`2.RefreshMetadata(BaseItem item, MetadataRefreshOptions refreshOptions, CancellationToken cancellationToken)
[2026-04-22 14:36:23.883 +01:00] [ERR] [154] MediaBrowser.Providers.Folders.CollectionFolderMetadataService: Error validating images for "/config/data/root/default/Shows (external)"
System.UnauthorizedAccessException: Access to the path '/shows/._Sherlock.Season.1-4.S01-S04.1080p.10bit.BluRay.5.1.x265.HEVC-MZABI' is denied.
 ---> System.IO.IOException: Operation not permitted
   --- End of inner exception stack trace ---
   at System.IO.FileSystemInfo.Create(String fullPath, String fileName, Boolean asDirectory, FileStatus& fileStatus)
   at System.IO.Enumeration.FileSystemEnumerableFactory.<>c.<FileInfos>b__5_0(FileSystemEntry& entry)
   at System.IO.Enumeration.FileSystemEnumerable`1.DelegateEnumerator.TransformEntry(FileSystemEntry& entry)
   at System.IO.Enumeration.FileSystemEnumerator`1.MoveNext()
   at System.Linq.Enumerable.IEnumerableWhereIterator`1.MoveNext()
   at System.Linq.Enumerable.IEnumerableSelectIterator`2.MoveNext()
   at System.Collections.Generic.SegmentedArrayBuilder`1.AddRange(IEnumerable`1 source)
   at System.Linq.Enumerable.SelectManySingleSelectorIterator`2.ToArray()
   at System.Linq.Enumerable.OrderedIterator`1.ToList()
   at MediaBrowser.LocalMetadata.Images.LocalImageProvider.GetImages(BaseItem item, IEnumerable`1 paths, IDirectoryService directoryService)
   at MediaBrowser.LocalMetadata.Images.CollectionFolderLocalImageProvider.GetImages(BaseItem item, IDirectoryService directoryService)
   at System.Linq.Enumerable.SelectManySingleSelectorIterator`2.ToList()
   at MediaBrowser.Providers.Manager.ItemImageProvider.ValidateImages(BaseItem item, IEnumerable`1 providers, ImageRefreshOptions refreshOptions)
   at MediaBrowser.Providers.Manager.MetadataService`2.RefreshMetadata(BaseItem item, MetadataRefreshOptions refreshOptions, CancellationToken cancellationToken)
[2026-04-22 14:36:23.892 +01:00] [ERR] [154] Emby.Server.Implementations.Library.LibraryManager: Error in GetFilteredFileSystemEntries isPhysicalRoot: False IsVf: False
System.UnauthorizedAccessException: Access to the path '/audiobooks/._Mythology' is denied.
 ---> System.IO.IOException: Operation not permitted
   --- End of inner exception stack trace ---
   at System.IO.FileSystemInfo.Create(String fullPath, String fileName, Boolean asDirectory, FileStatus& fileStatus)
   at System.IO.Enumeration.FileSystemEnumerable`1.DelegateEnumerator.TransformEntry(FileSystemEntry& entry)
   at System.IO.Enumeration.FileSystemEnumerator`1.MoveNext()
   at System.Linq.Enumerable.IEnumerableSelectIterator`2.ToArray()
   at MediaBrowser.Controller.IO.FileData.GetFilteredFileSystemEntries(IDirectoryService directoryService, String path, IFileSystem fileSystem, IServerApplicationHost appHost, ILogger logger, ItemResolveArgs args, Int32 flattenFolderDepth, Boolean resolveShortcuts)
   at Emby.Server.Implementations.Library.LibraryManager.ResolvePath(FileSystemMetadata fileInfo, IDirectoryService directoryService, IItemResolver[] resolvers, Folder parent, Nullable`1 collectionType, LibraryOptions libraryOptions)
[2026-04-22 14:36:23.895 +01:00] [ERR] [154] Emby.Server.Implementations.Library.LibraryManager: Error in GetFilteredFileSystemEntries isPhysicalRoot: False IsVf: False
System.UnauthorizedAccessException: Access to the path '/shows/._Sherlock.Season.1-4.S01-S04.1080p.10bit.BluRay.5.1.x265.HEVC-MZABI' is denied.
 ---> System.IO.IOException: Operation not permitted
   --- End of inner exception stack trace ---
   at System.IO.FileSystemInfo.Create(String fullPath, String fileName, Boolean asDirectory, FileStatus& fileStatus)
   at System.IO.Enumeration.FileSystemEnumerable`1.DelegateEnumerator.TransformEntry(FileSystemEntry& entry)
   at System.IO.Enumeration.FileSystemEnumerator`1.MoveNext()
   at System.Linq.Enumerable.IEnumerableSelectIterator`2.ToArray()
   at MediaBrowser.Controller.IO.FileData.GetFilteredFileSystemEntries(IDirectoryService directoryService, String path, IFileSystem fileSystem, IServerApplicationHost appHost, ILogger logger, ItemResolveArgs args, Int32 flattenFolderDepth, Boolean resolveShortcuts)
   at Emby.Server.Implementations.Library.LibraryManager.ResolvePath(FileSystemMetadata fileInfo, IDirectoryService directoryService, IItemResolver[] resolvers, Folder parent, Nullable`1 collectionType, LibraryOptions libraryOptions)
[2026-04-22 14:36:23.903 +01:00] [ERR] [154] Emby.Server.Implementations.Library.LibraryManager: Error in GetFilteredFileSystemEntries isPhysicalRoot: False IsVf: False
System.UnauthorizedAccessException: Access to the path '/movies/._300 (2006) MULTi VFF 2160p 10bit 4KLight HDR BluRay AC3 5.1 x265-QTZ.mkv' is denied.
 ---> System.IO.IOException: Operation not permitted
   --- End of inner exception stack trace ---
   at System.IO.FileSystemInfo.Create(String fullPath, String fileName, Boolean asDirectory, FileStatus& fileStatus)
   at System.IO.Enumeration.FileSystemEnumerable`1.DelegateEnumerator.TransformEntry(FileSystemEntry& entry)
   at System.IO.Enumeration.FileSystemEnumerator`1.MoveNext()
   at System.Linq.Enumerable.IEnumerableSelectIterator`2.ToArray()
   at MediaBrowser.Controller.IO.FileData.GetFilteredFileSystemEntries(IDirectoryService directoryService, String path, IFileSystem fileSystem, IServerApplicationHost appHost, ILogger logger, ItemResolveArgs args, Int32 flattenFolderDepth, Boolean resolveShortcuts)
   at Emby.Server.Implementations.Library.LibraryManager.ResolvePath(FileSystemMetadata fileInfo, IDirectoryService directoryService, IItemResolver[] resolvers, Folder parent, Nullable`1 collectionType, LibraryOptions libraryOptions)
[2026-04-22 14:36:23.908 +01:00] [WRN] [154] MediaBrowser.Controller.Entities.BaseItem: Library folder "/config/data/data/playlists" is inaccessible or empty, skipping
[2026-04-22 14:36:23.911 +01:00] [ERR] [151] MediaBrowser.Controller.Entities.BaseItem: Error retrieving children
System.UnauthorizedAccessException: Access to the path '/audiobooks/._Mythology' is denied.
 ---> System.IO.IOException: Operation not permitted
   --- End of inner exception stack trace ---
   at System.IO.FileSystemInfo.Create(String fullPath, String fileName, Boolean asDirectory, FileStatus& fileStatus)
   at System.IO.Enumeration.FileSystemEnumerable`1.DelegateEnumerator.TransformEntry(FileSystemEntry& entry)
   at System.IO.Enumeration.FileSystemEnumerator`1.MoveNext()
   at System.Linq.Enumerable.IEnumerableSelectIterator`2.ToArray()
   at MediaBrowser.Controller.Providers.DirectoryService.GetFileSystemEntries(String path)
   at MediaBrowser.Controller.Entities.Folder.GetNonCachedChildren(IDirectoryService directoryService)
   at MediaBrowser.Controller.Entities.Folder.ValidateChildrenInternal2(IProgress`1 progress, Boolean recursive, Boolean refreshChildMetadata, Boolean allowRemoveRoot, MetadataRefreshOptions refreshOptions, IDirectoryService directoryService, CancellationToken cancellationToken)
[2026-04-22 14:36:23.911 +01:00] [ERR] [156] MediaBrowser.Controller.Entities.BaseItem: Error retrieving children
System.UnauthorizedAccessException: Access to the path '/shows/._Sherlock.Season.1-4.S01-S04.1080p.10bit.BluRay.5.1.x265.HEVC-MZABI' is denied.
 ---> System.IO.IOException: Operation not permitted
   --- End of inner exception stack trace ---
   at System.IO.FileSystemInfo.Create(String fullPath, String fileName, Boolean asDirectory, FileStatus& fileStatus)
   at System.IO.Enumeration.FileSystemEnumerable`1.DelegateEnumerator.TransformEntry(FileSystemEntry& entry)
   at System.IO.Enumeration.FileSystemEnumerator`1.MoveNext()
   at System.Linq.Enumerable.IEnumerableSelectIterator`2.ToArray()
   at MediaBrowser.Controller.Providers.DirectoryService.GetFileSystemEntries(String path)
   at MediaBrowser.Controller.Entities.Folder.GetNonCachedChildren(IDirectoryService directoryService)
   at MediaBrowser.Controller.Entities.Folder.ValidateChildrenInternal2(IProgress`1 progress, Boolean recursive, Boolean refreshChildMetadata, Boolean allowRemoveRoot, MetadataRefreshOptions refreshOptions, IDirectoryService directoryService, CancellationToken cancellationToken)
[2026-04-22 14:36:23.912 +01:00] [ERR] [149] MediaBrowser.Controller.Entities.BaseItem: Error retrieving children
System.UnauthorizedAccessException: Access to the path '/movies/._300 (2006) MULTi VFF 2160p 10bit 4KLight HDR BluRay AC3 5.1 x265-QTZ.mkv' is denied.
 ---> System.IO.IOException: Operation not permitted
   --- End of inner exception stack trace ---
   at System.IO.FileSystemInfo.Create(String fullPath, String fileName, Boolean asDirectory, FileStatus& fileStatus)
   at System.IO.Enumeration.FileSystemEnumerable`1.DelegateEnumerator.TransformEntry(FileSystemEntry& entry)
   at System.IO.Enumeration.FileSystemEnumerator`1.MoveNext()
   at System.Linq.Enumerable.IEnumerableSelectIterator`2.ToArray()
   at MediaBrowser.Controller.Providers.DirectoryService.GetFileSystemEntries(String path)
   at MediaBrowser.Controller.Entities.Folder.GetNonCachedChildren(IDirectoryService directoryService)
   at MediaBrowser.Controller.Entities.Folder.ValidateChildrenInternal2(IProgress`1 progress, Boolean recursive, Boolean refreshChildMetadata, Boolean allowRemoveRoot, MetadataRefreshOptions refreshOptions, IDirectoryService directoryService, CancellationToken cancellationToken)
[2026-04-22 14:36:23.980 +01:00] [ERR] [157] MediaBrowser.Controller.Entities.BaseItem: Error refreshing owned items for "/audiobooks"
System.UnauthorizedAccessException: Access to the path '/audiobooks/._Mythology' is denied.
 ---> System.IO.IOException: Operation not permitted
   --- End of inner exception stack trace ---
   at System.IO.FileSystemInfo.Create(String fullPath, String fileName, Boolean asDirectory, FileStatus& fileStatus)
   at System.IO.Enumeration.FileSystemEnumerable`1.DelegateEnumerator.TransformEntry(FileSystemEntry& entry)
   at System.IO.Enumeration.FileSystemEnumerator`1.MoveNext()
   at System.Linq.Enumerable.IEnumerableSelectIterator`2.ToArray()
   at MediaBrowser.Controller.Providers.DirectoryService.GetFileSystemEntries(String path)
   at MediaBrowser.Controller.Entities.BaseItem.RefreshMetadata(MetadataRefreshOptions options, CancellationToken cancellationToken)
[2026-04-22 14:36:23.980 +01:00] [ERR] [149] MediaBrowser.Controller.Entities.BaseItem: Error refreshing owned items for "/shows"
System.UnauthorizedAccessException: Access to the path '/shows/._Sherlock.Season.1-4.S01-S04.1080p.10bit.BluRay.5.1.x265.HEVC-MZABI' is denied.
 ---> System.IO.IOException: Operation not permitted
   --- End of inner exception stack trace ---
   at System.IO.FileSystemInfo.Create(String fullPath, String fileName, Boolean asDirectory, FileStatus& fileStatus)
   at System.IO.Enumeration.FileSystemEnumerable`1.DelegateEnumerator.TransformEntry(FileSystemEntry& entry)
   at System.IO.Enumeration.FileSystemEnumerator`1.MoveNext()
   at System.Linq.Enumerable.IEnumerableSelectIterator`2.ToArray()
   at MediaBrowser.Controller.Providers.DirectoryService.GetFileSystemEntries(String path)
   at MediaBrowser.Controller.Entities.BaseItem.RefreshMetadata(MetadataRefreshOptions options, CancellationToken cancellationToken)
[2026-04-22 14:36:23.980 +01:00] [ERR] [151] MediaBrowser.Controller.Entities.BaseItem: Error refreshing owned items for "/movies"
System.UnauthorizedAccessException: Access to the path '/movies/._300 (2006) MULTi VFF 2160p 10bit 4KLight HDR BluRay AC3 5.1 x265-QTZ.mkv' is denied.
 ---> System.IO.IOException: Operation not permitted
   --- End of inner exception stack trace ---
   at System.IO.FileSystemInfo.Create(String fullPath, String fileName, Boolean asDirectory, FileStatus& fileStatus)
   at System.IO.Enumeration.FileSystemEnumerable`1.DelegateEnumerator.TransformEntry(FileSystemEntry& entry)
   at System.IO.Enumeration.FileSystemEnumerator`1.MoveNext()
   at System.Linq.Enumerable.IEnumerableSelectIterator`2.ToArray()
   at MediaBrowser.Controller.Providers.DirectoryService.GetFileSystemEntries(String path)
   at MediaBrowser.Controller.Entities.BaseItem.RefreshMetadata(MetadataRefreshOptions options, CancellationToken cancellationToken)
[2026-04-22 14:36:23.983 +01:00] [ERR] [149] MediaBrowser.Providers.Folders.FolderMetadataService: Error validating images for "/shows"
System.UnauthorizedAccessException: Access to the path '/shows/._Sherlock.Season.1-4.S01-S04.1080p.10bit.BluRay.5.1.x265.HEVC-MZABI' is denied.
 ---> System.IO.IOException: Operation not permitted
   --- End of inner exception stack trace ---
   at System.IO.FileSystemInfo.Create(String fullPath, String fileName, Boolean asDirectory, FileStatus& fileStatus)
   at System.IO.Enumeration.FileSystemEnumerable`1.DelegateEnumerator.TransformEntry(FileSystemEntry& entry)
   at System.IO.Enumeration.FileSystemEnumerator`1.MoveNext()
   at System.Linq.Enumerable.IEnumerableSelectIterator`2.ToArray()
   at MediaBrowser.LocalMetadata.Images.LocalImageProvider.GetFiles(BaseItem item, Boolean includeDirectories, IDirectoryService directoryService)
   at MediaBrowser.LocalMetadata.Images.LocalImageProvider.GetImages(BaseItem item, IDirectoryService directoryService)
   at System.Linq.Enumerable.SelectManySingleSelectorIterator`2.ToList()
   at MediaBrowser.Providers.Manager.ItemImageProvider.ValidateImages(BaseItem item, IEnumerable`1 providers, ImageRefreshOptions refreshOptions)
   at MediaBrowser.Providers.Manager.MetadataService`2.RefreshMetadata(BaseItem item, MetadataRefreshOptions refreshOptions, CancellationToken cancellationToken)
[2026-04-22 14:36:23.983 +01:00] [ERR] [157] MediaBrowser.Providers.Folders.FolderMetadataService: Error validating images for "/audiobooks"
System.UnauthorizedAccessException: Access to the path '/audiobooks/._Mythology' is denied.
 ---> System.IO.IOException: Operation not permitted
   --- End of inner exception stack trace ---
   at System.IO.FileSystemInfo.Create(String fullPath, String fileName, Boolean asDirectory, FileStatus& fileStatus)
   at System.IO.Enumeration.FileSystemEnumerable`1.DelegateEnumerator.TransformEntry(FileSystemEntry& entry)
   at System.IO.Enumeration.FileSystemEnumerator`1.MoveNext()
   at System.Linq.Enumerable.IEnumerableSelectIterator`2.ToArray()
   at MediaBrowser.LocalMetadata.Images.LocalImageProvider.GetFiles(BaseItem item, Boolean includeDirectories, IDirectoryService directoryService)
   at MediaBrowser.LocalMetadata.Images.LocalImageProvider.GetImages(BaseItem item, IDirectoryService directoryService)
   at System.Linq.Enumerable.SelectManySingleSelectorIterator`2.ToList()
   at MediaBrowser.Providers.Manager.ItemImageProvider.ValidateImages(BaseItem item, IEnumerable`1 providers, ImageRefreshOptions refreshOptions)
   at MediaBrowser.Providers.Manager.MetadataService`2.RefreshMetadata(BaseItem item, MetadataRefreshOptions refreshOptions, CancellationToken cancellationToken)
[2026-04-22 14:36:23.983 +01:00] [ERR] [151] MediaBrowser.Providers.Folders.FolderMetadataService: Error validating images for "/movies"
System.UnauthorizedAccessException: Access to the path '/movies/._300 (2006) MULTi VFF 2160p 10bit 4KLight HDR BluRay AC3 5.1 x265-QTZ.mkv' is denied.
 ---> System.IO.IOException: Operation not permitted
   --- End of inner exception stack trace ---
   at System.IO.FileSystemInfo.Create(String fullPath, String fileName, Boolean asDirectory, FileStatus& fileStatus)
   at System.IO.Enumeration.FileSystemEnumerable`1.DelegateEnumerator.TransformEntry(FileSystemEntry& entry)
   at System.IO.Enumeration.FileSystemEnumerator`1.MoveNext()
   at System.Linq.Enumerable.IEnumerableSelectIterator`2.ToArray()
   at MediaBrowser.LocalMetadata.Images.LocalImageProvider.GetFiles(BaseItem item, Boolean includeDirectories, IDirectoryService directoryService)
   at MediaBrowser.LocalMetadata.Images.LocalImageProvider.GetImages(BaseItem item, IDirectoryService directoryService)
   at System.Linq.Enumerable.SelectManySingleSelectorIterator`2.ToList()
   at MediaBrowser.Providers.Manager.ItemImageProvider.ValidateImages(BaseItem item, IEnumerable`1 providers, ImageRefreshOptions refreshOptions)
   at MediaBrowser.Providers.Manager.MetadataService`2.RefreshMetadata(BaseItem item, MetadataRefreshOptions refreshOptions, CancellationToken cancellationToken)
[2026-04-22 14:36:24.464 +01:00] [ERR] [151] MediaBrowser.Controller.Entities.BaseItem: Error refreshing owned items for "/movies/Burning.2018.KOREAN.1080p.BRRip.x264.MkvCage.ws.mkv"
System.UnauthorizedAccessException: Access to the path '/movies/._300 (2006) MULTi VFF 2160p 10bit 4KLight HDR BluRay AC3 5.1 x265-QTZ.mkv' is denied.
 ---> System.IO.IOException: Operation not permitted
   --- End of inner exception stack trace ---
   at System.IO.FileSystemInfo.Create(String fullPath, String fileName, Boolean asDirectory, FileStatus& fileStatus)
   at System.IO.Enumeration.FileSystemEnumerable`1.DelegateEnumerator.TransformEntry(FileSystemEntry& entry)
   at System.IO.Enumeration.FileSystemEnumerator`1.MoveNext()
   at System.Linq.Enumerable.IEnumerableSelectIterator`2.ToArray()
   at MediaBrowser.Controller.Providers.DirectoryService.GetFileSystemEntries(String path)
   at MediaBrowser.Controller.Entities.BaseItem.RefreshMetadata(MetadataRefreshOptions options, CancellationToken cancellationToken)
[2026-04-22 14:36:24.465 +01:00] [ERR] [151] MediaBrowser.Providers.Movies.MovieMetadataService: Error validating images for "/movies/Burning.2018.KOREAN.1080p.BRRip.x264.MkvCage.ws.mkv"
System.UnauthorizedAccessException: Access to the path '/movies/._300 (2006) MULTi VFF 2160p 10bit 4KLight HDR BluRay AC3 5.1 x265-QTZ.mkv' is denied.
 ---> System.IO.IOException: Operation not permitted
   --- End of inner exception stack trace ---
   at System.IO.FileSystemInfo.Create(String fullPath, String fileName, Boolean asDirectory, FileStatus& fileStatus)
   at System.IO.Enumeration.FileSystemEnumerable`1.DelegateEnumerator.TransformEntry(FileSystemEntry& entry)
   at System.IO.Enumeration.FileSystemEnumerator`1.MoveNext()
   at System.Linq.Enumerable.IEnumerableSelectIterator`2.ToArray()
   at MediaBrowser.LocalMetadata.Images.LocalImageProvider.GetFiles(BaseItem item, Boolean includeDirectories, IDirectoryService directoryService)
   at MediaBrowser.LocalMetadata.Images.LocalImageProvider.GetImages(BaseItem item, IDirectoryService directoryService)
   at System.Linq.Enumerable.SelectManySingleSelectorIterator`2.ToList()
   at MediaBrowser.Providers.Manager.ItemImageProvider.ValidateImages(BaseItem item, IEnumerable`1 providers, ImageRefreshOptions refreshOptions)
   at MediaBrowser.Providers.Manager.MetadataService`2.RefreshMetadata(BaseItem item, MetadataRefreshOptions refreshOptions, CancellationToken cancellationToken)
[2026-04-22 14:36:24.526 +01:00] [ERR] [151] MediaBrowser.Controller.Entities.BaseItem: Error refreshing owned items for "/movies/comrades.almost.a.love.story.1996.720p.bluray.hevc.x265.rmteam.mkv"
System.UnauthorizedAccessException: Access to the path '/movies/._300 (2006) MULTi VFF 2160p 10bit 4KLight HDR BluRay AC3 5.1 x265-QTZ.mkv' is denied.
 ---> System.IO.IOException: Operation not permitted
   --- End of inner exception stack trace ---
   at System.IO.FileSystemInfo.Create(String fullPath, String fileName, Boolean asDirectory, FileStatus& fileStatus)
   at System.IO.Enumeration.FileSystemEnumerable`1.DelegateEnumerator.TransformEntry(FileSystemEntry& entry)
   at System.IO.Enumeration.FileSystemEnumerator`1.MoveNext()
   at System.Linq.Enumerable.IEnumerableSelectIterator`2.ToArray()
   at MediaBrowser.Controller.Providers.DirectoryService.GetFileSystemEntries(String path)
   at MediaBrowser.Controller.Entities.BaseItem.RefreshMetadata(MetadataRefreshOptions options, CancellationToken cancellationToken)
[2026-04-22 14:36:24.528 +01:00] [ERR] [151] MediaBrowser.Providers.Movies.MovieMetadataService: Error validating images for "/movies/comrades.almost.a.love.story.1996.720p.bluray.hevc.x265.rmteam.mkv"
System.UnauthorizedAccessException: Access to the path '/movies/._300 (2006) MULTi VFF 2160p 10bit 4KLight HDR BluRay AC3 5.1 x265-QTZ.mkv' is denied.
 ---> System.IO.IOException: Operation not permitted
   --- End of inner exception stack trace ---
   at System.IO.FileSystemInfo.Create(String fullPath, String fileName, Boolean asDirectory, FileStatus& fileStatus)
   at System.IO.Enumeration.FileSystemEnumerable`1.DelegateEnumerator.TransformEntry(FileSystemEntry& entry)
   at System.IO.Enumeration.FileSystemEnumerator`1.MoveNext()
   at System.Linq.Enumerable.IEnumerableSelectIterator`2.ToArray()
   at MediaBrowser.LocalMetadata.Images.LocalImageProvider.GetFiles(BaseItem item, Boolean includeDirectories, IDirectoryService directoryService)
   at MediaBrowser.LocalMetadata.Images.LocalImageProvider.GetImages(BaseItem item, IDirectoryService directoryService)
   at System.Linq.Enumerable.SelectManySingleSelectorIterator`2.ToList()
   at MediaBrowser.Providers.Manager.ItemImageProvider.ValidateImages(BaseItem item, IEnumerable`1 providers, ImageRefreshOptions refreshOptions)
   at MediaBrowser.Providers.Manager.MetadataService`2.RefreshMetadata(BaseItem item, MetadataRefreshOptions refreshOptions, CancellationToken cancellationToken)
[2026-04-22 14:36:24.557 +01:00] [ERR] [151] MediaBrowser.Controller.Entities.BaseItem: Error refreshing owned items for "/movies/Decision To Leave 2022 1080p Korean WEB-DL HEVC x265 5.1 BONE.mkv"
System.UnauthorizedAccessException: Access to the path '/movies/._300 (2006) MULTi VFF 2160p 10bit 4KLight HDR BluRay AC3 5.1 x265-QTZ.mkv' is denied.
 ---> System.IO.IOException: Operation not permitted
   --- End of inner exception stack trace ---
   at System.IO.FileSystemInfo.Create(String fullPath, String fileName, Boolean asDirectory, FileStatus& fileStatus)
   at System.IO.Enumeration.FileSystemEnumerable`1.DelegateEnumerator.TransformEntry(FileSystemEntry& entry)
   at System.IO.Enumeration.FileSystemEnumerator`1.MoveNext()
   at System.Linq.Enumerable.IEnumerableSelectIterator`2.ToArray()
   at MediaBrowser.Controller.Providers.DirectoryService.GetFileSystemEntries(String path)
   at MediaBrowser.Controller.Entities.BaseItem.RefreshMetadata(MetadataRefreshOptions options, CancellationToken cancellationToken)
[2026-04-22 14:36:24.558 +01:00] [ERR] [151] MediaBrowser.Providers.Movies.MovieMetadataService: Error validating images for "/movies/Decision To Leave 2022 1080p Korean WEB-DL HEVC x265 5.1 BONE.mkv"
System.UnauthorizedAccessException: Access to the path '/movies/._300 (2006) MULTi VFF 2160p 10bit 4KLight HDR BluRay AC3 5.1 x265-QTZ.mkv' is denied.
 ---> System.IO.IOException: Operation not permitted
   --- End of inner exception stack trace ---
   at System.IO.FileSystemInfo.Create(String fullPath, String fileName, Boolean asDirectory, FileStatus& fileStatus)
   at System.IO.Enumeration.FileSystemEnumerable`1.DelegateEnumerator.TransformEntry(FileSystemEntry& entry)
   at System.IO.Enumeration.FileSystemEnumerator`1.MoveNext()
   at System.Linq.Enumerable.IEnumerableSelectIterator`2.ToArray()
   at MediaBrowser.LocalMetadata.Images.LocalImageProvider.GetFiles(BaseItem item, Boolean includeDirectories, IDirectoryService directoryService)
   at MediaBrowser.LocalMetadata.Images.LocalImageProvider.GetImages(BaseItem item, IDirectoryService directoryService)
   at System.Linq.Enumerable.SelectManySingleSelectorIterator`2.ToList()
   at MediaBrowser.Providers.Manager.ItemImageProvider.ValidateImages(BaseItem item, IEnumerable`1 providers, ImageRefreshOptions refreshOptions)
   at MediaBrowser.Providers.Manager.MetadataService`2.RefreshMetadata(BaseItem item, MetadataRefreshOptions refreshOptions, CancellationToken cancellationToken)
[2026-04-22 14:36:24.687 +01:00] [ERR] [151] MediaBrowser.Controller.Entities.BaseItem: Error refreshing owned items for "/movies/Gladiator.2000.Bluray.2160p.AV1.HDR10.OPUS.7.1-UH.mkv"
System.UnauthorizedAccessException: Access to the path '/movies/._300 (2006) MULTi VFF 2160p 10bit 4KLight HDR BluRay AC3 5.1 x265-QTZ.mkv' is denied.
 ---> System.IO.IOException: Operation not permitted
   --- End of inner exception stack trace ---
   at System.IO.FileSystemInfo.Create(String fullPath, String fileName, Boolean asDirectory, FileStatus& fileStatus)
   at System.IO.Enumeration.FileSystemEnumerable`1.DelegateEnumerator.TransformEntry(FileSystemEntry& entry)
   at System.IO.Enumeration.FileSystemEnumerator`1.MoveNext()
   at System.Linq.Enumerable.IEnumerableSelectIterator`2.ToArray()
   at MediaBrowser.Controller.Providers.DirectoryService.GetFileSystemEntries(String path)
   at MediaBrowser.Controller.Entities.BaseItem.RefreshMetadata(MetadataRefreshOptions options, CancellationToken cancellationToken)
[2026-04-22 14:36:24.688 +01:00] [ERR] [151] MediaBrowser.Providers.Movies.MovieMetadataService: Error validating images for "/movies/Gladiator.2000.Bluray.2160p.AV1.HDR10.OPUS.7.1-UH.mkv"
System.UnauthorizedAccessException: Access to the path '/movies/._300 (2006) MULTi VFF 2160p 10bit 4KLight HDR BluRay AC3 5.1 x265-QTZ.mkv' is denied.
 ---> System.IO.IOException: Operation not permitted
   --- End of inner exception stack trace ---
   at System.IO.FileSystemInfo.Create(String fullPath, String fileName, Boolean asDirectory, FileStatus& fileStatus)
   at System.IO.Enumeration.FileSystemEnumerable`1.DelegateEnumerator.TransformEntry(FileSystemEntry& entry)
   at System.IO.Enumeration.FileSystemEnumerator`1.MoveNext()
   at System.Linq.Enumerable.IEnumerableSelectIterator`2.ToArray()
   at MediaBrowser.LocalMetadata.Images.LocalImageProvider.GetFiles(BaseItem item, Boolean includeDirectories, IDirectoryService directoryService)
   at MediaBrowser.LocalMetadata.Images.LocalImageProvider.GetImages(BaseItem item, IDirectoryService directoryService)
   at System.Linq.Enumerable.SelectManySingleSelectorIterator`2.ToList()
   at MediaBrowser.Providers.Manager.ItemImageProvider.ValidateImages(BaseItem item, IEnumerable`1 providers, ImageRefreshOptions refreshOptions)
   at MediaBrowser.Providers.Manager.MetadataService`2.RefreshMetadata(BaseItem item, MetadataRefreshOptions refreshOptions, CancellationToken cancellationToken)
[2026-04-22 14:36:25.146 +01:00] [ERR] [151] MediaBrowser.Controller.Entities.BaseItem: Error refreshing owned items for "/movies/La Jetée (1963) Criterion (1080p BluRay x265 afm72).mkv"
System.UnauthorizedAccessException: Access to the path '/movies/._300 (2006) MULTi VFF 2160p 10bit 4KLight HDR BluRay AC3 5.1 x265-QTZ.mkv' is denied.
 ---> System.IO.IOException: Operation not permitted
   --- End of inner exception stack trace ---
   at System.IO.FileSystemInfo.Create(String fullPath, String fileName, Boolean asDirectory, FileStatus& fileStatus)
   at System.IO.Enumeration.FileSystemEnumerable`1.DelegateEnumerator.TransformEntry(FileSystemEntry& entry)
   at System.IO.Enumeration.FileSystemEnumerator`1.MoveNext()
   at System.Linq.Enumerable.IEnumerableSelectIterator`2.ToArray()
   at MediaBrowser.Controller.Providers.DirectoryService.GetFileSystemEntries(String path)
   at MediaBrowser.Controller.Entities.BaseItem.RefreshMetadata(MetadataRefreshOptions options, CancellationToken cancellationToken)
[2026-04-22 14:36:25.147 +01:00] [ERR] [151] MediaBrowser.Providers.Movies.MovieMetadataService: Error validating images for "/movies/La Jetée (1963) Criterion (1080p BluRay x265 afm72).mkv"
System.UnauthorizedAccessException: Access to the path '/movies/._300 (2006) MULTi VFF 2160p 10bit 4KLight HDR BluRay AC3 5.1 x265-QTZ.mkv' is denied.
 ---> System.IO.IOException: Operation not permitted
   --- End of inner exception stack trace ---
   at System.IO.FileSystemInfo.Create(String fullPath, String fileName, Boolean asDirectory, FileStatus& fileStatus)
   at System.IO.Enumeration.FileSystemEnumerable`1.DelegateEnumerator.TransformEntry(FileSystemEntry& entry)
   at System.IO.Enumeration.FileSystemEnumerator`1.MoveNext()
   at System.Linq.Enumerable.IEnumerableSelectIterator`2.ToArray()
   at MediaBrowser.LocalMetadata.Images.LocalImageProvider.GetFiles(BaseItem item, Boolean includeDirectories, IDirectoryService directoryService)
   at MediaBrowser.LocalMetadata.Images.LocalImageProvider.GetImages(BaseItem item, IDirectoryService directoryService)
   at System.Linq.Enumerable.SelectManySingleSelectorIterator`2.ToList()
   at MediaBrowser.Providers.Manager.ItemImageProvider.ValidateImages(BaseItem item, IEnumerable`1 providers, ImageRefreshOptions refreshOptions)
   at MediaBrowser.Providers.Manager.MetadataService`2.RefreshMetadata(BaseItem item, MetadataRefreshOptions refreshOptions, CancellationToken cancellationToken)
[2026-04-22 14:36:25.176 +01:00] [ERR] [151] MediaBrowser.Controller.Entities.BaseItem: Error refreshing owned items for "/movies/Le Samouraï (1967) [1080p] [BluRay] [YTS.MX]/Le.Samouraï.1967.1080p.BluRay.x264.AAC-[YTS.MX].mp4"
System.IO.DirectoryNotFoundException: Could not find a part of the path '/movies/Le Samouraï (1967) [1080p] [BluRay] [YTS.MX]'.
   at System.IO.Enumeration.FileSystemEnumerator`1.Init()
   at System.IO.DirectoryInfo.InternalEnumerateInfos(String path, String searchPattern, SearchTarget searchTarget, EnumerationOptions options)
   at MediaBrowser.Controller.Providers.DirectoryService.<>c.<GetFileSystemEntries>b__5_0(String p, IFileSystem fileSystem)
   at MediaBrowser.Controller.Providers.DirectoryService.GetFileSystemEntries(String path)
   at MediaBrowser.Controller.Entities.BaseItem.RefreshMetadata(MetadataRefreshOptions options, CancellationToken cancellationToken)
[2026-04-22 14:36:25.229 +01:00] [ERR] [151] MediaBrowser.Controller.Entities.BaseItem: Error refreshing owned items for "/movies/The Lord Of The Rings The Return Of The King (2003) [EXTENDED] [2160p] [4K] [BluRay] [5.1] [YTS.MX]"
System.UnauthorizedAccessException: Access to the path '/movies/The Lord Of The Rings The Return Of The King (2003) [EXTENDED] [2160p] [4K] [BluRay] [5.1] [YTS.MX]/._The.Lord.Of.The.Rings.The.Return.Of.The.King.2003.EXTENDED.2160p.4K.BluRay.x265.10bit.AAC5.1-[YTS.MX].mkv' is denied.
 ---> System.IO.IOException: Operation not permitted
   --- End of inner exception stack trace ---
   at System.IO.FileSystemInfo.Create(String fullPath, String fileName, Boolean asDirectory, FileStatus& fileStatus)
   at System.IO.Enumeration.FileSystemEnumerable`1.DelegateEnumerator.TransformEntry(FileSystemEntry& entry)
   at System.IO.Enumeration.FileSystemEnumerator`1.MoveNext()
   at System.Linq.Enumerable.IEnumerableSelectIterator`2.ToArray()
   at MediaBrowser.Controller.Providers.DirectoryService.GetFileSystemEntries(String path)
   at MediaBrowser.Controller.Entities.BaseItem.RefreshMetadata(MetadataRefreshOptions options, CancellationToken cancellationToken)
[2026-04-22 14:36:25.230 +01:00] [ERR] [151] MediaBrowser.Providers.Folders.FolderMetadataService: Error validating images for "/movies/The Lord Of The Rings The Return Of The King (2003) [EXTENDED] [2160p] [4K] [BluRay] [5.1] [YTS.MX]"
System.UnauthorizedAccessException: Access to the path '/movies/The Lord Of The Rings The Return Of The King (2003) [EXTENDED] [2160p] [4K] [BluRay] [5.1] [YTS.MX]/._The.Lord.Of.The.Rings.The.Return.Of.The.King.2003.EXTENDED.2160p.4K.BluRay.x265.10bit.AAC5.1-[YTS.MX].mkv' is denied.
 ---> System.IO.IOException: Operation not permitted
   --- End of inner exception stack trace ---
   at System.IO.FileSystemInfo.Create(String fullPath, String fileName, Boolean asDirectory, FileStatus& fileStatus)
   at System.IO.Enumeration.FileSystemEnumerable`1.DelegateEnumerator.TransformEntry(FileSystemEntry& entry)
   at System.IO.Enumeration.FileSystemEnumerator`1.MoveNext()
   at System.Linq.Enumerable.IEnumerableSelectIterator`2.ToArray()
   at MediaBrowser.LocalMetadata.Images.LocalImageProvider.GetFiles(BaseItem item, Boolean includeDirectories, IDirectoryService directoryService)
   at MediaBrowser.LocalMetadata.Images.LocalImageProvider.GetImages(BaseItem item, IDirectoryService directoryService)
   at System.Linq.Enumerable.SelectManySingleSelectorIterator`2.ToList()
   at MediaBrowser.Providers.Manager.ItemImageProvider.ValidateImages(BaseItem item, IEnumerable`1 providers, ImageRefreshOptions refreshOptions)
   at MediaBrowser.Providers.Manager.MetadataService`2.RefreshMetadata(BaseItem item, MetadataRefreshOptions refreshOptions, CancellationToken cancellationToken)
[2026-04-22 14:36:25.270 +01:00] [ERR] [151] MediaBrowser.Controller.Entities.BaseItem: Error refreshing owned items for "/movies/The Lord Of The Rings The Two Towers (2002) [EXTENDED] [2160p] [4K] [BluRay] [5.1] [YTS.MX]"
System.IO.DirectoryNotFoundException: Could not find a part of the path '/movies/The Lord Of The Rings The Two Towers (2002) [EXTENDED] [2160p] [4K] [BluRay] [5.1] [YTS.MX]'.
   at System.IO.Enumeration.FileSystemEnumerator`1.Init()
   at System.IO.DirectoryInfo.InternalEnumerateInfos(String path, String searchPattern, SearchTarget searchTarget, EnumerationOptions options)
   at MediaBrowser.Controller.Providers.DirectoryService.<>c.<GetFileSystemEntries>b__5_0(String p, IFileSystem fileSystem)
   at MediaBrowser.Controller.Providers.DirectoryService.GetFileSystemEntries(String path)
   at MediaBrowser.Controller.Entities.BaseItem.RefreshMetadata(MetadataRefreshOptions options, CancellationToken cancellationToken)
[2026-04-22 14:36:25.335 +01:00] [ERR] [151] MediaBrowser.Controller.Entities.BaseItem: Error refreshing owned items for "/movies/Love in the Big City 2024 1080p Korean WEB-DL HEVC x265 BONE.mkv"
System.UnauthorizedAccessException: Access to the path '/movies/._300 (2006) MULTi VFF 2160p 10bit 4KLight HDR BluRay AC3 5.1 x265-QTZ.mkv' is denied.
 ---> System.IO.IOException: Operation not permitted
   --- End of inner exception stack trace ---
   at System.IO.FileSystemInfo.Create(String fullPath, String fileName, Boolean asDirectory, FileStatus& fileStatus)
   at System.IO.Enumeration.FileSystemEnumerable`1.DelegateEnumerator.TransformEntry(FileSystemEntry& entry)
   at System.IO.Enumeration.FileSystemEnumerator`1.MoveNext()
   at System.Linq.Enumerable.IEnumerableSelectIterator`2.ToArray()
   at MediaBrowser.Controller.Providers.DirectoryService.GetFileSystemEntries(String path)
   at MediaBrowser.Controller.Entities.BaseItem.RefreshMetadata(MetadataRefreshOptions options, CancellationToken cancellationToken)
[2026-04-22 14:36:25.337 +01:00] [ERR] [151] MediaBrowser.Providers.Movies.MovieMetadataService: Error validating images for "/movies/Love in the Big City 2024 1080p Korean WEB-DL HEVC x265 BONE.mkv"
System.UnauthorizedAccessException: Access to the path '/movies/._300 (2006) MULTi VFF 2160p 10bit 4KLight HDR BluRay AC3 5.1 x265-QTZ.mkv' is denied.
 ---> System.IO.IOException: Operation not permitted
   --- End of inner exception stack trace ---
   at System.IO.FileSystemInfo.Create(String fullPath, String fileName, Boolean asDirectory, FileStatus& fileStatus)
   at System.IO.Enumeration.FileSystemEnumerable`1.DelegateEnumerator.TransformEntry(FileSystemEntry& entry)
   at System.IO.Enumeration.FileSystemEnumerator`1.MoveNext()
   at System.Linq.Enumerable.IEnumerableSelectIterator`2.ToArray()
   at MediaBrowser.LocalMetadata.Images.LocalImageProvider.GetFiles(BaseItem item, Boolean includeDirectories, IDirectoryService directoryService)
   at MediaBrowser.LocalMetadata.Images.LocalImageProvider.GetImages(BaseItem item, IDirectoryService directoryService)
   at System.Linq.Enumerable.SelectManySingleSelectorIterator`2.ToList()
   at MediaBrowser.Providers.Manager.ItemImageProvider.ValidateImages(BaseItem item, IEnumerable`1 providers, ImageRefreshOptions refreshOptions)
   at MediaBrowser.Providers.Manager.MetadataService`2.RefreshMetadata(BaseItem item, MetadataRefreshOptions refreshOptions, CancellationToken cancellationToken)
[2026-04-22 14:36:25.351 +01:00] [ERR] [151] MediaBrowser.Controller.Entities.BaseItem: Error refreshing owned items for "/movies/Mary Poppins (1964) BDRip ENG-ITA x265 subs -Shiv@.mkv"
System.UnauthorizedAccessException: Access to the path '/movies/._300 (2006) MULTi VFF 2160p 10bit 4KLight HDR BluRay AC3 5.1 x265-QTZ.mkv' is denied.
 ---> System.IO.IOException: Operation not permitted
   --- End of inner exception stack trace ---
   at System.IO.FileSystemInfo.Create(String fullPath, String fileName, Boolean asDirectory, FileStatus& fileStatus)
   at System.IO.Enumeration.FileSystemEnumerable`1.DelegateEnumerator.TransformEntry(FileSystemEntry& entry)
   at System.IO.Enumeration.FileSystemEnumerator`1.MoveNext()
   at System.Linq.Enumerable.IEnumerableSelectIterator`2.ToArray()
   at MediaBrowser.Controller.Providers.DirectoryService.GetFileSystemEntries(String path)
   at MediaBrowser.Controller.Entities.BaseItem.RefreshMetadata(MetadataRefreshOptions options, CancellationToken cancellationToken)
[2026-04-22 14:36:25.353 +01:00] [ERR] [151] MediaBrowser.Providers.Movies.MovieMetadataService: Error validating images for "/movies/Mary Poppins (1964) BDRip ENG-ITA x265 subs -Shiv@.mkv"
System.UnauthorizedAccessException: Access to the path '/movies/._300 (2006) MULTi VFF 2160p 10bit 4KLight HDR BluRay AC3 5.1 x265-QTZ.mkv' is denied.
 ---> System.IO.IOException: Operation not permitted
   --- End of inner exception stack trace ---
   at System.IO.FileSystemInfo.Create(String fullPath, String fileName, Boolean asDirectory, FileStatus& fileStatus)
   at System.IO.Enumeration.FileSystemEnumerable`1.DelegateEnumerator.TransformEntry(FileSystemEntry& entry)
   at System.IO.Enumeration.FileSystemEnumerator`1.MoveNext()
   at System.Linq.Enumerable.IEnumerableSelectIterator`2.ToArray()
   at MediaBrowser.LocalMetadata.Images.LocalImageProvider.GetFiles(BaseItem item, Boolean includeDirectories, IDirectoryService directoryService)
   at MediaBrowser.LocalMetadata.Images.LocalImageProvider.GetImages(BaseItem item, IDirectoryService directoryService)
   at System.Linq.Enumerable.SelectManySingleSelectorIterator`2.ToList()
   at MediaBrowser.Providers.Manager.ItemImageProvider.ValidateImages(BaseItem item, IEnumerable`1 providers, ImageRefreshOptions refreshOptions)
   at MediaBrowser.Providers.Manager.MetadataService`2.RefreshMetadata(BaseItem item, MetadataRefreshOptions refreshOptions, CancellationToken cancellationToken)
[2026-04-22 14:36:25.580 +01:00] [ERR] [151] MediaBrowser.Controller.Entities.BaseItem: Error refreshing owned items for "/movies/Punch Drunk Love 2002 REMASTERED 1080p BluRay HEVC x265 5.1 BONE.mkv"
System.UnauthorizedAccessException: Access to the path '/movies/._300 (2006) MULTi VFF 2160p 10bit 4KLight HDR BluRay AC3 5.1 x265-QTZ.mkv' is denied.
 ---> System.IO.IOException: Operation not permitted
   --- End of inner exception stack trace ---
   at System.IO.FileSystemInfo.Create(String fullPath, String fileName, Boolean asDirectory, FileStatus& fileStatus)
   at System.IO.Enumeration.FileSystemEnumerable`1.DelegateEnumerator.TransformEntry(FileSystemEntry& entry)
   at System.IO.Enumeration.FileSystemEnumerator`1.MoveNext()
   at System.Linq.Enumerable.IEnumerableSelectIterator`2.ToArray()
   at MediaBrowser.Controller.Providers.DirectoryService.GetFileSystemEntries(String path)
   at MediaBrowser.Controller.Entities.BaseItem.RefreshMetadata(MetadataRefreshOptions options, CancellationToken cancellationToken)
[2026-04-22 14:36:25.582 +01:00] [ERR] [151] MediaBrowser.Providers.Movies.MovieMetadataService: Error validating images for "/movies/Punch Drunk Love 2002 REMASTERED 1080p BluRay HEVC x265 5.1 BONE.mkv"
System.UnauthorizedAccessException: Access to the path '/movies/._300 (2006) MULTi VFF 2160p 10bit 4KLight HDR BluRay AC3 5.1 x265-QTZ.mkv' is denied.
 ---> System.IO.IOException: Operation not permitted
   --- End of inner exception stack trace ---
   at System.IO.FileSystemInfo.Create(String fullPath, String fileName, Boolean asDirectory, FileStatus& fileStatus)
   at System.IO.Enumeration.FileSystemEnumerable`1.DelegateEnumerator.TransformEntry(FileSystemEntry& entry)
   at System.IO.Enumeration.FileSystemEnumerator`1.MoveNext()
   at System.Linq.Enumerable.IEnumerableSelectIterator`2.ToArray()
   at MediaBrowser.LocalMetadata.Images.LocalImageProvider.GetFiles(BaseItem item, Boolean includeDirectories, IDirectoryService directoryService)
   at MediaBrowser.LocalMetadata.Images.LocalImageProvider.GetImages(BaseItem item, IDirectoryService directoryService)
   at System.Linq.Enumerable.SelectManySingleSelectorIterator`2.ToList()
   at MediaBrowser.Providers.Manager.ItemImageProvider.ValidateImages(BaseItem item, IEnumerable`1 providers, ImageRefreshOptions refreshOptions)
   at MediaBrowser.Providers.Manager.MetadataService`2.RefreshMetadata(BaseItem item, MetadataRefreshOptions refreshOptions, CancellationToken cancellationToken)
[2026-04-22 14:36:25.701 +01:00] [ERR] [151] MediaBrowser.Controller.Entities.BaseItem: Error refreshing owned items for "/movies/Snow.Bear.2025.1080p.WEB-DL.H264-fl00f.mkv"
System.UnauthorizedAccessException: Access to the path '/movies/._300 (2006) MULTi VFF 2160p 10bit 4KLight HDR BluRay AC3 5.1 x265-QTZ.mkv' is denied.
 ---> System.IO.IOException: Operation not permitted
   --- End of inner exception stack trace ---
   at System.IO.FileSystemInfo.Create(String fullPath, String fileName, Boolean asDirectory, FileStatus& fileStatus)
   at System.IO.Enumeration.FileSystemEnumerable`1.DelegateEnumerator.TransformEntry(FileSystemEntry& entry)
   at System.IO.Enumeration.FileSystemEnumerator`1.MoveNext()
   at System.Linq.Enumerable.IEnumerableSelectIterator`2.ToArray()
   at MediaBrowser.Controller.Providers.DirectoryService.GetFileSystemEntries(String path)
   at MediaBrowser.Controller.Entities.BaseItem.RefreshMetadata(MetadataRefreshOptions options, CancellationToken cancellationToken)
[2026-04-22 14:36:25.703 +01:00] [ERR] [151] MediaBrowser.Providers.Movies.MovieMetadataService: Error validating images for "/movies/Snow.Bear.2025.1080p.WEB-DL.H264-fl00f.mkv"
System.UnauthorizedAccessException: Access to the path '/movies/._300 (2006) MULTi VFF 2160p 10bit 4KLight HDR BluRay AC3 5.1 x265-QTZ.mkv' is denied.
 ---> System.IO.IOException: Operation not permitted
   --- End of inner exception stack trace ---
   at System.IO.FileSystemInfo.Create(String fullPath, String fileName, Boolean asDirectory, FileStatus& fileStatus)
   at System.IO.Enumeration.FileSystemEnumerable`1.DelegateEnumerator.TransformEntry(FileSystemEntry& entry)
   at System.IO.Enumeration.FileSystemEnumerator`1.MoveNext()
   at System.Linq.Enumerable.IEnumerableSelectIterator`2.ToArray()
   at MediaBrowser.LocalMetadata.Images.LocalImageProvider.GetFiles(BaseItem item, Boolean includeDirectories, IDirectoryService directoryService)
   at MediaBrowser.LocalMetadata.Images.LocalImageProvider.GetImages(BaseItem item, IDirectoryService directoryService)
   at System.Linq.Enumerable.SelectManySingleSelectorIterator`2.ToList()
   at MediaBrowser.Providers.Manager.ItemImageProvider.ValidateImages(BaseItem item, IEnumerable`1 providers, ImageRefreshOptions refreshOptions)
   at MediaBrowser.Providers.Manager.MetadataService`2.RefreshMetadata(BaseItem item, MetadataRefreshOptions refreshOptions, CancellationToken cancellationToken)
[2026-04-22 14:36:35.945 +01:00] [INF] [149] Emby.Server.Implementations.ScheduledTasks.TaskManager: "Scan Media Library" Completed after 0 minute(s) and 12 seconds
[2026-04-22 14:36:36.007 +01:00] [INF] [151] Emby.Server.Implementations.IO.LibraryMonitor: Watching directory "/media_local/shows"
[2026-04-22 14:36:36.026 +01:00] [INF] [154] Emby.Server.Implementations.IO.LibraryMonitor: Watching directory "/media_local/movies"
[2026-04-22 14:36:36.537 +01:00] [INF] [158] Emby.Server.Implementations.IO.LibraryMonitor: Watching directory "/shows"
[2026-04-22 14:36:36.583 +01:00] [INF] [157] Emby.Server.Implementations.IO.LibraryMonitor: Watching directory "/movies"
[2026-04-22 14:36:36.634 +01:00] [INF] [153] Emby.Server.Implementations.IO.LibraryMonitor: Watching directory "/audiobooks"
[2026-04-22 14:36:59.334 +01:00] [INF] [153] Jellyfin.Plugin.TMDbBoxSets.ScheduledTasks.RefreshLibraryTask: Starting TMDbBoxSets refresh library task
[2026-04-22 14:36:59.407 +01:00] [INF] [153] Jellyfin.Plugin.TMDbBoxSets.TMDbBoxSetManager: Found 49 TMDb collection(s) across all movies
[2026-04-22 14:36:59.407 +01:00] [INF] [153] Jellyfin.Plugin.TMDbBoxSets.TMDbBoxSetManager: Minimum number of movies is 2, but there is/are only 1: "10 Things I Hate About You"
[2026-04-22 14:36:59.407 +01:00] [INF] [153] Jellyfin.Plugin.TMDbBoxSets.TMDbBoxSetManager: Minimum number of movies is 2, but there is/are only 1: "Alien"
[2026-04-22 14:36:59.407 +01:00] [INF] [153] Jellyfin.Plugin.TMDbBoxSets.TMDbBoxSetManager: Minimum number of movies is 2, but there is/are only 1: "Avatar: Fire and Ash"
[2026-04-22 14:36:59.407 +01:00] [INF] [153] Jellyfin.Plugin.TMDbBoxSets.TMDbBoxSetManager: Minimum number of movies is 2, but there is/are only 1: "The Batman"
[2026-04-22 14:36:59.407 +01:00] [INF] [153] Jellyfin.Plugin.TMDbBoxSets.TMDbBoxSetManager: Minimum number of movies is 2, but there is/are only 1: "Batman Begins"
[2026-04-22 14:36:59.407 +01:00] [INF] [153] Jellyfin.Plugin.TMDbBoxSets.TMDbBoxSetManager: Minimum number of movies is 2, but there is/are only 1: "Battle Royale"
[2026-04-22 14:36:59.407 +01:00] [INF] [153] Jellyfin.Plugin.TMDbBoxSets.TMDbBoxSetManager: The movies "Before Midnight, Before Sunrise, Before Sunset" is/are already in their proper box set, "Before... Collection"
[2026-04-22 14:36:59.407 +01:00] [INF] [153] Jellyfin.Plugin.TMDbBoxSets.TMDbBoxSetManager: Minimum number of movies is 2, but there is/are only 1: "Blade Runner"
[2026-04-22 14:36:59.407 +01:00] [INF] [153] Jellyfin.Plugin.TMDbBoxSets.TMDbBoxSetManager: Minimum number of movies is 2, but there is/are only 1: "Bridget Jones's Diary"
[2026-04-22 14:36:59.418 +01:00] [INF] [153] Jellyfin.Plugin.TMDbBoxSets.TMDbBoxSetManager: The movies "Casino Royale, Diamonds Are Forever, Die Another Day, Dr. No, For Your Eyes Only, From Russia with Love, GoldenEye, Goldfinger, Licence to Kill, Live and Let Die, The Living Daylights, The Man with the Golden Gun, Moonraker, Never Say Never Again, No Time to Die, Octopussy, On Her Majesty's Secret Service, Quantum of Solace, Skyfall, Spectre, The Spy Who Loved Me, Thunderball, Tomorrow Never Dies, A View to a Kill, The World Is Not Enough, You Only Live Twice" is/are already in their proper box set, "James Bond Collection"
[2026-04-22 14:36:59.418 +01:00] [INF] [153] Jellyfin.Plugin.TMDbBoxSets.TMDbBoxSetManager: Minimum number of movies is 2, but there is/are only 1: "Crouching Tiger, Hidden Dragon"
[2026-04-22 14:36:59.418 +01:00] [INF] [153] Jellyfin.Plugin.TMDbBoxSets.TMDbBoxSetManager: Minimum number of movies is 2, but there is/are only 1: "Die Hard"
[2026-04-22 14:36:59.418 +01:00] [INF] [153] Jellyfin.Plugin.TMDbBoxSets.TMDbBoxSetManager: The movies "Dune, Dune: Part Two" is/are already in their proper box set, "Dune Collection"
[2026-04-22 14:36:59.418 +01:00] [INF] [153] Jellyfin.Plugin.TMDbBoxSets.TMDbBoxSetManager: Minimum number of movies is 2, but there is/are only 1: "F1"
[2026-04-22 14:36:59.419 +01:00] [INF] [153] Jellyfin.Plugin.TMDbBoxSets.TMDbBoxSetManager: The movies "Gladiator, Gladiator II" is/are already in their proper box set, "Gladiator Collection"
[2026-04-22 14:36:59.420 +01:00] [INF] [153] Jellyfin.Plugin.TMDbBoxSets.TMDbBoxSetManager: The movies "The Godfather, The Godfather Part II" is/are already in their proper box set, "The Godfather Collection"
[2026-04-22 14:36:59.420 +01:00] [INF] [153] Jellyfin.Plugin.TMDbBoxSets.TMDbBoxSetManager: Minimum number of movies is 2, but there is/are only 1: "Grease"
[2026-04-22 14:36:59.423 +01:00] [INF] [153] Jellyfin.Plugin.TMDbBoxSets.TMDbBoxSetManager: The movies "Harry Potter and the Chamber of Secrets, Harry Potter and the Deathly Hallows: Part 1, Harry Potter and the Deathly Hallows: Part 2, Harry Potter and the Goblet of Fire, Harry Potter and the Half-Blood Prince, Harry Potter and the Order of the Phoenix, Harry Potter and the Philosopher's Stone, Harry Potter and the Prisoner of Azkaban" is/are already in their proper box set, "Harry Potter Collection"
[2026-04-22 14:36:59.423 +01:00] [INF] [153] Jellyfin.Plugin.TMDbBoxSets.TMDbBoxSetManager: Minimum number of movies is 2, but there is/are only 1: "How to Train Your Dragon"
[2026-04-22 14:36:59.425 +01:00] [INF] [153] Jellyfin.Plugin.TMDbBoxSets.TMDbBoxSetManager: The movies "How to Train Your Dragon, How to Train Your Dragon 2, How to Train Your Dragon: The Hidden World" is/are already in their proper box set, "How to Train Your Dragon Collection"
[2026-04-22 14:36:59.426 +01:00] [INF] [153] Jellyfin.Plugin.TMDbBoxSets.TMDbBoxSetManager: The movies "The Human Condition I: No Greater Love, The Human Condition II: Road to Eternity, The Human Condition III: A Soldier's Prayer" is/are already in their proper box set, "The Human Condition Collection"
[2026-04-22 14:36:59.428 +01:00] [INF] [153] Jellyfin.Plugin.TMDbBoxSets.TMDbBoxSetManager: The movies "The Hunger Games, The Hunger Games: Catching Fire, The Hunger Games: Mockingjay - Part 1, The Hunger Games: Mockingjay - Part 2" is/are already in their proper box set, "The Hunger Games Collection"
[2026-04-22 14:36:59.428 +01:00] [INF] [153] Jellyfin.Plugin.TMDbBoxSets.TMDbBoxSetManager: Minimum number of movies is 2, but there is/are only 1: "Interpol Code 8"
[2026-04-22 14:36:59.429 +01:00] [INF] [153] Jellyfin.Plugin.TMDbBoxSets.TMDbBoxSetManager: The movies "Joker, Joker" is/are already in their proper box set, "Joker Collection"
[2026-04-22 14:36:59.429 +01:00] [INF] [153] Jellyfin.Plugin.TMDbBoxSets.TMDbBoxSetManager: Minimum number of movies is 2, but there is/are only 1: "Kaguya-sama Final: Love Is War"
[2026-04-22 14:36:59.430 +01:00] [INF] [153] Jellyfin.Plugin.TMDbBoxSets.TMDbBoxSetManager: The movies "Kill Bill: Vol. 1, Kill Bill: Vol. 2" is/are already in their proper box set, "Kill Bill Collection"
[2026-04-22 14:36:59.430 +01:00] [INF] [153] Jellyfin.Plugin.TMDbBoxSets.TMDbBoxSetManager: Minimum number of movies is 2, but there is/are only 1: "The Lord of the Rings: The Fellowship of the Ring"
[2026-04-22 14:36:59.430 +01:00] [INF] [153] Jellyfin.Plugin.TMDbBoxSets.TMDbBoxSetManager: Minimum number of movies is 2, but there is/are only 1: "Mary Poppins"
[2026-04-22 14:36:59.430 +01:00] [INF] [153] Jellyfin.Plugin.TMDbBoxSets.TMDbBoxSetManager: Minimum number of movies is 2, but there is/are only 1: "The Matrix"
[2026-04-22 14:36:59.430 +01:00] [INF] [153] Jellyfin.Plugin.TMDbBoxSets.TMDbBoxSetManager: Minimum number of movies is 2, but there is/are only 1: "A Minecraft Movie"
[2026-04-22 14:36:59.430 +01:00] [INF] [153] Jellyfin.Plugin.TMDbBoxSets.TMDbBoxSetManager: Minimum number of movies is 2, but there is/are only 1: "Now You See Me: Now You Don't"
[2026-04-22 14:36:59.430 +01:00] [INF] [153] Jellyfin.Plugin.TMDbBoxSets.TMDbBoxSetManager: Minimum number of movies is 2, but there is/are only 1: "Ocean's Eleven"
[2026-04-22 14:36:59.430 +01:00] [INF] [153] Jellyfin.Plugin.TMDbBoxSets.TMDbBoxSetManager: Minimum number of movies is 2, but there is/are only 1: "Predator: Badlands"
[2026-04-22 14:36:59.430 +01:00] [INF] [153] Jellyfin.Plugin.TMDbBoxSets.TMDbBoxSetManager: Minimum number of movies is 2, but there is/are only 1: "Scenes from a Marriage"
[2026-04-22 14:36:59.432 +01:00] [INF] [153] Jellyfin.Plugin.TMDbBoxSets.TMDbBoxSetManager: The movies "Sex and the City, Sex and the City 2" is/are already in their proper box set, "Sex and the City Collection"
[2026-04-22 14:36:59.432 +01:00] [INF] [153] Jellyfin.Plugin.TMDbBoxSets.TMDbBoxSetManager: Minimum number of movies is 2, but there is/are only 1: "The Silence of the Lambs"
[2026-04-22 14:36:59.432 +01:00] [INF] [153] Jellyfin.Plugin.TMDbBoxSets.TMDbBoxSetManager: The movies "Spider-Man: Across the Spider-Verse, Spider-Man: Into the Spider-Verse" is/are already in their proper box set, "Spider-Man: Spider-Verse Collection"
[2026-04-22 14:36:59.432 +01:00] [INF] [153] Jellyfin.Plugin.TMDbBoxSets.TMDbBoxSetManager: Minimum number of movies is 2, but there is/are only 1: "Superman"
[2026-04-22 14:36:59.434 +01:00] [INF] [153] Jellyfin.Plugin.TMDbBoxSets.TMDbBoxSetManager: The movies "Three Colors: Blue, Three Colors: Red, Three Colors: White" is/are already in their proper box set, "Three Colors Collection"
[2026-04-22 14:36:59.434 +01:00] [INF] [153] Jellyfin.Plugin.TMDbBoxSets.TMDbBoxSetManager: Minimum number of movies is 2, but there is/are only 1: "Top Gun: Maverick"
[2026-04-22 14:36:59.434 +01:00] [INF] [153] Jellyfin.Plugin.TMDbBoxSets.TMDbBoxSetManager: Minimum number of movies is 2, but there is/are only 1: "Train to Busan"
[2026-04-22 14:36:59.434 +01:00] [INF] [153] Jellyfin.Plugin.TMDbBoxSets.TMDbBoxSetManager: Minimum number of movies is 2, but there is/are only 1: "Transformers"
[2026-04-22 14:36:59.434 +01:00] [INF] [153] Jellyfin.Plugin.TMDbBoxSets.TMDbBoxSetManager: Minimum number of movies is 2, but there is/are only 1: "Violet Evergarden: The Movie"
[2026-04-22 14:36:59.434 +01:00] [INF] [153] Jellyfin.Plugin.TMDbBoxSets.TMDbBoxSetManager: Minimum number of movies is 2, but there is/are only 1: "Wicked"
[2026-04-22 14:36:59.434 +01:00] [INF] [153] Jellyfin.Plugin.TMDbBoxSets.TMDbBoxSetManager: Minimum number of movies is 2, but there is/are only 1: "The Wild Robot"
[2026-04-22 14:36:59.434 +01:00] [INF] [153] Jellyfin.Plugin.TMDbBoxSets.TMDbBoxSetManager: Minimum number of movies is 2, but there is/are only 1: "Wings of Desire"
[2026-04-22 14:36:59.435 +01:00] [INF] [153] Jellyfin.Plugin.TMDbBoxSets.TMDbBoxSetManager: The movies "World of Tomorrow, World of Tomorrow Episode Three: The Absent Destinations of David Prime, World of Tomorrow Episode Two: The Burden of Other People's Thoughts" is/are already in their proper box set, "World of Tomorrow Collection"
[2026-04-22 14:36:59.435 +01:00] [INF] [153] Jellyfin.Plugin.TMDbBoxSets.TMDbBoxSetManager: Minimum number of movies is 2, but there is/are only 1: "The Wrong Trousers"
[2026-04-22 14:36:59.435 +01:00] [INF] [153] Jellyfin.Plugin.TMDbBoxSets.TMDbBoxSetManager: Minimum number of movies is 2, but there is/are only 1: "Yojimbo"
[2026-04-22 14:36:59.435 +01:00] [INF] [153] Jellyfin.Plugin.TMDbBoxSets.ScheduledTasks.RefreshLibraryTask: TMDbBoxSets refresh library task finished
[2026-04-22 14:36:59.435 +01:00] [INF] [153] Emby.Server.Implementations.ScheduledTasks.TaskManager: "Scan library for new box sets" Completed after 0 minute(s) and 0 seconds
[2026-04-22 14:38:57.324 +01:00] [INF] [156] Jellyfin.Api.Helpers.MediaInfoHelper: User policy for "bill". EnablePlaybackRemuxing: True EnableVideoPlaybackTranscoding: True EnableAudioPlaybackTranscoding: True
[2026-04-22 14:38:57.708 +01:00] [INF] [74] Jellyfin.Api.Controllers.DynamicHlsController: Current HLS implementation doesn't support non-keyframe breaks but one is requested, ignoring that request
[2026-04-22 14:38:57.713 +01:00] [INF] [74] MediaBrowser.MediaEncoding.Transcoding.TranscodeManager: "/usr/lib/jellyfin-ffmpeg/ffmpeg" "-analyzeduration 200M -probesize 1G -fflags +genpts  -i file:\"/movies/Project Hail Mary [2026] WEBrip YG/Project.Hail.Mary.2026.2160p.WEBrip.h265.Dual YG.mkv\" -map_metadata -1 -map_chapters -1 -threads 0 -map 0:0 -map 0:1 -map -0:s -codec:v:0 copy -tag:v:0 hvc1 -bsf:v hevc_mp4toannexb -start_at_zero -codec:a:0 libfdk_aac -ac 2 -ab 256000 -af \"volume=2\" -copyts -avoid_negative_ts disabled -max_muxing_queue_size 2048 -f hls -max_delay 5000000 -hls_time 6 -hls_segment_type fmp4 -hls_fmp4_init_filename \"1fa6f418e178a27684f4554696f4a7b5-1.mp4\" -start_number 0 -hls_segment_filename \"/config/cache/transcodes/1fa6f418e178a27684f4554696f4a7b5%d.mp4\" -hls_playlist_type vod -hls_list_size 0 -hls_segment_options movflags=+frag_discont -y \"/config/cache/transcodes/1fa6f418e178a27684f4554696f4a7b5.m3u8\""
[2026-04-22 14:40:13.995 +01:00] [INF] [154] MediaBrowser.MediaEncoding.Transcoding.TranscodeManager: FFmpeg exited with code 0
[2026-04-22 14:41:44.990 +01:00] [INF] [156] Jellyfin.Api.Helpers.MediaInfoHelper: User policy for "bill". EnablePlaybackRemuxing: True EnableVideoPlaybackTranscoding: True EnableAudioPlaybackTranscoding: True
[2026-04-22 14:41:44.999 +01:00] [INF] [156] MediaBrowser.MediaEncoding.Transcoding.TranscodeManager: Deleting partial stream file(s) "/config/cache/transcodes/1fa6f418e178a27684f4554696f4a7b5.m3u8"
[2026-04-22 14:41:45.070 +01:00] [INF] [154] Jellyfin.Api.Controllers.DynamicHlsController: Current HLS implementation doesn't support non-keyframe breaks but one is requested, ignoring that request
[2026-04-22 14:41:45.070 +01:00] [INF] [154] MediaBrowser.MediaEncoding.Transcoding.TranscodeManager: "/usr/lib/jellyfin-ffmpeg/ffmpeg" "-analyzeduration 200M -probesize 1G -fflags +genpts  -i file:\"/movies/Project Hail Mary [2026] WEBrip YG/Project.Hail.Mary.2026.2160p.WEBrip.h265.Dual YG.mkv\" -map_metadata -1 -map_chapters -1 -threads 0 -map 0:0 -map 0:2 -map -0:s -codec:v:0 copy -tag:v:0 hvc1 -bsf:v hevc_mp4toannexb -start_at_zero -codec:a:0 libfdk_aac -ac 2 -ab 256000 -af \"volume=2\" -copyts -avoid_negative_ts disabled -max_muxing_queue_size 2048 -f hls -max_delay 5000000 -hls_time 6 -hls_segment_type fmp4 -hls_fmp4_init_filename \"bc444637f6a2b3528350cf354eb022b5-1.mp4\" -start_number 0 -hls_segment_filename \"/config/cache/transcodes/bc444637f6a2b3528350cf354eb022b5%d.mp4\" -hls_playlist_type vod -hls_list_size 0 -hls_segment_options movflags=+frag_discont -y \"/config/cache/transcodes/bc444637f6a2b3528350cf354eb022b5.m3u8\""
[2026-04-22 14:41:45.444 +01:00] [INF] [154] MediaBrowser.Controller.MediaEncoding.TranscodingJob: Stopping ffmpeg process with q command for "/config/cache/transcodes/bc444637f6a2b3528350cf354eb022b5.m3u8"
[2026-04-22 14:41:45.779 +01:00] [INF] [154] MediaBrowser.MediaEncoding.Transcoding.TranscodeManager: FFmpeg exited with code 0
[2026-04-22 14:41:45.787 +01:00] [INF] [154] Jellyfin.Api.Controllers.DynamicHlsController: Current HLS implementation doesn't support non-keyframe breaks but one is requested, ignoring that request
[2026-04-22 14:41:45.787 +01:00] [INF] [154] MediaBrowser.MediaEncoding.Transcoding.TranscodeManager: "/usr/lib/jellyfin-ffmpeg/ffmpeg" "-analyzeduration 200M -probesize 1G -ss 00:03:20.500 -noaccurate_seek -fflags +genpts  -i file:\"/movies/Project Hail Mary [2026] WEBrip YG/Project.Hail.Mary.2026.2160p.WEBrip.h265.Dual YG.mkv\" -map_metadata -1 -map_chapters -1 -threads 0 -map 0:0 -map 0:2 -map -0:s -codec:v:0 copy -tag:v:0 hvc1 -bsf:v hevc_mp4toannexb -start_at_zero -codec:a:0 libfdk_aac -ac 2 -ab 256000 -af \"volume=2\" -copyts -avoid_negative_ts disabled -max_muxing_queue_size 2048 -f hls -max_delay 5000000 -hls_time 6 -hls_segment_type fmp4 -hls_fmp4_init_filename \"bc444637f6a2b3528350cf354eb022b5-1.mp4\" -start_number 20 -hls_segment_filename \"/config/cache/transcodes/bc444637f6a2b3528350cf354eb022b5%d.mp4\" -hls_playlist_type vod -hls_list_size 0 -hls_segment_options movflags=+frag_discont -y \"/config/cache/transcodes/bc444637f6a2b3528350cf354eb022b5.m3u8\""
[2026-04-22 14:41:48.788 +01:00] [INF] [79] MediaBrowser.Controller.MediaEncoding.TranscodingJob: Stopping ffmpeg process with q command for "/config/cache/transcodes/bc444637f6a2b3528350cf354eb022b5.m3u8"
[2026-04-22 14:41:48.816 +01:00] [INF] [79] MediaBrowser.MediaEncoding.Transcoding.TranscodeManager: FFmpeg exited with code 0
[2026-04-22 14:41:48.817 +01:00] [INF] [79] Jellyfin.Api.Controllers.DynamicHlsController: Current HLS implementation doesn't support non-keyframe breaks but one is requested, ignoring that request
[2026-04-22 14:41:48.817 +01:00] [INF] [79] MediaBrowser.MediaEncoding.Transcoding.TranscodeManager: "/usr/lib/jellyfin-ffmpeg/ffmpeg" "-analyzeduration 200M -probesize 1G -ss 00:03:10.500 -noaccurate_seek -fflags +genpts  -i file:\"/movies/Project Hail Mary [2026] WEBrip YG/Project.Hail.Mary.2026.2160p.WEBrip.h265.Dual YG.mkv\" -map_metadata -1 -map_chapters -1 -threads 0 -map 0:0 -map 0:2 -map -0:s -codec:v:0 copy -tag:v:0 hvc1 -bsf:v hevc_mp4toannexb -start_at_zero -codec:a:0 libfdk_aac -ac 2 -ab 256000 -af \"volume=2\" -copyts -avoid_negative_ts disabled -max_muxing_queue_size 2048 -f hls -max_delay 5000000 -hls_time 6 -hls_segment_type fmp4 -hls_fmp4_init_filename \"bc444637f6a2b3528350cf354eb022b5-1.mp4\" -start_number 19 -hls_segment_filename \"/config/cache/transcodes/bc444637f6a2b3528350cf354eb022b5%d.mp4\" -hls_playlist_type vod -hls_list_size 0 -hls_segment_options movflags=+frag_discont -y \"/config/cache/transcodes/bc444637f6a2b3528350cf354eb022b5.m3u8\""
[2026-04-22 14:42:20.224 +01:00] [INF] [156] MediaBrowser.Controller.MediaEncoding.TranscodingJob: Stopping ffmpeg process with q command for "/config/cache/transcodes/bc444637f6a2b3528350cf354eb022b5.m3u8"
[2026-04-22 14:42:20.447 +01:00] [INF] [156] MediaBrowser.MediaEncoding.Transcoding.TranscodeManager: FFmpeg exited with code 0
[2026-04-22 14:42:20.447 +01:00] [INF] [156] MediaBrowser.MediaEncoding.Transcoding.TranscodeManager: Deleting partial stream file(s) "/config/cache/transcodes/bc444637f6a2b3528350cf354eb022b5.m3u8"
[2026-04-22 14:42:22.191 +01:00] [INF] [156] Emby.Server.Implementations.Session.SessionManager: Playback stopped reported by app "Jellyfin Web" "10.11.8" playing "Project Hail Mary". Stopped at "220653" ms
[2026-04-22 14:43:32.663 +01:00] [INF] [154] Emby.Server.Implementations.IO.LibraryMonitor: "Project Hail Mary" ("/movies/Project Hail Mary [2026] WEBrip YG/Project.Hail.Mary.2026.2160p.WEBrip.h265.Dual YG.mkv") will be refreshed.
[2026-04-22 14:43:32.668 +01:00] [ERR] [154] MediaBrowser.Controller.Entities.BaseItem: Error refreshing owned items for "/movies/Project Hail Mary [2026] WEBrip YG/Project.Hail.Mary.2026.2160p.WEBrip.h265.Dual YG.mkv"
System.UnauthorizedAccessException: Access to the path '/movies/Project Hail Mary [2026] WEBrip YG/._Project.Hail.Mary.2026.2160p.WEBrip.h265.Dual YG.mkv' is denied.
 ---> System.IO.IOException: Operation not permitted
   --- End of inner exception stack trace ---
   at System.IO.FileSystemInfo.Create(String fullPath, String fileName, Boolean asDirectory, FileStatus& fileStatus)
   at System.IO.Enumeration.FileSystemEnumerable`1.DelegateEnumerator.TransformEntry(FileSystemEntry& entry)
   at System.IO.Enumeration.FileSystemEnumerator`1.MoveNext()
   at System.Linq.Enumerable.IEnumerableSelectIterator`2.ToArray()
   at MediaBrowser.Controller.Providers.DirectoryService.GetFileSystemEntries(String path)
   at MediaBrowser.Controller.Entities.BaseItem.RefreshMetadata(MetadataRefreshOptions options, CancellationToken cancellationToken)
[2026-04-22 14:43:32.670 +01:00] [ERR] [154] MediaBrowser.Providers.Movies.MovieMetadataService: Error validating images for "/movies/Project Hail Mary [2026] WEBrip YG/Project.Hail.Mary.2026.2160p.WEBrip.h265.Dual YG.mkv"
System.UnauthorizedAccessException: Access to the path '/movies/Project Hail Mary [2026] WEBrip YG/._Project.Hail.Mary.2026.2160p.WEBrip.h265.Dual YG.mkv' is denied.
 ---> System.IO.IOException: Operation not permitted
   --- End of inner exception stack trace ---
   at System.IO.FileSystemInfo.Create(String fullPath, String fileName, Boolean asDirectory, FileStatus& fileStatus)
   at System.IO.Enumeration.FileSystemEnumerable`1.DelegateEnumerator.TransformEntry(FileSystemEntry& entry)
   at System.IO.Enumeration.FileSystemEnumerator`1.MoveNext()
   at System.Linq.Enumerable.IEnumerableSelectIterator`2.ToArray()
   at MediaBrowser.LocalMetadata.Images.LocalImageProvider.GetFiles(BaseItem item, Boolean includeDirectories, IDirectoryService directoryService)
   at MediaBrowser.LocalMetadata.Images.LocalImageProvider.GetImages(BaseItem item, IDirectoryService directoryService)
   at System.Linq.Enumerable.SelectManySingleSelectorIterator`2.ToList()
   at MediaBrowser.Providers.Manager.ItemImageProvider.ValidateImages(BaseItem item, IEnumerable`1 providers, ImageRefreshOptions refreshOptions)
   at MediaBrowser.Providers.Manager.MetadataService`2.RefreshMetadata(BaseItem item, MetadataRefreshOptions refreshOptions, CancellationToken cancellationToken)
[2026-04-22 15:11:43.800 +01:00] [INF] [80] Emby.Server.Implementations.IO.LibraryMonitor: Stopping directory watching for path "/media_local/movies"
[2026-04-22 15:11:43.801 +01:00] [INF] [80] Emby.Server.Implementations.IO.LibraryMonitor: Stopping directory watching for path "/media_local/shows"
[2026-04-22 15:11:43.801 +01:00] [INF] [80] Emby.Server.Implementations.IO.LibraryMonitor: Stopping directory watching for path "/movies"
[2026-04-22 15:11:43.802 +01:00] [INF] [80] Emby.Server.Implementations.IO.LibraryMonitor: Stopping directory watching for path "/audiobooks"
[2026-04-22 15:11:43.804 +01:00] [INF] [80] Emby.Server.Implementations.IO.LibraryMonitor: Stopping directory watching for path "/shows"
[2026-04-22 15:11:43.805 +01:00] [INF] [80] Emby.Server.Implementations.Library.LibraryManager: Validating media library
[2026-04-22 15:11:43.853 +01:00] [ERR] [80] Emby.Server.Implementations.Library.LibraryManager: Error in GetFilteredFileSystemEntries isPhysicalRoot: False IsVf: False
System.UnauthorizedAccessException: Access to the path '/audiobooks/._Mythology' is denied.
 ---> System.IO.IOException: Operation not permitted
   --- End of inner exception stack trace ---
   at System.IO.FileSystemInfo.Create(String fullPath, String fileName, Boolean asDirectory, FileStatus& fileStatus)
   at System.IO.Enumeration.FileSystemEnumerable`1.DelegateEnumerator.TransformEntry(FileSystemEntry& entry)
   at System.IO.Enumeration.FileSystemEnumerator`1.MoveNext()
   at System.Linq.Enumerable.IEnumerableSelectIterator`2.ToArray()
   at MediaBrowser.Controller.IO.FileData.GetFilteredFileSystemEntries(IDirectoryService directoryService, String path, IFileSystem fileSystem, IServerApplicationHost appHost, ILogger logger, ItemResolveArgs args, Int32 flattenFolderDepth, Boolean resolveShortcuts)
   at Emby.Server.Implementations.Library.LibraryManager.ResolvePath(FileSystemMetadata fileInfo, IDirectoryService directoryService, IItemResolver[] resolvers, Folder parent, Nullable`1 collectionType, LibraryOptions libraryOptions)
[2026-04-22 15:11:43.863 +01:00] [ERR] [80] Emby.Server.Implementations.Library.LibraryManager: Error in GetFilteredFileSystemEntries isPhysicalRoot: False IsVf: False
System.UnauthorizedAccessException: Access to the path '/shows/._Sherlock.Season.1-4.S01-S04.1080p.10bit.BluRay.5.1.x265.HEVC-MZABI' is denied.
 ---> System.IO.IOException: Operation not permitted
   --- End of inner exception stack trace ---
   at System.IO.FileSystemInfo.Create(String fullPath, String fileName, Boolean asDirectory, FileStatus& fileStatus)
   at System.IO.Enumeration.FileSystemEnumerable`1.DelegateEnumerator.TransformEntry(FileSystemEntry& entry)
   at System.IO.Enumeration.FileSystemEnumerator`1.MoveNext()
   at System.Linq.Enumerable.IEnumerableSelectIterator`2.ToArray()
   at MediaBrowser.Controller.IO.FileData.GetFilteredFileSystemEntries(IDirectoryService directoryService, String path, IFileSystem fileSystem, IServerApplicationHost appHost, ILogger logger, ItemResolveArgs args, Int32 flattenFolderDepth, Boolean resolveShortcuts)
   at Emby.Server.Implementations.Library.LibraryManager.ResolvePath(FileSystemMetadata fileInfo, IDirectoryService directoryService, IItemResolver[] resolvers, Folder parent, Nullable`1 collectionType, LibraryOptions libraryOptions)
[2026-04-22 15:11:43.893 +01:00] [ERR] [80] Emby.Server.Implementations.Library.LibraryManager: Error in GetFilteredFileSystemEntries isPhysicalRoot: False IsVf: False
System.UnauthorizedAccessException: Access to the path '/movies/._300 (2006) MULTi VFF 2160p 10bit 4KLight HDR BluRay AC3 5.1 x265-QTZ.mkv' is denied.
 ---> System.IO.IOException: Operation not permitted
   --- End of inner exception stack trace ---
   at System.IO.FileSystemInfo.Create(String fullPath, String fileName, Boolean asDirectory, FileStatus& fileStatus)
   at System.IO.Enumeration.FileSystemEnumerable`1.DelegateEnumerator.TransformEntry(FileSystemEntry& entry)
   at System.IO.Enumeration.FileSystemEnumerator`1.MoveNext()
   at System.Linq.Enumerable.IEnumerableSelectIterator`2.ToArray()
   at MediaBrowser.Controller.IO.FileData.GetFilteredFileSystemEntries(IDirectoryService directoryService, String path, IFileSystem fileSystem, IServerApplicationHost appHost, ILogger logger, ItemResolveArgs args, Int32 flattenFolderDepth, Boolean resolveShortcuts)
   at Emby.Server.Implementations.Library.LibraryManager.ResolvePath(FileSystemMetadata fileInfo, IDirectoryService directoryService, IItemResolver[] resolvers, Folder parent, Nullable`1 collectionType, LibraryOptions libraryOptions)
[2026-04-22 15:11:43.904 +01:00] [WRN] [80] MediaBrowser.Controller.Entities.BaseItem: Library folder "/config/data/data/playlists" is inaccessible or empty, skipping
[2026-04-22 15:11:43.905 +01:00] [ERR] [60] MediaBrowser.Controller.Entities.BaseItem: Error refreshing owned items for "/audiobooks"
System.UnauthorizedAccessException: Access to the path '/audiobooks/._Mythology' is denied.
 ---> System.IO.IOException: Operation not permitted
   --- End of inner exception stack trace ---
   at System.IO.FileSystemInfo.Create(String fullPath, String fileName, Boolean asDirectory, FileStatus& fileStatus)
   at System.IO.Enumeration.FileSystemEnumerable`1.DelegateEnumerator.TransformEntry(FileSystemEntry& entry)
   at System.IO.Enumeration.FileSystemEnumerator`1.MoveNext()
   at System.Linq.Enumerable.IEnumerableSelectIterator`2.ToArray()
   at MediaBrowser.Controller.Providers.DirectoryService.GetFileSystemEntries(String path)
   at MediaBrowser.Controller.Entities.BaseItem.RefreshMetadata(MetadataRefreshOptions options, CancellationToken cancellationToken)
[2026-04-22 15:11:43.905 +01:00] [ERR] [80] MediaBrowser.Controller.Entities.BaseItem: Error refreshing owned items for "/shows"
System.UnauthorizedAccessException: Access to the path '/shows/._Sherlock.Season.1-4.S01-S04.1080p.10bit.BluRay.5.1.x265.HEVC-MZABI' is denied.
 ---> System.IO.IOException: Operation not permitted
   --- End of inner exception stack trace ---
   at System.IO.FileSystemInfo.Create(String fullPath, String fileName, Boolean asDirectory, FileStatus& fileStatus)
   at System.IO.Enumeration.FileSystemEnumerable`1.DelegateEnumerator.TransformEntry(FileSystemEntry& entry)
   at System.IO.Enumeration.FileSystemEnumerator`1.MoveNext()
   at System.Linq.Enumerable.IEnumerableSelectIterator`2.ToArray()
   at MediaBrowser.Controller.Providers.DirectoryService.GetFileSystemEntries(String path)
   at MediaBrowser.Controller.Entities.BaseItem.RefreshMetadata(MetadataRefreshOptions options, CancellationToken cancellationToken)
[2026-04-22 15:11:43.907 +01:00] [ERR] [60] MediaBrowser.Providers.Folders.FolderMetadataService: Error validating images for "/audiobooks"
System.UnauthorizedAccessException: Access to the path '/audiobooks/._Mythology' is denied.
 ---> System.IO.IOException: Operation not permitted
   --- End of inner exception stack trace ---
   at System.IO.FileSystemInfo.Create(String fullPath, String fileName, Boolean asDirectory, FileStatus& fileStatus)
   at System.IO.Enumeration.FileSystemEnumerable`1.DelegateEnumerator.TransformEntry(FileSystemEntry& entry)
   at System.IO.Enumeration.FileSystemEnumerator`1.MoveNext()
   at System.Linq.Enumerable.IEnumerableSelectIterator`2.ToArray()
   at MediaBrowser.LocalMetadata.Images.LocalImageProvider.GetFiles(BaseItem item, Boolean includeDirectories, IDirectoryService directoryService)
   at MediaBrowser.LocalMetadata.Images.LocalImageProvider.GetImages(BaseItem item, IDirectoryService directoryService)
   at System.Linq.Enumerable.SelectManySingleSelectorIterator`2.ToList()
   at MediaBrowser.Providers.Manager.ItemImageProvider.ValidateImages(BaseItem item, IEnumerable`1 providers, ImageRefreshOptions refreshOptions)
   at MediaBrowser.Providers.Manager.MetadataService`2.RefreshMetadata(BaseItem item, MetadataRefreshOptions refreshOptions, CancellationToken cancellationToken)
[2026-04-22 15:11:43.907 +01:00] [ERR] [80] MediaBrowser.Providers.Folders.FolderMetadataService: Error validating images for "/shows"
System.UnauthorizedAccessException: Access to the path '/shows/._Sherlock.Season.1-4.S01-S04.1080p.10bit.BluRay.5.1.x265.HEVC-MZABI' is denied.
 ---> System.IO.IOException: Operation not permitted
   --- End of inner exception stack trace ---
   at System.IO.FileSystemInfo.Create(String fullPath, String fileName, Boolean asDirectory, FileStatus& fileStatus)
   at System.IO.Enumeration.FileSystemEnumerable`1.DelegateEnumerator.TransformEntry(FileSystemEntry& entry)
   at System.IO.Enumeration.FileSystemEnumerator`1.MoveNext()
   at System.Linq.Enumerable.IEnumerableSelectIterator`2.ToArray()
   at MediaBrowser.LocalMetadata.Images.LocalImageProvider.GetFiles(BaseItem item, Boolean includeDirectories, IDirectoryService directoryService)
   at MediaBrowser.LocalMetadata.Images.LocalImageProvider.GetImages(BaseItem item, IDirectoryService directoryService)
   at System.Linq.Enumerable.SelectManySingleSelectorIterator`2.ToList()
   at MediaBrowser.Providers.Manager.ItemImageProvider.ValidateImages(BaseItem item, IEnumerable`1 providers, ImageRefreshOptions refreshOptions)
   at MediaBrowser.Providers.Manager.MetadataService`2.RefreshMetadata(BaseItem item, MetadataRefreshOptions refreshOptions, CancellationToken cancellationToken)
[2026-04-22 15:11:43.907 +01:00] [ERR] [59] MediaBrowser.Controller.Entities.BaseItem: Error refreshing owned items for "/movies"
System.UnauthorizedAccessException: Access to the path '/movies/._300 (2006) MULTi VFF 2160p 10bit 4KLight HDR BluRay AC3 5.1 x265-QTZ.mkv' is denied.
 ---> System.IO.IOException: Operation not permitted
   --- End of inner exception stack trace ---
   at System.IO.FileSystemInfo.Create(String fullPath, String fileName, Boolean asDirectory, FileStatus& fileStatus)
   at System.IO.Enumeration.FileSystemEnumerable`1.DelegateEnumerator.TransformEntry(FileSystemEntry& entry)
   at System.IO.Enumeration.FileSystemEnumerator`1.MoveNext()
   at System.Linq.Enumerable.IEnumerableSelectIterator`2.ToArray()
   at MediaBrowser.Controller.Providers.DirectoryService.GetFileSystemEntries(String path)
   at MediaBrowser.Controller.Entities.BaseItem.RefreshMetadata(MetadataRefreshOptions options, CancellationToken cancellationToken)
[2026-04-22 15:11:43.909 +01:00] [ERR] [59] MediaBrowser.Providers.Folders.FolderMetadataService: Error validating images for "/movies"
System.UnauthorizedAccessException: Access to the path '/movies/._300 (2006) MULTi VFF 2160p 10bit 4KLight HDR BluRay AC3 5.1 x265-QTZ.mkv' is denied.
 ---> System.IO.IOException: Operation not permitted
   --- End of inner exception stack trace ---
   at System.IO.FileSystemInfo.Create(String fullPath, String fileName, Boolean asDirectory, FileStatus& fileStatus)
   at System.IO.Enumeration.FileSystemEnumerable`1.DelegateEnumerator.TransformEntry(FileSystemEntry& entry)
   at System.IO.Enumeration.FileSystemEnumerator`1.MoveNext()
   at System.Linq.Enumerable.IEnumerableSelectIterator`2.ToArray()
   at MediaBrowser.LocalMetadata.Images.LocalImageProvider.GetFiles(BaseItem item, Boolean includeDirectories, IDirectoryService directoryService)
   at MediaBrowser.LocalMetadata.Images.LocalImageProvider.GetImages(BaseItem item, IDirectoryService directoryService)
   at System.Linq.Enumerable.SelectManySingleSelectorIterator`2.ToList()
   at MediaBrowser.Providers.Manager.ItemImageProvider.ValidateImages(BaseItem item, IEnumerable`1 providers, ImageRefreshOptions refreshOptions)
   at MediaBrowser.Providers.Manager.MetadataService`2.RefreshMetadata(BaseItem item, MetadataRefreshOptions refreshOptions, CancellationToken cancellationToken)
[2026-04-22 15:11:43.929 +01:00] [ERR] [29] MediaBrowser.Providers.Folders.CollectionFolderMetadataService: Error validating images for "/config/data/root/default/Shows (external)"
System.UnauthorizedAccessException: Access to the path '/shows/._Sherlock.Season.1-4.S01-S04.1080p.10bit.BluRay.5.1.x265.HEVC-MZABI' is denied.
 ---> System.IO.IOException: Operation not permitted
   --- End of inner exception stack trace ---
   at System.IO.FileSystemInfo.Create(String fullPath, String fileName, Boolean asDirectory, FileStatus& fileStatus)
   at System.IO.Enumeration.FileSystemEnumerableFactory.<>c.<FileInfos>b__5_0(FileSystemEntry& entry)
   at System.IO.Enumeration.FileSystemEnumerable`1.DelegateEnumerator.TransformEntry(FileSystemEntry& entry)
   at System.IO.Enumeration.FileSystemEnumerator`1.MoveNext()
   at System.Linq.Enumerable.IEnumerableWhereIterator`1.MoveNext()
   at System.Linq.Enumerable.IEnumerableSelectIterator`2.MoveNext()
   at System.Collections.Generic.SegmentedArrayBuilder`1.AddRange(IEnumerable`1 source)
   at System.Linq.Enumerable.SelectManySingleSelectorIterator`2.ToArray()
   at System.Linq.Enumerable.OrderedIterator`1.ToList()
   at MediaBrowser.LocalMetadata.Images.LocalImageProvider.GetImages(BaseItem item, IEnumerable`1 paths, IDirectoryService directoryService)
   at MediaBrowser.LocalMetadata.Images.CollectionFolderLocalImageProvider.GetImages(BaseItem item, IDirectoryService directoryService)
   at System.Linq.Enumerable.SelectManySingleSelectorIterator`2.ToList()
   at MediaBrowser.Providers.Manager.ItemImageProvider.ValidateImages(BaseItem item, IEnumerable`1 providers, ImageRefreshOptions refreshOptions)
   at MediaBrowser.Providers.Manager.MetadataService`2.RefreshMetadata(BaseItem item, MetadataRefreshOptions refreshOptions, CancellationToken cancellationToken)
[2026-04-22 15:11:43.929 +01:00] [ERR] [80] MediaBrowser.Providers.Folders.CollectionFolderMetadataService: Error validating images for "/config/data/root/default/Books (external)"
System.UnauthorizedAccessException: Access to the path '/audiobooks/._Mythology' is denied.
 ---> System.IO.IOException: Operation not permitted
   --- End of inner exception stack trace ---
   at System.IO.FileSystemInfo.Create(String fullPath, String fileName, Boolean asDirectory, FileStatus& fileStatus)
   at System.IO.Enumeration.FileSystemEnumerableFactory.<>c.<FileInfos>b__5_0(FileSystemEntry& entry)
   at System.IO.Enumeration.FileSystemEnumerable`1.DelegateEnumerator.TransformEntry(FileSystemEntry& entry)
   at System.IO.Enumeration.FileSystemEnumerator`1.MoveNext()
   at System.Linq.Enumerable.IEnumerableWhereIterator`1.MoveNext()
   at System.Linq.Enumerable.IEnumerableSelectIterator`2.MoveNext()
   at System.Collections.Generic.SegmentedArrayBuilder`1.AddRange(IEnumerable`1 source)
   at System.Linq.Enumerable.SelectManySingleSelectorIterator`2.ToArray()
   at System.Linq.Enumerable.OrderedIterator`1.ToList()
   at MediaBrowser.LocalMetadata.Images.LocalImageProvider.GetImages(BaseItem item, IEnumerable`1 paths, IDirectoryService directoryService)
   at MediaBrowser.LocalMetadata.Images.CollectionFolderLocalImageProvider.GetImages(BaseItem item, IDirectoryService directoryService)
   at System.Linq.Enumerable.SelectManySingleSelectorIterator`2.ToList()
   at MediaBrowser.Providers.Manager.ItemImageProvider.ValidateImages(BaseItem item, IEnumerable`1 providers, ImageRefreshOptions refreshOptions)
   at MediaBrowser.Providers.Manager.MetadataService`2.RefreshMetadata(BaseItem item, MetadataRefreshOptions refreshOptions, CancellationToken cancellationToken)
[2026-04-22 15:11:43.930 +01:00] [ERR] [91] MediaBrowser.Providers.Folders.CollectionFolderMetadataService: Error validating images for "/config/data/root/default/Movies (external)"
System.UnauthorizedAccessException: Access to the path '/movies/._300 (2006) MULTi VFF 2160p 10bit 4KLight HDR BluRay AC3 5.1 x265-QTZ.mkv' is denied.
 ---> System.IO.IOException: Operation not permitted
   --- End of inner exception stack trace ---
   at System.IO.FileSystemInfo.Create(String fullPath, String fileName, Boolean asDirectory, FileStatus& fileStatus)
   at System.IO.Enumeration.FileSystemEnumerableFactory.<>c.<FileInfos>b__5_0(FileSystemEntry& entry)
   at System.IO.Enumeration.FileSystemEnumerable`1.DelegateEnumerator.TransformEntry(FileSystemEntry& entry)
   at System.IO.Enumeration.FileSystemEnumerator`1.MoveNext()
   at System.Linq.Enumerable.IEnumerableWhereIterator`1.MoveNext()
   at System.Linq.Enumerable.IEnumerableSelectIterator`2.MoveNext()
   at System.Collections.Generic.SegmentedArrayBuilder`1.AddRange(IEnumerable`1 source)
   at System.Linq.Enumerable.SelectManySingleSelectorIterator`2.ToArray()
   at System.Linq.Enumerable.OrderedIterator`1.ToList()
   at MediaBrowser.LocalMetadata.Images.LocalImageProvider.GetImages(BaseItem item, IEnumerable`1 paths, IDirectoryService directoryService)
   at MediaBrowser.LocalMetadata.Images.CollectionFolderLocalImageProvider.GetImages(BaseItem item, IDirectoryService directoryService)
   at System.Linq.Enumerable.SelectManySingleSelectorIterator`2.ToList()
   at MediaBrowser.Providers.Manager.ItemImageProvider.ValidateImages(BaseItem item, IEnumerable`1 providers, ImageRefreshOptions refreshOptions)
   at MediaBrowser.Providers.Manager.MetadataService`2.RefreshMetadata(BaseItem item, MetadataRefreshOptions refreshOptions, CancellationToken cancellationToken)
[2026-04-22 15:11:43.932 +01:00] [ERR] [91] MediaBrowser.Providers.Folders.CollectionFolderMetadataService: Error validating images for "/config/data/root/default/Books (external)"
System.UnauthorizedAccessException: Access to the path '/audiobooks/._Mythology' is denied.
 ---> System.IO.IOException: Operation not permitted
   --- End of inner exception stack trace ---
   at System.IO.FileSystemInfo.Create(String fullPath, String fileName, Boolean asDirectory, FileStatus& fileStatus)
   at System.IO.Enumeration.FileSystemEnumerableFactory.<>c.<FileInfos>b__5_0(FileSystemEntry& entry)
   at System.IO.Enumeration.FileSystemEnumerable`1.DelegateEnumerator.TransformEntry(FileSystemEntry& entry)
   at System.IO.Enumeration.FileSystemEnumerator`1.MoveNext()
   at System.Linq.Enumerable.IEnumerableWhereIterator`1.MoveNext()
   at System.Linq.Enumerable.IEnumerableSelectIterator`2.MoveNext()
   at System.Collections.Generic.SegmentedArrayBuilder`1.AddRange(IEnumerable`1 source)
   at System.Linq.Enumerable.SelectManySingleSelectorIterator`2.ToArray()
   at System.Linq.Enumerable.OrderedIterator`1.ToList()
   at MediaBrowser.LocalMetadata.Images.LocalImageProvider.GetImages(BaseItem item, IEnumerable`1 paths, IDirectoryService directoryService)
   at MediaBrowser.LocalMetadata.Images.CollectionFolderLocalImageProvider.GetImages(BaseItem item, IDirectoryService directoryService)
   at System.Linq.Enumerable.SelectManySingleSelectorIterator`2.ToList()
   at MediaBrowser.Providers.Manager.ItemImageProvider.ValidateImages(BaseItem item, IEnumerable`1 providers, ImageRefreshOptions refreshOptions)
   at MediaBrowser.Providers.Manager.MetadataService`2.RefreshMetadata(BaseItem item, MetadataRefreshOptions refreshOptions, CancellationToken cancellationToken)
[2026-04-22 15:11:43.937 +01:00] [ERR] [91] MediaBrowser.Providers.Folders.CollectionFolderMetadataService: Error validating images for "/config/data/root/default/Movies (external)"
System.UnauthorizedAccessException: Access to the path '/movies/._300 (2006) MULTi VFF 2160p 10bit 4KLight HDR BluRay AC3 5.1 x265-QTZ.mkv' is denied.
 ---> System.IO.IOException: Operation not permitted
   --- End of inner exception stack trace ---
   at System.IO.FileSystemInfo.Create(String fullPath, String fileName, Boolean asDirectory, FileStatus& fileStatus)
   at System.IO.Enumeration.FileSystemEnumerableFactory.<>c.<FileInfos>b__5_0(FileSystemEntry& entry)
   at System.IO.Enumeration.FileSystemEnumerable`1.DelegateEnumerator.TransformEntry(FileSystemEntry& entry)
   at System.IO.Enumeration.FileSystemEnumerator`1.MoveNext()
   at System.Linq.Enumerable.IEnumerableWhereIterator`1.MoveNext()
   at System.Linq.Enumerable.IEnumerableSelectIterator`2.MoveNext()
   at System.Collections.Generic.SegmentedArrayBuilder`1.AddRange(IEnumerable`1 source)
   at System.Linq.Enumerable.SelectManySingleSelectorIterator`2.ToArray()
   at System.Linq.Enumerable.OrderedIterator`1.ToList()
   at MediaBrowser.LocalMetadata.Images.LocalImageProvider.GetImages(BaseItem item, IEnumerable`1 paths, IDirectoryService directoryService)
   at MediaBrowser.LocalMetadata.Images.CollectionFolderLocalImageProvider.GetImages(BaseItem item, IDirectoryService directoryService)
   at System.Linq.Enumerable.SelectManySingleSelectorIterator`2.ToList()
   at MediaBrowser.Providers.Manager.ItemImageProvider.ValidateImages(BaseItem item, IEnumerable`1 providers, ImageRefreshOptions refreshOptions)
   at MediaBrowser.Providers.Manager.MetadataService`2.RefreshMetadata(BaseItem item, MetadataRefreshOptions refreshOptions, CancellationToken cancellationToken)
[2026-04-22 15:11:43.941 +01:00] [ERR] [91] MediaBrowser.Providers.Folders.CollectionFolderMetadataService: Error validating images for "/config/data/root/default/Shows (external)"
System.UnauthorizedAccessException: Access to the path '/shows/._Sherlock.Season.1-4.S01-S04.1080p.10bit.BluRay.5.1.x265.HEVC-MZABI' is denied.
 ---> System.IO.IOException: Operation not permitted
   --- End of inner exception stack trace ---
   at System.IO.FileSystemInfo.Create(String fullPath, String fileName, Boolean asDirectory, FileStatus& fileStatus)
   at System.IO.Enumeration.FileSystemEnumerableFactory.<>c.<FileInfos>b__5_0(FileSystemEntry& entry)
   at System.IO.Enumeration.FileSystemEnumerable`1.DelegateEnumerator.TransformEntry(FileSystemEntry& entry)
   at System.IO.Enumeration.FileSystemEnumerator`1.MoveNext()
   at System.Linq.Enumerable.IEnumerableWhereIterator`1.MoveNext()
   at System.Linq.Enumerable.IEnumerableSelectIterator`2.MoveNext()
   at System.Collections.Generic.SegmentedArrayBuilder`1.AddRange(IEnumerable`1 source)
   at System.Linq.Enumerable.SelectManySingleSelectorIterator`2.ToArray()
   at System.Linq.Enumerable.OrderedIterator`1.ToList()
   at MediaBrowser.LocalMetadata.Images.LocalImageProvider.GetImages(BaseItem item, IEnumerable`1 paths, IDirectoryService directoryService)
   at MediaBrowser.LocalMetadata.Images.CollectionFolderLocalImageProvider.GetImages(BaseItem item, IDirectoryService directoryService)
   at System.Linq.Enumerable.SelectManySingleSelectorIterator`2.ToList()
   at MediaBrowser.Providers.Manager.ItemImageProvider.ValidateImages(BaseItem item, IEnumerable`1 providers, ImageRefreshOptions refreshOptions)
   at MediaBrowser.Providers.Manager.MetadataService`2.RefreshMetadata(BaseItem item, MetadataRefreshOptions refreshOptions, CancellationToken cancellationToken)
[2026-04-22 15:11:43.951 +01:00] [ERR] [91] Emby.Server.Implementations.Library.LibraryManager: Error in GetFilteredFileSystemEntries isPhysicalRoot: False IsVf: False
System.UnauthorizedAccessException: Access to the path '/audiobooks/._Mythology' is denied.
 ---> System.IO.IOException: Operation not permitted
   --- End of inner exception stack trace ---
   at System.IO.FileSystemInfo.Create(String fullPath, String fileName, Boolean asDirectory, FileStatus& fileStatus)
   at System.IO.Enumeration.FileSystemEnumerable`1.DelegateEnumerator.TransformEntry(FileSystemEntry& entry)
   at System.IO.Enumeration.FileSystemEnumerator`1.MoveNext()
   at System.Linq.Enumerable.IEnumerableSelectIterator`2.ToArray()
   at MediaBrowser.Controller.IO.FileData.GetFilteredFileSystemEntries(IDirectoryService directoryService, String path, IFileSystem fileSystem, IServerApplicationHost appHost, ILogger logger, ItemResolveArgs args, Int32 flattenFolderDepth, Boolean resolveShortcuts)
   at Emby.Server.Implementations.Library.LibraryManager.ResolvePath(FileSystemMetadata fileInfo, IDirectoryService directoryService, IItemResolver[] resolvers, Folder parent, Nullable`1 collectionType, LibraryOptions libraryOptions)
[2026-04-22 15:11:43.955 +01:00] [ERR] [91] Emby.Server.Implementations.Library.LibraryManager: Error in GetFilteredFileSystemEntries isPhysicalRoot: False IsVf: False
System.UnauthorizedAccessException: Access to the path '/shows/._Sherlock.Season.1-4.S01-S04.1080p.10bit.BluRay.5.1.x265.HEVC-MZABI' is denied.
 ---> System.IO.IOException: Operation not permitted
   --- End of inner exception stack trace ---
   at System.IO.FileSystemInfo.Create(String fullPath, String fileName, Boolean asDirectory, FileStatus& fileStatus)
   at System.IO.Enumeration.FileSystemEnumerable`1.DelegateEnumerator.TransformEntry(FileSystemEntry& entry)
   at System.IO.Enumeration.FileSystemEnumerator`1.MoveNext()
   at System.Linq.Enumerable.IEnumerableSelectIterator`2.ToArray()
   at MediaBrowser.Controller.IO.FileData.GetFilteredFileSystemEntries(IDirectoryService directoryService, String path, IFileSystem fileSystem, IServerApplicationHost appHost, ILogger logger, ItemResolveArgs args, Int32 flattenFolderDepth, Boolean resolveShortcuts)
   at Emby.Server.Implementations.Library.LibraryManager.ResolvePath(FileSystemMetadata fileInfo, IDirectoryService directoryService, IItemResolver[] resolvers, Folder parent, Nullable`1 collectionType, LibraryOptions libraryOptions)
[2026-04-22 15:11:43.965 +01:00] [ERR] [91] Emby.Server.Implementations.Library.LibraryManager: Error in GetFilteredFileSystemEntries isPhysicalRoot: False IsVf: False
System.UnauthorizedAccessException: Access to the path '/movies/._300 (2006) MULTi VFF 2160p 10bit 4KLight HDR BluRay AC3 5.1 x265-QTZ.mkv' is denied.
 ---> System.IO.IOException: Operation not permitted
   --- End of inner exception stack trace ---
   at System.IO.FileSystemInfo.Create(String fullPath, String fileName, Boolean asDirectory, FileStatus& fileStatus)
   at System.IO.Enumeration.FileSystemEnumerable`1.DelegateEnumerator.TransformEntry(FileSystemEntry& entry)
   at System.IO.Enumeration.FileSystemEnumerator`1.MoveNext()
   at System.Linq.Enumerable.IEnumerableSelectIterator`2.ToArray()
   at MediaBrowser.Controller.IO.FileData.GetFilteredFileSystemEntries(IDirectoryService directoryService, String path, IFileSystem fileSystem, IServerApplicationHost appHost, ILogger logger, ItemResolveArgs args, Int32 flattenFolderDepth, Boolean resolveShortcuts)
   at Emby.Server.Implementations.Library.LibraryManager.ResolvePath(FileSystemMetadata fileInfo, IDirectoryService directoryService, IItemResolver[] resolvers, Folder parent, Nullable`1 collectionType, LibraryOptions libraryOptions)
[2026-04-22 15:11:43.971 +01:00] [WRN] [91] MediaBrowser.Controller.Entities.BaseItem: Library folder "/config/data/data/playlists" is inaccessible or empty, skipping
[2026-04-22 15:11:43.976 +01:00] [ERR] [91] MediaBrowser.Controller.Entities.BaseItem: Error retrieving children
System.UnauthorizedAccessException: Access to the path '/shows/._Sherlock.Season.1-4.S01-S04.1080p.10bit.BluRay.5.1.x265.HEVC-MZABI' is denied.
 ---> System.IO.IOException: Operation not permitted
   --- End of inner exception stack trace ---
   at System.IO.FileSystemInfo.Create(String fullPath, String fileName, Boolean asDirectory, FileStatus& fileStatus)
   at System.IO.Enumeration.FileSystemEnumerable`1.DelegateEnumerator.TransformEntry(FileSystemEntry& entry)
   at System.IO.Enumeration.FileSystemEnumerator`1.MoveNext()
   at System.Linq.Enumerable.IEnumerableSelectIterator`2.ToArray()
   at MediaBrowser.Controller.Providers.DirectoryService.GetFileSystemEntries(String path)
   at MediaBrowser.Controller.Entities.Folder.GetNonCachedChildren(IDirectoryService directoryService)
   at MediaBrowser.Controller.Entities.Folder.ValidateChildrenInternal2(IProgress`1 progress, Boolean recursive, Boolean refreshChildMetadata, Boolean allowRemoveRoot, MetadataRefreshOptions refreshOptions, IDirectoryService directoryService, CancellationToken cancellationToken)
[2026-04-22 15:11:43.976 +01:00] [ERR] [80] MediaBrowser.Controller.Entities.BaseItem: Error retrieving children
System.UnauthorizedAccessException: Access to the path '/audiobooks/._Mythology' is denied.
 ---> System.IO.IOException: Operation not permitted
   --- End of inner exception stack trace ---
   at System.IO.FileSystemInfo.Create(String fullPath, String fileName, Boolean asDirectory, FileStatus& fileStatus)
   at System.IO.Enumeration.FileSystemEnumerable`1.DelegateEnumerator.TransformEntry(FileSystemEntry& entry)
   at System.IO.Enumeration.FileSystemEnumerator`1.MoveNext()
   at System.Linq.Enumerable.IEnumerableSelectIterator`2.ToArray()
   at MediaBrowser.Controller.Providers.DirectoryService.GetFileSystemEntries(String path)
   at MediaBrowser.Controller.Entities.Folder.GetNonCachedChildren(IDirectoryService directoryService)
   at MediaBrowser.Controller.Entities.Folder.ValidateChildrenInternal2(IProgress`1 progress, Boolean recursive, Boolean refreshChildMetadata, Boolean allowRemoveRoot, MetadataRefreshOptions refreshOptions, IDirectoryService directoryService, CancellationToken cancellationToken)
[2026-04-22 15:11:43.977 +01:00] [ERR] [59] MediaBrowser.Controller.Entities.BaseItem: Error retrieving children
System.UnauthorizedAccessException: Access to the path '/movies/._300 (2006) MULTi VFF 2160p 10bit 4KLight HDR BluRay AC3 5.1 x265-QTZ.mkv' is denied.
 ---> System.IO.IOException: Operation not permitted
   --- End of inner exception stack trace ---
   at System.IO.FileSystemInfo.Create(String fullPath, String fileName, Boolean asDirectory, FileStatus& fileStatus)
   at System.IO.Enumeration.FileSystemEnumerable`1.DelegateEnumerator.TransformEntry(FileSystemEntry& entry)
   at System.IO.Enumeration.FileSystemEnumerator`1.MoveNext()
   at System.Linq.Enumerable.IEnumerableSelectIterator`2.ToArray()
   at MediaBrowser.Controller.Providers.DirectoryService.GetFileSystemEntries(String path)
   at MediaBrowser.Controller.Entities.Folder.GetNonCachedChildren(IDirectoryService directoryService)
   at MediaBrowser.Controller.Entities.Folder.ValidateChildrenInternal2(IProgress`1 progress, Boolean recursive, Boolean refreshChildMetadata, Boolean allowRemoveRoot, MetadataRefreshOptions refreshOptions, IDirectoryService directoryService, CancellationToken cancellationToken)
[2026-04-22 15:11:44.031 +01:00] [ERR] [60] MediaBrowser.Controller.Entities.BaseItem: Error refreshing owned items for "/shows"
System.UnauthorizedAccessException: Access to the path '/shows/._Sherlock.Season.1-4.S01-S04.1080p.10bit.BluRay.5.1.x265.HEVC-MZABI' is denied.
 ---> System.IO.IOException: Operation not permitted
   --- End of inner exception stack trace ---
   at System.IO.FileSystemInfo.Create(String fullPath, String fileName, Boolean asDirectory, FileStatus& fileStatus)
   at System.IO.Enumeration.FileSystemEnumerable`1.DelegateEnumerator.TransformEntry(FileSystemEntry& entry)
   at System.IO.Enumeration.FileSystemEnumerator`1.MoveNext()
   at System.Linq.Enumerable.IEnumerableSelectIterator`2.ToArray()
   at MediaBrowser.Controller.Providers.DirectoryService.GetFileSystemEntries(String path)
   at MediaBrowser.Controller.Entities.BaseItem.RefreshMetadata(MetadataRefreshOptions options, CancellationToken cancellationToken)
[2026-04-22 15:11:44.031 +01:00] [ERR] [91] MediaBrowser.Controller.Entities.BaseItem: Error refreshing owned items for "/audiobooks"
System.UnauthorizedAccessException: Access to the path '/audiobooks/._Mythology' is denied.
 ---> System.IO.IOException: Operation not permitted
   --- End of inner exception stack trace ---
   at System.IO.FileSystemInfo.Create(String fullPath, String fileName, Boolean asDirectory, FileStatus& fileStatus)
   at System.IO.Enumeration.FileSystemEnumerable`1.DelegateEnumerator.TransformEntry(FileSystemEntry& entry)
   at System.IO.Enumeration.FileSystemEnumerator`1.MoveNext()
   at System.Linq.Enumerable.IEnumerableSelectIterator`2.ToArray()
   at MediaBrowser.Controller.Providers.DirectoryService.GetFileSystemEntries(String path)
   at MediaBrowser.Controller.Entities.BaseItem.RefreshMetadata(MetadataRefreshOptions options, CancellationToken cancellationToken)
[2026-04-22 15:11:44.036 +01:00] [ERR] [96] MediaBrowser.Controller.Entities.BaseItem: Error refreshing owned items for "/movies"
System.UnauthorizedAccessException: Access to the path '/movies/._300 (2006) MULTi VFF 2160p 10bit 4KLight HDR BluRay AC3 5.1 x265-QTZ.mkv' is denied.
 ---> System.IO.IOException: Operation not permitted
   --- End of inner exception stack trace ---
   at System.IO.FileSystemInfo.Create(String fullPath, String fileName, Boolean asDirectory, FileStatus& fileStatus)
   at System.IO.Enumeration.FileSystemEnumerable`1.DelegateEnumerator.TransformEntry(FileSystemEntry& entry)
   at System.IO.Enumeration.FileSystemEnumerator`1.MoveNext()
   at System.Linq.Enumerable.IEnumerableSelectIterator`2.ToArray()
   at MediaBrowser.Controller.Providers.DirectoryService.GetFileSystemEntries(String path)
   at MediaBrowser.Controller.Entities.BaseItem.RefreshMetadata(MetadataRefreshOptions options, CancellationToken cancellationToken)
[2026-04-22 15:11:44.037 +01:00] [ERR] [60] MediaBrowser.Providers.Folders.FolderMetadataService: Error validating images for "/shows"
System.UnauthorizedAccessException: Access to the path '/shows/._Sherlock.Season.1-4.S01-S04.1080p.10bit.BluRay.5.1.x265.HEVC-MZABI' is denied.
 ---> System.IO.IOException: Operation not permitted
   --- End of inner exception stack trace ---
   at System.IO.FileSystemInfo.Create(String fullPath, String fileName, Boolean asDirectory, FileStatus& fileStatus)
   at System.IO.Enumeration.FileSystemEnumerable`1.DelegateEnumerator.TransformEntry(FileSystemEntry& entry)
   at System.IO.Enumeration.FileSystemEnumerator`1.MoveNext()
   at System.Linq.Enumerable.IEnumerableSelectIterator`2.ToArray()
   at MediaBrowser.LocalMetadata.Images.LocalImageProvider.GetFiles(BaseItem item, Boolean includeDirectories, IDirectoryService directoryService)
   at MediaBrowser.LocalMetadata.Images.LocalImageProvider.GetImages(BaseItem item, IDirectoryService directoryService)
   at System.Linq.Enumerable.SelectManySingleSelectorIterator`2.ToList()
   at MediaBrowser.Providers.Manager.ItemImageProvider.ValidateImages(BaseItem item, IEnumerable`1 providers, ImageRefreshOptions refreshOptions)
   at MediaBrowser.Providers.Manager.MetadataService`2.RefreshMetadata(BaseItem item, MetadataRefreshOptions refreshOptions, CancellationToken cancellationToken)
[2026-04-22 15:11:44.037 +01:00] [ERR] [91] MediaBrowser.Providers.Folders.FolderMetadataService: Error validating images for "/audiobooks"
System.UnauthorizedAccessException: Access to the path '/audiobooks/._Mythology' is denied.
 ---> System.IO.IOException: Operation not permitted
   --- End of inner exception stack trace ---
   at System.IO.FileSystemInfo.Create(String fullPath, String fileName, Boolean asDirectory, FileStatus& fileStatus)
   at System.IO.Enumeration.FileSystemEnumerable`1.DelegateEnumerator.TransformEntry(FileSystemEntry& entry)
   at System.IO.Enumeration.FileSystemEnumerator`1.MoveNext()
   at System.Linq.Enumerable.IEnumerableSelectIterator`2.ToArray()
   at MediaBrowser.LocalMetadata.Images.LocalImageProvider.GetFiles(BaseItem item, Boolean includeDirectories, IDirectoryService directoryService)
   at MediaBrowser.LocalMetadata.Images.LocalImageProvider.GetImages(BaseItem item, IDirectoryService directoryService)
   at System.Linq.Enumerable.SelectManySingleSelectorIterator`2.ToList()
   at MediaBrowser.Providers.Manager.ItemImageProvider.ValidateImages(BaseItem item, IEnumerable`1 providers, ImageRefreshOptions refreshOptions)
   at MediaBrowser.Providers.Manager.MetadataService`2.RefreshMetadata(BaseItem item, MetadataRefreshOptions refreshOptions, CancellationToken cancellationToken)
[2026-04-22 15:11:44.038 +01:00] [ERR] [96] MediaBrowser.Providers.Folders.FolderMetadataService: Error validating images for "/movies"
System.UnauthorizedAccessException: Access to the path '/movies/._300 (2006) MULTi VFF 2160p 10bit 4KLight HDR BluRay AC3 5.1 x265-QTZ.mkv' is denied.
 ---> System.IO.IOException: Operation not permitted
   --- End of inner exception stack trace ---
   at System.IO.FileSystemInfo.Create(String fullPath, String fileName, Boolean asDirectory, FileStatus& fileStatus)
   at System.IO.Enumeration.FileSystemEnumerable`1.DelegateEnumerator.TransformEntry(FileSystemEntry& entry)
   at System.IO.Enumeration.FileSystemEnumerator`1.MoveNext()
   at System.Linq.Enumerable.IEnumerableSelectIterator`2.ToArray()
   at MediaBrowser.LocalMetadata.Images.LocalImageProvider.GetFiles(BaseItem item, Boolean includeDirectories, IDirectoryService directoryService)
   at MediaBrowser.LocalMetadata.Images.LocalImageProvider.GetImages(BaseItem item, IDirectoryService directoryService)
   at System.Linq.Enumerable.SelectManySingleSelectorIterator`2.ToList()
   at MediaBrowser.Providers.Manager.ItemImageProvider.ValidateImages(BaseItem item, IEnumerable`1 providers, ImageRefreshOptions refreshOptions)
   at MediaBrowser.Providers.Manager.MetadataService`2.RefreshMetadata(BaseItem item, MetadataRefreshOptions refreshOptions, CancellationToken cancellationToken)
[2026-04-22 15:11:44.588 +01:00] [ERR] [96] MediaBrowser.Controller.Entities.BaseItem: Error refreshing owned items for "/movies/Burning.2018.KOREAN.1080p.BRRip.x264.MkvCage.ws.mkv"
System.UnauthorizedAccessException: Access to the path '/movies/._300 (2006) MULTi VFF 2160p 10bit 4KLight HDR BluRay AC3 5.1 x265-QTZ.mkv' is denied.
 ---> System.IO.IOException: Operation not permitted
   --- End of inner exception stack trace ---
   at System.IO.FileSystemInfo.Create(String fullPath, String fileName, Boolean asDirectory, FileStatus& fileStatus)
   at System.IO.Enumeration.FileSystemEnumerable`1.DelegateEnumerator.TransformEntry(FileSystemEntry& entry)
   at System.IO.Enumeration.FileSystemEnumerator`1.MoveNext()
   at System.Linq.Enumerable.IEnumerableSelectIterator`2.ToArray()
   at MediaBrowser.Controller.Providers.DirectoryService.GetFileSystemEntries(String path)
   at MediaBrowser.Controller.Entities.BaseItem.RefreshMetadata(MetadataRefreshOptions options, CancellationToken cancellationToken)
[2026-04-22 15:11:44.589 +01:00] [ERR] [96] MediaBrowser.Providers.Movies.MovieMetadataService: Error validating images for "/movies/Burning.2018.KOREAN.1080p.BRRip.x264.MkvCage.ws.mkv"
System.UnauthorizedAccessException: Access to the path '/movies/._300 (2006) MULTi VFF 2160p 10bit 4KLight HDR BluRay AC3 5.1 x265-QTZ.mkv' is denied.
 ---> System.IO.IOException: Operation not permitted
   --- End of inner exception stack trace ---
   at System.IO.FileSystemInfo.Create(String fullPath, String fileName, Boolean asDirectory, FileStatus& fileStatus)
   at System.IO.Enumeration.FileSystemEnumerable`1.DelegateEnumerator.TransformEntry(FileSystemEntry& entry)
   at System.IO.Enumeration.FileSystemEnumerator`1.MoveNext()
   at System.Linq.Enumerable.IEnumerableSelectIterator`2.ToArray()
   at MediaBrowser.LocalMetadata.Images.LocalImageProvider.GetFiles(BaseItem item, Boolean includeDirectories, IDirectoryService directoryService)
   at MediaBrowser.LocalMetadata.Images.LocalImageProvider.GetImages(BaseItem item, IDirectoryService directoryService)
   at System.Linq.Enumerable.SelectManySingleSelectorIterator`2.ToList()
   at MediaBrowser.Providers.Manager.ItemImageProvider.ValidateImages(BaseItem item, IEnumerable`1 providers, ImageRefreshOptions refreshOptions)
   at MediaBrowser.Providers.Manager.MetadataService`2.RefreshMetadata(BaseItem item, MetadataRefreshOptions refreshOptions, CancellationToken cancellationToken)
[2026-04-22 15:11:44.676 +01:00] [ERR] [96] MediaBrowser.Controller.Entities.BaseItem: Error refreshing owned items for "/movies/comrades.almost.a.love.story.1996.720p.bluray.hevc.x265.rmteam.mkv"
System.UnauthorizedAccessException: Access to the path '/movies/._300 (2006) MULTi VFF 2160p 10bit 4KLight HDR BluRay AC3 5.1 x265-QTZ.mkv' is denied.
 ---> System.IO.IOException: Operation not permitted
   --- End of inner exception stack trace ---
   at System.IO.FileSystemInfo.Create(String fullPath, String fileName, Boolean asDirectory, FileStatus& fileStatus)
   at System.IO.Enumeration.FileSystemEnumerable`1.DelegateEnumerator.TransformEntry(FileSystemEntry& entry)
   at System.IO.Enumeration.FileSystemEnumerator`1.MoveNext()
   at System.Linq.Enumerable.IEnumerableSelectIterator`2.ToArray()
   at MediaBrowser.Controller.Providers.DirectoryService.GetFileSystemEntries(String path)
   at MediaBrowser.Controller.Entities.BaseItem.RefreshMetadata(MetadataRefreshOptions options, CancellationToken cancellationToken)
[2026-04-22 15:11:44.677 +01:00] [ERR] [96] MediaBrowser.Providers.Movies.MovieMetadataService: Error validating images for "/movies/comrades.almost.a.love.story.1996.720p.bluray.hevc.x265.rmteam.mkv"
System.UnauthorizedAccessException: Access to the path '/movies/._300 (2006) MULTi VFF 2160p 10bit 4KLight HDR BluRay AC3 5.1 x265-QTZ.mkv' is denied.
 ---> System.IO.IOException: Operation not permitted
   --- End of inner exception stack trace ---
   at System.IO.FileSystemInfo.Create(String fullPath, String fileName, Boolean asDirectory, FileStatus& fileStatus)
   at System.IO.Enumeration.FileSystemEnumerable`1.DelegateEnumerator.TransformEntry(FileSystemEntry& entry)
   at System.IO.Enumeration.FileSystemEnumerator`1.MoveNext()
   at System.Linq.Enumerable.IEnumerableSelectIterator`2.ToArray()
   at MediaBrowser.LocalMetadata.Images.LocalImageProvider.GetFiles(BaseItem item, Boolean includeDirectories, IDirectoryService directoryService)
   at MediaBrowser.LocalMetadata.Images.LocalImageProvider.GetImages(BaseItem item, IDirectoryService directoryService)
   at System.Linq.Enumerable.SelectManySingleSelectorIterator`2.ToList()
   at MediaBrowser.Providers.Manager.ItemImageProvider.ValidateImages(BaseItem item, IEnumerable`1 providers, ImageRefreshOptions refreshOptions)
   at MediaBrowser.Providers.Manager.MetadataService`2.RefreshMetadata(BaseItem item, MetadataRefreshOptions refreshOptions, CancellationToken cancellationToken)
[2026-04-22 15:11:44.706 +01:00] [ERR] [96] MediaBrowser.Controller.Entities.BaseItem: Error refreshing owned items for "/movies/Decision To Leave 2022 1080p Korean WEB-DL HEVC x265 5.1 BONE.mkv"
System.UnauthorizedAccessException: Access to the path '/movies/._300 (2006) MULTi VFF 2160p 10bit 4KLight HDR BluRay AC3 5.1 x265-QTZ.mkv' is denied.
 ---> System.IO.IOException: Operation not permitted
   --- End of inner exception stack trace ---
   at System.IO.FileSystemInfo.Create(String fullPath, String fileName, Boolean asDirectory, FileStatus& fileStatus)
   at System.IO.Enumeration.FileSystemEnumerable`1.DelegateEnumerator.TransformEntry(FileSystemEntry& entry)
   at System.IO.Enumeration.FileSystemEnumerator`1.MoveNext()
   at System.Linq.Enumerable.IEnumerableSelectIterator`2.ToArray()
   at MediaBrowser.Controller.Providers.DirectoryService.GetFileSystemEntries(String path)
   at MediaBrowser.Controller.Entities.BaseItem.RefreshMetadata(MetadataRefreshOptions options, CancellationToken cancellationToken)
[2026-04-22 15:11:44.708 +01:00] [ERR] [96] MediaBrowser.Providers.Movies.MovieMetadataService: Error validating images for "/movies/Decision To Leave 2022 1080p Korean WEB-DL HEVC x265 5.1 BONE.mkv"
System.UnauthorizedAccessException: Access to the path '/movies/._300 (2006) MULTi VFF 2160p 10bit 4KLight HDR BluRay AC3 5.1 x265-QTZ.mkv' is denied.
 ---> System.IO.IOException: Operation not permitted
   --- End of inner exception stack trace ---
   at System.IO.FileSystemInfo.Create(String fullPath, String fileName, Boolean asDirectory, FileStatus& fileStatus)
   at System.IO.Enumeration.FileSystemEnumerable`1.DelegateEnumerator.TransformEntry(FileSystemEntry& entry)
   at System.IO.Enumeration.FileSystemEnumerator`1.MoveNext()
   at System.Linq.Enumerable.IEnumerableSelectIterator`2.ToArray()
   at MediaBrowser.LocalMetadata.Images.LocalImageProvider.GetFiles(BaseItem item, Boolean includeDirectories, IDirectoryService directoryService)
   at MediaBrowser.LocalMetadata.Images.LocalImageProvider.GetImages(BaseItem item, IDirectoryService directoryService)
   at System.Linq.Enumerable.SelectManySingleSelectorIterator`2.ToList()
   at MediaBrowser.Providers.Manager.ItemImageProvider.ValidateImages(BaseItem item, IEnumerable`1 providers, ImageRefreshOptions refreshOptions)
   at MediaBrowser.Providers.Manager.MetadataService`2.RefreshMetadata(BaseItem item, MetadataRefreshOptions refreshOptions, CancellationToken cancellationToken)
[2026-04-22 15:11:44.897 +01:00] [ERR] [96] MediaBrowser.Controller.Entities.BaseItem: Error refreshing owned items for "/movies/Gladiator.2000.Bluray.2160p.AV1.HDR10.OPUS.7.1-UH.mkv"
System.UnauthorizedAccessException: Access to the path '/movies/._300 (2006) MULTi VFF 2160p 10bit 4KLight HDR BluRay AC3 5.1 x265-QTZ.mkv' is denied.
 ---> System.IO.IOException: Operation not permitted
   --- End of inner exception stack trace ---
   at System.IO.FileSystemInfo.Create(String fullPath, String fileName, Boolean asDirectory, FileStatus& fileStatus)
   at System.IO.Enumeration.FileSystemEnumerable`1.DelegateEnumerator.TransformEntry(FileSystemEntry& entry)
   at System.IO.Enumeration.FileSystemEnumerator`1.MoveNext()
   at System.Linq.Enumerable.IEnumerableSelectIterator`2.ToArray()
   at MediaBrowser.Controller.Providers.DirectoryService.GetFileSystemEntries(String path)
   at MediaBrowser.Controller.Entities.BaseItem.RefreshMetadata(MetadataRefreshOptions options, CancellationToken cancellationToken)
[2026-04-22 15:11:44.898 +01:00] [ERR] [96] MediaBrowser.Providers.Movies.MovieMetadataService: Error validating images for "/movies/Gladiator.2000.Bluray.2160p.AV1.HDR10.OPUS.7.1-UH.mkv"
System.UnauthorizedAccessException: Access to the path '/movies/._300 (2006) MULTi VFF 2160p 10bit 4KLight HDR BluRay AC3 5.1 x265-QTZ.mkv' is denied.
 ---> System.IO.IOException: Operation not permitted
   --- End of inner exception stack trace ---
   at System.IO.FileSystemInfo.Create(String fullPath, String fileName, Boolean asDirectory, FileStatus& fileStatus)
   at System.IO.Enumeration.FileSystemEnumerable`1.DelegateEnumerator.TransformEntry(FileSystemEntry& entry)
   at System.IO.Enumeration.FileSystemEnumerator`1.MoveNext()
   at System.Linq.Enumerable.IEnumerableSelectIterator`2.ToArray()
   at MediaBrowser.LocalMetadata.Images.LocalImageProvider.GetFiles(BaseItem item, Boolean includeDirectories, IDirectoryService directoryService)
   at MediaBrowser.LocalMetadata.Images.LocalImageProvider.GetImages(BaseItem item, IDirectoryService directoryService)
   at System.Linq.Enumerable.SelectManySingleSelectorIterator`2.ToList()
   at MediaBrowser.Providers.Manager.ItemImageProvider.ValidateImages(BaseItem item, IEnumerable`1 providers, ImageRefreshOptions refreshOptions)
   at MediaBrowser.Providers.Manager.MetadataService`2.RefreshMetadata(BaseItem item, MetadataRefreshOptions refreshOptions, CancellationToken cancellationToken)
[2026-04-22 15:11:45.450 +01:00] [ERR] [96] MediaBrowser.Controller.Entities.BaseItem: Error refreshing owned items for "/movies/La Jetée (1963) Criterion (1080p BluRay x265 afm72).mkv"
System.UnauthorizedAccessException: Access to the path '/movies/._300 (2006) MULTi VFF 2160p 10bit 4KLight HDR BluRay AC3 5.1 x265-QTZ.mkv' is denied.
 ---> System.IO.IOException: Operation not permitted
   --- End of inner exception stack trace ---
   at System.IO.FileSystemInfo.Create(String fullPath, String fileName, Boolean asDirectory, FileStatus& fileStatus)
   at System.IO.Enumeration.FileSystemEnumerable`1.DelegateEnumerator.TransformEntry(FileSystemEntry& entry)
   at System.IO.Enumeration.FileSystemEnumerator`1.MoveNext()
   at System.Linq.Enumerable.IEnumerableSelectIterator`2.ToArray()
   at MediaBrowser.Controller.Providers.DirectoryService.GetFileSystemEntries(String path)
   at MediaBrowser.Controller.Entities.BaseItem.RefreshMetadata(MetadataRefreshOptions options, CancellationToken cancellationToken)
[2026-04-22 15:11:45.452 +01:00] [ERR] [96] MediaBrowser.Providers.Movies.MovieMetadataService: Error validating images for "/movies/La Jetée (1963) Criterion (1080p BluRay x265 afm72).mkv"
System.UnauthorizedAccessException: Access to the path '/movies/._300 (2006) MULTi VFF 2160p 10bit 4KLight HDR BluRay AC3 5.1 x265-QTZ.mkv' is denied.
 ---> System.IO.IOException: Operation not permitted
   --- End of inner exception stack trace ---
   at System.IO.FileSystemInfo.Create(String fullPath, String fileName, Boolean asDirectory, FileStatus& fileStatus)
   at System.IO.Enumeration.FileSystemEnumerable`1.DelegateEnumerator.TransformEntry(FileSystemEntry& entry)
   at System.IO.Enumeration.FileSystemEnumerator`1.MoveNext()
   at System.Linq.Enumerable.IEnumerableSelectIterator`2.ToArray()
   at MediaBrowser.LocalMetadata.Images.LocalImageProvider.GetFiles(BaseItem item, Boolean includeDirectories, IDirectoryService directoryService)
   at MediaBrowser.LocalMetadata.Images.LocalImageProvider.GetImages(BaseItem item, IDirectoryService directoryService)
   at System.Linq.Enumerable.SelectManySingleSelectorIterator`2.ToList()
   at MediaBrowser.Providers.Manager.ItemImageProvider.ValidateImages(BaseItem item, IEnumerable`1 providers, ImageRefreshOptions refreshOptions)
   at MediaBrowser.Providers.Manager.MetadataService`2.RefreshMetadata(BaseItem item, MetadataRefreshOptions refreshOptions, CancellationToken cancellationToken)
[2026-04-22 15:11:45.546 +01:00] [ERR] [96] MediaBrowser.Controller.Entities.BaseItem: Error refreshing owned items for "/movies/The Lord Of The Rings The Return Of The King (2003) [EXTENDED] [2160p] [4K] [BluRay] [5.1] [YTS.MX]"
System.UnauthorizedAccessException: Access to the path '/movies/The Lord Of The Rings The Return Of The King (2003) [EXTENDED] [2160p] [4K] [BluRay] [5.1] [YTS.MX]/._The.Lord.Of.The.Rings.The.Return.Of.The.King.2003.EXTENDED.2160p.4K.BluRay.x265.10bit.AAC5.1-[YTS.MX].mkv' is denied.
 ---> System.IO.IOException: Operation not permitted
   --- End of inner exception stack trace ---
   at System.IO.FileSystemInfo.Create(String fullPath, String fileName, Boolean asDirectory, FileStatus& fileStatus)
   at System.IO.Enumeration.FileSystemEnumerable`1.DelegateEnumerator.TransformEntry(FileSystemEntry& entry)
   at System.IO.Enumeration.FileSystemEnumerator`1.MoveNext()
   at System.Linq.Enumerable.IEnumerableSelectIterator`2.ToArray()
   at MediaBrowser.Controller.Providers.DirectoryService.GetFileSystemEntries(String path)
   at MediaBrowser.Controller.Entities.BaseItem.RefreshMetadata(MetadataRefreshOptions options, CancellationToken cancellationToken)
[2026-04-22 15:11:45.546 +01:00] [ERR] [96] MediaBrowser.Providers.Folders.FolderMetadataService: Error validating images for "/movies/The Lord Of The Rings The Return Of The King (2003) [EXTENDED] [2160p] [4K] [BluRay] [5.1] [YTS.MX]"
System.UnauthorizedAccessException: Access to the path '/movies/The Lord Of The Rings The Return Of The King (2003) [EXTENDED] [2160p] [4K] [BluRay] [5.1] [YTS.MX]/._The.Lord.Of.The.Rings.The.Return.Of.The.King.2003.EXTENDED.2160p.4K.BluRay.x265.10bit.AAC5.1-[YTS.MX].mkv' is denied.
 ---> System.IO.IOException: Operation not permitted
   --- End of inner exception stack trace ---
   at System.IO.FileSystemInfo.Create(String fullPath, String fileName, Boolean asDirectory, FileStatus& fileStatus)
   at System.IO.Enumeration.FileSystemEnumerable`1.DelegateEnumerator.TransformEntry(FileSystemEntry& entry)
   at System.IO.Enumeration.FileSystemEnumerator`1.MoveNext()
   at System.Linq.Enumerable.IEnumerableSelectIterator`2.ToArray()
   at MediaBrowser.LocalMetadata.Images.LocalImageProvider.GetFiles(BaseItem item, Boolean includeDirectories, IDirectoryService directoryService)
   at MediaBrowser.LocalMetadata.Images.LocalImageProvider.GetImages(BaseItem item, IDirectoryService directoryService)
   at System.Linq.Enumerable.SelectManySingleSelectorIterator`2.ToList()
   at MediaBrowser.Providers.Manager.ItemImageProvider.ValidateImages(BaseItem item, IEnumerable`1 providers, ImageRefreshOptions refreshOptions)
   at MediaBrowser.Providers.Manager.MetadataService`2.RefreshMetadata(BaseItem item, MetadataRefreshOptions refreshOptions, CancellationToken cancellationToken)
[2026-04-22 15:11:45.585 +01:00] [ERR] [96] MediaBrowser.Controller.Entities.BaseItem: Error refreshing owned items for "/movies/The Lord Of The Rings The Two Towers (2002) [EXTENDED] [2160p] [4K] [BluRay] [5.1] [YTS.MX]"
System.IO.DirectoryNotFoundException: Could not find a part of the path '/movies/The Lord Of The Rings The Two Towers (2002) [EXTENDED] [2160p] [4K] [BluRay] [5.1] [YTS.MX]'.
   at System.IO.Enumeration.FileSystemEnumerator`1.Init()
   at System.IO.DirectoryInfo.InternalEnumerateInfos(String path, String searchPattern, SearchTarget searchTarget, EnumerationOptions options)
   at MediaBrowser.Controller.Providers.DirectoryService.<>c.<GetFileSystemEntries>b__5_0(String p, IFileSystem fileSystem)
   at MediaBrowser.Controller.Providers.DirectoryService.GetFileSystemEntries(String path)
   at MediaBrowser.Controller.Entities.BaseItem.RefreshMetadata(MetadataRefreshOptions options, CancellationToken cancellationToken)
[2026-04-22 15:11:45.658 +01:00] [ERR] [96] MediaBrowser.Controller.Entities.BaseItem: Error refreshing owned items for "/movies/Love in the Big City 2024 1080p Korean WEB-DL HEVC x265 BONE.mkv"
System.UnauthorizedAccessException: Access to the path '/movies/._300 (2006) MULTi VFF 2160p 10bit 4KLight HDR BluRay AC3 5.1 x265-QTZ.mkv' is denied.
 ---> System.IO.IOException: Operation not permitted
   --- End of inner exception stack trace ---
   at System.IO.FileSystemInfo.Create(String fullPath, String fileName, Boolean asDirectory, FileStatus& fileStatus)
   at System.IO.Enumeration.FileSystemEnumerable`1.DelegateEnumerator.TransformEntry(FileSystemEntry& entry)
   at System.IO.Enumeration.FileSystemEnumerator`1.MoveNext()
   at System.Linq.Enumerable.IEnumerableSelectIterator`2.ToArray()
   at MediaBrowser.Controller.Providers.DirectoryService.GetFileSystemEntries(String path)
   at MediaBrowser.Controller.Entities.BaseItem.RefreshMetadata(MetadataRefreshOptions options, CancellationToken cancellationToken)
[2026-04-22 15:11:45.659 +01:00] [ERR] [96] MediaBrowser.Providers.Movies.MovieMetadataService: Error validating images for "/movies/Love in the Big City 2024 1080p Korean WEB-DL HEVC x265 BONE.mkv"
System.UnauthorizedAccessException: Access to the path '/movies/._300 (2006) MULTi VFF 2160p 10bit 4KLight HDR BluRay AC3 5.1 x265-QTZ.mkv' is denied.
 ---> System.IO.IOException: Operation not permitted
   --- End of inner exception stack trace ---
   at System.IO.FileSystemInfo.Create(String fullPath, String fileName, Boolean asDirectory, FileStatus& fileStatus)
   at System.IO.Enumeration.FileSystemEnumerable`1.DelegateEnumerator.TransformEntry(FileSystemEntry& entry)
   at System.IO.Enumeration.FileSystemEnumerator`1.MoveNext()
   at System.Linq.Enumerable.IEnumerableSelectIterator`2.ToArray()
   at MediaBrowser.LocalMetadata.Images.LocalImageProvider.GetFiles(BaseItem item, Boolean includeDirectories, IDirectoryService directoryService)
   at MediaBrowser.LocalMetadata.Images.LocalImageProvider.GetImages(BaseItem item, IDirectoryService directoryService)
   at System.Linq.Enumerable.SelectManySingleSelectorIterator`2.ToList()
   at MediaBrowser.Providers.Manager.ItemImageProvider.ValidateImages(BaseItem item, IEnumerable`1 providers, ImageRefreshOptions refreshOptions)
   at MediaBrowser.Providers.Manager.MetadataService`2.RefreshMetadata(BaseItem item, MetadataRefreshOptions refreshOptions, CancellationToken cancellationToken)
[2026-04-22 15:11:45.676 +01:00] [ERR] [96] MediaBrowser.Controller.Entities.BaseItem: Error refreshing owned items for "/movies/Mary Poppins (1964) BDRip ENG-ITA x265 subs -Shiv@.mkv"
System.UnauthorizedAccessException: Access to the path '/movies/._300 (2006) MULTi VFF 2160p 10bit 4KLight HDR BluRay AC3 5.1 x265-QTZ.mkv' is denied.
 ---> System.IO.IOException: Operation not permitted
   --- End of inner exception stack trace ---
   at System.IO.FileSystemInfo.Create(String fullPath, String fileName, Boolean asDirectory, FileStatus& fileStatus)
   at System.IO.Enumeration.FileSystemEnumerable`1.DelegateEnumerator.TransformEntry(FileSystemEntry& entry)
   at System.IO.Enumeration.FileSystemEnumerator`1.MoveNext()
   at System.Linq.Enumerable.IEnumerableSelectIterator`2.ToArray()
   at MediaBrowser.Controller.Providers.DirectoryService.GetFileSystemEntries(String path)
   at MediaBrowser.Controller.Entities.BaseItem.RefreshMetadata(MetadataRefreshOptions options, CancellationToken cancellationToken)
[2026-04-22 15:11:45.678 +01:00] [ERR] [96] MediaBrowser.Providers.Movies.MovieMetadataService: Error validating images for "/movies/Mary Poppins (1964) BDRip ENG-ITA x265 subs -Shiv@.mkv"
System.UnauthorizedAccessException: Access to the path '/movies/._300 (2006) MULTi VFF 2160p 10bit 4KLight HDR BluRay AC3 5.1 x265-QTZ.mkv' is denied.
 ---> System.IO.IOException: Operation not permitted
   --- End of inner exception stack trace ---
   at System.IO.FileSystemInfo.Create(String fullPath, String fileName, Boolean asDirectory, FileStatus& fileStatus)
   at System.IO.Enumeration.FileSystemEnumerable`1.DelegateEnumerator.TransformEntry(FileSystemEntry& entry)
   at System.IO.Enumeration.FileSystemEnumerator`1.MoveNext()
   at System.Linq.Enumerable.IEnumerableSelectIterator`2.ToArray()
   at MediaBrowser.LocalMetadata.Images.LocalImageProvider.GetFiles(BaseItem item, Boolean includeDirectories, IDirectoryService directoryService)
   at MediaBrowser.LocalMetadata.Images.LocalImageProvider.GetImages(BaseItem item, IDirectoryService directoryService)
   at System.Linq.Enumerable.SelectManySingleSelectorIterator`2.ToList()
   at MediaBrowser.Providers.Manager.ItemImageProvider.ValidateImages(BaseItem item, IEnumerable`1 providers, ImageRefreshOptions refreshOptions)
   at MediaBrowser.Providers.Manager.MetadataService`2.RefreshMetadata(BaseItem item, MetadataRefreshOptions refreshOptions, CancellationToken cancellationToken)
[2026-04-22 15:11:45.919 +01:00] [ERR] [96] MediaBrowser.Controller.Entities.BaseItem: Error refreshing owned items for "/movies/Project Hail Mary [2026] WEBrip YG"
System.UnauthorizedAccessException: Access to the path '/movies/Project Hail Mary [2026] WEBrip YG/._Project.Hail.Mary.2026.2160p.WEBrip.h265.Dual YG.mkv' is denied.
 ---> System.IO.IOException: Operation not permitted
   --- End of inner exception stack trace ---
   at System.IO.FileSystemInfo.Create(String fullPath, String fileName, Boolean asDirectory, FileStatus& fileStatus)
   at System.IO.Enumeration.FileSystemEnumerable`1.DelegateEnumerator.TransformEntry(FileSystemEntry& entry)
   at System.IO.Enumeration.FileSystemEnumerator`1.MoveNext()
   at System.Linq.Enumerable.IEnumerableSelectIterator`2.ToArray()
   at MediaBrowser.Controller.Providers.DirectoryService.GetFileSystemEntries(String path)
   at MediaBrowser.Controller.Entities.BaseItem.RefreshMetadata(MetadataRefreshOptions options, CancellationToken cancellationToken)
[2026-04-22 15:11:45.919 +01:00] [ERR] [96] MediaBrowser.Providers.Folders.FolderMetadataService: Error validating images for "/movies/Project Hail Mary [2026] WEBrip YG"
System.UnauthorizedAccessException: Access to the path '/movies/Project Hail Mary [2026] WEBrip YG/._Project.Hail.Mary.2026.2160p.WEBrip.h265.Dual YG.mkv' is denied.
 ---> System.IO.IOException: Operation not permitted
   --- End of inner exception stack trace ---
   at System.IO.FileSystemInfo.Create(String fullPath, String fileName, Boolean asDirectory, FileStatus& fileStatus)
   at System.IO.Enumeration.FileSystemEnumerable`1.DelegateEnumerator.TransformEntry(FileSystemEntry& entry)
   at System.IO.Enumeration.FileSystemEnumerator`1.MoveNext()
   at System.Linq.Enumerable.IEnumerableSelectIterator`2.ToArray()
   at MediaBrowser.LocalMetadata.Images.LocalImageProvider.GetFiles(BaseItem item, Boolean includeDirectories, IDirectoryService directoryService)
   at MediaBrowser.LocalMetadata.Images.LocalImageProvider.GetImages(BaseItem item, IDirectoryService directoryService)
   at System.Linq.Enumerable.SelectManySingleSelectorIterator`2.ToList()
   at MediaBrowser.Providers.Manager.ItemImageProvider.ValidateImages(BaseItem item, IEnumerable`1 providers, ImageRefreshOptions refreshOptions)
   at MediaBrowser.Providers.Manager.MetadataService`2.RefreshMetadata(BaseItem item, MetadataRefreshOptions refreshOptions, CancellationToken cancellationToken)
[2026-04-22 15:11:45.921 +01:00] [ERR] [96] MediaBrowser.Controller.Entities.BaseItem: Error refreshing owned items for "/movies/Project Hail Mary [2026] WEBrip YG/Project.Hail.Mary.2026.2160p.WEBrip.h265.Dual YG.mkv"
System.UnauthorizedAccessException: Access to the path '/movies/Project Hail Mary [2026] WEBrip YG/._Project.Hail.Mary.2026.2160p.WEBrip.h265.Dual YG.mkv' is denied.
 ---> System.IO.IOException: Operation not permitted
   --- End of inner exception stack trace ---
   at System.IO.FileSystemInfo.Create(String fullPath, String fileName, Boolean asDirectory, FileStatus& fileStatus)
   at System.IO.Enumeration.FileSystemEnumerable`1.DelegateEnumerator.TransformEntry(FileSystemEntry& entry)
   at System.IO.Enumeration.FileSystemEnumerator`1.MoveNext()
   at System.Linq.Enumerable.IEnumerableSelectIterator`2.ToArray()
   at MediaBrowser.Controller.Providers.DirectoryService.GetFileSystemEntries(String path)
   at MediaBrowser.Controller.Entities.BaseItem.RefreshMetadata(MetadataRefreshOptions options, CancellationToken cancellationToken)
[2026-04-22 15:11:45.922 +01:00] [ERR] [96] MediaBrowser.Providers.Movies.MovieMetadataService: Error validating images for "/movies/Project Hail Mary [2026] WEBrip YG/Project.Hail.Mary.2026.2160p.WEBrip.h265.Dual YG.mkv"
System.UnauthorizedAccessException: Access to the path '/movies/Project Hail Mary [2026] WEBrip YG/._Project.Hail.Mary.2026.2160p.WEBrip.h265.Dual YG.mkv' is denied.
 ---> System.IO.IOException: Operation not permitted
   --- End of inner exception stack trace ---
   at System.IO.FileSystemInfo.Create(String fullPath, String fileName, Boolean asDirectory, FileStatus& fileStatus)
   at System.IO.Enumeration.FileSystemEnumerable`1.DelegateEnumerator.TransformEntry(FileSystemEntry& entry)
   at System.IO.Enumeration.FileSystemEnumerator`1.MoveNext()
   at System.Linq.Enumerable.IEnumerableSelectIterator`2.ToArray()
   at MediaBrowser.LocalMetadata.Images.LocalImageProvider.GetFiles(BaseItem item, Boolean includeDirectories, IDirectoryService directoryService)
   at MediaBrowser.LocalMetadata.Images.LocalImageProvider.GetImages(BaseItem item, IDirectoryService directoryService)
   at System.Linq.Enumerable.SelectManySingleSelectorIterator`2.ToList()
   at MediaBrowser.Providers.Manager.ItemImageProvider.ValidateImages(BaseItem item, IEnumerable`1 providers, ImageRefreshOptions refreshOptions)
   at MediaBrowser.Providers.Manager.MetadataService`2.RefreshMetadata(BaseItem item, MetadataRefreshOptions refreshOptions, CancellationToken cancellationToken)
[2026-04-22 15:11:45.973 +01:00] [ERR] [96] MediaBrowser.Controller.Entities.BaseItem: Error refreshing owned items for "/movies/Punch Drunk Love 2002 REMASTERED 1080p BluRay HEVC x265 5.1 BONE.mkv"
System.UnauthorizedAccessException: Access to the path '/movies/._300 (2006) MULTi VFF 2160p 10bit 4KLight HDR BluRay AC3 5.1 x265-QTZ.mkv' is denied.
 ---> System.IO.IOException: Operation not permitted
   --- End of inner exception stack trace ---
   at System.IO.FileSystemInfo.Create(String fullPath, String fileName, Boolean asDirectory, FileStatus& fileStatus)
   at System.IO.Enumeration.FileSystemEnumerable`1.DelegateEnumerator.TransformEntry(FileSystemEntry& entry)
   at System.IO.Enumeration.FileSystemEnumerator`1.MoveNext()
   at System.Linq.Enumerable.IEnumerableSelectIterator`2.ToArray()
   at MediaBrowser.Controller.Providers.DirectoryService.GetFileSystemEntries(String path)
   at MediaBrowser.Controller.Entities.BaseItem.RefreshMetadata(MetadataRefreshOptions options, CancellationToken cancellationToken)
[2026-04-22 15:11:45.976 +01:00] [ERR] [96] MediaBrowser.Providers.Movies.MovieMetadataService: Error validating images for "/movies/Punch Drunk Love 2002 REMASTERED 1080p BluRay HEVC x265 5.1 BONE.mkv"
System.UnauthorizedAccessException: Access to the path '/movies/._300 (2006) MULTi VFF 2160p 10bit 4KLight HDR BluRay AC3 5.1 x265-QTZ.mkv' is denied.
 ---> System.IO.IOException: Operation not permitted
   --- End of inner exception stack trace ---
   at System.IO.FileSystemInfo.Create(String fullPath, String fileName, Boolean asDirectory, FileStatus& fileStatus)
   at System.IO.Enumeration.FileSystemEnumerable`1.DelegateEnumerator.TransformEntry(FileSystemEntry& entry)
   at System.IO.Enumeration.FileSystemEnumerator`1.MoveNext()
   at System.Linq.Enumerable.IEnumerableSelectIterator`2.ToArray()
   at MediaBrowser.LocalMetadata.Images.LocalImageProvider.GetFiles(BaseItem item, Boolean includeDirectories, IDirectoryService directoryService)
   at MediaBrowser.LocalMetadata.Images.LocalImageProvider.GetImages(BaseItem item, IDirectoryService directoryService)
   at System.Linq.Enumerable.SelectManySingleSelectorIterator`2.ToList()
   at MediaBrowser.Providers.Manager.ItemImageProvider.ValidateImages(BaseItem item, IEnumerable`1 providers, ImageRefreshOptions refreshOptions)
   at MediaBrowser.Providers.Manager.MetadataService`2.RefreshMetadata(BaseItem item, MetadataRefreshOptions refreshOptions, CancellationToken cancellationToken)
[2026-04-22 15:11:46.112 +01:00] [ERR] [96] MediaBrowser.Controller.Entities.BaseItem: Error refreshing owned items for "/movies/Snow.Bear.2025.1080p.WEB-DL.H264-fl00f.mkv"
System.UnauthorizedAccessException: Access to the path '/movies/._300 (2006) MULTi VFF 2160p 10bit 4KLight HDR BluRay AC3 5.1 x265-QTZ.mkv' is denied.
 ---> System.IO.IOException: Operation not permitted
   --- End of inner exception stack trace ---
   at System.IO.FileSystemInfo.Create(String fullPath, String fileName, Boolean asDirectory, FileStatus& fileStatus)
   at System.IO.Enumeration.FileSystemEnumerable`1.DelegateEnumerator.TransformEntry(FileSystemEntry& entry)
   at System.IO.Enumeration.FileSystemEnumerator`1.MoveNext()
   at System.Linq.Enumerable.IEnumerableSelectIterator`2.ToArray()
   at MediaBrowser.Controller.Providers.DirectoryService.GetFileSystemEntries(String path)
   at MediaBrowser.Controller.Entities.BaseItem.RefreshMetadata(MetadataRefreshOptions options, CancellationToken cancellationToken)
[2026-04-22 15:11:46.114 +01:00] [ERR] [96] MediaBrowser.Providers.Movies.MovieMetadataService: Error validating images for "/movies/Snow.Bear.2025.1080p.WEB-DL.H264-fl00f.mkv"
System.UnauthorizedAccessException: Access to the path '/movies/._300 (2006) MULTi VFF 2160p 10bit 4KLight HDR BluRay AC3 5.1 x265-QTZ.mkv' is denied.
 ---> System.IO.IOException: Operation not permitted
   --- End of inner exception stack trace ---
   at System.IO.FileSystemInfo.Create(String fullPath, String fileName, Boolean asDirectory, FileStatus& fileStatus)
   at System.IO.Enumeration.FileSystemEnumerable`1.DelegateEnumerator.TransformEntry(FileSystemEntry& entry)
   at System.IO.Enumeration.FileSystemEnumerator`1.MoveNext()
   at System.Linq.Enumerable.IEnumerableSelectIterator`2.ToArray()
   at MediaBrowser.LocalMetadata.Images.LocalImageProvider.GetFiles(BaseItem item, Boolean includeDirectories, IDirectoryService directoryService)
   at MediaBrowser.LocalMetadata.Images.LocalImageProvider.GetImages(BaseItem item, IDirectoryService directoryService)
   at System.Linq.Enumerable.SelectManySingleSelectorIterator`2.ToList()
   at MediaBrowser.Providers.Manager.ItemImageProvider.ValidateImages(BaseItem item, IEnumerable`1 providers, ImageRefreshOptions refreshOptions)
   at MediaBrowser.Providers.Manager.MetadataService`2.RefreshMetadata(BaseItem item, MetadataRefreshOptions refreshOptions, CancellationToken cancellationToken)
[2026-04-22 15:11:55.375 +01:00] [INF] [60] Emby.Server.Implementations.ScheduledTasks.TaskManager: "Scan Media Library" Completed after 0 minute(s) and 11 seconds
[2026-04-22 15:11:55.429 +01:00] [INF] [96] Emby.Server.Implementations.IO.LibraryMonitor: Watching directory "/media_local/shows"
[2026-04-22 15:11:55.449 +01:00] [INF] [29] Emby.Server.Implementations.IO.LibraryMonitor: Watching directory "/media_local/movies"
[2026-04-22 15:11:55.948 +01:00] [INF] [59] Emby.Server.Implementations.IO.LibraryMonitor: Watching directory "/shows"
[2026-04-22 15:11:55.993 +01:00] [INF] [91] Emby.Server.Implementations.IO.LibraryMonitor: Watching directory "/movies"
[2026-04-22 15:11:56.044 +01:00] [INF] [70] Emby.Server.Implementations.IO.LibraryMonitor: Watching directory "/audiobooks"
[2026-04-22 15:12:44.818 +01:00] [INF] [95] Emby.Server.Implementations.ScheduledTasks.Tasks.OptimizeDatabaseTask: Optimizing and vacuuming jellyfin.db...
[2026-04-22 15:12:48.705 +01:00] [INF] [95] Jellyfin.Database.Providers.Sqlite.SqliteDatabaseProvider: jellyfin.db optimized successfully!
[2026-04-22 15:12:48.705 +01:00] [INF] [95] Emby.Server.Implementations.ScheduledTasks.TaskManager: "Optimize database" Completed after 0 minute(s) and 3 seconds
[2026-04-22 17:11:50.398 +01:00] [INF] [141] Emby.Server.Implementations.ScheduledTasks.TaskManager: "Media Segment Scan" Completed after 0 minute(s) and 4 seconds
[2026-04-22 17:15:32.075 +01:00] [INF] [59] Emby.Server.Implementations.Session.SessionWebSocketListener: Sending ForceKeepAlive message to 1 inactive WebSockets.
[2026-04-22 17:19:20.073 +01:00] [INF] [137] Emby.Server.Implementations.Session.SessionWebSocketListener: Sending ForceKeepAlive message to 1 inactive WebSockets.
[2026-04-22 17:23:08.077 +01:00] [INF] [135] Emby.Server.Implementations.Session.SessionWebSocketListener: Sending ForceKeepAlive message to 1 inactive WebSockets.
[2026-04-22 17:23:38.365 +01:00] [WRN] [130] Emby.Server.Implementations.HttpServer.WebSocketConnection: WS "192.168.65.1" error receiving data: "The remote party closed the WebSocket connection without completing the close handshake."
[2026-04-22 17:23:38.374 +01:00] [INF] [130] Emby.Server.Implementations.HttpServer.WebSocketManager: WS "::ffff:192.168.65.1" closed
[2026-04-22 17:58:54.014 +01:00] [INF] [37] Emby.Server.Implementations.HttpServer.WebSocketManager: WS "::ffff:192.168.65.1" request
[2026-04-22 18:03:54.022 +01:00] [INF] [19] Emby.Server.Implementations.Session.SessionWebSocketListener: Sending ForceKeepAlive message to 1 inactive WebSockets.
[2026-04-22 18:07:42.023 +01:00] [INF] [145] Emby.Server.Implementations.Session.SessionWebSocketListener: Sending ForceKeepAlive message to 1 inactive WebSockets.
[2026-04-22 18:11:30.028 +01:00] [INF] [80] Emby.Server.Implementations.Session.SessionWebSocketListener: Sending ForceKeepAlive message to 1 inactive WebSockets.
[2026-04-22 18:15:54.026 +01:00] [INF] [63] Emby.Server.Implementations.Session.SessionWebSocketListener: Sending ForceKeepAlive message to 1 inactive WebSockets.
[2026-04-22 18:19:42.028 +01:00] [INF] [153] Emby.Server.Implementations.Session.SessionWebSocketListener: Sending ForceKeepAlive message to 1 inactive WebSockets.
[2026-04-22 18:23:30.028 +01:00] [INF] [68] Emby.Server.Implementations.Session.SessionWebSocketListener: Sending ForceKeepAlive message to 1 inactive WebSockets.
[2026-04-22 18:27:54.022 +01:00] [INF] [56] Emby.Server.Implementations.Session.SessionWebSocketListener: Sending ForceKeepAlive message to 1 inactive WebSockets.
[2026-04-22 18:31:42.020 +01:00] [INF] [108] Emby.Server.Implementations.Session.SessionWebSocketListener: Sending ForceKeepAlive message to 1 inactive WebSockets.
[2026-04-22 18:35:30.022 +01:00] [INF] [114] Emby.Server.Implementations.Session.SessionWebSocketListener: Sending ForceKeepAlive message to 1 inactive WebSockets.
[2026-04-22 18:39:54.021 +01:00] [INF] [124] Emby.Server.Implementations.Session.SessionWebSocketListener: Sending ForceKeepAlive message to 1 inactive WebSockets.
[2026-04-22 18:43:42.018 +01:00] [INF] [132] Emby.Server.Implementations.Session.SessionWebSocketListener: Sending ForceKeepAlive message to 1 inactive WebSockets.
[2026-04-22 18:47:30.018 +01:00] [INF] [135] Emby.Server.Implementations.Session.SessionWebSocketListener: Sending ForceKeepAlive message to 1 inactive WebSockets.
[2026-04-22 18:51:54.017 +01:00] [INF] [129] Emby.Server.Implementations.Session.SessionWebSocketListener: Sending ForceKeepAlive message to 1 inactive WebSockets.
[2026-04-22 18:55:42.016 +01:00] [INF] [122] Emby.Server.Implementations.Session.SessionWebSocketListener: Sending ForceKeepAlive message to 1 inactive WebSockets.
[2026-04-22 18:59:30.014 +01:00] [INF] [117] Emby.Server.Implementations.Session.SessionWebSocketListener: Sending ForceKeepAlive message to 1 inactive WebSockets.
[2026-04-22 19:03:54.016 +01:00] [INF] [105] Emby.Server.Implementations.Session.SessionWebSocketListener: Sending ForceKeepAlive message to 1 inactive WebSockets.
[2026-04-22 19:06:52.712 +01:00] [WRN] [56] Emby.Server.Implementations.HttpServer.WebSocketConnection: WS "192.168.65.1" error receiving data: "The remote party closed the WebSocket connection without completing the close handshake."
[2026-04-22 19:06:52.791 +01:00] [INF] [56] Emby.Server.Implementations.HttpServer.WebSocketManager: WS "::ffff:192.168.65.1" closed
[2026-04-22 21:50:11.393 +01:00] [INF] [115] Emby.Server.Implementations.ScheduledTasks.Tasks.OptimizeDatabaseTask: Optimizing and vacuuming jellyfin.db...
[2026-04-22 21:50:14.452 +01:00] [INF] [115] Jellyfin.Database.Providers.Sqlite.SqliteDatabaseProvider: jellyfin.db optimized successfully!
[2026-04-22 21:50:14.452 +01:00] [INF] [115] Emby.Server.Implementations.ScheduledTasks.TaskManager: "Optimize database" Completed after 0 minute(s) and 3 seconds
