{"Protocol":0,"Id":"d215819df33047cf955ecad92fc65d00","Path":"/movies/Project Hail Mary [2026] WEBrip YG/Project.Hail.Mary.2026.2160p.WEBrip.h265.Dual YG.mkv","EncoderPath":null,"EncoderProtocol":null,"Type":0,"Container":"mkv","Size":11482117207,"Name":"Project.Hail.Mary.2026.2160p.WEBrip.h265.Dual YG","IsRemote":false,"ETag":"d837b3f69f4f9028d599a422ba7528db","RunTimeTicks":93918000000,"ReadAtNativeFramerate":false,"IgnoreDts":false,"IgnoreIndex":false,"GenPtsInput":false,"SupportsTranscoding":true,"SupportsDirectStream":true,"SupportsDirectPlay":true,"IsInfiniteStream":false,"UseMostCompatibleTranscodingProfile":false,"RequiresOpening":false,"OpenToken":null,"RequiresClosing":false,"LiveStreamId":null,"BufferMs":null,"RequiresLooping":false,"SupportsProbing":true,"VideoType":0,"IsoType":null,"Video3DFormat":null,"MediaStreams":[{"Codec":"hevc","CodecTag":null,"Language":"eng","ColorRange":null,"ColorSpace":"bt2020nc","ColorTransfer":"smpte2084","ColorPrimaries":"bt2020","DvVersionMajor":1,"DvVersionMinor":0,"DvProfile":8,"DvLevel":7,"RpuPresentFlag":1,"ElPresentFlag":0,"BlPresentFlag":1,"DvBlSignalCompatibilityId":1,"Rotation":null,"Comment":null,"TimeBase":"1/1000","CodecTimeBase":null,"Title":null,"Hdr10PlusPresentFlag":true,"VideoRange":2,"VideoRangeType":9,"VideoDoViTitle":"Dolby Vision Profile 8.1 (HDR10)","AudioSpatialFormat":0,"LocalizedUndefined":null,"LocalizedDefault":null,"LocalizedForced":null,"LocalizedExternal":null,"LocalizedHearingImpaired":null,"DisplayTitle":"4K HEVC Dolby Vision Profile 8.1 (HDR10)","NalLengthSize":null,"IsInterlaced":false,"IsAVC":false,"ChannelLayout":null,"BitRate":9780546,"BitDepth":10,"RefFrames":1,"PacketLength":null,"Channels":null,"SampleRate":null,"IsDefault":true,"IsForced":false,"IsHearingImpaired":false,"Height":2072,"Width":3840,"AverageFrameRate":30,"RealFrameRate":30,"ReferenceFrameRate":30,"Profile":"Main 10","Type":1,"AspectRatio":"1.85:1","Index":0,"Score":null,"IsExternal":false,"DeliveryMethod":null,"DeliveryUrl":null,"IsExternalUrl":null,"IsTextSubtitleStream":false,"SupportsExternalStream":false,"Path":null,"PixelFormat":"yuv420p10le","Level":153,"IsAnamorphic":false},{"Codec":"eac3","CodecTag":null,"Language":"spa","ColorRange":null,"ColorSpace":null,"ColorTransfer":null,"ColorPrimaries":null,"DvVersionMajor":null,"DvVersionMinor":null,"DvProfile":null,"DvLevel":null,"RpuPresentFlag":null,"ElPresentFlag":null,"BlPresentFlag":null,"DvBlSignalCompatibilityId":null,"Rotation":null,"Comment":null,"TimeBase":"1/1000","CodecTimeBase":null,"Title":"Latino DDP 5.1","Hdr10PlusPresentFlag":null,"VideoRange":0,"VideoRangeType":0,"VideoDoViTitle":null,"AudioSpatialFormat":0,"LocalizedUndefined":null,"LocalizedDefault":"Default","LocalizedForced":null,"LocalizedExternal":"External","LocalizedHearingImpaired":null,"DisplayTitle":"Latino DDP 5.1 - Spanish - Dolby Digital\u002B - Default","NalLengthSize":null,"IsInterlaced":false,"IsAVC":false,"ChannelLayout":"5.1","BitRate":640000,"BitDepth":null,"RefFrames":null,"PacketLength":null,"Channels":6,"SampleRate":48000,"IsDefault":true,"IsForced":false,"IsHearingImpaired":false,"Height":null,"Width":null,"AverageFrameRate":null,"RealFrameRate":null,"ReferenceFrameRate":null,"Profile":null,"Type":0,"AspectRatio":null,"Index":1,"Score":null,"IsExternal":false,"DeliveryMethod":null,"DeliveryUrl":null,"IsExternalUrl":null,"IsTextSubtitleStream":false,"SupportsExternalStream":false,"Path":null,"PixelFormat":null,"Level":0,"IsAnamorphic":null},{"Codec":"eac3","CodecTag":null,"Language":"eng","ColorRange":null,"ColorSpace":null,"ColorTransfer":null,"ColorPrimaries":null,"DvVersionMajor":null,"DvVersionMinor":null,"DvProfile":null,"DvLevel":null,"RpuPresentFlag":null,"ElPresentFlag":null,"BlPresentFlag":null,"DvBlSignalCompatibilityId":null,"Rotation":null,"Comment":null,"TimeBase":"1/1000","CodecTimeBase":null,"Title":"Ingl\u00E9s DDP 5.1","Hdr10PlusPresentFlag":null,"VideoRange":0,"VideoRangeType":0,"VideoDoViTitle":null,"AudioSpatialFormat":0,"LocalizedUndefined":null,"LocalizedDefault":"Default","LocalizedForced":null,"LocalizedExternal":"External","LocalizedHearingImpaired":null,"DisplayTitle":"Ingl\u00E9s DDP 5.1 - English - Dolby Digital\u002B","NalLengthSize":null,"IsInterlaced":false,"IsAVC":false,"ChannelLayout":"5.1","BitRate":640000,"BitDepth":null,"RefFrames":null,"PacketLength":null,"Channels":6,"SampleRate":48000,"IsDefault":false,"IsForced":false,"IsHearingImpaired":false,"Height":null,"Width":null,"AverageFrameRate":null,"RealFrameRate":null,"ReferenceFrameRate":null,"Profile":null,"Type":0,"AspectRatio":null,"Index":2,"Score":null,"IsExternal":false,"DeliveryMethod":null,"DeliveryUrl":null,"IsExternalUrl":null,"IsTextSubtitleStream":false,"SupportsExternalStream":false,"Path":null,"PixelFormat":null,"Level":0,"IsAnamorphic":null},{"Codec":"subrip","CodecTag":null,"Language":"spa","ColorRange":null,"ColorSpace":null,"ColorTransfer":null,"ColorPrimaries":null,"DvVersionMajor":null,"DvVersionMinor":null,"DvProfile":null,"DvLevel":null,"RpuPresentFlag":null,"ElPresentFlag":null,"BlPresentFlag":null,"DvBlSignalCompatibilityId":null,"Rotation":null,"Comment":null,"TimeBase":"1/1000","CodecTimeBase":null,"Title":null,"Hdr10PlusPresentFlag":null,"VideoRange":0,"VideoRangeType":0,"VideoDoViTitle":null,"AudioSpatialFormat":0,"LocalizedUndefined":"Undefined","LocalizedDefault":"Default","LocalizedForced":"Forced","LocalizedExternal":"External","LocalizedHearingImpaired":"Hearing Impaired","DisplayTitle":"Spanish - SUBRIP","NalLengthSize":null,"IsInterlaced":false,"IsAVC":false,"ChannelLayout":null,"BitRate":null,"BitDepth":null,"RefFrames":null,"PacketLength":null,"Channels":null,"SampleRate":null,"IsDefault":false,"IsForced":false,"IsHearingImpaired":false,"Height":0,"Width":0,"AverageFrameRate":null,"RealFrameRate":null,"ReferenceFrameRate":null,"Profile":null,"Type":2,"AspectRatio":null,"Index":3,"Score":null,"IsExternal":false,"DeliveryMethod":null,"DeliveryUrl":null,"IsExternalUrl":null,"IsTextSubtitleStream":true,"SupportsExternalStream":true,"Path":null,"PixelFormat":null,"Level":0,"IsAnamorphic":null},{"Codec":"subrip","CodecTag":null,"Language":"eng","ColorRange":null,"ColorSpace":null,"ColorTransfer":null,"ColorPrimaries":null,"DvVersionMajor":null,"DvVersionMinor":null,"DvProfile":null,"DvLevel":null,"RpuPresentFlag":null,"ElPresentFlag":null,"BlPresentFlag":null,"DvBlSignalCompatibilityId":null,"Rotation":null,"Comment":null,"TimeBase":"1/1000","CodecTimeBase":null,"Title":null,"Hdr10PlusPresentFlag":null,"VideoRange":0,"VideoRangeType":0,"VideoDoViTitle":null,"AudioSpatialFormat":0,"LocalizedUndefined":"Undefined","LocalizedDefault":"Default","LocalizedForced":"Forced","LocalizedExternal":"External","LocalizedHearingImpaired":"Hearing Impaired","DisplayTitle":"English - SUBRIP","NalLengthSize":null,"IsInterlaced":false,"IsAVC":false,"ChannelLayout":null,"BitRate":null,"BitDepth":null,"RefFrames":null,"PacketLength":null,"Channels":null,"SampleRate":null,"IsDefault":false,"IsForced":false,"IsHearingImpaired":false,"Height":0,"Width":0,"AverageFrameRate":null,"RealFrameRate":null,"ReferenceFrameRate":null,"Profile":null,"Type":2,"AspectRatio":null,"Index":4,"Score":null,"IsExternal":false,"DeliveryMethod":null,"DeliveryUrl":null,"IsExternalUrl":null,"IsTextSubtitleStream":true,"SupportsExternalStream":true,"Path":null,"PixelFormat":null,"Level":0,"IsAnamorphic":null}],"MediaAttachments":[],"Formats":[],"Bitrate":11060546,"FallbackMaxStreamingBitrate":null,"Timestamp":null,"RequiredHttpHeaders":{},"TranscodingUrl":null,"TranscodingSubProtocol":0,"TranscodingContainer":null,"AnalyzeDurationMs":null,"DefaultAudioStreamIndex":null,"DefaultSubtitleStreamIndex":null,"HasSegments":false}

/usr/lib/jellyfin-ffmpeg/ffmpeg -analyzeduration 200M -probesize 1G -fflags +genpts  -i file:"/movies/Project Hail Mary [2026] WEBrip YG/Project.Hail.Mary.2026.2160p.WEBrip.h265.Dual YG.mkv" -map_metadata -1 -map_chapters -1 -threads 0 -map 0:0 -map 0:1 -map -0:s -codec:v:0 copy -tag:v:0 hvc1 -bsf:v hevc_mp4toannexb -start_at_zero -codec:a:0 libfdk_aac -ac 2 -ab 256000 -af "volume=2" -copyts -avoid_negative_ts disabled -max_muxing_queue_size 2048 -f hls -max_delay 5000000 -hls_time 6 -hls_segment_type fmp4 -hls_fmp4_init_filename "1fa6f418e178a27684f4554696f4a7b5-1.mp4" -start_number 0 -hls_segment_filename "/config/cache/transcodes/1fa6f418e178a27684f4554696f4a7b5%d.mp4" -hls_playlist_type vod -hls_list_size 0 -hls_segment_options movflags=+frag_discont -y "/config/cache/transcodes/1fa6f418e178a27684f4554696f4a7b5.m3u8"


ffmpeg version 7.1.3-Jellyfin Copyright (c) 2000-2025 the FFmpeg developers
  built with gcc 13 (Ubuntu 13.3.0-6ubuntu2~24.04.1)
  configuration: --prefix=/usr/lib/jellyfin-ffmpeg --target-os=linux --extra-version=Jellyfin --disable-doc --disable-ffplay --disable-static --disable-libxcb --disable-sdl2 --disable-xlib --enable-lto=auto --enable-gpl --enable-version3 --enable-shared --enable-gmp --enable-gnutls --enable-chromaprint --enable-opencl --enable-libdrm --enable-libxml2 --enable-libass --enable-libfreetype --enable-libfribidi --enable-libfontconfig --enable-libharfbuzz --enable-libbluray --enable-libmp3lame --enable-libopus --enable-libtheora --enable-libvorbis --enable-libopenmpt --enable-libdav1d --enable-libsvtav1 --enable-libwebp --enable-libvpx --enable-libx264 --enable-libx265 --enable-libzvbi --enable-libzimg --enable-libfdk-aac --arch=arm64 --cross-prefix=/usr/bin/aarch64-linux-gnu- --toolchain=hardened --enable-cross-compile --enable-rkmpp --enable-rkrga --enable-ffnvcodec --enable-cuda --enable-cuda-llvm --enable-cuvid --enable-nvdec --enable-nvenc
  libavutil      59. 39.100 / 59. 39.100
  libavcodec     61. 19.101 / 61. 19.101
  libavformat    61.  7.100 / 61.  7.100
  libavdevice    61.  3.100 / 61.  3.100
  libavfilter    10.  4.100 / 10.  4.100
  libswscale      8.  3.100 /  8.  3.100
  libswresample   5.  3.100 /  5.  3.100
  libpostproc    58.  3.100 / 58.  3.100
Input #0, matroska,webm, from 'file:/movies/Project Hail Mary [2026] WEBrip YG/Project.Hail.Mary.2026.2160p.WEBrip.h265.Dual YG.mkv':
  Metadata:
    title           : Project.Hail.Mary.2026.2160p.WEBrip.h265.Dual YG
    encoder         : libebml v1.4.4 + libmatroska v1.7.1
    creation_time   : 2026-04-11T17:07:48.000000Z
  Duration: 02:36:31.80, start: 0.000000, bitrate: 9780 kb/s
  Stream #0:0(eng): Video: hevc (Main 10), yuv420p10le(tv, bt2020nc/bt2020/smpte2084), 3840x2072 [SAR 1:1 DAR 480:259], 30 fps, 30 tbr, 1k tbn (default)
      Metadata:
        BPS             : 8497803
        DURATION        : 02:36:31.800000000
        NUMBER_OF_FRAMES: 281754
        NUMBER_OF_BYTES : 9976208859
        _STATISTICS_WRITING_APP: mkvmerge v76.0 ('Celebration') 64-bit
        _STATISTICS_WRITING_DATE_UTC: 2026-04-11 17:07:48
        _STATISTICS_TAGS: BPS DURATION NUMBER_OF_FRAMES NUMBER_OF_BYTES
      Side data:
        DOVI configuration record: version: 1.0, profile: 8, level: 7, rpu flag: 1, el flag: 0, bl flag: 1, compatibility id: 1, compression: 0
  Stream #0:1(spa): Audio: eac3, 48000 Hz, 5.1(side), fltp, 640 kb/s (default)
      Metadata:
        title           : Latino DDP 5.1
        BPS             : 640000
        DURATION        : 02:36:31.744000000
        NUMBER_OF_FRAMES: 293492
        NUMBER_OF_BYTES : 751339520
        _STATISTICS_WRITING_APP: mkvmerge v76.0 ('Celebration') 64-bit
        _STATISTICS_WRITING_DATE_UTC: 2026-04-11 17:07:48
        _STATISTICS_TAGS: BPS DURATION NUMBER_OF_FRAMES NUMBER_OF_BYTES
  Stream #0:2(eng): Audio: eac3, 48000 Hz, 5.1(side), fltp, 640 kb/s
      Metadata:
        title           : Inglés DDP 5.1
        BPS             : 640000
        DURATION        : 02:36:31.712000000
        NUMBER_OF_FRAMES: 293491
        NUMBER_OF_BYTES : 751336960
        _STATISTICS_WRITING_APP: mkvmerge v76.0 ('Celebration') 64-bit
        _STATISTICS_WRITING_DATE_UTC: 2026-04-11 17:07:48
        _STATISTICS_TAGS: BPS DURATION NUMBER_OF_FRAMES NUMBER_OF_BYTES
  Stream #0:3(spa): Subtitle: subrip (srt)
      Metadata:
        BPS             : 45
        DURATION        : 02:29:40.060000000
        NUMBER_OF_FRAMES: 1639
        NUMBER_OF_BYTES : 51362
        _STATISTICS_WRITING_APP: mkvmerge v76.0 ('Celebration') 64-bit
        _STATISTICS_WRITING_DATE_UTC: 2026-04-11 17:07:48
        _STATISTICS_TAGS: BPS DURATION NUMBER_OF_FRAMES NUMBER_OF_BYTES
  Stream #0:4(eng): Subtitle: subrip (srt)
      Metadata:
        BPS             : 40
        DURATION        : 02:29:39.880000000
        NUMBER_OF_FRAMES: 1617
        NUMBER_OF_BYTES : 44914
        _STATISTICS_WRITING_APP: mkvmerge v76.0 ('Celebration') 64-bit
        _STATISTICS_WRITING_DATE_UTC: 2026-04-11 17:07:48
        _STATISTICS_TAGS: BPS DURATION NUMBER_OF_FRAMES NUMBER_OF_BYTES
Stream mapping:
  Stream #0:0 -> #0:0 (copy)
  Stream #0:1 -> #0:1 (eac3 (native) -> aac (libfdk_aac))
Press [q] to stop, [?] for help
[hls @ 0xaaaad5578f50] Opening '/config/cache/transcodes/1fa6f418e178a27684f4554696f4a7b5-1.mp4' for writing
Output #0, hls, to '/config/cache/transcodes/1fa6f418e178a27684f4554696f4a7b5.m3u8':
  Metadata:
    encoder         : Lavf61.7.100
  Stream #0:0: Video: hevc (Main 10) (hvc1 / 0x31637668), yuv420p10le(tv, bt2020nc/bt2020/smpte2084), 3840x2072 [SAR 1:1 DAR 480:259], q=2-31, 30 fps, 30 tbr, 16k tbn (default)
      Side data:
        DOVI configuration record: version: 1.0, profile: 8, level: 7, rpu flag: 1, el flag: 0, bl flag: 1, compatibility id: 1, compression: 0
  Stream #0:1: Audio: aac, 48000 Hz, stereo, s16, 256 kb/s (default)
      Metadata:
        encoder         : Lavc61.19.101 libfdk_aac
      Side data:
        cpb: bitrate max/min/avg: 256000/256000/256000 buffer size: 0 vbv_delay: N/A
[mp4 @ 0xffff90069ad0] Not writing 'dvcC'/'dvvC' box. Requires -strict unofficial.
    Last message repeated 1 times
[hls @ 0xaaaad5578f50] Opening '/config/cache/transcodes/1fa6f418e178a27684f4554696f4a7b50.mp4' for writing
[hls @ 0xaaaad5578f50] Opening '/config/cache/transcodes/1fa6f418e178a27684f4554696f4a7b51.mp4' for writing
[hls @ 0xaaaad5578f50] Opening '/config/cache/transcodes/1fa6f418e178a27684f4554696f4a7b52.mp4' for writing
[hls @ 0xaaaad5578f50] Opening '/config/cache/transcodes/1fa6f418e178a27684f4554696f4a7b53.mp4' for writing
[hls @ 0xaaaad5578f50] Opening '/config/cache/transcodes/1fa6f418e178a27684f4554696f4a7b54.mp4' for writing
[hls @ 0xaaaad5578f50] Opening '/config/cache/transcodes/1fa6f418e178a27684f4554696f4a7b55.mp4' for writing
frame= 1917 fps=0.0 q=-1.0 size=N/A time=00:00:00.00 bitrate=N/A speed=   0x    
[hls @ 0xaaaad5578f50] Opening '/config/cache/transcodes/1fa6f418e178a27684f4554696f4a7b56.mp4' for writing
[hls @ 0xaaaad5578f50] Opening '/config/cache/transcodes/1fa6f418e178a27684f4554696f4a7b57.mp4' for writing
[hls @ 0xaaaad5578f50] Opening '/config/cache/transcodes/1fa6f418e178a27684f4554696f4a7b58.mp4' for writing
[hls @ 0xaaaad5578f50] Opening '/config/cache/transcodes/1fa6f418e178a27684f4554696f4a7b59.mp4' for writing
[hls @ 0xaaaad5578f50] Opening '/config/cache/transcodes/1fa6f418e178a27684f4554696f4a7b510.mp4' for writing
[hls @ 0xaaaad5578f50] Opening '/config/cache/transcodes/1fa6f418e178a27684f4554696f4a7b511.mp4' for writing
frame= 3657 fps=3650 q=-1.0 size=N/A time=00:00:58.02 bitrate=N/A speed=57.9x    
[hls @ 0xaaaad5578f50] Opening '/config/cache/transcodes/1fa6f418e178a27684f4554696f4a7b512.mp4' for writing
[hls @ 0xaaaad5578f50] Opening '/config/cache/transcodes/1fa6f418e178a27684f4554696f4a7b513.mp4' for writing
[hls @ 0xaaaad5578f50] Opening '/config/cache/transcodes/1fa6f418e178a27684f4554696f4a7b514.mp4' for writing
[hls @ 0xaaaad5578f50] Opening '/config/cache/transcodes/1fa6f418e178a27684f4554696f4a7b515.mp4' for writing
[hls @ 0xaaaad5578f50] Opening '/config/cache/transcodes/1fa6f418e178a27684f4554696f4a7b516.mp4' for writing
[hls @ 0xaaaad5578f50] Opening '/config/cache/transcodes/1fa6f418e178a27684f4554696f4a7b517.mp4' for writing
frame= 5453 fps=3628 q=-1.0 size=N/A time=00:01:58.03 bitrate=N/A speed=78.5x    
[hls @ 0xaaaad5578f50] Opening '/config/cache/transcodes/1fa6f418e178a27684f4554696f4a7b518.mp4' for writing
[hls @ 0xaaaad5578f50] Opening '/config/cache/transcodes/1fa6f418e178a27684f4554696f4a7b519.mp4' for writing
[hls @ 0xaaaad5578f50] Opening '/config/cache/transcodes/1fa6f418e178a27684f4554696f4a7b520.mp4' for writing
[hls @ 0xaaaad5578f50] Opening '/config/cache/transcodes/1fa6f418e178a27684f4554696f4a7b521.mp4' for writing
[hls @ 0xaaaad5578f50] Opening '/config/cache/transcodes/1fa6f418e178a27684f4554696f4a7b522.mp4' for writing
[hls @ 0xaaaad5578f50] Opening '/config/cache/transcodes/1fa6f418e178a27684f4554696f4a7b523.mp4' for writing
frame= 7265 fps=3625 q=-1.0 size=N/A time=00:02:58.30 bitrate=N/A speed=  89x    
[hls @ 0xaaaad5578f50] Opening '/config/cache/transcodes/1fa6f418e178a27684f4554696f4a7b524.mp4' for writing
[hls @ 0xaaaad5578f50] Opening '/config/cache/transcodes/1fa6f418e178a27684f4554696f4a7b525.mp4' for writing
[hls @ 0xaaaad5578f50] Opening '/config/cache/transcodes/1fa6f418e178a27684f4554696f4a7b526.mp4' for writing
[hls @ 0xaaaad5578f50] Opening '/config/cache/transcodes/1fa6f418e178a27684f4554696f4a7b527.mp4' for writing
[hls @ 0xaaaad5578f50] Opening '/config/cache/transcodes/1fa6f418e178a27684f4554696f4a7b528.mp4' for writing
[hls @ 0xaaaad5578f50] Opening '/config/cache/transcodes/1fa6f418e178a27684f4554696f4a7b529.mp4' for writing
frame= 9197 fps=3671 q=-1.0 size=N/A time=00:04:02.64 bitrate=N/A speed=96.9x    
[hls @ 0xaaaad5578f50] Opening '/config/cache/transcodes/1fa6f418e178a27684f4554696f4a7b530.mp4' for writing
[hls @ 0xaaaad5578f50] Opening '/config/cache/transcodes/1fa6f418e178a27684f4554696f4a7b531.mp4' for writing
[hls @ 0xaaaad5578f50] Opening '/config/cache/transcodes/1fa6f418e178a27684f4554696f4a7b532.mp4' for writing
[hls @ 0xaaaad5578f50] Opening '/config/cache/transcodes/1fa6f418e178a27684f4554696f4a7b533.mp4' for writing
[hls @ 0xaaaad5578f50] Opening '/config/cache/transcodes/1fa6f418e178a27684f4554696f4a7b534.mp4' for writing
[hls @ 0xaaaad5578f50] Opening '/config/cache/transcodes/1fa6f418e178a27684f4554696f4a7b535.mp4' for writing
frame=10961 fps=3646 q=-1.0 size=N/A time=00:05:01.61 bitrate=N/A speed= 100x    
[hls @ 0xaaaad5578f50] Opening '/config/cache/transcodes/1fa6f418e178a27684f4554696f4a7b536.mp4' for writing
[hls @ 0xaaaad5578f50] Opening '/config/cache/transcodes/1fa6f418e178a27684f4554696f4a7b537.mp4' for writing
[hls @ 0xaaaad5578f50] Opening '/config/cache/transcodes/1fa6f418e178a27684f4554696f4a7b538.mp4' for writing
[hls @ 0xaaaad5578f50] Opening '/config/cache/transcodes/1fa6f418e178a27684f4554696f4a7b539.mp4' for writing
[hls @ 0xaaaad5578f50] Opening '/config/cache/transcodes/1fa6f418e178a27684f4554696f4a7b540.mp4' for writing
[hls @ 0xaaaad5578f50] Opening '/config/cache/transcodes/1fa6f418e178a27684f4554696f4a7b541.mp4' for writing
frame=12837 fps=3660 q=-1.0 size=N/A time=00:06:04.03 bitrate=N/A speed= 104x    
[hls @ 0xaaaad5578f50] Opening '/config/cache/transcodes/1fa6f418e178a27684f4554696f4a7b542.mp4' for writing
[hls @ 0xaaaad5578f50] Opening '/config/cache/transcodes/1fa6f418e178a27684f4554696f4a7b543.mp4' for writing
[hls @ 0xaaaad5578f50] Opening '/config/cache/transcodes/1fa6f418e178a27684f4554696f4a7b544.mp4' for writing
[hls @ 0xaaaad5578f50] Opening '/config/cache/transcodes/1fa6f418e178a27684f4554696f4a7b545.mp4' for writing
[hls @ 0xaaaad5578f50] Opening '/config/cache/transcodes/1fa6f418e178a27684f4554696f4a7b546.mp4' for writing
[hls @ 0xaaaad5578f50] Opening '/config/cache/transcodes/1fa6f418e178a27684f4554696f4a7b547.mp4' for writing
[hls @ 0xaaaad5578f50] Opening '/config/cache/transcodes/1fa6f418e178a27684f4554696f4a7b548.mp4' for writing
frame=14753 fps=3680 q=-1.0 size=N/A time=00:07:07.79 bitrate=N/A speed= 107x    
[hls @ 0xaaaad5578f50] Opening '/config/cache/transcodes/1fa6f418e178a27684f4554696f4a7b549.mp4' for writing
[hls @ 0xaaaad5578f50] Opening '/config/cache/transcodes/1fa6f418e178a27684f4554696f4a7b550.mp4' for writing
[hls @ 0xaaaad5578f50] Opening '/config/cache/transcodes/1fa6f418e178a27684f4554696f4a7b551.mp4' for writing
[hls @ 0xaaaad5578f50] Opening '/config/cache/transcodes/1fa6f418e178a27684f4554696f4a7b552.mp4' for writing
[hls @ 0xaaaad5578f50] Opening '/config/cache/transcodes/1fa6f418e178a27684f4554696f4a7b553.mp4' for writing
[hls @ 0xaaaad5578f50] Opening '/config/cache/transcodes/1fa6f418e178a27684f4554696f4a7b554.mp4' for writing
frame=16581 fps=3673 q=-1.0 size=N/A time=00:08:08.89 bitrate=N/A speed= 108x    
[hls @ 0xaaaad5578f50] Opening '/config/cache/transcodes/1fa6f418e178a27684f4554696f4a7b555.mp4' for writing
[hls @ 0xaaaad5578f50] Opening '/config/cache/transcodes/1fa6f418e178a27684f4554696f4a7b556.mp4' for writing
[hls @ 0xaaaad5578f50] Opening '/config/cache/transcodes/1fa6f418e178a27684f4554696f4a7b557.mp4' for writing
[hls @ 0xaaaad5578f50] Opening '/config/cache/transcodes/1fa6f418e178a27684f4554696f4a7b558.mp4' for writing
[hls @ 0xaaaad5578f50] Opening '/config/cache/transcodes/1fa6f418e178a27684f4554696f4a7b559.mp4' for writing
[hls @ 0xaaaad5578f50] Opening '/config/cache/transcodes/1fa6f418e178a27684f4554696f4a7b560.mp4' for writing
frame=18465 fps=3682 q=-1.0 size=N/A time=00:09:11.85 bitrate=N/A speed= 110x    
[hls @ 0xaaaad5578f50] Opening '/config/cache/transcodes/1fa6f418e178a27684f4554696f4a7b561.mp4' for writing
[hls @ 0xaaaad5578f50] Opening '/config/cache/transcodes/1fa6f418e178a27684f4554696f4a7b562.mp4' for writing
[hls @ 0xaaaad5578f50] Opening '/config/cache/transcodes/1fa6f418e178a27684f4554696f4a7b563.mp4' for writing
[hls @ 0xaaaad5578f50] Opening '/config/cache/transcodes/1fa6f418e178a27684f4554696f4a7b564.mp4' for writing
[hls @ 0xaaaad5578f50] Opening '/config/cache/transcodes/1fa6f418e178a27684f4554696f4a7b565.mp4' for writing
[hls @ 0xaaaad5578f50] Opening '/config/cache/transcodes/1fa6f418e178a27684f4554696f4a7b566.mp4' for writing
frame=20229 fps=3667 q=-1.0 size=N/A time=00:10:10.32 bitrate=N/A speed= 111x    
[hls @ 0xaaaad5578f50] Opening '/config/cache/transcodes/1fa6f418e178a27684f4554696f4a7b567.mp4' for writing
[hls @ 0xaaaad5578f50] Opening '/config/cache/transcodes/1fa6f418e178a27684f4554696f4a7b568.mp4' for writing
[hls @ 0xaaaad5578f50] Opening '/config/cache/transcodes/1fa6f418e178a27684f4554696f4a7b569.mp4' for writing
[hls @ 0xaaaad5578f50] Opening '/config/cache/transcodes/1fa6f418e178a27684f4554696f4a7b570.mp4' for writing
[hls @ 0xaaaad5578f50] Opening '/config/cache/transcodes/1fa6f418e178a27684f4554696f4a7b571.mp4' for writing
[hls @ 0xaaaad5578f50] Opening '/config/cache/transcodes/1fa6f418e178a27684f4554696f4a7b572.mp4' for writing
frame=22125 fps=3677 q=-1.0 size=N/A time=00:11:13.77 bitrate=N/A speed= 112x    
[hls @ 0xaaaad5578f50] Opening '/config/cache/transcodes/1fa6f418e178a27684f4554696f4a7b573.mp4' for writing
[hls @ 0xaaaad5578f50] Opening '/config/cache/transcodes/1fa6f418e178a27684f4554696f4a7b574.mp4' for writing
[hls @ 0xaaaad5578f50] Opening '/config/cache/transcodes/1fa6f418e178a27684f4554696f4a7b575.mp4' for writing
[hls @ 0xaaaad5578f50] Opening '/config/cache/transcodes/1fa6f418e178a27684f4554696f4a7b576.mp4' for writing
[hls @ 0xaaaad5578f50] Opening '/config/cache/transcodes/1fa6f418e178a27684f4554696f4a7b577.mp4' for writing
[hls @ 0xaaaad5578f50] Opening '/config/cache/transcodes/1fa6f418e178a27684f4554696f4a7b578.mp4' for writing
[hls @ 0xaaaad5578f50] Opening '/config/cache/transcodes/1fa6f418e178a27684f4554696f4a7b579.mp4' for writing
frame=24045 fps=3689 q=-1.0 size=N/A time=00:12:17.68 bitrate=N/A speed= 113x    
[hls @ 0xaaaad5578f50] Opening '/config/cache/transcodes/1fa6f418e178a27684f4554696f4a7b580.mp4' for writing
[hls @ 0xaaaad5578f50] Opening '/config/cache/transcodes/1fa6f418e178a27684f4554696f4a7b581.mp4' for writing
[hls @ 0xaaaad5578f50] Opening '/config/cache/transcodes/1fa6f418e178a27684f4554696f4a7b582.mp4' for writing
[hls @ 0xaaaad5578f50] Opening '/config/cache/transcodes/1fa6f418e178a27684f4554696f4a7b583.mp4' for writing
[hls @ 0xaaaad5578f50] Opening '/config/cache/transcodes/1fa6f418e178a27684f4554696f4a7b584.mp4' for writing
[hls @ 0xaaaad5578f50] Opening '/config/cache/transcodes/1fa6f418e178a27684f4554696f4a7b585.mp4' for writing
frame=25837 fps=3682 q=-1.0 size=N/A time=00:13:17.41 bitrate=N/A speed= 114x    
[hls @ 0xaaaad5578f50] Opening '/config/cache/transcodes/1fa6f418e178a27684f4554696f4a7b586.mp4' for writing
[hls @ 0xaaaad5578f50] Opening '/config/cache/transcodes/1fa6f418e178a27684f4554696f4a7b587.mp4' for writing
[hls @ 0xaaaad5578f50] Opening '/config/cache/transcodes/1fa6f418e178a27684f4554696f4a7b588.mp4' for writing
[hls @ 0xaaaad5578f50] Opening '/config/cache/transcodes/1fa6f418e178a27684f4554696f4a7b589.mp4' for writing
[hls @ 0xaaaad5578f50] Opening '/config/cache/transcodes/1fa6f418e178a27684f4554696f4a7b590.mp4' for writing
[hls @ 0xaaaad5578f50] Opening '/config/cache/transcodes/1fa6f418e178a27684f4554696f4a7b591.mp4' for writing
frame=27765 fps=3693 q=-1.0 size=N/A time=00:14:21.58 bitrate=N/A speed= 115x    
[hls @ 0xaaaad5578f50] Opening '/config/cache/transcodes/1fa6f418e178a27684f4554696f4a7b592.mp4' for writing
[hls @ 0xaaaad5578f50] Opening '/config/cache/transcodes/1fa6f418e178a27684f4554696f4a7b593.mp4' for writing
[hls @ 0xaaaad5578f50] Opening '/config/cache/transcodes/1fa6f418e178a27684f4554696f4a7b594.mp4' for writing
[hls @ 0xaaaad5578f50] Opening '/config/cache/transcodes/1fa6f418e178a27684f4554696f4a7b595.mp4' for writing
[hls @ 0xaaaad5578f50] Opening '/config/cache/transcodes/1fa6f418e178a27684f4554696f4a7b596.mp4' for writing
[hls @ 0xaaaad5578f50] Opening '/config/cache/transcodes/1fa6f418e178a27684f4554696f4a7b597.mp4' for writing
frame=29677 fps=3700 q=-1.0 size=N/A time=00:15:25.46 bitrate=N/A speed= 115x    
[hls @ 0xaaaad5578f50] Opening '/config/cache/transcodes/1fa6f418e178a27684f4554696f4a7b598.mp4' for writing
[hls @ 0xaaaad5578f50] Opening '/config/cache/transcodes/1fa6f418e178a27684f4554696f4a7b599.mp4' for writing
[hls @ 0xaaaad5578f50] Opening '/config/cache/transcodes/1fa6f418e178a27684f4554696f4a7b5100.mp4' for writing
[hls @ 0xaaaad5578f50] Opening '/config/cache/transcodes/1fa6f418e178a27684f4554696f4a7b5101.mp4' for writing
[hls @ 0xaaaad5578f50] Opening '/config/cache/transcodes/1fa6f418e178a27684f4554696f4a7b5102.mp4' for writing
[hls @ 0xaaaad5578f50] Opening '/config/cache/transcodes/1fa6f418e178a27684f4554696f4a7b5103.mp4' for writing
frame=31433 fps=3689 q=-1.0 size=N/A time=00:16:23.89 bitrate=N/A speed= 115x    
[hls @ 0xaaaad5578f50] Opening '/config/cache/transcodes/1fa6f418e178a27684f4554696f4a7b5104.mp4' for writing
[hls @ 0xaaaad5578f50] Opening '/config/cache/transcodes/1fa6f418e178a27684f4554696f4a7b5105.mp4' for writing
[hls @ 0xaaaad5578f50] Opening '/config/cache/transcodes/1fa6f418e178a27684f4554696f4a7b5106.mp4' for writing
[hls @ 0xaaaad5578f50] Opening '/config/cache/transcodes/1fa6f418e178a27684f4554696f4a7b5107.mp4' for writing
[hls @ 0xaaaad5578f50] Opening '/config/cache/transcodes/1fa6f418e178a27684f4554696f4a7b5108.mp4' for writing
[hls @ 0xaaaad5578f50] Opening '/config/cache/transcodes/1fa6f418e178a27684f4554696f4a7b5109.mp4' for writing
[hls @ 0xaaaad5578f50] Opening '/config/cache/transcodes/1fa6f418e178a27684f4554696f4a7b5110.mp4' for writing
frame=33373 fps=3699 q=-1.0 size=N/A time=00:17:28.55 bitrate=N/A speed= 116x    
[hls @ 0xaaaad5578f50] Opening '/config/cache/transcodes/1fa6f418e178a27684f4554696f4a7b5111.mp4' for writing
[hls @ 0xaaaad5578f50] Opening '/config/cache/transcodes/1fa6f418e178a27684f4554696f4a7b5112.mp4' for writing
[hls @ 0xaaaad5578f50] Opening '/config/cache/transcodes/1fa6f418e178a27684f4554696f4a7b5113.mp4' for writing
[hls @ 0xaaaad5578f50] Opening '/config/cache/transcodes/1fa6f418e178a27684f4554696f4a7b5114.mp4' for writing
[hls @ 0xaaaad5578f50] Opening '/config/cache/transcodes/1fa6f418e178a27684f4554696f4a7b5115.mp4' for writing
[hls @ 0xaaaad5578f50] Opening '/config/cache/transcodes/1fa6f418e178a27684f4554696f4a7b5116.mp4' for writing
frame=35149 fps=3691 q=-1.0 size=N/A time=00:18:27.66 bitrate=N/A speed= 116x    
[hls @ 0xaaaad5578f50] Opening '/config/cache/transcodes/1fa6f418e178a27684f4554696f4a7b5117.mp4' for writing
[hls @ 0xaaaad5578f50] Opening '/config/cache/transcodes/1fa6f418e178a27684f4554696f4a7b5118.mp4' for writing
[hls @ 0xaaaad5578f50] Opening '/config/cache/transcodes/1fa6f418e178a27684f4554696f4a7b5119.mp4' for writing
[hls @ 0xaaaad5578f50] Opening '/config/cache/transcodes/1fa6f418e178a27684f4554696f4a7b5120.mp4' for writing
[hls @ 0xaaaad5578f50] Opening '/config/cache/transcodes/1fa6f418e178a27684f4554696f4a7b5121.mp4' for writing
[hls @ 0xaaaad5578f50] Opening '/config/cache/transcodes/1fa6f418e178a27684f4554696f4a7b5122.mp4' for writing
frame=37141 fps=3705 q=-1.0 size=N/A time=00:19:34.29 bitrate=N/A speed= 117x    
[hls @ 0xaaaad5578f50] Opening '/config/cache/transcodes/1fa6f418e178a27684f4554696f4a7b5123.mp4' for writing
[hls @ 0xaaaad5578f50] Opening '/config/cache/transcodes/1fa6f418e178a27684f4554696f4a7b5124.mp4' for writing
[hls @ 0xaaaad5578f50] Opening '/config/cache/transcodes/1fa6f418e178a27684f4554696f4a7b5125.mp4' for writing
[hls @ 0xaaaad5578f50] Opening '/config/cache/transcodes/1fa6f418e178a27684f4554696f4a7b5126.mp4' for writing
[hls @ 0xaaaad5578f50] Opening '/config/cache/transcodes/1fa6f418e178a27684f4554696f4a7b5127.mp4' for writing
[hls @ 0xaaaad5578f50] Opening '/config/cache/transcodes/1fa6f418e178a27684f4554696f4a7b5128.mp4' for writing
[hls @ 0xaaaad5578f50] Opening '/config/cache/transcodes/1fa6f418e178a27684f4554696f4a7b5129.mp4' for writing
frame=39037 fps=3709 q=-1.0 size=N/A time=00:20:37.41 bitrate=N/A speed= 118x    
[hls @ 0xaaaad5578f50] Opening '/config/cache/transcodes/1fa6f418e178a27684f4554696f4a7b5130.mp4' for writing
[hls @ 0xaaaad5578f50] Opening '/config/cache/transcodes/1fa6f418e178a27684f4554696f4a7b5131.mp4' for writing
[hls @ 0xaaaad5578f50] Opening '/config/cache/transcodes/1fa6f418e178a27684f4554696f4a7b5132.mp4' for writing
[hls @ 0xaaaad5578f50] Opening '/config/cache/transcodes/1fa6f418e178a27684f4554696f4a7b5133.mp4' for writing
[hls @ 0xaaaad5578f50] Opening '/config/cache/transcodes/1fa6f418e178a27684f4554696f4a7b5134.mp4' for writing
[hls @ 0xaaaad5578f50] Opening '/config/cache/transcodes/1fa6f418e178a27684f4554696f4a7b5135.mp4' for writing
frame=40888 fps=3708 q=-1.0 size=N/A time=00:21:39.07 bitrate=N/A speed= 118x    
[hls @ 0xaaaad5578f50] Opening '/config/cache/transcodes/1fa6f418e178a27684f4554696f4a7b5136.mp4' for writing
[hls @ 0xaaaad5578f50] Opening '/config/cache/transcodes/1fa6f418e178a27684f4554696f4a7b5137.mp4' for writing
[hls @ 0xaaaad5578f50] Opening '/config/cache/transcodes/1fa6f418e178a27684f4554696f4a7b5138.mp4' for writing
[hls @ 0xaaaad5578f50] Opening '/config/cache/transcodes/1fa6f418e178a27684f4554696f4a7b5139.mp4' for writing
[hls @ 0xaaaad5578f50] Opening '/config/cache/transcodes/1fa6f418e178a27684f4554696f4a7b5140.mp4' for writing
[hls @ 0xaaaad5578f50] Opening '/config/cache/transcodes/1fa6f418e178a27684f4554696f4a7b5141.mp4' for writing
frame=42817 fps=3713 q=-1.0 size=N/A time=00:22:43.34 bitrate=N/A speed= 118x    
[hls @ 0xaaaad5578f50] Opening '/config/cache/transcodes/1fa6f418e178a27684f4554696f4a7b5142.mp4' for writing
[hls @ 0xaaaad5578f50] Opening '/config/cache/transcodes/1fa6f418e178a27684f4554696f4a7b5143.mp4' for writing
[hls @ 0xaaaad5578f50] Opening '/config/cache/transcodes/1fa6f418e178a27684f4554696f4a7b5144.mp4' for writing
[hls @ 0xaaaad5578f50] Opening '/config/cache/transcodes/1fa6f418e178a27684f4554696f4a7b5145.mp4' for writing
[hls @ 0xaaaad5578f50] Opening '/config/cache/transcodes/1fa6f418e178a27684f4554696f4a7b5146.mp4' for writing
[hls @ 0xaaaad5578f50] Opening '/config/cache/transcodes/1fa6f418e178a27684f4554696f4a7b5147.mp4' for writing
frame=44606 fps=3706 q=-1.0 size=N/A time=00:23:43.14 bitrate=N/A speed= 118x    
[hls @ 0xaaaad5578f50] Opening '/config/cache/transcodes/1fa6f418e178a27684f4554696f4a7b5148.mp4' for writing
[hls @ 0xaaaad5578f50] Opening '/config/cache/transcodes/1fa6f418e178a27684f4554696f4a7b5149.mp4' for writing
[hls @ 0xaaaad5578f50] Opening '/config/cache/transcodes/1fa6f418e178a27684f4554696f4a7b5150.mp4' for writing
[hls @ 0xaaaad5578f50] Opening '/config/cache/transcodes/1fa6f418e178a27684f4554696f4a7b5151.mp4' for writing
[hls @ 0xaaaad5578f50] Opening '/config/cache/transcodes/1fa6f418e178a27684f4554696f4a7b5152.mp4' for writing
[hls @ 0xaaaad5578f50] Opening '/config/cache/transcodes/1fa6f418e178a27684f4554696f4a7b5153.mp4' for writing
frame=46421 fps=3702 q=-1.0 size=N/A time=00:24:43.56 bitrate=N/A speed= 118x    
[hls @ 0xaaaad5578f50] Opening '/config/cache/transcodes/1fa6f418e178a27684f4554696f4a7b5154.mp4' for writing
[hls @ 0xaaaad5578f50] Opening '/config/cache/transcodes/1fa6f418e178a27684f4554696f4a7b5155.mp4' for writing
[hls @ 0xaaaad5578f50] Opening '/config/cache/transcodes/1fa6f418e178a27684f4554696f4a7b5156.mp4' for writing
[hls @ 0xaaaad5578f50] Opening '/config/cache/transcodes/1fa6f418e178a27684f4554696f4a7b5157.mp4' for writing
[hls @ 0xaaaad5578f50] Opening '/config/cache/transcodes/1fa6f418e178a27684f4554696f4a7b5158.mp4' for writing
[hls @ 0xaaaad5578f50] Opening '/config/cache/transcodes/1fa6f418e178a27684f4554696f4a7b5159.mp4' for writing
[hls @ 0xaaaad5578f50] Opening '/config/cache/transcodes/1fa6f418e178a27684f4554696f4a7b5160.mp4' for writing
frame=48313 fps=3704 q=-1.0 size=N/A time=00:25:46.73 bitrate=N/A speed= 119x    
[hls @ 0xaaaad5578f50] Opening '/config/cache/transcodes/1fa6f418e178a27684f4554696f4a7b5161.mp4' for writing
[hls @ 0xaaaad5578f50] Opening '/config/cache/transcodes/1fa6f418e178a27684f4554696f4a7b5162.mp4' for writing
[hls @ 0xaaaad5578f50] Opening '/config/cache/transcodes/1fa6f418e178a27684f4554696f4a7b5163.mp4' for writing
[hls @ 0xaaaad5578f50] Opening '/config/cache/transcodes/1fa6f418e178a27684f4554696f4a7b5164.mp4' for writing
[hls @ 0xaaaad5578f50] Opening '/config/cache/transcodes/1fa6f418e178a27684f4554696f4a7b5165.mp4' for writing
[hls @ 0xaaaad5578f50] Opening '/config/cache/transcodes/1fa6f418e178a27684f4554696f4a7b5166.mp4' for writing
frame=50178 fps=3705 q=-1.0 size=N/A time=00:26:49.04 bitrate=N/A speed= 119x    
[hls @ 0xaaaad5578f50] Opening '/config/cache/transcodes/1fa6f418e178a27684f4554696f4a7b5167.mp4' for writing
[hls @ 0xaaaad5578f50] Opening '/config/cache/transcodes/1fa6f418e178a27684f4554696f4a7b5168.mp4' for writing
[hls @ 0xaaaad5578f50] Opening '/config/cache/transcodes/1fa6f418e178a27684f4554696f4a7b5169.mp4' for writing
[hls @ 0xaaaad5578f50] Opening '/config/cache/transcodes/1fa6f418e178a27684f4554696f4a7b5170.mp4' for writing
[hls @ 0xaaaad5578f50] Opening '/config/cache/transcodes/1fa6f418e178a27684f4554696f4a7b5171.mp4' for writing
[hls @ 0xaaaad5578f50] Opening '/config/cache/transcodes/1fa6f418e178a27684f4554696f4a7b5172.mp4' for writing
frame=52085 fps=3708 q=-1.0 size=N/A time=00:27:52.42 bitrate=N/A speed= 119x    
[hls @ 0xaaaad5578f50] Opening '/config/cache/transcodes/1fa6f418e178a27684f4554696f4a7b5173.mp4' for writing
[hls @ 0xaaaad5578f50] Opening '/config/cache/transcodes/1fa6f418e178a27684f4554696f4a7b5174.mp4' for writing
[hls @ 0xaaaad5578f50] Opening '/config/cache/transcodes/1fa6f418e178a27684f4554696f4a7b5175.mp4' for writing
[hls @ 0xaaaad5578f50] Opening '/config/cache/transcodes/1fa6f418e178a27684f4554696f4a7b5176.mp4' for writing
[hls @ 0xaaaad5578f50] Opening '/config/cache/transcodes/1fa6f418e178a27684f4554696f4a7b5177.mp4' for writing
[hls @ 0xaaaad5578f50] Opening '/config/cache/transcodes/1fa6f418e178a27684f4554696f4a7b5178.mp4' for writing
frame=53937 fps=3708 q=-1.0 size=N/A time=00:28:54.22 bitrate=N/A speed= 119x    
[hls @ 0xaaaad5578f50] Opening '/config/cache/transcodes/1fa6f418e178a27684f4554696f4a7b5179.mp4' for writing
[hls @ 0xaaaad5578f50] Opening '/config/cache/transcodes/1fa6f418e178a27684f4554696f4a7b5180.mp4' for writing
[hls @ 0xaaaad5578f50] Opening '/config/cache/transcodes/1fa6f418e178a27684f4554696f4a7b5181.mp4' for writing
[hls @ 0xaaaad5578f50] Opening '/config/cache/transcodes/1fa6f418e178a27684f4554696f4a7b5182.mp4' for writing
[hls @ 0xaaaad5578f50] Opening '/config/cache/transcodes/1fa6f418e178a27684f4554696f4a7b5183.mp4' for writing
[hls @ 0xaaaad5578f50] Opening '/config/cache/transcodes/1fa6f418e178a27684f4554696f4a7b5184.mp4' for writing
frame=55737 fps=3704 q=-1.0 size=N/A time=00:29:54.21 bitrate=N/A speed= 119x    
[hls @ 0xaaaad5578f50] Opening '/config/cache/transcodes/1fa6f418e178a27684f4554696f4a7b5185.mp4' for writing
[hls @ 0xaaaad5578f50] Opening '/config/cache/transcodes/1fa6f418e178a27684f4554696f4a7b5186.mp4' for writing
[hls @ 0xaaaad5578f50] Opening '/config/cache/transcodes/1fa6f418e178a27684f4554696f4a7b5187.mp4' for writing
[hls @ 0xaaaad5578f50] Opening '/config/cache/transcodes/1fa6f418e178a27684f4554696f4a7b5188.mp4' for writing
[hls @ 0xaaaad5578f50] Opening '/config/cache/transcodes/1fa6f418e178a27684f4554696f4a7b5189.mp4' for writing
[hls @ 0xaaaad5578f50] Opening '/config/cache/transcodes/1fa6f418e178a27684f4554696f4a7b5190.mp4' for writing
[hls @ 0xaaaad5578f50] Opening '/config/cache/transcodes/1fa6f418e178a27684f4554696f4a7b5191.mp4' for writing
frame=57613 fps=3705 q=-1.0 size=N/A time=00:30:56.53 bitrate=N/A speed= 119x    
[hls @ 0xaaaad5578f50] Opening '/config/cache/transcodes/1fa6f418e178a27684f4554696f4a7b5192.mp4' for writing
[hls @ 0xaaaad5578f50] Opening '/config/cache/transcodes/1fa6f418e178a27684f4554696f4a7b5193.mp4' for writing
[hls @ 0xaaaad5578f50] Opening '/config/cache/transcodes/1fa6f418e178a27684f4554696f4a7b5194.mp4' for writing
[hls @ 0xaaaad5578f50] Opening '/config/cache/transcodes/1fa6f418e178a27684f4554696f4a7b5195.mp4' for writing
[hls @ 0xaaaad5578f50] Opening '/config/cache/transcodes/1fa6f418e178a27684f4554696f4a7b5196.mp4' for writing
[hls @ 0xaaaad5578f50] Opening '/config/cache/transcodes/1fa6f418e178a27684f4554696f4a7b5197.mp4' for writing
frame=59514 fps=3708 q=-1.0 size=N/A time=00:32:00.21 bitrate=N/A speed= 120x    
[hls @ 0xaaaad5578f50] Opening '/config/cache/transcodes/1fa6f418e178a27684f4554696f4a7b5198.mp4' for writing
[hls @ 0xaaaad5578f50] Opening '/config/cache/transcodes/1fa6f418e178a27684f4554696f4a7b5199.mp4' for writing
[hls @ 0xaaaad5578f50] Opening '/config/cache/transcodes/1fa6f418e178a27684f4554696f4a7b5200.mp4' for writing
[hls @ 0xaaaad5578f50] Opening '/config/cache/transcodes/1fa6f418e178a27684f4554696f4a7b5201.mp4' for writing
[hls @ 0xaaaad5578f50] Opening '/config/cache/transcodes/1fa6f418e178a27684f4554696f4a7b5202.mp4' for writing
[hls @ 0xaaaad5578f50] Opening '/config/cache/transcodes/1fa6f418e178a27684f4554696f4a7b5203.mp4' for writing
frame=61345 fps=3706 q=-1.0 size=N/A time=00:33:01.01 bitrate=N/A speed= 120x    
[hls @ 0xaaaad5578f50] Opening '/config/cache/transcodes/1fa6f418e178a27684f4554696f4a7b5204.mp4' for writing
[hls @ 0xaaaad5578f50] Opening '/config/cache/transcodes/1fa6f418e178a27684f4554696f4a7b5205.mp4' for writing
[hls @ 0xaaaad5578f50] Opening '/config/cache/transcodes/1fa6f418e178a27684f4554696f4a7b5206.mp4' for writing
[hls @ 0xaaaad5578f50] Opening '/config/cache/transcodes/1fa6f418e178a27684f4554696f4a7b5207.mp4' for writing
[hls @ 0xaaaad5578f50] Opening '/config/cache/transcodes/1fa6f418e178a27684f4554696f4a7b5208.mp4' for writing
[hls @ 0xaaaad5578f50] Opening '/config/cache/transcodes/1fa6f418e178a27684f4554696f4a7b5209.mp4' for writing
frame=63265 fps=3710 q=-1.0 size=N/A time=00:34:05.18 bitrate=N/A speed= 120x    
[hls @ 0xaaaad5578f50] Opening '/config/cache/transcodes/1fa6f418e178a27684f4554696f4a7b5210.mp4' for writing
[hls @ 0xaaaad5578f50] Opening '/config/cache/transcodes/1fa6f418e178a27684f4554696f4a7b5211.mp4' for writing
[hls @ 0xaaaad5578f50] Opening '/config/cache/transcodes/1fa6f418e178a27684f4554696f4a7b5212.mp4' for writing
[hls @ 0xaaaad5578f50] Opening '/config/cache/transcodes/1fa6f418e178a27684f4554696f4a7b5213.mp4' for writing
[hls @ 0xaaaad5578f50] Opening '/config/cache/transcodes/1fa6f418e178a27684f4554696f4a7b5214.mp4' for writing
[hls @ 0xaaaad5578f50] Opening '/config/cache/transcodes/1fa6f418e178a27684f4554696f4a7b5215.mp4' for writing
frame=64845 fps=3694 q=-1.0 size=N/A time=00:34:57.70 bitrate=N/A speed= 119x    
[hls @ 0xaaaad5578f50] Opening '/config/cache/transcodes/1fa6f418e178a27684f4554696f4a7b5216.mp4' for writing
[hls @ 0xaaaad5578f50] Opening '/config/cache/transcodes/1fa6f418e178a27684f4554696f4a7b5217.mp4' for writing
[hls @ 0xaaaad5578f50] Opening '/config/cache/transcodes/1fa6f418e178a27684f4554696f4a7b5218.mp4' for writing
[hls @ 0xaaaad5578f50] Opening '/config/cache/transcodes/1fa6f418e178a27684f4554696f4a7b5219.mp4' for writing
[hls @ 0xaaaad5578f50] Opening '/config/cache/transcodes/1fa6f418e178a27684f4554696f4a7b5220.mp4' for writing
[hls @ 0xaaaad5578f50] Opening '/config/cache/transcodes/1fa6f418e178a27684f4554696f4a7b5221.mp4' for writing
frame=66721 fps=3695 q=-1.0 size=N/A time=00:36:00.23 bitrate=N/A speed= 120x    
[hls @ 0xaaaad5578f50] Opening '/config/cache/transcodes/1fa6f418e178a27684f4554696f4a7b5222.mp4' for writing
[hls @ 0xaaaad5578f50] Opening '/config/cache/transcodes/1fa6f418e178a27684f4554696f4a7b5223.mp4' for writing
[hls @ 0xaaaad5578f50] Opening '/config/cache/transcodes/1fa6f418e178a27684f4554696f4a7b5224.mp4' for writing
[hls @ 0xaaaad5578f50] Opening '/config/cache/transcodes/1fa6f418e178a27684f4554696f4a7b5225.mp4' for writing
[hls @ 0xaaaad5578f50] Opening '/config/cache/transcodes/1fa6f418e178a27684f4554696f4a7b5226.mp4' for writing
[hls @ 0xaaaad5578f50] Opening '/config/cache/transcodes/1fa6f418e178a27684f4554696f4a7b5227.mp4' for writing
frame=68665 fps=3699 q=-1.0 size=N/A time=00:37:04.87 bitrate=N/A speed= 120x    
[hls @ 0xaaaad5578f50] Opening '/config/cache/transcodes/1fa6f418e178a27684f4554696f4a7b5228.mp4' for writing
[hls @ 0xaaaad5578f50] Opening '/config/cache/transcodes/1fa6f418e178a27684f4554696f4a7b5229.mp4' for writing
[hls @ 0xaaaad5578f50] Opening '/config/cache/transcodes/1fa6f418e178a27684f4554696f4a7b5230.mp4' for writing
[hls @ 0xaaaad5578f50] Opening '/config/cache/transcodes/1fa6f418e178a27684f4554696f4a7b5231.mp4' for writing
[hls @ 0xaaaad5578f50] Opening '/config/cache/transcodes/1fa6f418e178a27684f4554696f4a7b5232.mp4' for writing
[hls @ 0xaaaad5578f50] Opening '/config/cache/transcodes/1fa6f418e178a27684f4554696f4a7b5233.mp4' for writing
[hls @ 0xaaaad5578f50] Opening '/config/cache/transcodes/1fa6f418e178a27684f4554696f4a7b5234.mp4' for writing
frame=70509 fps=3699 q=-1.0 size=N/A time=00:38:06.52 bitrate=N/A speed= 120x    
[hls @ 0xaaaad5578f50] Opening '/config/cache/transcodes/1fa6f418e178a27684f4554696f4a7b5235.mp4' for writing
[hls @ 0xaaaad5578f50] Opening '/config/cache/transcodes/1fa6f418e178a27684f4554696f4a7b5236.mp4' for writing
[hls @ 0xaaaad5578f50] Opening '/config/cache/transcodes/1fa6f418e178a27684f4554696f4a7b5237.mp4' for writing
[hls @ 0xaaaad5578f50] Opening '/config/cache/transcodes/1fa6f418e178a27684f4554696f4a7b5238.mp4' for writing
[hls @ 0xaaaad5578f50] Opening '/config/cache/transcodes/1fa6f418e178a27684f4554696f4a7b5239.mp4' for writing
[hls @ 0xaaaad5578f50] Opening '/config/cache/transcodes/1fa6f418e178a27684f4554696f4a7b5240.mp4' for writing
frame=72309 fps=3696 q=-1.0 size=N/A time=00:39:06.53 bitrate=N/A speed= 120x    
[hls @ 0xaaaad5578f50] Opening '/config/cache/transcodes/1fa6f418e178a27684f4554696f4a7b5241.mp4' for writing
[hls @ 0xaaaad5578f50] Opening '/config/cache/transcodes/1fa6f418e178a27684f4554696f4a7b5242.mp4' for writing
[hls @ 0xaaaad5578f50] Opening '/config/cache/transcodes/1fa6f418e178a27684f4554696f4a7b5243.mp4' for writing
[hls @ 0xaaaad5578f50] Opening '/config/cache/transcodes/1fa6f418e178a27684f4554696f4a7b5244.mp4' for writing
[hls @ 0xaaaad5578f50] Opening '/config/cache/transcodes/1fa6f418e178a27684f4554696f4a7b5245.mp4' for writing
[hls @ 0xaaaad5578f50] Opening '/config/cache/transcodes/1fa6f418e178a27684f4554696f4a7b5246.mp4' for writing
frame=74185 fps=3697 q=-1.0 size=N/A time=00:40:08.83 bitrate=N/A speed= 120x    
[hls @ 0xaaaad5578f50] Opening '/config/cache/transcodes/1fa6f418e178a27684f4554696f4a7b5247.mp4' for writing
[hls @ 0xaaaad5578f50] Opening '/config/cache/transcodes/1fa6f418e178a27684f4554696f4a7b5248.mp4' for writing
[hls @ 0xaaaad5578f50] Opening '/config/cache/transcodes/1fa6f418e178a27684f4554696f4a7b5249.mp4' for writing
[hls @ 0xaaaad5578f50] Opening '/config/cache/transcodes/1fa6f418e178a27684f4554696f4a7b5250.mp4' for writing
[hls @ 0xaaaad5578f50] Opening '/config/cache/transcodes/1fa6f418e178a27684f4554696f4a7b5251.mp4' for writing
[hls @ 0xaaaad5578f50] Opening '/config/cache/transcodes/1fa6f418e178a27684f4554696f4a7b5252.mp4' for writing
frame=75929 fps=3692 q=-1.0 size=N/A time=00:41:07.22 bitrate=N/A speed= 120x    
[hls @ 0xaaaad5578f50] Opening '/config/cache/transcodes/1fa6f418e178a27684f4554696f4a7b5253.mp4' for writing
[hls @ 0xaaaad5578f50] Opening '/config/cache/transcodes/1fa6f418e178a27684f4554696f4a7b5254.mp4' for writing
[hls @ 0xaaaad5578f50] Opening '/config/cache/transcodes/1fa6f418e178a27684f4554696f4a7b5255.mp4' for writing
[hls @ 0xaaaad5578f50] Opening '/config/cache/transcodes/1fa6f418e178a27684f4554696f4a7b5256.mp4' for writing
[hls @ 0xaaaad5578f50] Opening '/config/cache/transcodes/1fa6f418e178a27684f4554696f4a7b5257.mp4' for writing
[hls @ 0xaaaad5578f50] Opening '/config/cache/transcodes/1fa6f418e178a27684f4554696f4a7b5258.mp4' for writing
frame=77929 fps=3699 q=-1.0 size=N/A time=00:42:13.88 bitrate=N/A speed= 120x    
[hls @ 0xaaaad5578f50] Opening '/config/cache/transcodes/1fa6f418e178a27684f4554696f4a7b5259.mp4' for writing
[hls @ 0xaaaad5578f50] Opening '/config/cache/transcodes/1fa6f418e178a27684f4554696f4a7b5260.mp4' for writing
[hls @ 0xaaaad5578f50] Opening '/config/cache/transcodes/1fa6f418e178a27684f4554696f4a7b5261.mp4' for writing
[hls @ 0xaaaad5578f50] Opening '/config/cache/transcodes/1fa6f418e178a27684f4554696f4a7b5262.mp4' for writing
[hls @ 0xaaaad5578f50] Opening '/config/cache/transcodes/1fa6f418e178a27684f4554696f4a7b5263.mp4' for writing
[hls @ 0xaaaad5578f50] Opening '/config/cache/transcodes/1fa6f418e178a27684f4554696f4a7b5264.mp4' for writing
frame=79649 fps=3693 q=-1.0 size=N/A time=00:43:11.38 bitrate=N/A speed= 120x    
[hls @ 0xaaaad5578f50] Opening '/config/cache/transcodes/1fa6f418e178a27684f4554696f4a7b5265.mp4' for writing
[hls @ 0xaaaad5578f50] Opening '/config/cache/transcodes/1fa6f418e178a27684f4554696f4a7b5266.mp4' for writing
[hls @ 0xaaaad5578f50] Opening '/config/cache/transcodes/1fa6f418e178a27684f4554696f4a7b5267.mp4' for writing
[hls @ 0xaaaad5578f50] Opening '/config/cache/transcodes/1fa6f418e178a27684f4554696f4a7b5268.mp4' for writing
[hls @ 0xaaaad5578f50] Opening '/config/cache/transcodes/1fa6f418e178a27684f4554696f4a7b5269.mp4' for writing
[hls @ 0xaaaad5578f50] Opening '/config/cache/transcodes/1fa6f418e178a27684f4554696f4a7b5270.mp4' for writing
frame=81497 fps=3692 q=-1.0 size=N/A time=00:44:12.60 bitrate=N/A speed= 120x    
[hls @ 0xaaaad5578f50] Opening '/config/cache/transcodes/1fa6f418e178a27684f4554696f4a7b5271.mp4' for writing
[hls @ 0xaaaad5578f50] Opening '/config/cache/transcodes/1fa6f418e178a27684f4554696f4a7b5272.mp4' for writing
[hls @ 0xaaaad5578f50] Opening '/config/cache/transcodes/1fa6f418e178a27684f4554696f4a7b5273.mp4' for writing
[hls @ 0xaaaad5578f50] Opening '/config/cache/transcodes/1fa6f418e178a27684f4554696f4a7b5274.mp4' for writing
[hls @ 0xaaaad5578f50] Opening '/config/cache/transcodes/1fa6f418e178a27684f4554696f4a7b5275.mp4' for writing
[hls @ 0xaaaad5578f50] Opening '/config/cache/transcodes/1fa6f418e178a27684f4554696f4a7b5276.mp4' for writing
frame=83109 fps=3681 q=-1.0 size=N/A time=00:45:06.53 bitrate=N/A speed= 120x    
[hls @ 0xaaaad5578f50] Opening '/config/cache/transcodes/1fa6f418e178a27684f4554696f4a7b5277.mp4' for writing
[hls @ 0xaaaad5578f50] Opening '/config/cache/transcodes/1fa6f418e178a27684f4554696f4a7b5278.mp4' for writing
[hls @ 0xaaaad5578f50] Opening '/config/cache/transcodes/1fa6f418e178a27684f4554696f4a7b5279.mp4' for writing
[hls @ 0xaaaad5578f50] Opening '/config/cache/transcodes/1fa6f418e178a27684f4554696f4a7b5280.mp4' for writing
[hls @ 0xaaaad5578f50] Opening '/config/cache/transcodes/1fa6f418e178a27684f4554696f4a7b5281.mp4' for writing
frame=84753 fps=3672 q=-1.0 size=N/A time=00:46:01.21 bitrate=N/A speed= 120x    
[hls @ 0xaaaad5578f50] Opening '/config/cache/transcodes/1fa6f418e178a27684f4554696f4a7b5282.mp4' for writing
[hls @ 0xaaaad5578f50] Opening '/config/cache/transcodes/1fa6f418e178a27684f4554696f4a7b5283.mp4' for writing
[hls @ 0xaaaad5578f50] Opening '/config/cache/transcodes/1fa6f418e178a27684f4554696f4a7b5284.mp4' for writing
[hls @ 0xaaaad5578f50] Opening '/config/cache/transcodes/1fa6f418e178a27684f4554696f4a7b5285.mp4' for writing
[hls @ 0xaaaad5578f50] Opening '/config/cache/transcodes/1fa6f418e178a27684f4554696f4a7b5286.mp4' for writing
[hls @ 0xaaaad5578f50] Opening '/config/cache/transcodes/1fa6f418e178a27684f4554696f4a7b5287.mp4' for writing
frame=86665 fps=3674 q=-1.0 size=N/A time=00:47:04.93 bitrate=N/A speed= 120x    
[hls @ 0xaaaad5578f50] Opening '/config/cache/transcodes/1fa6f418e178a27684f4554696f4a7b5288.mp4' for writing
[hls @ 0xaaaad5578f50] Opening '/config/cache/transcodes/1fa6f418e178a27684f4554696f4a7b5289.mp4' for writing
[hls @ 0xaaaad5578f50] Opening '/config/cache/transcodes/1fa6f418e178a27684f4554696f4a7b5290.mp4' for writing
[hls @ 0xaaaad5578f50] Opening '/config/cache/transcodes/1fa6f418e178a27684f4554696f4a7b5291.mp4' for writing
[hls @ 0xaaaad5578f50] Opening '/config/cache/transcodes/1fa6f418e178a27684f4554696f4a7b5292.mp4' for writing
[hls @ 0xaaaad5578f50] Opening '/config/cache/transcodes/1fa6f418e178a27684f4554696f4a7b5293.mp4' for writing
[hls @ 0xaaaad5578f50] Opening '/config/cache/transcodes/1fa6f418e178a27684f4554696f4a7b5294.mp4' for writing
frame=88509 fps=3674 q=-1.0 size=N/A time=00:48:06.54 bitrate=N/A speed= 120x    
[hls @ 0xaaaad5578f50] Opening '/config/cache/transcodes/1fa6f418e178a27684f4554696f4a7b5295.mp4' for writing
[hls @ 0xaaaad5578f50] Opening '/config/cache/transcodes/1fa6f418e178a27684f4554696f4a7b5296.mp4' for writing
[hls @ 0xaaaad5578f50] Opening '/config/cache/transcodes/1fa6f418e178a27684f4554696f4a7b5297.mp4' for writing
[hls @ 0xaaaad5578f50] Opening '/config/cache/transcodes/1fa6f418e178a27684f4554696f4a7b5298.mp4' for writing
[hls @ 0xaaaad5578f50] Opening '/config/cache/transcodes/1fa6f418e178a27684f4554696f4a7b5299.mp4' for writing
frame=90285 fps=3671 q=-1.0 size=N/A time=00:49:05.72 bitrate=N/A speed= 120x    
[hls @ 0xaaaad5578f50] Opening '/config/cache/transcodes/1fa6f418e178a27684f4554696f4a7b5300.mp4' for writing
[hls @ 0xaaaad5578f50] Opening '/config/cache/transcodes/1fa6f418e178a27684f4554696f4a7b5301.mp4' for writing
[hls @ 0xaaaad5578f50] Opening '/config/cache/transcodes/1fa6f418e178a27684f4554696f4a7b5302.mp4' for writing
[hls @ 0xaaaad5578f50] Opening '/config/cache/transcodes/1fa6f418e178a27684f4554696f4a7b5303.mp4' for writing
[hls @ 0xaaaad5578f50] Opening '/config/cache/transcodes/1fa6f418e178a27684f4554696f4a7b5304.mp4' for writing
[hls @ 0xaaaad5578f50] Opening '/config/cache/transcodes/1fa6f418e178a27684f4554696f4a7b5305.mp4' for writing
[hls @ 0xaaaad5578f50] Opening '/config/cache/transcodes/1fa6f418e178a27684f4554696f4a7b5306.mp4' for writing
frame=92109 fps=3671 q=-1.0 size=N/A time=00:50:06.52 bitrate=N/A speed= 120x    
[hls @ 0xaaaad5578f50] Opening '/config/cache/transcodes/1fa6f418e178a27684f4554696f4a7b5307.mp4' for writing
[hls @ 0xaaaad5578f50] Opening '/config/cache/transcodes/1fa6f418e178a27684f4554696f4a7b5308.mp4' for writing
[hls @ 0xaaaad5578f50] Opening '/config/cache/transcodes/1fa6f418e178a27684f4554696f4a7b5309.mp4' for writing
[hls @ 0xaaaad5578f50] Opening '/config/cache/transcodes/1fa6f418e178a27684f4554696f4a7b5310.mp4' for writing
[hls @ 0xaaaad5578f50] Opening '/config/cache/transcodes/1fa6f418e178a27684f4554696f4a7b5311.mp4' for writing
frame=93889 fps=3668 q=-1.0 size=N/A time=00:51:05.92 bitrate=N/A speed= 120x    
[hls @ 0xaaaad5578f50] Opening '/config/cache/transcodes/1fa6f418e178a27684f4554696f4a7b5312.mp4' for writing
[hls @ 0xaaaad5578f50] Opening '/config/cache/transcodes/1fa6f418e178a27684f4554696f4a7b5313.mp4' for writing
[hls @ 0xaaaad5578f50] Opening '/config/cache/transcodes/1fa6f418e178a27684f4554696f4a7b5314.mp4' for writing
[hls @ 0xaaaad5578f50] Opening '/config/cache/transcodes/1fa6f418e178a27684f4554696f4a7b5315.mp4' for writing
[hls @ 0xaaaad5578f50] Opening '/config/cache/transcodes/1fa6f418e178a27684f4554696f4a7b5316.mp4' for writing
[hls @ 0xaaaad5578f50] Opening '/config/cache/transcodes/1fa6f418e178a27684f4554696f4a7b5317.mp4' for writing
frame=95569 fps=3662 q=-1.0 size=N/A time=00:52:01.62 bitrate=N/A speed= 120x    
[hls @ 0xaaaad5578f50] Opening '/config/cache/transcodes/1fa6f418e178a27684f4554696f4a7b5318.mp4' for writing
[hls @ 0xaaaad5578f50] Opening '/config/cache/transcodes/1fa6f418e178a27684f4554696f4a7b5319.mp4' for writing
[hls @ 0xaaaad5578f50] Opening '/config/cache/transcodes/1fa6f418e178a27684f4554696f4a7b5320.mp4' for writing
[hls @ 0xaaaad5578f50] Opening '/config/cache/transcodes/1fa6f418e178a27684f4554696f4a7b5321.mp4' for writing
[hls @ 0xaaaad5578f50] Opening '/config/cache/transcodes/1fa6f418e178a27684f4554696f4a7b5322.mp4' for writing
[hls @ 0xaaaad5578f50] Opening '/config/cache/transcodes/1fa6f418e178a27684f4554696f4a7b5323.mp4' for writing
frame=97417 fps=3662 q=-1.0 size=N/A time=00:53:03.44 bitrate=N/A speed= 120x    
[hls @ 0xaaaad5578f50] Opening '/config/cache/transcodes/1fa6f418e178a27684f4554696f4a7b5324.mp4' for writing
[hls @ 0xaaaad5578f50] Opening '/config/cache/transcodes/1fa6f418e178a27684f4554696f4a7b5325.mp4' for writing
[hls @ 0xaaaad5578f50] Opening '/config/cache/transcodes/1fa6f418e178a27684f4554696f4a7b5326.mp4' for writing
[hls @ 0xaaaad5578f50] Opening '/config/cache/transcodes/1fa6f418e178a27684f4554696f4a7b5327.mp4' for writing
[hls @ 0xaaaad5578f50] Opening '/config/cache/transcodes/1fa6f418e178a27684f4554696f4a7b5328.mp4' for writing
[hls @ 0xaaaad5578f50] Opening '/config/cache/transcodes/1fa6f418e178a27684f4554696f4a7b5329.mp4' for writing
frame=99173 fps=3659 q=-1.0 size=N/A time=00:54:01.89 bitrate=N/A speed= 120x    
[hls @ 0xaaaad5578f50] Opening '/config/cache/transcodes/1fa6f418e178a27684f4554696f4a7b5330.mp4' for writing
[hls @ 0xaaaad5578f50] Opening '/config/cache/transcodes/1fa6f418e178a27684f4554696f4a7b5331.mp4' for writing
[hls @ 0xaaaad5578f50] Opening '/config/cache/transcodes/1fa6f418e178a27684f4554696f4a7b5332.mp4' for writing
[hls @ 0xaaaad5578f50] Opening '/config/cache/transcodes/1fa6f418e178a27684f4554696f4a7b5333.mp4' for writing
[hls @ 0xaaaad5578f50] Opening '/config/cache/transcodes/1fa6f418e178a27684f4554696f4a7b5334.mp4' for writing
[hls @ 0xaaaad5578f50] Opening '/config/cache/transcodes/1fa6f418e178a27684f4554696f4a7b5335.mp4' for writing
frame=101065 fps=3660 q=-1.0 size=N/A time=00:55:05.00 bitrate=N/A speed= 120x    
[hls @ 0xaaaad5578f50] Opening '/config/cache/transcodes/1fa6f418e178a27684f4554696f4a7b5336.mp4' for writing
[hls @ 0xaaaad5578f50] Opening '/config/cache/transcodes/1fa6f418e178a27684f4554696f4a7b5337.mp4' for writing
[hls @ 0xaaaad5578f50] Opening '/config/cache/transcodes/1fa6f418e178a27684f4554696f4a7b5338.mp4' for writing
[hls @ 0xaaaad5578f50] Opening '/config/cache/transcodes/1fa6f418e178a27684f4554696f4a7b5339.mp4' for writing
[hls @ 0xaaaad5578f50] Opening '/config/cache/transcodes/1fa6f418e178a27684f4554696f4a7b5340.mp4' for writing
[hls @ 0xaaaad5578f50] Opening '/config/cache/transcodes/1fa6f418e178a27684f4554696f4a7b5341.mp4' for writing
[hls @ 0xaaaad5578f50] Opening '/config/cache/transcodes/1fa6f418e178a27684f4554696f4a7b5342.mp4' for writing
frame=102909 fps=3660 q=-1.0 size=N/A time=00:56:06.52 bitrate=N/A speed= 120x    
[hls @ 0xaaaad5578f50] Opening '/config/cache/transcodes/1fa6f418e178a27684f4554696f4a7b5343.mp4' for writing
[hls @ 0xaaaad5578f50] Opening '/config/cache/transcodes/1fa6f418e178a27684f4554696f4a7b5344.mp4' for writing
[hls @ 0xaaaad5578f50] Opening '/config/cache/transcodes/1fa6f418e178a27684f4554696f4a7b5345.mp4' for writing
[hls @ 0xaaaad5578f50] Opening '/config/cache/transcodes/1fa6f418e178a27684f4554696f4a7b5346.mp4' for writing
[hls @ 0xaaaad5578f50] Opening '/config/cache/transcodes/1fa6f418e178a27684f4554696f4a7b5347.mp4' for writing
frame=104689 fps=3658 q=-1.0 size=N/A time=00:57:05.72 bitrate=N/A speed= 120x    
[hls @ 0xaaaad5578f50] Opening '/config/cache/transcodes/1fa6f418e178a27684f4554696f4a7b5348.mp4' for writing
[hls @ 0xaaaad5578f50] Opening '/config/cache/transcodes/1fa6f418e178a27684f4554696f4a7b5349.mp4' for writing
[hls @ 0xaaaad5578f50] Opening '/config/cache/transcodes/1fa6f418e178a27684f4554696f4a7b5350.mp4' for writing
[hls @ 0xaaaad5578f50] Opening '/config/cache/transcodes/1fa6f418e178a27684f4554696f4a7b5351.mp4' for writing
[hls @ 0xaaaad5578f50] Opening '/config/cache/transcodes/1fa6f418e178a27684f4554696f4a7b5352.mp4' for writing
[hls @ 0xaaaad5578f50] Opening '/config/cache/transcodes/1fa6f418e178a27684f4554696f4a7b5353.mp4' for writing
[hls @ 0xaaaad5578f50] Opening '/config/cache/transcodes/1fa6f418e178a27684f4554696f4a7b5354.mp4' for writing
frame=106509 fps=3657 q=-1.0 size=N/A time=00:58:06.52 bitrate=N/A speed= 120x    
[hls @ 0xaaaad5578f50] Opening '/config/cache/transcodes/1fa6f418e178a27684f4554696f4a7b5355.mp4' for writing
[hls @ 0xaaaad5578f50] Opening '/config/cache/transcodes/1fa6f418e178a27684f4554696f4a7b5356.mp4' for writing
[hls @ 0xaaaad5578f50] Opening '/config/cache/transcodes/1fa6f418e178a27684f4554696f4a7b5357.mp4' for writing
[hls @ 0xaaaad5578f50] Opening '/config/cache/transcodes/1fa6f418e178a27684f4554696f4a7b5358.mp4' for writing
[hls @ 0xaaaad5578f50] Opening '/config/cache/transcodes/1fa6f418e178a27684f4554696f4a7b5359.mp4' for writing
frame=108309 fps=3656 q=-1.0 size=N/A time=00:59:06.45 bitrate=N/A speed= 120x    
[hls @ 0xaaaad5578f50] Opening '/config/cache/transcodes/1fa6f418e178a27684f4554696f4a7b5360.mp4' for writing
[hls @ 0xaaaad5578f50] Opening '/config/cache/transcodes/1fa6f418e178a27684f4554696f4a7b5361.mp4' for writing
[hls @ 0xaaaad5578f50] Opening '/config/cache/transcodes/1fa6f418e178a27684f4554696f4a7b5362.mp4' for writing
[hls @ 0xaaaad5578f50] Opening '/config/cache/transcodes/1fa6f418e178a27684f4554696f4a7b5363.mp4' for writing
[hls @ 0xaaaad5578f50] Opening '/config/cache/transcodes/1fa6f418e178a27684f4554696f4a7b5364.mp4' for writing
[hls @ 0xaaaad5578f50] Opening '/config/cache/transcodes/1fa6f418e178a27684f4554696f4a7b5365.mp4' for writing
frame=110021 fps=3652 q=-1.0 size=N/A time=01:00:03.60 bitrate=N/A speed= 120x    
[hls @ 0xaaaad5578f50] Opening '/config/cache/transcodes/1fa6f418e178a27684f4554696f4a7b5366.mp4' for writing
[hls @ 0xaaaad5578f50] Opening '/config/cache/transcodes/1fa6f418e178a27684f4554696f4a7b5367.mp4' for writing
[hls @ 0xaaaad5578f50] Opening '/config/cache/transcodes/1fa6f418e178a27684f4554696f4a7b5368.mp4' for writing
[hls @ 0xaaaad5578f50] Opening '/config/cache/transcodes/1fa6f418e178a27684f4554696f4a7b5369.mp4' for writing
[hls @ 0xaaaad5578f50] Opening '/config/cache/transcodes/1fa6f418e178a27684f4554696f4a7b5370.mp4' for writing
[hls @ 0xaaaad5578f50] Opening '/config/cache/transcodes/1fa6f418e178a27684f4554696f4a7b5371.mp4' for writing
frame=111869 fps=3653 q=-1.0 size=N/A time=01:01:05.00 bitrate=N/A speed= 120x    
[hls @ 0xaaaad5578f50] Opening '/config/cache/transcodes/1fa6f418e178a27684f4554696f4a7b5372.mp4' for writing
[hls @ 0xaaaad5578f50] Opening '/config/cache/transcodes/1fa6f418e178a27684f4554696f4a7b5373.mp4' for writing
[hls @ 0xaaaad5578f50] Opening '/config/cache/transcodes/1fa6f418e178a27684f4554696f4a7b5374.mp4' for writing
[hls @ 0xaaaad5578f50] Opening '/config/cache/transcodes/1fa6f418e178a27684f4554696f4a7b5375.mp4' for writing
[hls @ 0xaaaad5578f50] Opening '/config/cache/transcodes/1fa6f418e178a27684f4554696f4a7b5376.mp4' for writing
[hls @ 0xaaaad5578f50] Opening '/config/cache/transcodes/1fa6f418e178a27684f4554696f4a7b5377.mp4' for writing
[hls @ 0xaaaad5578f50] Opening '/config/cache/transcodes/1fa6f418e178a27684f4554696f4a7b5378.mp4' for writing
frame=113721 fps=3653 q=-1.0 size=N/A time=01:02:07.01 bitrate=N/A speed= 120x    
[hls @ 0xaaaad5578f50] Opening '/config/cache/transcodes/1fa6f418e178a27684f4554696f4a7b5379.mp4' for writing
[hls @ 0xaaaad5578f50] Opening '/config/cache/transcodes/1fa6f418e178a27684f4554696f4a7b5380.mp4' for writing
[hls @ 0xaaaad5578f50] Opening '/config/cache/transcodes/1fa6f418e178a27684f4554696f4a7b5381.mp4' for writing
[hls @ 0xaaaad5578f50] Opening '/config/cache/transcodes/1fa6f418e178a27684f4554696f4a7b5382.mp4' for writing
[hls @ 0xaaaad5578f50] Opening '/config/cache/transcodes/1fa6f418e178a27684f4554696f4a7b5383.mp4' for writing
[hls @ 0xaaaad5578f50] Opening '/config/cache/transcodes/1fa6f418e178a27684f4554696f4a7b5384.mp4' for writing
frame=115557 fps=3653 q=-1.0 size=N/A time=01:03:07.96 bitrate=N/A speed= 120x    
[hls @ 0xaaaad5578f50] Opening '/config/cache/transcodes/1fa6f418e178a27684f4554696f4a7b5385.mp4' for writing
[hls @ 0xaaaad5578f50] Opening '/config/cache/transcodes/1fa6f418e178a27684f4554696f4a7b5386.mp4' for writing
[hls @ 0xaaaad5578f50] Opening '/config/cache/transcodes/1fa6f418e178a27684f4554696f4a7b5387.mp4' for writing
[hls @ 0xaaaad5578f50] Opening '/config/cache/transcodes/1fa6f418e178a27684f4554696f4a7b5388.mp4' for writing
[hls @ 0xaaaad5578f50] Opening '/config/cache/transcodes/1fa6f418e178a27684f4554696f4a7b5389.mp4' for writing
[hls @ 0xaaaad5578f50] Opening '/config/cache/transcodes/1fa6f418e178a27684f4554696f4a7b5390.mp4' for writing
frame=117313 fps=3651 q=-1.0 size=N/A time=01:04:06.69 bitrate=N/A speed= 120x    
[hls @ 0xaaaad5578f50] Opening '/config/cache/transcodes/1fa6f418e178a27684f4554696f4a7b5391.mp4' for writing
[hls @ 0xaaaad5578f50] Opening '/config/cache/transcodes/1fa6f418e178a27684f4554696f4a7b5392.mp4' for writing
[hls @ 0xaaaad5578f50] Opening '/config/cache/transcodes/1fa6f418e178a27684f4554696f4a7b5393.mp4' for writing
[hls @ 0xaaaad5578f50] Opening '/config/cache/transcodes/1fa6f418e178a27684f4554696f4a7b5394.mp4' for writing
[hls @ 0xaaaad5578f50] Opening '/config/cache/transcodes/1fa6f418e178a27684f4554696f4a7b5395.mp4' for writing
frame=119041 fps=3647 q=-1.0 size=N/A time=01:05:04.38 bitrate=N/A speed= 120x    
[hls @ 0xaaaad5578f50] Opening '/config/cache/transcodes/1fa6f418e178a27684f4554696f4a7b5396.mp4' for writing
[hls @ 0xaaaad5578f50] Opening '/config/cache/transcodes/1fa6f418e178a27684f4554696f4a7b5397.mp4' for writing
[hls @ 0xaaaad5578f50] Opening '/config/cache/transcodes/1fa6f418e178a27684f4554696f4a7b5398.mp4' for writing
[hls @ 0xaaaad5578f50] Opening '/config/cache/transcodes/1fa6f418e178a27684f4554696f4a7b5399.mp4' for writing
[hls @ 0xaaaad5578f50] Opening '/config/cache/transcodes/1fa6f418e178a27684f4554696f4a7b5400.mp4' for writing
[hls @ 0xaaaad5578f50] Opening '/config/cache/transcodes/1fa6f418e178a27684f4554696f4a7b5401.mp4' for writing
[hls @ 0xaaaad5578f50] Opening '/config/cache/transcodes/1fa6f418e178a27684f4554696f4a7b5402.mp4' for writing
frame=120909 fps=3648 q=-1.0 size=N/A time=01:06:06.52 bitrate=N/A speed= 120x    
[hls @ 0xaaaad5578f50] Opening '/config/cache/transcodes/1fa6f418e178a27684f4554696f4a7b5403.mp4' for writing
[hls @ 0xaaaad5578f50] Opening '/config/cache/transcodes/1fa6f418e178a27684f4554696f4a7b5404.mp4' for writing
[hls @ 0xaaaad5578f50] Opening '/config/cache/transcodes/1fa6f418e178a27684f4554696f4a7b5405.mp4' for writing
[hls @ 0xaaaad5578f50] Opening '/config/cache/transcodes/1fa6f418e178a27684f4554696f4a7b5406.mp4' for writing
[hls @ 0xaaaad5578f50] Opening '/config/cache/transcodes/1fa6f418e178a27684f4554696f4a7b5407.mp4' for writing
[hls @ 0xaaaad5578f50] Opening '/config/cache/transcodes/1fa6f418e178a27684f4554696f4a7b5408.mp4' for writing
frame=122709 fps=3647 q=-1.0 size=N/A time=01:07:06.62 bitrate=N/A speed= 120x    
[hls @ 0xaaaad5578f50] Opening '/config/cache/transcodes/1fa6f418e178a27684f4554696f4a7b5409.mp4' for writing
[hls @ 0xaaaad5578f50] Opening '/config/cache/transcodes/1fa6f418e178a27684f4554696f4a7b5410.mp4' for writing
[hls @ 0xaaaad5578f50] Opening '/config/cache/transcodes/1fa6f418e178a27684f4554696f4a7b5411.mp4' for writing
[hls @ 0xaaaad5578f50] Opening '/config/cache/transcodes/1fa6f418e178a27684f4554696f4a7b5412.mp4' for writing
[hls @ 0xaaaad5578f50] Opening '/config/cache/transcodes/1fa6f418e178a27684f4554696f4a7b5413.mp4' for writing
frame=124481 fps=3645 q=-1.0 size=N/A time=01:08:05.69 bitrate=N/A speed= 120x    
[hls @ 0xaaaad5578f50] Opening '/config/cache/transcodes/1fa6f418e178a27684f4554696f4a7b5414.mp4' for writing
[hls @ 0xaaaad5578f50] Opening '/config/cache/transcodes/1fa6f418e178a27684f4554696f4a7b5415.mp4' for writing
[hls @ 0xaaaad5578f50] Opening '/config/cache/transcodes/1fa6f418e178a27684f4554696f4a7b5416.mp4' for writing
[hls @ 0xaaaad5578f50] Opening '/config/cache/transcodes/1fa6f418e178a27684f4554696f4a7b5417.mp4' for writing
[hls @ 0xaaaad5578f50] Opening '/config/cache/transcodes/1fa6f418e178a27684f4554696f4a7b5418.mp4' for writing
[hls @ 0xaaaad5578f50] Opening '/config/cache/transcodes/1fa6f418e178a27684f4554696f4a7b5419.mp4' for writing
[hls @ 0xaaaad5578f50] Opening '/config/cache/transcodes/1fa6f418e178a27684f4554696f4a7b5420.mp4' for writing
frame=126309 fps=3645 q=-1.0 size=N/A time=01:09:06.53 bitrate=N/A speed= 120x    
[hls @ 0xaaaad5578f50] Opening '/config/cache/transcodes/1fa6f418e178a27684f4554696f4a7b5421.mp4' for writing
[hls @ 0xaaaad5578f50] Opening '/config/cache/transcodes/1fa6f418e178a27684f4554696f4a7b5422.mp4' for writing
[hls @ 0xaaaad5578f50] Opening '/config/cache/transcodes/1fa6f418e178a27684f4554696f4a7b5423.mp4' for writing
[hls @ 0xaaaad5578f50] Opening '/config/cache/transcodes/1fa6f418e178a27684f4554696f4a7b5424.mp4' for writing
[hls @ 0xaaaad5578f50] Opening '/config/cache/transcodes/1fa6f418e178a27684f4554696f4a7b5425.mp4' for writing
[hls @ 0xaaaad5578f50] Opening '/config/cache/transcodes/1fa6f418e178a27684f4554696f4a7b5426.mp4' for writing
frame=128109 fps=3643 q=-1.0 size=N/A time=01:10:06.52 bitrate=N/A speed= 120x    
[hls @ 0xaaaad5578f50] Opening '/config/cache/transcodes/1fa6f418e178a27684f4554696f4a7b5427.mp4' for writing
[hls @ 0xaaaad5578f50] Opening '/config/cache/transcodes/1fa6f418e178a27684f4554696f4a7b5428.mp4' for writing
[hls @ 0xaaaad5578f50] Opening '/config/cache/transcodes/1fa6f418e178a27684f4554696f4a7b5429.mp4' for writing
[hls @ 0xaaaad5578f50] Opening '/config/cache/transcodes/1fa6f418e178a27684f4554696f4a7b5430.mp4' for writing
[hls @ 0xaaaad5578f50] Opening '/config/cache/transcodes/1fa6f418e178a27684f4554696f4a7b5431.mp4' for writing
frame=129785 fps=3639 q=-1.0 size=N/A time=01:11:02.42 bitrate=N/A speed= 120x    
[hls @ 0xaaaad5578f50] Opening '/config/cache/transcodes/1fa6f418e178a27684f4554696f4a7b5432.mp4' for writing
[hls @ 0xaaaad5578f50] Opening '/config/cache/transcodes/1fa6f418e178a27684f4554696f4a7b5433.mp4' for writing
[hls @ 0xaaaad5578f50] Opening '/config/cache/transcodes/1fa6f418e178a27684f4554696f4a7b5434.mp4' for writing
[hls @ 0xaaaad5578f50] Opening '/config/cache/transcodes/1fa6f418e178a27684f4554696f4a7b5435.mp4' for writing
[hls @ 0xaaaad5578f50] Opening '/config/cache/transcodes/1fa6f418e178a27684f4554696f4a7b5436.mp4' for writing
[hls @ 0xaaaad5578f50] Opening '/config/cache/transcodes/1fa6f418e178a27684f4554696f4a7b5437.mp4' for writing
frame=131429 fps=3634 q=-1.0 size=N/A time=01:11:57.05 bitrate=N/A speed= 119x    
[hls @ 0xaaaad5578f50] Opening '/config/cache/transcodes/1fa6f418e178a27684f4554696f4a7b5438.mp4' for writing
[hls @ 0xaaaad5578f50] Opening '/config/cache/transcodes/1fa6f418e178a27684f4554696f4a7b5439.mp4' for writing
[hls @ 0xaaaad5578f50] Opening '/config/cache/transcodes/1fa6f418e178a27684f4554696f4a7b5440.mp4' for writing
[hls @ 0xaaaad5578f50] Opening '/config/cache/transcodes/1fa6f418e178a27684f4554696f4a7b5441.mp4' for writing
[hls @ 0xaaaad5578f50] Opening '/config/cache/transcodes/1fa6f418e178a27684f4554696f4a7b5442.mp4' for writing
[hls @ 0xaaaad5578f50] Opening '/config/cache/transcodes/1fa6f418e178a27684f4554696f4a7b5443.mp4' for writing
frame=133321 fps=3636 q=-1.0 size=N/A time=01:13:00.11 bitrate=N/A speed= 119x    
[hls @ 0xaaaad5578f50] Opening '/config/cache/transcodes/1fa6f418e178a27684f4554696f4a7b5444.mp4' for writing
[hls @ 0xaaaad5578f50] Opening '/config/cache/transcodes/1fa6f418e178a27684f4554696f4a7b5445.mp4' for writing
[hls @ 0xaaaad5578f50] Opening '/config/cache/transcodes/1fa6f418e178a27684f4554696f4a7b5446.mp4' for writing
[hls @ 0xaaaad5578f50] Opening '/config/cache/transcodes/1fa6f418e178a27684f4554696f4a7b5447.mp4' for writing
[hls @ 0xaaaad5578f50] Opening '/config/cache/transcodes/1fa6f418e178a27684f4554696f4a7b5448.mp4' for writing
[hls @ 0xaaaad5578f50] Opening '/config/cache/transcodes/1fa6f418e178a27684f4554696f4a7b5449.mp4' for writing
frame=135141 fps=3636 q=-1.0 size=N/A time=01:14:00.96 bitrate=N/A speed= 119x    
[hls @ 0xaaaad5578f50] Opening '/config/cache/transcodes/1fa6f418e178a27684f4554696f4a7b5450.mp4' for writing
[hls @ 0xaaaad5578f50] Opening '/config/cache/transcodes/1fa6f418e178a27684f4554696f4a7b5451.mp4' for writing
[hls @ 0xaaaad5578f50] Opening '/config/cache/transcodes/1fa6f418e178a27684f4554696f4a7b5452.mp4' for writing
[hls @ 0xaaaad5578f50] Opening '/config/cache/transcodes/1fa6f418e178a27684f4554696f4a7b5453.mp4' for writing
[hls @ 0xaaaad5578f50] Opening '/config/cache/transcodes/1fa6f418e178a27684f4554696f4a7b5454.mp4' for writing
[hls @ 0xaaaad5578f50] Opening '/config/cache/transcodes/1fa6f418e178a27684f4554696f4a7b5455.mp4' for writing
[hls @ 0xaaaad5578f50] Opening '/config/cache/transcodes/1fa6f418e178a27684f4554696f4a7b5456.mp4' for writing
frame=137129 fps=3640 q=-1.0 size=N/A time=01:15:07.24 bitrate=N/A speed= 120x    
[hls @ 0xaaaad5578f50] Opening '/config/cache/transcodes/1fa6f418e178a27684f4554696f4a7b5457.mp4' for writing
[hls @ 0xaaaad5578f50] Opening '/config/cache/transcodes/1fa6f418e178a27684f4554696f4a7b5458.mp4' for writing
[hls @ 0xaaaad5578f50] Opening '/config/cache/transcodes/1fa6f418e178a27684f4554696f4a7b5459.mp4' for writing
[hls @ 0xaaaad5578f50] Opening '/config/cache/transcodes/1fa6f418e178a27684f4554696f4a7b5460.mp4' for writing
[hls @ 0xaaaad5578f50] Opening '/config/cache/transcodes/1fa6f418e178a27684f4554696f4a7b5461.mp4' for writing
[hls @ 0xaaaad5578f50] Opening '/config/cache/transcodes/1fa6f418e178a27684f4554696f4a7b5462.mp4' for writing
frame=139005 fps=3641 q=-1.0 size=N/A time=01:16:09.91 bitrate=N/A speed= 120x    
[hls @ 0xaaaad5578f50] Opening '/config/cache/transcodes/1fa6f418e178a27684f4554696f4a7b5463.mp4' for writing
[hls @ 0xaaaad5578f50] Opening '/config/cache/transcodes/1fa6f418e178a27684f4554696f4a7b5464.mp4' for writing
[hls @ 0xaaaad5578f50] Opening '/config/cache/transcodes/1fa6f418e178a27684f4554696f4a7b5465.mp4' for writing
[hls @ 0xaaaad5578f50] Opening '/config/cache/transcodes/1fa6f418e178a27684f4554696f4a7b5466.mp4' for writing
[hls @ 0xaaaad5578f50] Opening '/config/cache/transcodes/1fa6f418e178a27684f4554696f4a7b5467.mp4' for writing
[hls @ 0xaaaad5578f50] Opening '/config/cache/transcodes/1fa6f418e178a27684f4554696f4a7b5468.mp4' for writing
frame=140749 fps=3639 q=-1.0 size=N/A time=01:17:07.92 bitrate=N/A speed= 120x    
[hls @ 0xaaaad5578f50] Opening '/config/cache/transcodes/1fa6f418e178a27684f4554696f4a7b5469.mp4' for writing
[hls @ 0xaaaad5578f50] Opening '/config/cache/transcodes/1fa6f418e178a27684f4554696f4a7b5470.mp4' for writing
[hls @ 0xaaaad5578f50] Opening '/config/cache/transcodes/1fa6f418e178a27684f4554696f4a7b5471.mp4' for writing
[hls @ 0xaaaad5578f50] Opening '/config/cache/transcodes/1fa6f418e178a27684f4554696f4a7b5472.mp4' for writing
[hls @ 0xaaaad5578f50] Opening '/config/cache/transcodes/1fa6f418e178a27684f4554696f4a7b5473.mp4' for writing
[hls @ 0xaaaad5578f50] Opening '/config/cache/transcodes/1fa6f418e178a27684f4554696f4a7b5474.mp4' for writing
frame=142641 fps=3640 q=-1.0 size=N/A time=01:18:10.77 bitrate=N/A speed= 120x    
[hls @ 0xaaaad5578f50] Opening '/config/cache/transcodes/1fa6f418e178a27684f4554696f4a7b5475.mp4' for writing
[hls @ 0xaaaad5578f50] Opening '/config/cache/transcodes/1fa6f418e178a27684f4554696f4a7b5476.mp4' for writing
[hls @ 0xaaaad5578f50] Opening '/config/cache/transcodes/1fa6f418e178a27684f4554696f4a7b5477.mp4' for writing
[hls @ 0xaaaad5578f50] Opening '/config/cache/transcodes/1fa6f418e178a27684f4554696f4a7b5478.mp4' for writing
[hls @ 0xaaaad5578f50] Opening '/config/cache/transcodes/1fa6f418e178a27684f4554696f4a7b5479.mp4' for writing
[hls @ 0xaaaad5578f50] Opening '/config/cache/transcodes/1fa6f418e178a27684f4554696f4a7b5480.mp4' for writing
frame=144449 fps=3640 q=-1.0 size=N/A time=01:19:11.18 bitrate=N/A speed= 120x    
[hls @ 0xaaaad5578f50] Opening '/config/cache/transcodes/1fa6f418e178a27684f4554696f4a7b5481.mp4' for writing
[hls @ 0xaaaad5578f50] Opening '/config/cache/transcodes/1fa6f418e178a27684f4554696f4a7b5482.mp4' for writing
[hls @ 0xaaaad5578f50] Opening '/config/cache/transcodes/1fa6f418e178a27684f4554696f4a7b5483.mp4' for writing
[hls @ 0xaaaad5578f50] Opening '/config/cache/transcodes/1fa6f418e178a27684f4554696f4a7b5484.mp4' for writing
[hls @ 0xaaaad5578f50] Opening '/config/cache/transcodes/1fa6f418e178a27684f4554696f4a7b5485.mp4' for writing
[hls @ 0xaaaad5578f50] Opening '/config/cache/transcodes/1fa6f418e178a27684f4554696f4a7b5486.mp4' for writing
frame=146329 fps=3641 q=-1.0 size=N/A time=01:20:13.82 bitrate=N/A speed= 120x    
[hls @ 0xaaaad5578f50] Opening '/config/cache/transcodes/1fa6f418e178a27684f4554696f4a7b5487.mp4' for writing
[hls @ 0xaaaad5578f50] Opening '/config/cache/transcodes/1fa6f418e178a27684f4554696f4a7b5488.mp4' for writing
[hls @ 0xaaaad5578f50] Opening '/config/cache/transcodes/1fa6f418e178a27684f4554696f4a7b5489.mp4' for writing
[hls @ 0xaaaad5578f50] Opening '/config/cache/transcodes/1fa6f418e178a27684f4554696f4a7b5490.mp4' for writing
[hls @ 0xaaaad5578f50] Opening '/config/cache/transcodes/1fa6f418e178a27684f4554696f4a7b5491.mp4' for writing
[hls @ 0xaaaad5578f50] Opening '/config/cache/transcodes/1fa6f418e178a27684f4554696f4a7b5492.mp4' for writing
frame=148205 fps=3642 q=-1.0 size=N/A time=01:21:16.52 bitrate=N/A speed= 120x    
[hls @ 0xaaaad5578f50] Opening '/config/cache/transcodes/1fa6f418e178a27684f4554696f4a7b5493.mp4' for writing
[hls @ 0xaaaad5578f50] Opening '/config/cache/transcodes/1fa6f418e178a27684f4554696f4a7b5494.mp4' for writing
[hls @ 0xaaaad5578f50] Opening '/config/cache/transcodes/1fa6f418e178a27684f4554696f4a7b5495.mp4' for writing
[hls @ 0xaaaad5578f50] Opening '/config/cache/transcodes/1fa6f418e178a27684f4554696f4a7b5496.mp4' for writing
[hls @ 0xaaaad5578f50] Opening '/config/cache/transcodes/1fa6f418e178a27684f4554696f4a7b5497.mp4' for writing
[hls @ 0xaaaad5578f50] Opening '/config/cache/transcodes/1fa6f418e178a27684f4554696f4a7b5498.mp4' for writing
frame=150005 fps=3641 q=-1.0 size=N/A time=01:22:16.53 bitrate=N/A speed= 120x    
[hls @ 0xaaaad5578f50] Opening '/config/cache/transcodes/1fa6f418e178a27684f4554696f4a7b5499.mp4' for writing
[hls @ 0xaaaad5578f50] Opening '/config/cache/transcodes/1fa6f418e178a27684f4554696f4a7b5500.mp4' for writing
[hls @ 0xaaaad5578f50] Opening '/config/cache/transcodes/1fa6f418e178a27684f4554696f4a7b5501.mp4' for writing
[hls @ 0xaaaad5578f50] Opening '/config/cache/transcodes/1fa6f418e178a27684f4554696f4a7b5502.mp4' for writing
[hls @ 0xaaaad5578f50] Opening '/config/cache/transcodes/1fa6f418e178a27684f4554696f4a7b5503.mp4' for writing
[hls @ 0xaaaad5578f50] Opening '/config/cache/transcodes/1fa6f418e178a27684f4554696f4a7b5504.mp4' for writing
[hls @ 0xaaaad5578f50] Opening '/config/cache/transcodes/1fa6f418e178a27684f4554696f4a7b5505.mp4' for writing
frame=151913 fps=3643 q=-1.0 size=N/A time=01:23:19.89 bitrate=N/A speed= 120x    
[hls @ 0xaaaad5578f50] Opening '/config/cache/transcodes/1fa6f418e178a27684f4554696f4a7b5506.mp4' for writing
[hls @ 0xaaaad5578f50] Opening '/config/cache/transcodes/1fa6f418e178a27684f4554696f4a7b5507.mp4' for writing
[hls @ 0xaaaad5578f50] Opening '/config/cache/transcodes/1fa6f418e178a27684f4554696f4a7b5508.mp4' for writing
[hls @ 0xaaaad5578f50] Opening '/config/cache/transcodes/1fa6f418e178a27684f4554696f4a7b5509.mp4' for writing
[hls @ 0xaaaad5578f50] Opening '/config/cache/transcodes/1fa6f418e178a27684f4554696f4a7b5510.mp4' for writing
[hls @ 0xaaaad5578f50] Opening '/config/cache/transcodes/1fa6f418e178a27684f4554696f4a7b5511.mp4' for writing
frame=153713 fps=3642 q=-1.0 size=N/A time=01:24:19.79 bitrate=N/A speed= 120x    
[hls @ 0xaaaad5578f50] Opening '/config/cache/transcodes/1fa6f418e178a27684f4554696f4a7b5512.mp4' for writing
[hls @ 0xaaaad5578f50] Opening '/config/cache/transcodes/1fa6f418e178a27684f4554696f4a7b5513.mp4' for writing
[hls @ 0xaaaad5578f50] Opening '/config/cache/transcodes/1fa6f418e178a27684f4554696f4a7b5514.mp4' for writing
[hls @ 0xaaaad5578f50] Opening '/config/cache/transcodes/1fa6f418e178a27684f4554696f4a7b5515.mp4' for writing
[hls @ 0xaaaad5578f50] Opening '/config/cache/transcodes/1fa6f418e178a27684f4554696f4a7b5516.mp4' for writing
[hls @ 0xaaaad5578f50] Opening '/config/cache/transcodes/1fa6f418e178a27684f4554696f4a7b5517.mp4' for writing
frame=155605 fps=3644 q=-1.0 size=N/A time=01:25:23.00 bitrate=N/A speed= 120x    
[hls @ 0xaaaad5578f50] Opening '/config/cache/transcodes/1fa6f418e178a27684f4554696f4a7b5518.mp4' for writing
[hls @ 0xaaaad5578f50] Opening '/config/cache/transcodes/1fa6f418e178a27684f4554696f4a7b5519.mp4' for writing
[hls @ 0xaaaad5578f50] Opening '/config/cache/transcodes/1fa6f418e178a27684f4554696f4a7b5520.mp4' for writing
[hls @ 0xaaaad5578f50] Opening '/config/cache/transcodes/1fa6f418e178a27684f4554696f4a7b5521.mp4' for writing
[hls @ 0xaaaad5578f50] Opening '/config/cache/transcodes/1fa6f418e178a27684f4554696f4a7b5522.mp4' for writing
[hls @ 0xaaaad5578f50] Opening '/config/cache/transcodes/1fa6f418e178a27684f4554696f4a7b5523.mp4' for writing
frame=157509 fps=3646 q=-1.0 size=N/A time=01:26:26.53 bitrate=N/A speed= 120x    
[hls @ 0xaaaad5578f50] Opening '/config/cache/transcodes/1fa6f418e178a27684f4554696f4a7b5524.mp4' for writing
[hls @ 0xaaaad5578f50] Opening '/config/cache/transcodes/1fa6f418e178a27684f4554696f4a7b5525.mp4' for writing
[hls @ 0xaaaad5578f50] Opening '/config/cache/transcodes/1fa6f418e178a27684f4554696f4a7b5526.mp4' for writing
[hls @ 0xaaaad5578f50] Opening '/config/cache/transcodes/1fa6f418e178a27684f4554696f4a7b5527.mp4' for writing
[hls @ 0xaaaad5578f50] Opening '/config/cache/transcodes/1fa6f418e178a27684f4554696f4a7b5528.mp4' for writing
[hls @ 0xaaaad5578f50] Opening '/config/cache/transcodes/1fa6f418e178a27684f4554696f4a7b5529.mp4' for writing
frame=159229 fps=3643 q=-1.0 size=N/A time=01:27:23.79 bitrate=N/A speed= 120x    
[hls @ 0xaaaad5578f50] Opening '/config/cache/transcodes/1fa6f418e178a27684f4554696f4a7b5530.mp4' for writing
[hls @ 0xaaaad5578f50] Opening '/config/cache/transcodes/1fa6f418e178a27684f4554696f4a7b5531.mp4' for writing
[hls @ 0xaaaad5578f50] Opening '/config/cache/transcodes/1fa6f418e178a27684f4554696f4a7b5532.mp4' for writing
[hls @ 0xaaaad5578f50] Opening '/config/cache/transcodes/1fa6f418e178a27684f4554696f4a7b5533.mp4' for writing
[hls @ 0xaaaad5578f50] Opening '/config/cache/transcodes/1fa6f418e178a27684f4554696f4a7b5534.mp4' for writing
[hls @ 0xaaaad5578f50] Opening '/config/cache/transcodes/1fa6f418e178a27684f4554696f4a7b5535.mp4' for writing
frame=161037 fps=3642 q=-1.0 size=N/A time=01:28:23.91 bitrate=N/A speed= 120x    
[hls @ 0xaaaad5578f50] Opening '/config/cache/transcodes/1fa6f418e178a27684f4554696f4a7b5536.mp4' for writing
[hls @ 0xaaaad5578f50] Opening '/config/cache/transcodes/1fa6f418e178a27684f4554696f4a7b5537.mp4' for writing
[hls @ 0xaaaad5578f50] Opening '/config/cache/transcodes/1fa6f418e178a27684f4554696f4a7b5538.mp4' for writing
[hls @ 0xaaaad5578f50] Opening '/config/cache/transcodes/1fa6f418e178a27684f4554696f4a7b5539.mp4' for writing
[hls @ 0xaaaad5578f50] Opening '/config/cache/transcodes/1fa6f418e178a27684f4554696f4a7b5540.mp4' for writing
[hls @ 0xaaaad5578f50] Opening '/config/cache/transcodes/1fa6f418e178a27684f4554696f4a7b5541.mp4' for writing
frame=162909 fps=3643 q=-1.0 size=N/A time=01:29:26.52 bitrate=N/A speed= 120x    
[hls @ 0xaaaad5578f50] Opening '/config/cache/transcodes/1fa6f418e178a27684f4554696f4a7b5542.mp4' for writing
[hls @ 0xaaaad5578f50] Opening '/config/cache/transcodes/1fa6f418e178a27684f4554696f4a7b5543.mp4' for writing
[hls @ 0xaaaad5578f50] Opening '/config/cache/transcodes/1fa6f418e178a27684f4554696f4a7b5544.mp4' for writing
[hls @ 0xaaaad5578f50] Opening '/config/cache/transcodes/1fa6f418e178a27684f4554696f4a7b5545.mp4' for writing
[hls @ 0xaaaad5578f50] Opening '/config/cache/transcodes/1fa6f418e178a27684f4554696f4a7b5546.mp4' for writing
[hls @ 0xaaaad5578f50] Opening '/config/cache/transcodes/1fa6f418e178a27684f4554696f4a7b5547.mp4' for writing
frame=164641 fps=3640 q=-1.0 size=N/A time=01:30:24.25 bitrate=N/A speed= 120x    
[hls @ 0xaaaad5578f50] Opening '/config/cache/transcodes/1fa6f418e178a27684f4554696f4a7b5548.mp4' for writing
[hls @ 0xaaaad5578f50] Opening '/config/cache/transcodes/1fa6f418e178a27684f4554696f4a7b5549.mp4' for writing
[hls @ 0xaaaad5578f50] Opening '/config/cache/transcodes/1fa6f418e178a27684f4554696f4a7b5550.mp4' for writing
[hls @ 0xaaaad5578f50] Opening '/config/cache/transcodes/1fa6f418e178a27684f4554696f4a7b5551.mp4' for writing
[hls @ 0xaaaad5578f50] Opening '/config/cache/transcodes/1fa6f418e178a27684f4554696f4a7b5552.mp4' for writing
[hls @ 0xaaaad5578f50] Opening '/config/cache/transcodes/1fa6f418e178a27684f4554696f4a7b5553.mp4' for writing
frame=166509 fps=3641 q=-1.0 size=N/A time=01:31:26.52 bitrate=N/A speed= 120x    
[hls @ 0xaaaad5578f50] Opening '/config/cache/transcodes/1fa6f418e178a27684f4554696f4a7b5554.mp4' for writing
[hls @ 0xaaaad5578f50] Opening '/config/cache/transcodes/1fa6f418e178a27684f4554696f4a7b5555.mp4' for writing
[hls @ 0xaaaad5578f50] Opening '/config/cache/transcodes/1fa6f418e178a27684f4554696f4a7b5556.mp4' for writing
[hls @ 0xaaaad5578f50] Opening '/config/cache/transcodes/1fa6f418e178a27684f4554696f4a7b5557.mp4' for writing
[hls @ 0xaaaad5578f50] Opening '/config/cache/transcodes/1fa6f418e178a27684f4554696f4a7b5558.mp4' for writing
[hls @ 0xaaaad5578f50] Opening '/config/cache/transcodes/1fa6f418e178a27684f4554696f4a7b5559.mp4' for writing
[hls @ 0xaaaad5578f50] Opening '/config/cache/transcodes/1fa6f418e178a27684f4554696f4a7b5560.mp4' for writing
frame=168309 fps=3640 q=-1.0 size=N/A time=01:32:26.53 bitrate=N/A speed= 120x    
[hls @ 0xaaaad5578f50] Opening '/config/cache/transcodes/1fa6f418e178a27684f4554696f4a7b5561.mp4' for writing
[hls @ 0xaaaad5578f50] Opening '/config/cache/transcodes/1fa6f418e178a27684f4554696f4a7b5562.mp4' for writing
[hls @ 0xaaaad5578f50] Opening '/config/cache/transcodes/1fa6f418e178a27684f4554696f4a7b5563.mp4' for writing
[hls @ 0xaaaad5578f50] Opening '/config/cache/transcodes/1fa6f418e178a27684f4554696f4a7b5564.mp4' for writing
[hls @ 0xaaaad5578f50] Opening '/config/cache/transcodes/1fa6f418e178a27684f4554696f4a7b5565.mp4' for writing
[hls @ 0xaaaad5578f50] Opening '/config/cache/transcodes/1fa6f418e178a27684f4554696f4a7b5566.mp4' for writing
frame=170273 fps=3643 q=-1.0 size=N/A time=01:33:31.92 bitrate=N/A speed= 120x    
[hls @ 0xaaaad5578f50] Opening '/config/cache/transcodes/1fa6f418e178a27684f4554696f4a7b5567.mp4' for writing
[hls @ 0xaaaad5578f50] Opening '/config/cache/transcodes/1fa6f418e178a27684f4554696f4a7b5568.mp4' for writing
[hls @ 0xaaaad5578f50] Opening '/config/cache/transcodes/1fa6f418e178a27684f4554696f4a7b5569.mp4' for writing
[hls @ 0xaaaad5578f50] Opening '/config/cache/transcodes/1fa6f418e178a27684f4554696f4a7b5570.mp4' for writing
[hls @ 0xaaaad5578f50] Opening '/config/cache/transcodes/1fa6f418e178a27684f4554696f4a7b5571.mp4' for writing
[hls @ 0xaaaad5578f50] Opening '/config/cache/transcodes/1fa6f418e178a27684f4554696f4a7b5572.mp4' for writing
frame=172205 fps=3645 q=-1.0 size=N/A time=01:34:36.30 bitrate=N/A speed= 120x    
[hls @ 0xaaaad5578f50] Opening '/config/cache/transcodes/1fa6f418e178a27684f4554696f4a7b5573.mp4' for writing
[hls @ 0xaaaad5578f50] Opening '/config/cache/transcodes/1fa6f418e178a27684f4554696f4a7b5574.mp4' for writing
[hls @ 0xaaaad5578f50] Opening '/config/cache/transcodes/1fa6f418e178a27684f4554696f4a7b5575.mp4' for writing
[hls @ 0xaaaad5578f50] Opening '/config/cache/transcodes/1fa6f418e178a27684f4554696f4a7b5576.mp4' for writing
[hls @ 0xaaaad5578f50] Opening '/config/cache/transcodes/1fa6f418e178a27684f4554696f4a7b5577.mp4' for writing
[hls @ 0xaaaad5578f50] Opening '/config/cache/transcodes/1fa6f418e178a27684f4554696f4a7b5578.mp4' for writing
frame=173941 fps=3643 q=-1.0 size=N/A time=01:35:34.22 bitrate=N/A speed= 120x    
[hls @ 0xaaaad5578f50] Opening '/config/cache/transcodes/1fa6f418e178a27684f4554696f4a7b5579.mp4' for writing
[hls @ 0xaaaad5578f50] Opening '/config/cache/transcodes/1fa6f418e178a27684f4554696f4a7b5580.mp4' for writing
[hls @ 0xaaaad5578f50] Opening '/config/cache/transcodes/1fa6f418e178a27684f4554696f4a7b5581.mp4' for writing
[hls @ 0xaaaad5578f50] Opening '/config/cache/transcodes/1fa6f418e178a27684f4554696f4a7b5582.mp4' for writing
[hls @ 0xaaaad5578f50] Opening '/config/cache/transcodes/1fa6f418e178a27684f4554696f4a7b5583.mp4' for writing
[hls @ 0xaaaad5578f50] Opening '/config/cache/transcodes/1fa6f418e178a27684f4554696f4a7b5584.mp4' for writing
[hls @ 0xaaaad5578f50] Opening '/config/cache/transcodes/1fa6f418e178a27684f4554696f4a7b5585.mp4' for writing
frame=175849 fps=3645 q=-1.0 size=N/A time=01:36:37.71 bitrate=N/A speed= 120x    
[hls @ 0xaaaad5578f50] Opening '/config/cache/transcodes/1fa6f418e178a27684f4554696f4a7b5586.mp4' for writing
[hls @ 0xaaaad5578f50] Opening '/config/cache/transcodes/1fa6f418e178a27684f4554696f4a7b5587.mp4' for writing
[hls @ 0xaaaad5578f50] Opening '/config/cache/transcodes/1fa6f418e178a27684f4554696f4a7b5588.mp4' for writing
[hls @ 0xaaaad5578f50] Opening '/config/cache/transcodes/1fa6f418e178a27684f4554696f4a7b5589.mp4' for writing
[hls @ 0xaaaad5578f50] Opening '/config/cache/transcodes/1fa6f418e178a27684f4554696f4a7b5590.mp4' for writing
[hls @ 0xaaaad5578f50] Opening '/config/cache/transcodes/1fa6f418e178a27684f4554696f4a7b5591.mp4' for writing
frame=177741 fps=3646 q=-1.0 size=N/A time=01:37:41.01 bitrate=N/A speed= 120x    
[hls @ 0xaaaad5578f50] Opening '/config/cache/transcodes/1fa6f418e178a27684f4554696f4a7b5592.mp4' for writing
[hls @ 0xaaaad5578f50] Opening '/config/cache/transcodes/1fa6f418e178a27684f4554696f4a7b5593.mp4' for writing
[hls @ 0xaaaad5578f50] Opening '/config/cache/transcodes/1fa6f418e178a27684f4554696f4a7b5594.mp4' for writing
[hls @ 0xaaaad5578f50] Opening '/config/cache/transcodes/1fa6f418e178a27684f4554696f4a7b5595.mp4' for writing
[hls @ 0xaaaad5578f50] Opening '/config/cache/transcodes/1fa6f418e178a27684f4554696f4a7b5596.mp4' for writing
[hls @ 0xaaaad5578f50] Opening '/config/cache/transcodes/1fa6f418e178a27684f4554696f4a7b5597.mp4' for writing
frame=179541 fps=3645 q=-1.0 size=N/A time=01:38:40.70 bitrate=N/A speed= 120x    
[hls @ 0xaaaad5578f50] Opening '/config/cache/transcodes/1fa6f418e178a27684f4554696f4a7b5598.mp4' for writing
[hls @ 0xaaaad5578f50] Opening '/config/cache/transcodes/1fa6f418e178a27684f4554696f4a7b5599.mp4' for writing
[hls @ 0xaaaad5578f50] Opening '/config/cache/transcodes/1fa6f418e178a27684f4554696f4a7b5600.mp4' for writing
[hls @ 0xaaaad5578f50] Opening '/config/cache/transcodes/1fa6f418e178a27684f4554696f4a7b5601.mp4' for writing
[hls @ 0xaaaad5578f50] Opening '/config/cache/transcodes/1fa6f418e178a27684f4554696f4a7b5602.mp4' for writing
[hls @ 0xaaaad5578f50] Opening '/config/cache/transcodes/1fa6f418e178a27684f4554696f4a7b5603.mp4' for writing
frame=181501 fps=3648 q=-1.0 size=N/A time=01:39:46.26 bitrate=N/A speed= 120x    
[hls @ 0xaaaad5578f50] Opening '/config/cache/transcodes/1fa6f418e178a27684f4554696f4a7b5604.mp4' for writing
[hls @ 0xaaaad5578f50] Opening '/config/cache/transcodes/1fa6f418e178a27684f4554696f4a7b5605.mp4' for writing
[hls @ 0xaaaad5578f50] Opening '/config/cache/transcodes/1fa6f418e178a27684f4554696f4a7b5606.mp4' for writing
[hls @ 0xaaaad5578f50] Opening '/config/cache/transcodes/1fa6f418e178a27684f4554696f4a7b5607.mp4' for writing
[hls @ 0xaaaad5578f50] Opening '/config/cache/transcodes/1fa6f418e178a27684f4554696f4a7b5608.mp4' for writing
[hls @ 0xaaaad5578f50] Opening '/config/cache/transcodes/1fa6f418e178a27684f4554696f4a7b5609.mp4' for writing
[hls @ 0xaaaad5578f50] Opening '/config/cache/transcodes/1fa6f418e178a27684f4554696f4a7b5610.mp4' for writing
frame=183309 fps=3648 q=-1.0 size=N/A time=01:40:46.52 bitrate=N/A speed= 120x    
[hls @ 0xaaaad5578f50] Opening '/config/cache/transcodes/1fa6f418e178a27684f4554696f4a7b5611.mp4' for writing
[hls @ 0xaaaad5578f50] Opening '/config/cache/transcodes/1fa6f418e178a27684f4554696f4a7b5612.mp4' for writing
[hls @ 0xaaaad5578f50] Opening '/config/cache/transcodes/1fa6f418e178a27684f4554696f4a7b5613.mp4' for writing
[hls @ 0xaaaad5578f50] Opening '/config/cache/transcodes/1fa6f418e178a27684f4554696f4a7b5614.mp4' for writing
[hls @ 0xaaaad5578f50] Opening '/config/cache/transcodes/1fa6f418e178a27684f4554696f4a7b5615.mp4' for writing
[hls @ 0xaaaad5578f50] Opening '/config/cache/transcodes/1fa6f418e178a27684f4554696f4a7b5616.mp4' for writing
frame=185217 fps=3649 q=-1.0 size=N/A time=01:41:50.01 bitrate=N/A speed= 120x    
[hls @ 0xaaaad5578f50] Opening '/config/cache/transcodes/1fa6f418e178a27684f4554696f4a7b5617.mp4' for writing
[hls @ 0xaaaad5578f50] Opening '/config/cache/transcodes/1fa6f418e178a27684f4554696f4a7b5618.mp4' for writing
[hls @ 0xaaaad5578f50] Opening '/config/cache/transcodes/1fa6f418e178a27684f4554696f4a7b5619.mp4' for writing
[hls @ 0xaaaad5578f50] Opening '/config/cache/transcodes/1fa6f418e178a27684f4554696f4a7b5620.mp4' for writing
[hls @ 0xaaaad5578f50] Opening '/config/cache/transcodes/1fa6f418e178a27684f4554696f4a7b5621.mp4' for writing
[hls @ 0xaaaad5578f50] Opening '/config/cache/transcodes/1fa6f418e178a27684f4554696f4a7b5622.mp4' for writing
[hls @ 0xaaaad5578f50] Opening '/config/cache/transcodes/1fa6f418e178a27684f4554696f4a7b5623.mp4' for writing
frame=187205 fps=3652 q=-1.0 size=N/A time=01:42:56.51 bitrate=N/A speed= 121x    
[hls @ 0xaaaad5578f50] Opening '/config/cache/transcodes/1fa6f418e178a27684f4554696f4a7b5624.mp4' for writing
[hls @ 0xaaaad5578f50] Opening '/config/cache/transcodes/1fa6f418e178a27684f4554696f4a7b5625.mp4' for writing
[hls @ 0xaaaad5578f50] Opening '/config/cache/transcodes/1fa6f418e178a27684f4554696f4a7b5626.mp4' for writing
[hls @ 0xaaaad5578f50] Opening '/config/cache/transcodes/1fa6f418e178a27684f4554696f4a7b5627.mp4' for writing
[hls @ 0xaaaad5578f50] Opening '/config/cache/transcodes/1fa6f418e178a27684f4554696f4a7b5628.mp4' for writing
[hls @ 0xaaaad5578f50] Opening '/config/cache/transcodes/1fa6f418e178a27684f4554696f4a7b5629.mp4' for writing
frame=189005 fps=3652 q=-1.0 size=N/A time=01:43:56.52 bitrate=N/A speed= 120x    
[hls @ 0xaaaad5578f50] Opening '/config/cache/transcodes/1fa6f418e178a27684f4554696f4a7b5630.mp4' for writing
[hls @ 0xaaaad5578f50] Opening '/config/cache/transcodes/1fa6f418e178a27684f4554696f4a7b5631.mp4' for writing
[hls @ 0xaaaad5578f50] Opening '/config/cache/transcodes/1fa6f418e178a27684f4554696f4a7b5632.mp4' for writing
[hls @ 0xaaaad5578f50] Opening '/config/cache/transcodes/1fa6f418e178a27684f4554696f4a7b5633.mp4' for writing
[hls @ 0xaaaad5578f50] Opening '/config/cache/transcodes/1fa6f418e178a27684f4554696f4a7b5634.mp4' for writing
[hls @ 0xaaaad5578f50] Opening '/config/cache/transcodes/1fa6f418e178a27684f4554696f4a7b5635.mp4' for writing
frame=190805 fps=3651 q=-1.0 size=N/A time=01:44:56.51 bitrate=N/A speed= 120x    
[hls @ 0xaaaad5578f50] Opening '/config/cache/transcodes/1fa6f418e178a27684f4554696f4a7b5636.mp4' for writing
[hls @ 0xaaaad5578f50] Opening '/config/cache/transcodes/1fa6f418e178a27684f4554696f4a7b5637.mp4' for writing
[hls @ 0xaaaad5578f50] Opening '/config/cache/transcodes/1fa6f418e178a27684f4554696f4a7b5638.mp4' for writing
[hls @ 0xaaaad5578f50] Opening '/config/cache/transcodes/1fa6f418e178a27684f4554696f4a7b5639.mp4' for writing
[hls @ 0xaaaad5578f50] Opening '/config/cache/transcodes/1fa6f418e178a27684f4554696f4a7b5640.mp4' for writing
[hls @ 0xaaaad5578f50] Opening '/config/cache/transcodes/1fa6f418e178a27684f4554696f4a7b5641.mp4' for writing
frame=192605 fps=3651 q=-1.0 size=N/A time=01:45:56.52 bitrate=N/A speed= 120x    
[hls @ 0xaaaad5578f50] Opening '/config/cache/transcodes/1fa6f418e178a27684f4554696f4a7b5642.mp4' for writing
[hls @ 0xaaaad5578f50] Opening '/config/cache/transcodes/1fa6f418e178a27684f4554696f4a7b5643.mp4' for writing
[hls @ 0xaaaad5578f50] Opening '/config/cache/transcodes/1fa6f418e178a27684f4554696f4a7b5644.mp4' for writing
[hls @ 0xaaaad5578f50] Opening '/config/cache/transcodes/1fa6f418e178a27684f4554696f4a7b5645.mp4' for writing
[hls @ 0xaaaad5578f50] Opening '/config/cache/transcodes/1fa6f418e178a27684f4554696f4a7b5646.mp4' for writing
[hls @ 0xaaaad5578f50] Opening '/config/cache/transcodes/1fa6f418e178a27684f4554696f4a7b5647.mp4' for writing
frame=194581 fps=3653 q=-1.0 size=N/A time=01:47:02.16 bitrate=N/A speed= 121x    
[hls @ 0xaaaad5578f50] Opening '/config/cache/transcodes/1fa6f418e178a27684f4554696f4a7b5648.mp4' for writing
[hls @ 0xaaaad5578f50] Opening '/config/cache/transcodes/1fa6f418e178a27684f4554696f4a7b5649.mp4' for writing
[hls @ 0xaaaad5578f50] Opening '/config/cache/transcodes/1fa6f418e178a27684f4554696f4a7b5650.mp4' for writing
[hls @ 0xaaaad5578f50] Opening '/config/cache/transcodes/1fa6f418e178a27684f4554696f4a7b5651.mp4' for writing
[hls @ 0xaaaad5578f50] Opening '/config/cache/transcodes/1fa6f418e178a27684f4554696f4a7b5652.mp4' for writing
[hls @ 0xaaaad5578f50] Opening '/config/cache/transcodes/1fa6f418e178a27684f4554696f4a7b5653.mp4' for writing
[hls @ 0xaaaad5578f50] Opening '/config/cache/transcodes/1fa6f418e178a27684f4554696f4a7b5654.mp4' for writing
frame=196509 fps=3655 q=-1.0 size=N/A time=01:48:06.52 bitrate=N/A speed= 121x    
[hls @ 0xaaaad5578f50] Opening '/config/cache/transcodes/1fa6f418e178a27684f4554696f4a7b5655.mp4' for writing
[hls @ 0xaaaad5578f50] Opening '/config/cache/transcodes/1fa6f418e178a27684f4554696f4a7b5656.mp4' for writing
[hls @ 0xaaaad5578f50] Opening '/config/cache/transcodes/1fa6f418e178a27684f4554696f4a7b5657.mp4' for writing
[hls @ 0xaaaad5578f50] Opening '/config/cache/transcodes/1fa6f418e178a27684f4554696f4a7b5658.mp4' for writing
[hls @ 0xaaaad5578f50] Opening '/config/cache/transcodes/1fa6f418e178a27684f4554696f4a7b5659.mp4' for writing
[hls @ 0xaaaad5578f50] Opening '/config/cache/transcodes/1fa6f418e178a27684f4554696f4a7b5660.mp4' for writing
frame=198318 fps=3655 q=-1.0 size=N/A time=01:49:06.81 bitrate=N/A speed= 121x    
[hls @ 0xaaaad5578f50] Opening '/config/cache/transcodes/1fa6f418e178a27684f4554696f4a7b5661.mp4' for writing
[hls @ 0xaaaad5578f50] Opening '/config/cache/transcodes/1fa6f418e178a27684f4554696f4a7b5662.mp4' for writing
[hls @ 0xaaaad5578f50] Opening '/config/cache/transcodes/1fa6f418e178a27684f4554696f4a7b5663.mp4' for writing
[hls @ 0xaaaad5578f50] Opening '/config/cache/transcodes/1fa6f418e178a27684f4554696f4a7b5664.mp4' for writing
[hls @ 0xaaaad5578f50] Opening '/config/cache/transcodes/1fa6f418e178a27684f4554696f4a7b5665.mp4' for writing
[hls @ 0xaaaad5578f50] Opening '/config/cache/transcodes/1fa6f418e178a27684f4554696f4a7b5666.mp4' for writing
frame=200329 fps=3658 q=-1.0 size=N/A time=01:50:13.86 bitrate=N/A speed= 121x    
[hls @ 0xaaaad5578f50] Opening '/config/cache/transcodes/1fa6f418e178a27684f4554696f4a7b5667.mp4' for writing
[hls @ 0xaaaad5578f50] Opening '/config/cache/transcodes/1fa6f418e178a27684f4554696f4a7b5668.mp4' for writing
[hls @ 0xaaaad5578f50] Opening '/config/cache/transcodes/1fa6f418e178a27684f4554696f4a7b5669.mp4' for writing
[hls @ 0xaaaad5578f50] Opening '/config/cache/transcodes/1fa6f418e178a27684f4554696f4a7b5670.mp4' for writing
[hls @ 0xaaaad5578f50] Opening '/config/cache/transcodes/1fa6f418e178a27684f4554696f4a7b5671.mp4' for writing
[hls @ 0xaaaad5578f50] Opening '/config/cache/transcodes/1fa6f418e178a27684f4554696f4a7b5672.mp4' for writing
[hls @ 0xaaaad5578f50] Opening '/config/cache/transcodes/1fa6f418e178a27684f4554696f4a7b5673.mp4' for writing
frame=202261 fps=3660 q=-1.0 size=N/A time=01:51:18.35 bitrate=N/A speed= 121x    
[hls @ 0xaaaad5578f50] Opening '/config/cache/transcodes/1fa6f418e178a27684f4554696f4a7b5674.mp4' for writing
[hls @ 0xaaaad5578f50] Opening '/config/cache/transcodes/1fa6f418e178a27684f4554696f4a7b5675.mp4' for writing
[hls @ 0xaaaad5578f50] Opening '/config/cache/transcodes/1fa6f418e178a27684f4554696f4a7b5676.mp4' for writing
[hls @ 0xaaaad5578f50] Opening '/config/cache/transcodes/1fa6f418e178a27684f4554696f4a7b5677.mp4' for writing
[hls @ 0xaaaad5578f50] Opening '/config/cache/transcodes/1fa6f418e178a27684f4554696f4a7b5678.mp4' for writing
[hls @ 0xaaaad5578f50] Opening '/config/cache/transcodes/1fa6f418e178a27684f4554696f4a7b5679.mp4' for writing
frame=204233 fps=3662 q=-1.0 size=N/A time=01:52:24.06 bitrate=N/A speed= 121x    
[hls @ 0xaaaad5578f50] Opening '/config/cache/transcodes/1fa6f418e178a27684f4554696f4a7b5680.mp4' for writing
[hls @ 0xaaaad5578f50] Opening '/config/cache/transcodes/1fa6f418e178a27684f4554696f4a7b5681.mp4' for writing
[hls @ 0xaaaad5578f50] Opening '/config/cache/transcodes/1fa6f418e178a27684f4554696f4a7b5682.mp4' for writing
[hls @ 0xaaaad5578f50] Opening '/config/cache/transcodes/1fa6f418e178a27684f4554696f4a7b5683.mp4' for writing
[hls @ 0xaaaad5578f50] Opening '/config/cache/transcodes/1fa6f418e178a27684f4554696f4a7b5684.mp4' for writing
[hls @ 0xaaaad5578f50] Opening '/config/cache/transcodes/1fa6f418e178a27684f4554696f4a7b5685.mp4' for writing
[hls @ 0xaaaad5578f50] Opening '/config/cache/transcodes/1fa6f418e178a27684f4554696f4a7b5686.mp4' for writing
frame=206193 fps=3665 q=-1.0 size=N/A time=01:53:29.23 bitrate=N/A speed= 121x    
[hls @ 0xaaaad5578f50] Opening '/config/cache/transcodes/1fa6f418e178a27684f4554696f4a7b5687.mp4' for writing
[hls @ 0xaaaad5578f50] Opening '/config/cache/transcodes/1fa6f418e178a27684f4554696f4a7b5688.mp4' for writing
[hls @ 0xaaaad5578f50] Opening '/config/cache/transcodes/1fa6f418e178a27684f4554696f4a7b5689.mp4' for writing
[hls @ 0xaaaad5578f50] Opening '/config/cache/transcodes/1fa6f418e178a27684f4554696f4a7b5690.mp4' for writing
[hls @ 0xaaaad5578f50] Opening '/config/cache/transcodes/1fa6f418e178a27684f4554696f4a7b5691.mp4' for writing
[hls @ 0xaaaad5578f50] Opening '/config/cache/transcodes/1fa6f418e178a27684f4554696f4a7b5692.mp4' for writing
frame=208013 fps=3664 q=-1.0 size=N/A time=01:54:29.90 bitrate=N/A speed= 121x    
[hls @ 0xaaaad5578f50] Opening '/config/cache/transcodes/1fa6f418e178a27684f4554696f4a7b5693.mp4' for writing
[hls @ 0xaaaad5578f50] Opening '/config/cache/transcodes/1fa6f418e178a27684f4554696f4a7b5694.mp4' for writing
[hls @ 0xaaaad5578f50] Opening '/config/cache/transcodes/1fa6f418e178a27684f4554696f4a7b5695.mp4' for writing
[hls @ 0xaaaad5578f50] Opening '/config/cache/transcodes/1fa6f418e178a27684f4554696f4a7b5696.mp4' for writing
[hls @ 0xaaaad5578f50] Opening '/config/cache/transcodes/1fa6f418e178a27684f4554696f4a7b5697.mp4' for writing
[hls @ 0xaaaad5578f50] Opening '/config/cache/transcodes/1fa6f418e178a27684f4554696f4a7b5698.mp4' for writing
frame=209977 fps=3667 q=-1.0 size=N/A time=01:55:35.44 bitrate=N/A speed= 121x    
[hls @ 0xaaaad5578f50] Opening '/config/cache/transcodes/1fa6f418e178a27684f4554696f4a7b5699.mp4' for writing
[hls @ 0xaaaad5578f50] Opening '/config/cache/transcodes/1fa6f418e178a27684f4554696f4a7b5700.mp4' for writing
[hls @ 0xaaaad5578f50] Opening '/config/cache/transcodes/1fa6f418e178a27684f4554696f4a7b5701.mp4' for writing
[hls @ 0xaaaad5578f50] Opening '/config/cache/transcodes/1fa6f418e178a27684f4554696f4a7b5702.mp4' for writing
[hls @ 0xaaaad5578f50] Opening '/config/cache/transcodes/1fa6f418e178a27684f4554696f4a7b5703.mp4' for writing
[hls @ 0xaaaad5578f50] Opening '/config/cache/transcodes/1fa6f418e178a27684f4554696f4a7b5704.mp4' for writing
[hls @ 0xaaaad5578f50] Opening '/config/cache/transcodes/1fa6f418e178a27684f4554696f4a7b5705.mp4' for writing
frame=211933 fps=3668 q=-1.0 size=N/A time=01:56:40.74 bitrate=N/A speed= 121x    
[hls @ 0xaaaad5578f50] Opening '/config/cache/transcodes/1fa6f418e178a27684f4554696f4a7b5706.mp4' for writing
[hls @ 0xaaaad5578f50] Opening '/config/cache/transcodes/1fa6f418e178a27684f4554696f4a7b5707.mp4' for writing
[hls @ 0xaaaad5578f50] Opening '/config/cache/transcodes/1fa6f418e178a27684f4554696f4a7b5708.mp4' for writing
[hls @ 0xaaaad5578f50] Opening '/config/cache/transcodes/1fa6f418e178a27684f4554696f4a7b5709.mp4' for writing
[hls @ 0xaaaad5578f50] Opening '/config/cache/transcodes/1fa6f418e178a27684f4554696f4a7b5710.mp4' for writing
[hls @ 0xaaaad5578f50] Opening '/config/cache/transcodes/1fa6f418e178a27684f4554696f4a7b5711.mp4' for writing
frame=213729 fps=3668 q=-1.0 size=N/A time=01:57:40.54 bitrate=N/A speed= 121x    
[hls @ 0xaaaad5578f50] Opening '/config/cache/transcodes/1fa6f418e178a27684f4554696f4a7b5712.mp4' for writing
[hls @ 0xaaaad5578f50] Opening '/config/cache/transcodes/1fa6f418e178a27684f4554696f4a7b5713.mp4' for writing
[hls @ 0xaaaad5578f50] Opening '/config/cache/transcodes/1fa6f418e178a27684f4554696f4a7b5714.mp4' for writing
[hls @ 0xaaaad5578f50] Opening '/config/cache/transcodes/1fa6f418e178a27684f4554696f4a7b5715.mp4' for writing
[hls @ 0xaaaad5578f50] Opening '/config/cache/transcodes/1fa6f418e178a27684f4554696f4a7b5716.mp4' for writing
[hls @ 0xaaaad5578f50] Opening '/config/cache/transcodes/1fa6f418e178a27684f4554696f4a7b5717.mp4' for writing
frame=215449 fps=3666 q=-1.0 size=N/A time=01:58:37.71 bitrate=N/A speed= 121x    
[hls @ 0xaaaad5578f50] Opening '/config/cache/transcodes/1fa6f418e178a27684f4554696f4a7b5718.mp4' for writing
[hls @ 0xaaaad5578f50] Opening '/config/cache/transcodes/1fa6f418e178a27684f4554696f4a7b5719.mp4' for writing
[hls @ 0xaaaad5578f50] Opening '/config/cache/transcodes/1fa6f418e178a27684f4554696f4a7b5720.mp4' for writing
[hls @ 0xaaaad5578f50] Opening '/config/cache/transcodes/1fa6f418e178a27684f4554696f4a7b5721.mp4' for writing
[hls @ 0xaaaad5578f50] Opening '/config/cache/transcodes/1fa6f418e178a27684f4554696f4a7b5722.mp4' for writing
[hls @ 0xaaaad5578f50] Opening '/config/cache/transcodes/1fa6f418e178a27684f4554696f4a7b5723.mp4' for writing
frame=217227 fps=3665 q=-1.0 size=N/A time=01:59:37.31 bitrate=N/A speed= 121x    
[hls @ 0xaaaad5578f50] Opening '/config/cache/transcodes/1fa6f418e178a27684f4554696f4a7b5724.mp4' for writing
[hls @ 0xaaaad5578f50] Opening '/config/cache/transcodes/1fa6f418e178a27684f4554696f4a7b5725.mp4' for writing
[hls @ 0xaaaad5578f50] Opening '/config/cache/transcodes/1fa6f418e178a27684f4554696f4a7b5726.mp4' for writing
[hls @ 0xaaaad5578f50] Opening '/config/cache/transcodes/1fa6f418e178a27684f4554696f4a7b5727.mp4' for writing
[hls @ 0xaaaad5578f50] Opening '/config/cache/transcodes/1fa6f418e178a27684f4554696f4a7b5728.mp4' for writing
[hls @ 0xaaaad5578f50] Opening '/config/cache/transcodes/1fa6f418e178a27684f4554696f4a7b5729.mp4' for writing
frame=219021 fps=3664 q=-1.0 size=N/A time=02:00:36.82 bitrate=N/A speed= 121x    
[hls @ 0xaaaad5578f50] Opening '/config/cache/transcodes/1fa6f418e178a27684f4554696f4a7b5730.mp4' for writing
[hls @ 0xaaaad5578f50] Opening '/config/cache/transcodes/1fa6f418e178a27684f4554696f4a7b5731.mp4' for writing
[hls @ 0xaaaad5578f50] Opening '/config/cache/transcodes/1fa6f418e178a27684f4554696f4a7b5732.mp4' for writing
[hls @ 0xaaaad5578f50] Opening '/config/cache/transcodes/1fa6f418e178a27684f4554696f4a7b5733.mp4' for writing
[hls @ 0xaaaad5578f50] Opening '/config/cache/transcodes/1fa6f418e178a27684f4554696f4a7b5734.mp4' for writing
[hls @ 0xaaaad5578f50] Opening '/config/cache/transcodes/1fa6f418e178a27684f4554696f4a7b5735.mp4' for writing
frame=220977 fps=3666 q=-1.0 size=N/A time=02:01:42.20 bitrate=N/A speed= 121x    
[hls @ 0xaaaad5578f50] Opening '/config/cache/transcodes/1fa6f418e178a27684f4554696f4a7b5736.mp4' for writing
[hls @ 0xaaaad5578f50] Opening '/config/cache/transcodes/1fa6f418e178a27684f4554696f4a7b5737.mp4' for writing
[hls @ 0xaaaad5578f50] Opening '/config/cache/transcodes/1fa6f418e178a27684f4554696f4a7b5738.mp4' for writing
[hls @ 0xaaaad5578f50] Opening '/config/cache/transcodes/1fa6f418e178a27684f4554696f4a7b5739.mp4' for writing
[hls @ 0xaaaad5578f50] Opening '/config/cache/transcodes/1fa6f418e178a27684f4554696f4a7b5740.mp4' for writing
[hls @ 0xaaaad5578f50] Opening '/config/cache/transcodes/1fa6f418e178a27684f4554696f4a7b5741.mp4' for writing
frame=222769 fps=3665 q=-1.0 size=N/A time=02:02:41.96 bitrate=N/A speed= 121x    
[hls @ 0xaaaad5578f50] Opening '/config/cache/transcodes/1fa6f418e178a27684f4554696f4a7b5742.mp4' for writing
[hls @ 0xaaaad5578f50] Opening '/config/cache/transcodes/1fa6f418e178a27684f4554696f4a7b5743.mp4' for writing
[hls @ 0xaaaad5578f50] Opening '/config/cache/transcodes/1fa6f418e178a27684f4554696f4a7b5744.mp4' for writing
[hls @ 0xaaaad5578f50] Opening '/config/cache/transcodes/1fa6f418e178a27684f4554696f4a7b5745.mp4' for writing
[hls @ 0xaaaad5578f50] Opening '/config/cache/transcodes/1fa6f418e178a27684f4554696f4a7b5746.mp4' for writing
[hls @ 0xaaaad5578f50] Opening '/config/cache/transcodes/1fa6f418e178a27684f4554696f4a7b5747.mp4' for writing
[hls @ 0xaaaad5578f50] Opening '/config/cache/transcodes/1fa6f418e178a27684f4554696f4a7b5748.mp4' for writing
frame=224709 fps=3666 q=-1.0 size=N/A time=02:03:46.53 bitrate=N/A speed= 121x    
[hls @ 0xaaaad5578f50] Opening '/config/cache/transcodes/1fa6f418e178a27684f4554696f4a7b5749.mp4' for writing
[hls @ 0xaaaad5578f50] Opening '/config/cache/transcodes/1fa6f418e178a27684f4554696f4a7b5750.mp4' for writing
[hls @ 0xaaaad5578f50] Opening '/config/cache/transcodes/1fa6f418e178a27684f4554696f4a7b5751.mp4' for writing
[hls @ 0xaaaad5578f50] Opening '/config/cache/transcodes/1fa6f418e178a27684f4554696f4a7b5752.mp4' for writing
[hls @ 0xaaaad5578f50] Opening '/config/cache/transcodes/1fa6f418e178a27684f4554696f4a7b5753.mp4' for writing
[hls @ 0xaaaad5578f50] Opening '/config/cache/transcodes/1fa6f418e178a27684f4554696f4a7b5754.mp4' for writing
frame=226549 fps=3666 q=-1.0 size=N/A time=02:04:47.78 bitrate=N/A speed= 121x    
[hls @ 0xaaaad5578f50] Opening '/config/cache/transcodes/1fa6f418e178a27684f4554696f4a7b5755.mp4' for writing
[hls @ 0xaaaad5578f50] Opening '/config/cache/transcodes/1fa6f418e178a27684f4554696f4a7b5756.mp4' for writing
[hls @ 0xaaaad5578f50] Opening '/config/cache/transcodes/1fa6f418e178a27684f4554696f4a7b5757.mp4' for writing
[hls @ 0xaaaad5578f50] Opening '/config/cache/transcodes/1fa6f418e178a27684f4554696f4a7b5758.mp4' for writing
[hls @ 0xaaaad5578f50] Opening '/config/cache/transcodes/1fa6f418e178a27684f4554696f4a7b5759.mp4' for writing
frame=228309 fps=3665 q=-1.0 size=N/A time=02:05:46.36 bitrate=N/A speed= 121x    
[hls @ 0xaaaad5578f50] Opening '/config/cache/transcodes/1fa6f418e178a27684f4554696f4a7b5760.mp4' for writing
[hls @ 0xaaaad5578f50] Opening '/config/cache/transcodes/1fa6f418e178a27684f4554696f4a7b5761.mp4' for writing
[hls @ 0xaaaad5578f50] Opening '/config/cache/transcodes/1fa6f418e178a27684f4554696f4a7b5762.mp4' for writing
[hls @ 0xaaaad5578f50] Opening '/config/cache/transcodes/1fa6f418e178a27684f4554696f4a7b5763.mp4' for writing
[hls @ 0xaaaad5578f50] Opening '/config/cache/transcodes/1fa6f418e178a27684f4554696f4a7b5764.mp4' for writing
[hls @ 0xaaaad5578f50] Opening '/config/cache/transcodes/1fa6f418e178a27684f4554696f4a7b5765.mp4' for writing
[hls @ 0xaaaad5578f50] Opening '/config/cache/transcodes/1fa6f418e178a27684f4554696f4a7b5766.mp4' for writing
frame=230253 fps=3666 q=-1.0 size=N/A time=02:06:51.32 bitrate=N/A speed= 121x    
[hls @ 0xaaaad5578f50] Opening '/config/cache/transcodes/1fa6f418e178a27684f4554696f4a7b5767.mp4' for writing
[hls @ 0xaaaad5578f50] Opening '/config/cache/transcodes/1fa6f418e178a27684f4554696f4a7b5768.mp4' for writing
[hls @ 0xaaaad5578f50] Opening '/config/cache/transcodes/1fa6f418e178a27684f4554696f4a7b5769.mp4' for writing
[hls @ 0xaaaad5578f50] Opening '/config/cache/transcodes/1fa6f418e178a27684f4554696f4a7b5770.mp4' for writing
[hls @ 0xaaaad5578f50] Opening '/config/cache/transcodes/1fa6f418e178a27684f4554696f4a7b5771.mp4' for writing
[hls @ 0xaaaad5578f50] Opening '/config/cache/transcodes/1fa6f418e178a27684f4554696f4a7b5772.mp4' for writing
frame=232067 fps=3666 q=-1.0 size=N/A time=02:07:51.98 bitrate=N/A speed= 121x    
[hls @ 0xaaaad5578f50] Opening '/config/cache/transcodes/1fa6f418e178a27684f4554696f4a7b5773.mp4' for writing
[hls @ 0xaaaad5578f50] Opening '/config/cache/transcodes/1fa6f418e178a27684f4554696f4a7b5774.mp4' for writing
[hls @ 0xaaaad5578f50] Opening '/config/cache/transcodes/1fa6f418e178a27684f4554696f4a7b5775.mp4' for writing
[hls @ 0xaaaad5578f50] Opening '/config/cache/transcodes/1fa6f418e178a27684f4554696f4a7b5776.mp4' for writing
[hls @ 0xaaaad5578f50] Opening '/config/cache/transcodes/1fa6f418e178a27684f4554696f4a7b5777.mp4' for writing
[hls @ 0xaaaad5578f50] Opening '/config/cache/transcodes/1fa6f418e178a27684f4554696f4a7b5778.mp4' for writing
[hls @ 0xaaaad5578f50] Opening '/config/cache/transcodes/1fa6f418e178a27684f4554696f4a7b5779.mp4' for writing
frame=234033 fps=3668 q=-1.0 size=N/A time=02:08:57.21 bitrate=N/A speed= 121x    
[hls @ 0xaaaad5578f50] Opening '/config/cache/transcodes/1fa6f418e178a27684f4554696f4a7b5780.mp4' for writing
[hls @ 0xaaaad5578f50] Opening '/config/cache/transcodes/1fa6f418e178a27684f4554696f4a7b5781.mp4' for writing
[hls @ 0xaaaad5578f50] Opening '/config/cache/transcodes/1fa6f418e178a27684f4554696f4a7b5782.mp4' for writing
[hls @ 0xaaaad5578f50] Opening '/config/cache/transcodes/1fa6f418e178a27684f4554696f4a7b5783.mp4' for writing
[hls @ 0xaaaad5578f50] Opening '/config/cache/transcodes/1fa6f418e178a27684f4554696f4a7b5784.mp4' for writing
[hls @ 0xaaaad5578f50] Opening '/config/cache/transcodes/1fa6f418e178a27684f4554696f4a7b5785.mp4' for writing
frame=236077 fps=3671 q=-1.0 size=N/A time=02:10:05.37 bitrate=N/A speed= 121x    
[hls @ 0xaaaad5578f50] Opening '/config/cache/transcodes/1fa6f418e178a27684f4554696f4a7b5786.mp4' for writing
[hls @ 0xaaaad5578f50] Opening '/config/cache/transcodes/1fa6f418e178a27684f4554696f4a7b5787.mp4' for writing
[hls @ 0xaaaad5578f50] Opening '/config/cache/transcodes/1fa6f418e178a27684f4554696f4a7b5788.mp4' for writing
[hls @ 0xaaaad5578f50] Opening '/config/cache/transcodes/1fa6f418e178a27684f4554696f4a7b5789.mp4' for writing
[hls @ 0xaaaad5578f50] Opening '/config/cache/transcodes/1fa6f418e178a27684f4554696f4a7b5790.mp4' for writing
[hls @ 0xaaaad5578f50] Opening '/config/cache/transcodes/1fa6f418e178a27684f4554696f4a7b5791.mp4' for writing
frame=237889 fps=3671 q=-1.0 size=N/A time=02:11:05.81 bitrate=N/A speed= 121x    
[hls @ 0xaaaad5578f50] Opening '/config/cache/transcodes/1fa6f418e178a27684f4554696f4a7b5792.mp4' for writing
[hls @ 0xaaaad5578f50] Opening '/config/cache/transcodes/1fa6f418e178a27684f4554696f4a7b5793.mp4' for writing
[hls @ 0xaaaad5578f50] Opening '/config/cache/transcodes/1fa6f418e178a27684f4554696f4a7b5794.mp4' for writing
[hls @ 0xaaaad5578f50] Opening '/config/cache/transcodes/1fa6f418e178a27684f4554696f4a7b5795.mp4' for writing
[hls @ 0xaaaad5578f50] Opening '/config/cache/transcodes/1fa6f418e178a27684f4554696f4a7b5796.mp4' for writing
[hls @ 0xaaaad5578f50] Opening '/config/cache/transcodes/1fa6f418e178a27684f4554696f4a7b5797.mp4' for writing
[hls @ 0xaaaad5578f50] Opening '/config/cache/transcodes/1fa6f418e178a27684f4554696f4a7b5798.mp4' for writing
frame=239765 fps=3671 q=-1.0 size=N/A time=02:12:08.29 bitrate=N/A speed= 121x    
[hls @ 0xaaaad5578f50] Opening '/config/cache/transcodes/1fa6f418e178a27684f4554696f4a7b5799.mp4' for writing
[hls @ 0xaaaad5578f50] Opening '/config/cache/transcodes/1fa6f418e178a27684f4554696f4a7b5800.mp4' for writing
[hls @ 0xaaaad5578f50] Opening '/config/cache/transcodes/1fa6f418e178a27684f4554696f4a7b5801.mp4' for writing
[hls @ 0xaaaad5578f50] Opening '/config/cache/transcodes/1fa6f418e178a27684f4554696f4a7b5802.mp4' for writing
[hls @ 0xaaaad5578f50] Opening '/config/cache/transcodes/1fa6f418e178a27684f4554696f4a7b5803.mp4' for writing
[hls @ 0xaaaad5578f50] Opening '/config/cache/transcodes/1fa6f418e178a27684f4554696f4a7b5804.mp4' for writing
frame=241697 fps=3672 q=-1.0 size=N/A time=02:13:12.76 bitrate=N/A speed= 121x    
[hls @ 0xaaaad5578f50] Opening '/config/cache/transcodes/1fa6f418e178a27684f4554696f4a7b5805.mp4' for writing
[hls @ 0xaaaad5578f50] Opening '/config/cache/transcodes/1fa6f418e178a27684f4554696f4a7b5806.mp4' for writing
[hls @ 0xaaaad5578f50] Opening '/config/cache/transcodes/1fa6f418e178a27684f4554696f4a7b5807.mp4' for writing
[hls @ 0xaaaad5578f50] Opening '/config/cache/transcodes/1fa6f418e178a27684f4554696f4a7b5808.mp4' for writing
[hls @ 0xaaaad5578f50] Opening '/config/cache/transcodes/1fa6f418e178a27684f4554696f4a7b5809.mp4' for writing
[hls @ 0xaaaad5578f50] Opening '/config/cache/transcodes/1fa6f418e178a27684f4554696f4a7b5810.mp4' for writing
frame=243457 fps=3671 q=-1.0 size=N/A time=02:14:11.41 bitrate=N/A speed= 121x    
[hls @ 0xaaaad5578f50] Opening '/config/cache/transcodes/1fa6f418e178a27684f4554696f4a7b5811.mp4' for writing
[hls @ 0xaaaad5578f50] Opening '/config/cache/transcodes/1fa6f418e178a27684f4554696f4a7b5812.mp4' for writing
[hls @ 0xaaaad5578f50] Opening '/config/cache/transcodes/1fa6f418e178a27684f4554696f4a7b5813.mp4' for writing
[hls @ 0xaaaad5578f50] Opening '/config/cache/transcodes/1fa6f418e178a27684f4554696f4a7b5814.mp4' for writing
[hls @ 0xaaaad5578f50] Opening '/config/cache/transcodes/1fa6f418e178a27684f4554696f4a7b5815.mp4' for writing
[hls @ 0xaaaad5578f50] Opening '/config/cache/transcodes/1fa6f418e178a27684f4554696f4a7b5816.mp4' for writing
frame=245369 fps=3672 q=-1.0 size=N/A time=02:15:15.07 bitrate=N/A speed= 121x    
[hls @ 0xaaaad5578f50] Opening '/config/cache/transcodes/1fa6f418e178a27684f4554696f4a7b5817.mp4' for writing
[hls @ 0xaaaad5578f50] Opening '/config/cache/transcodes/1fa6f418e178a27684f4554696f4a7b5818.mp4' for writing
[hls @ 0xaaaad5578f50] Opening '/config/cache/transcodes/1fa6f418e178a27684f4554696f4a7b5819.mp4' for writing
[hls @ 0xaaaad5578f50] Opening '/config/cache/transcodes/1fa6f418e178a27684f4554696f4a7b5820.mp4' for writing
[hls @ 0xaaaad5578f50] Opening '/config/cache/transcodes/1fa6f418e178a27684f4554696f4a7b5821.mp4' for writing
[hls @ 0xaaaad5578f50] Opening '/config/cache/transcodes/1fa6f418e178a27684f4554696f4a7b5822.mp4' for writing
frame=247077 fps=3670 q=-1.0 size=N/A time=02:16:12.07 bitrate=N/A speed= 121x    
[hls @ 0xaaaad5578f50] Opening '/config/cache/transcodes/1fa6f418e178a27684f4554696f4a7b5823.mp4' for writing
[hls @ 0xaaaad5578f50] Opening '/config/cache/transcodes/1fa6f418e178a27684f4554696f4a7b5824.mp4' for writing
[hls @ 0xaaaad5578f50] Opening '/config/cache/transcodes/1fa6f418e178a27684f4554696f4a7b5825.mp4' for writing
[hls @ 0xaaaad5578f50] Opening '/config/cache/transcodes/1fa6f418e178a27684f4554696f4a7b5826.mp4' for writing
[hls @ 0xaaaad5578f50] Opening '/config/cache/transcodes/1fa6f418e178a27684f4554696f4a7b5827.mp4' for writing
[hls @ 0xaaaad5578f50] Opening '/config/cache/transcodes/1fa6f418e178a27684f4554696f4a7b5828.mp4' for writing
[hls @ 0xaaaad5578f50] Opening '/config/cache/transcodes/1fa6f418e178a27684f4554696f4a7b5829.mp4' for writing
frame=249005 fps=3671 q=-1.0 size=N/A time=02:17:16.52 bitrate=N/A speed= 121x    
[hls @ 0xaaaad5578f50] Opening '/config/cache/transcodes/1fa6f418e178a27684f4554696f4a7b5830.mp4' for writing
[hls @ 0xaaaad5578f50] Opening '/config/cache/transcodes/1fa6f418e178a27684f4554696f4a7b5831.mp4' for writing
[hls @ 0xaaaad5578f50] Opening '/config/cache/transcodes/1fa6f418e178a27684f4554696f4a7b5832.mp4' for writing
[hls @ 0xaaaad5578f50] Opening '/config/cache/transcodes/1fa6f418e178a27684f4554696f4a7b5833.mp4' for writing
[hls @ 0xaaaad5578f50] Opening '/config/cache/transcodes/1fa6f418e178a27684f4554696f4a7b5834.mp4' for writing
[hls @ 0xaaaad5578f50] Opening '/config/cache/transcodes/1fa6f418e178a27684f4554696f4a7b5835.mp4' for writing
frame=250945 fps=3672 q=-1.0 size=N/A time=02:18:21.03 bitrate=N/A speed= 121x    
[hls @ 0xaaaad5578f50] Opening '/config/cache/transcodes/1fa6f418e178a27684f4554696f4a7b5836.mp4' for writing
[hls @ 0xaaaad5578f50] Opening '/config/cache/transcodes/1fa6f418e178a27684f4554696f4a7b5837.mp4' for writing
[hls @ 0xaaaad5578f50] Opening '/config/cache/transcodes/1fa6f418e178a27684f4554696f4a7b5838.mp4' for writing
[hls @ 0xaaaad5578f50] Opening '/config/cache/transcodes/1fa6f418e178a27684f4554696f4a7b5839.mp4' for writing
[hls @ 0xaaaad5578f50] Opening '/config/cache/transcodes/1fa6f418e178a27684f4554696f4a7b5840.mp4' for writing
[hls @ 0xaaaad5578f50] Opening '/config/cache/transcodes/1fa6f418e178a27684f4554696f4a7b5841.mp4' for writing
frame=252745 fps=3671 q=-1.0 size=N/A time=02:19:21.06 bitrate=N/A speed= 121x    
[hls @ 0xaaaad5578f50] Opening '/config/cache/transcodes/1fa6f418e178a27684f4554696f4a7b5842.mp4' for writing
[hls @ 0xaaaad5578f50] Opening '/config/cache/transcodes/1fa6f418e178a27684f4554696f4a7b5843.mp4' for writing
[hls @ 0xaaaad5578f50] Opening '/config/cache/transcodes/1fa6f418e178a27684f4554696f4a7b5844.mp4' for writing
[hls @ 0xaaaad5578f50] Opening '/config/cache/transcodes/1fa6f418e178a27684f4554696f4a7b5845.mp4' for writing
[hls @ 0xaaaad5578f50] Opening '/config/cache/transcodes/1fa6f418e178a27684f4554696f4a7b5846.mp4' for writing
[hls @ 0xaaaad5578f50] Opening '/config/cache/transcodes/1fa6f418e178a27684f4554696f4a7b5847.mp4' for writing
frame=254700 fps=3673 q=-1.0 size=N/A time=02:20:26.00 bitrate=N/A speed= 122x    
[hls @ 0xaaaad5578f50] Opening '/config/cache/transcodes/1fa6f418e178a27684f4554696f4a7b5848.mp4' for writing
[hls @ 0xaaaad5578f50] Opening '/config/cache/transcodes/1fa6f418e178a27684f4554696f4a7b5849.mp4' for writing
[hls @ 0xaaaad5578f50] Opening '/config/cache/transcodes/1fa6f418e178a27684f4554696f4a7b5850.mp4' for writing
[hls @ 0xaaaad5578f50] Opening '/config/cache/transcodes/1fa6f418e178a27684f4554696f4a7b5851.mp4' for writing
[hls @ 0xaaaad5578f50] Opening '/config/cache/transcodes/1fa6f418e178a27684f4554696f4a7b5852.mp4' for writing
[hls @ 0xaaaad5578f50] Opening '/config/cache/transcodes/1fa6f418e178a27684f4554696f4a7b5853.mp4' for writing
[hls @ 0xaaaad5578f50] Opening '/config/cache/transcodes/1fa6f418e178a27684f4554696f4a7b5854.mp4' for writing
frame=256513 fps=3672 q=-1.0 size=N/A time=02:21:26.69 bitrate=N/A speed= 122x    
[hls @ 0xaaaad5578f50] Opening '/config/cache/transcodes/1fa6f418e178a27684f4554696f4a7b5855.mp4' for writing
[hls @ 0xaaaad5578f50] Opening '/config/cache/transcodes/1fa6f418e178a27684f4554696f4a7b5856.mp4' for writing
[hls @ 0xaaaad5578f50] Opening '/config/cache/transcodes/1fa6f418e178a27684f4554696f4a7b5857.mp4' for writing
[hls @ 0xaaaad5578f50] Opening '/config/cache/transcodes/1fa6f418e178a27684f4554696f4a7b5858.mp4' for writing
[hls @ 0xaaaad5578f50] Opening '/config/cache/transcodes/1fa6f418e178a27684f4554696f4a7b5859.mp4' for writing
frame=258301 fps=3672 q=-1.0 size=N/A time=02:22:26.13 bitrate=N/A speed= 121x    
[hls @ 0xaaaad5578f50] Opening '/config/cache/transcodes/1fa6f418e178a27684f4554696f4a7b5860.mp4' for writing
[hls @ 0xaaaad5578f50] Opening '/config/cache/transcodes/1fa6f418e178a27684f4554696f4a7b5861.mp4' for writing
[hls @ 0xaaaad5578f50] Opening '/config/cache/transcodes/1fa6f418e178a27684f4554696f4a7b5862.mp4' for writing
[hls @ 0xaaaad5578f50] Opening '/config/cache/transcodes/1fa6f418e178a27684f4554696f4a7b5863.mp4' for writing
[hls @ 0xaaaad5578f50] Opening '/config/cache/transcodes/1fa6f418e178a27684f4554696f4a7b5864.mp4' for writing
[hls @ 0xaaaad5578f50] Opening '/config/cache/transcodes/1fa6f418e178a27684f4554696f4a7b5865.mp4' for writing
[hls @ 0xaaaad5578f50] Opening '/config/cache/transcodes/1fa6f418e178a27684f4554696f4a7b5866.mp4' for writing
frame=260181 fps=3672 q=-1.0 size=N/A time=02:23:28.83 bitrate=N/A speed= 122x    
[hls @ 0xaaaad5578f50] Opening '/config/cache/transcodes/1fa6f418e178a27684f4554696f4a7b5867.mp4' for writing
[hls @ 0xaaaad5578f50] Opening '/config/cache/transcodes/1fa6f418e178a27684f4554696f4a7b5868.mp4' for writing
[hls @ 0xaaaad5578f50] Opening '/config/cache/transcodes/1fa6f418e178a27684f4554696f4a7b5869.mp4' for writing
[hls @ 0xaaaad5578f50] Opening '/config/cache/transcodes/1fa6f418e178a27684f4554696f4a7b5870.mp4' for writing
[hls @ 0xaaaad5578f50] Opening '/config/cache/transcodes/1fa6f418e178a27684f4554696f4a7b5871.mp4' for writing
[hls @ 0xaaaad5578f50] Opening '/config/cache/transcodes/1fa6f418e178a27684f4554696f4a7b5872.mp4' for writing
frame=262057 fps=3673 q=-1.0 size=N/A time=02:24:31.33 bitrate=N/A speed= 122x    
[hls @ 0xaaaad5578f50] Opening '/config/cache/transcodes/1fa6f418e178a27684f4554696f4a7b5873.mp4' for writing
[hls @ 0xaaaad5578f50] Opening '/config/cache/transcodes/1fa6f418e178a27684f4554696f4a7b5874.mp4' for writing
[hls @ 0xaaaad5578f50] Opening '/config/cache/transcodes/1fa6f418e178a27684f4554696f4a7b5875.mp4' for writing
[hls @ 0xaaaad5578f50] Opening '/config/cache/transcodes/1fa6f418e178a27684f4554696f4a7b5876.mp4' for writing
[hls @ 0xaaaad5578f50] Opening '/config/cache/transcodes/1fa6f418e178a27684f4554696f4a7b5877.mp4' for writing
[hls @ 0xaaaad5578f50] Opening '/config/cache/transcodes/1fa6f418e178a27684f4554696f4a7b5878.mp4' for writing
frame=264005 fps=3674 q=-1.0 size=N/A time=02:25:36.53 bitrate=N/A speed= 122x    
[hls @ 0xaaaad5578f50] Opening '/config/cache/transcodes/1fa6f418e178a27684f4554696f4a7b5879.mp4' for writing
[hls @ 0xaaaad5578f50] Opening '/config/cache/transcodes/1fa6f418e178a27684f4554696f4a7b5880.mp4' for writing
[hls @ 0xaaaad5578f50] Opening '/config/cache/transcodes/1fa6f418e178a27684f4554696f4a7b5881.mp4' for writing
[hls @ 0xaaaad5578f50] Opening '/config/cache/transcodes/1fa6f418e178a27684f4554696f4a7b5882.mp4' for writing
[hls @ 0xaaaad5578f50] Opening '/config/cache/transcodes/1fa6f418e178a27684f4554696f4a7b5883.mp4' for writing
[hls @ 0xaaaad5578f50] Opening '/config/cache/transcodes/1fa6f418e178a27684f4554696f4a7b5884.mp4' for writing
[hls @ 0xaaaad5578f50] Opening '/config/cache/transcodes/1fa6f418e178a27684f4554696f4a7b5885.mp4' for writing
frame=266017 fps=3676 q=-1.0 size=N/A time=02:26:43.49 bitrate=N/A speed= 122x    
[hls @ 0xaaaad5578f50] Opening '/config/cache/transcodes/1fa6f418e178a27684f4554696f4a7b5886.mp4' for writing
[hls @ 0xaaaad5578f50] Opening '/config/cache/transcodes/1fa6f418e178a27684f4554696f4a7b5887.mp4' for writing
[hls @ 0xaaaad5578f50] Opening '/config/cache/transcodes/1fa6f418e178a27684f4554696f4a7b5888.mp4' for writing
[hls @ 0xaaaad5578f50] Opening '/config/cache/transcodes/1fa6f418e178a27684f4554696f4a7b5889.mp4' for writing
[hls @ 0xaaaad5578f50] Opening '/config/cache/transcodes/1fa6f418e178a27684f4554696f4a7b5890.mp4' for writing
[hls @ 0xaaaad5578f50] Opening '/config/cache/transcodes/1fa6f418e178a27684f4554696f4a7b5891.mp4' for writing
frame=267845 fps=3676 q=-1.0 size=N/A time=02:27:44.46 bitrate=N/A speed= 122x    
[hls @ 0xaaaad5578f50] Opening '/config/cache/transcodes/1fa6f418e178a27684f4554696f4a7b5892.mp4' for writing
[hls @ 0xaaaad5578f50] Opening '/config/cache/transcodes/1fa6f418e178a27684f4554696f4a7b5893.mp4' for writing
[hls @ 0xaaaad5578f50] Opening '/config/cache/transcodes/1fa6f418e178a27684f4554696f4a7b5894.mp4' for writing
[hls @ 0xaaaad5578f50] Opening '/config/cache/transcodes/1fa6f418e178a27684f4554696f4a7b5895.mp4' for writing
[hls @ 0xaaaad5578f50] Opening '/config/cache/transcodes/1fa6f418e178a27684f4554696f4a7b5896.mp4' for writing
[hls @ 0xaaaad5578f50] Opening '/config/cache/transcodes/1fa6f418e178a27684f4554696f4a7b5897.mp4' for writing
[hls @ 0xaaaad5578f50] Opening '/config/cache/transcodes/1fa6f418e178a27684f4554696f4a7b5898.mp4' for writing
frame=269841 fps=3677 q=-1.0 size=N/A time=02:28:50.94 bitrate=N/A speed= 122x    
[hls @ 0xaaaad5578f50] Opening '/config/cache/transcodes/1fa6f418e178a27684f4554696f4a7b5899.mp4' for writing
[hls @ 0xaaaad5578f50] Opening '/config/cache/transcodes/1fa6f418e178a27684f4554696f4a7b5900.mp4' for writing
[hls @ 0xaaaad5578f50] Opening '/config/cache/transcodes/1fa6f418e178a27684f4554696f4a7b5901.mp4' for writing
[hls @ 0xaaaad5578f50] Opening '/config/cache/transcodes/1fa6f418e178a27684f4554696f4a7b5902.mp4' for writing
[hls @ 0xaaaad5578f50] Opening '/config/cache/transcodes/1fa6f418e178a27684f4554696f4a7b5903.mp4' for writing
[hls @ 0xaaaad5578f50] Opening '/config/cache/transcodes/1fa6f418e178a27684f4554696f4a7b5904.mp4' for writing
[hls @ 0xaaaad5578f50] Opening '/config/cache/transcodes/1fa6f418e178a27684f4554696f4a7b5905.mp4' for writing
frame=271813 fps=3679 q=-1.0 size=N/A time=02:29:56.60 bitrate=N/A speed= 122x    
[hls @ 0xaaaad5578f50] Opening '/config/cache/transcodes/1fa6f418e178a27684f4554696f4a7b5906.mp4' for writing
[hls @ 0xaaaad5578f50] Opening '/config/cache/transcodes/1fa6f418e178a27684f4554696f4a7b5907.mp4' for writing
[hls @ 0xaaaad5578f50] Opening '/config/cache/transcodes/1fa6f418e178a27684f4554696f4a7b5908.mp4' for writing
[hls @ 0xaaaad5578f50] Opening '/config/cache/transcodes/1fa6f418e178a27684f4554696f4a7b5909.mp4' for writing
[hls @ 0xaaaad5578f50] Opening '/config/cache/transcodes/1fa6f418e178a27684f4554696f4a7b5910.mp4' for writing
[hls @ 0xaaaad5578f50] Opening '/config/cache/transcodes/1fa6f418e178a27684f4554696f4a7b5911.mp4' for writing
frame=273605 fps=3678 q=-1.0 size=N/A time=02:30:56.53 bitrate=N/A speed= 122x    
[hls @ 0xaaaad5578f50] Opening '/config/cache/transcodes/1fa6f418e178a27684f4554696f4a7b5912.mp4' for writing
[hls @ 0xaaaad5578f50] Opening '/config/cache/transcodes/1fa6f418e178a27684f4554696f4a7b5913.mp4' for writing
[hls @ 0xaaaad5578f50] Opening '/config/cache/transcodes/1fa6f418e178a27684f4554696f4a7b5914.mp4' for writing
[hls @ 0xaaaad5578f50] Opening '/config/cache/transcodes/1fa6f418e178a27684f4554696f4a7b5915.mp4' for writing
[hls @ 0xaaaad5578f50] Opening '/config/cache/transcodes/1fa6f418e178a27684f4554696f4a7b5916.mp4' for writing
[hls @ 0xaaaad5578f50] Opening '/config/cache/transcodes/1fa6f418e178a27684f4554696f4a7b5917.mp4' for writing
frame=275617 fps=3681 q=-1.0 size=N/A time=02:32:03.37 bitrate=N/A speed= 122x    
[hls @ 0xaaaad5578f50] Opening '/config/cache/transcodes/1fa6f418e178a27684f4554696f4a7b5918.mp4' for writing
[hls @ 0xaaaad5578f50] Opening '/config/cache/transcodes/1fa6f418e178a27684f4554696f4a7b5919.mp4' for writing
[hls @ 0xaaaad5578f50] Opening '/config/cache/transcodes/1fa6f418e178a27684f4554696f4a7b5920.mp4' for writing
[hls @ 0xaaaad5578f50] Opening '/config/cache/transcodes/1fa6f418e178a27684f4554696f4a7b5921.mp4' for writing
[hls @ 0xaaaad5578f50] Opening '/config/cache/transcodes/1fa6f418e178a27684f4554696f4a7b5922.mp4' for writing
[hls @ 0xaaaad5578f50] Opening '/config/cache/transcodes/1fa6f418e178a27684f4554696f4a7b5923.mp4' for writing
[hls @ 0xaaaad5578f50] Opening '/config/cache/transcodes/1fa6f418e178a27684f4554696f4a7b5924.mp4' for writing
frame=277509 fps=3681 q=-1.0 size=N/A time=02:33:06.53 bitrate=N/A speed= 122x    
[hls @ 0xaaaad5578f50] Opening '/config/cache/transcodes/1fa6f418e178a27684f4554696f4a7b5925.mp4' for writing
[hls @ 0xaaaad5578f50] Opening '/config/cache/transcodes/1fa6f418e178a27684f4554696f4a7b5926.mp4' for writing
[hls @ 0xaaaad5578f50] Opening '/config/cache/transcodes/1fa6f418e178a27684f4554696f4a7b5927.mp4' for writing
[hls @ 0xaaaad5578f50] Opening '/config/cache/transcodes/1fa6f418e178a27684f4554696f4a7b5928.mp4' for writing
[hls @ 0xaaaad5578f50] Opening '/config/cache/transcodes/1fa6f418e178a27684f4554696f4a7b5929.mp4' for writing
[hls @ 0xaaaad5578f50] Opening '/config/cache/transcodes/1fa6f418e178a27684f4554696f4a7b5930.mp4' for writing
[hls @ 0xaaaad5578f50] Opening '/config/cache/transcodes/1fa6f418e178a27684f4554696f4a7b5931.mp4' for writing
[hls @ 0xaaaad5578f50] Opening '/config/cache/transcodes/1fa6f418e178a27684f4554696f4a7b5932.mp4' for writing
frame=279941 fps=3689 q=-1.0 size=N/A time=02:34:27.62 bitrate=N/A speed= 122x    
[hls @ 0xaaaad5578f50] Opening '/config/cache/transcodes/1fa6f418e178a27684f4554696f4a7b5933.mp4' for writing
[hls @ 0xaaaad5578f50] Opening '/config/cache/transcodes/1fa6f418e178a27684f4554696f4a7b5934.mp4' for writing
[hls @ 0xaaaad5578f50] Opening '/config/cache/transcodes/1fa6f418e178a27684f4554696f4a7b5935.mp4' for writing
[hls @ 0xaaaad5578f50] Opening '/config/cache/transcodes/1fa6f418e178a27684f4554696f4a7b5936.mp4' for writing
[hls @ 0xaaaad5578f50] Opening '/config/cache/transcodes/1fa6f418e178a27684f4554696f4a7b5937.mp4' for writing
[hls @ 0xaaaad5578f50] Opening '/config/cache/transcodes/1fa6f418e178a27684f4554696f4a7b5938.mp4' for writing
[hls @ 0xaaaad5578f50] Opening '/config/cache/transcodes/1fa6f418e178a27684f4554696f4a7b5939.mp4' for writing
[out#0/hls @ 0xaaaad5576de0] video:9742391KiB audio:293493KiB subtitle:0KiB other streams:0KiB global headers:0KiB muxing overhead: unknown
frame=281754 fps=3694 q=-1.0 Lsize=N/A time=02:35:28.19 bitrate=N/A speed= 122x    